dataset,variant,parent_observations,after_gate,daughter_options,pair_options,after_margin,proposed,selected,removed_edges,protected_or_nonpositive,solver_optimal,solver_gap,rebuilt_associations
44b6_0113de3b,C1short,25426,9255,55530.0,138825.0,1,1,1,2.0,0.0,True,0.0,
44b6_0113de3b,C1,25426,185,1110.0,2775.0,0,0,0,,,,,
44b6_0113de3b,C1_relinked,25426,185,1110.0,2775.0,0,0,0,,,,,True
44b6_0113de3b,C2,25426,1147,6882.0,17205.0,21,21,7,14.0,13.0,True,0.0,
44b6_0113de3b,C3,25426,169,1014.0,2535.0,0,0,0,,,,,
44b6_0113de3b,C4,25426,5814,34884.0,87210.0,16,16,6,12.0,10.0,True,0.0,
44b6_0113de3b,C4_relinked,25426,5814,34884.0,87210.0,16,16,16,23.0,0.0,True,0.0,True
44b6_0113de3b,C4_m2,25426,5814,34884.0,87210.0,65,65,35,68.0,24.0,True,0.0,
44b6_0113de3b,C4_m6,25426,5814,34884.0,87210.0,6,6,0,,6.0,,,
44b6_0113de3b,C4_Gonly,25426,5814,34884.0,87210.0,67,67,36,69.0,27.0,True,0.0,
44b6_0113de3b,C5,25426,5363,32178.0,80445.0,24,24,9,18.0,14.0,True,0.0,
44b6_0113de3b,C6,25426,5814,34884.0,87210.0,24,24,11,20.0,13.0,True,0.0,
44b6_0113de3b,C0,25426,0,,,0,0,0,,,,,
44b6_0113de3b,decoder_only,25426,0,,,0,0,0,,,,,
44b6_0113de3b,original_objective_C4,25426,0,,,0,0,0,,,,,
44b6_0113de3b,D_real,25426,179,1074.0,2685.0,0,0,0,,,,,True
44b6_0113de3b,D_synthetic,25426,177,1062.0,2655.0,0,0,0,,,,,True
44b6_0113de3b,D_synthetic_C4,25426,6238,37428.0,93570.0,19,19,18,27.0,0.0,True,0.0,True
44b6_0b24845f,C1short,20411,7226,43356.0,108390.0,1,1,1,2.0,0.0,True,0.0,
44b6_0b24845f,C1,20411,210,1260.0,3150.0,0,0,0,,,,,
44b6_0b24845f,C1_relinked,20411,210,1260.0,3150.0,0,0,0,,,,,True
44b6_0b24845f,C2,20411,1806,10836.0,27090.0,1,1,1,1.0,0.0,True,0.0,
44b6_0b24845f,C3,20411,536,3216.0,8040.0,0,0,0,,,,,
44b6_0b24845f,C4,20411,4301,25806.0,64515.0,1,1,1,1.0,0.0,True,0.0,
44b6_0b24845f,C4_relinked,20411,4301,25806.0,64515.0,1,1,1,1.0,0.0,True,0.0,True
44b6_0b24845f,C4_m2,20411,4301,25806.0,64515.0,1,1,1,1.0,0.0,True,0.0,
44b6_0b24845f,C4_m6,20411,4301,25806.0,64515.0,0,0,0,,,,,
44b6_0b24845f,C4_Gonly,20411,4301,25806.0,64515.0,94,94,74,134.0,10.0,True,0.0,
44b6_0b24845f,C5,20411,2635,15810.0,39525.0,1,1,1,1.0,0.0,True,0.0,
44b6_0b24845f,C6,20411,4301,25806.0,64515.0,0,0,0,,,,,
44b6_0b24845f,C0,20411,0,,,0,0,0,,,,,
44b6_0b24845f,decoder_only,20411,0,,,0,0,0,,,,,
44b6_0b24845f,original_objective_C4,20411,0,,,0,0,0,,,,,
44b6_0b24845f,D_real,20411,206,1236.0,3090.0,0,0,0,,,,,True
44b6_0b24845f,D_synthetic,20411,201,1206.0,3015.0,0,0,0,,,,,True
44b6_0b24845f,D_synthetic_C4,20411,4363,26178.0,65445.0,1,1,1,1.0,0.0,True,0.0,True
44b6_0c582fdc,C1short,27377,15435,92610.0,231525.0,2,2,1,2.0,0.0,True,0.0,
44b6_0c582fdc,C1,27377,356,2136.0,5340.0,0,0,0,,,,,
44b6_0c582fdc,C1_relinked,27377,356,2136.0,5340.0,0,0,0,,,,,True
44b6_0c582fdc,C2,27377,2874,17244.0,43110.0,2,2,1,1.0,1.0,True,0.0,
44b6_0c582fdc,C3,27377,1373,8238.0,20595.0,0,0,0,,,,,
44b6_0c582fdc,C4,27377,7703,46218.0,115545.0,2,2,1,1.0,1.0,True,0.0,
44b6_0c582fdc,C4_relinked,27377,7703,46218.0,115545.0,2,2,2,2.0,0.0,True,0.0,True
44b6_0c582fdc,C4_m2,27377,7703,46218.0,115545.0,9,9,7,12.0,2.0,True,0.0,
44b6_0c582fdc,C4_m6,27377,7703,46218.0,115545.0,1,1,0,,1.0,,,
44b6_0c582fdc,C4_Gonly,27377,7703,46218.0,115545.0,218,218,144,264.0,9.0,True,0.0,
44b6_0c582fdc,C5,27377,4818,28908.0,72270.0,6,6,5,8.0,1.0,True,0.0,
44b6_0c582fdc,C6,27377,7703,46218.0,115545.0,12,12,10,18.0,2.0,True,0.0,
44b6_0c582fdc,C0,27377,0,,,0,0,0,,,,,
44b6_0c582fdc,decoder_only,27377,0,,,0,0,0,,,,,
44b6_0c582fdc,original_objective_C4,27377,0,,,0,0,0,,,,,
44b6_0c582fdc,D_real,27377,355,2130.0,5325.0,0,0,0,,,,,True
44b6_0c582fdc,D_synthetic,27377,347,2082.0,5205.0,0,0,0,,,,,True
44b6_0c582fdc,D_synthetic_C4,27377,7890,47340.0,118350.0,3,3,3,4.0,0.0,True,0.0,True
44b6_0db75fae,C1short,17732,6902,41412.0,103530.0,0,0,0,,,,,
44b6_0db75fae,C1,17732,116,696.0,1740.0,0,0,0,,,,,
44b6_0db75fae,C1_relinked,17732,116,696.0,1740.0,0,0,0,,,,,True
44b6_0db75fae,C2,17732,1698,10188.0,25470.0,1,1,1,2.0,0.0,True,0.0,
44b6_0db75fae,C3,17732,333,1998.0,4995.0,0,0,0,,,,,
44b6_0db75fae,C4,17732,4444,26664.0,66660.0,2,2,1,2.0,1.0,True,0.0,
44b6_0db75fae,C4_relinked,17732,4444,26664.0,66660.0,2,2,2,3.0,0.0,True,0.0,True
44b6_0db75fae,C4_m2,17732,4444,26664.0,66660.0,5,5,3,6.0,2.0,True,0.0,
44b6_0db75fae,C4_m6,17732,4444,26664.0,66660.0,0,0,0,,,,,
44b6_0db75fae,C4_Gonly,17732,4444,26664.0,66660.0,49,49,37,66.0,7.0,True,0.0,
44b6_0db75fae,C5,17732,3326,19956.0,49890.0,2,2,1,2.0,1.0,True,0.0,
44b6_0db75fae,C6,17732,4444,26664.0,66660.0,5,5,3,4.0,2.0,True,0.0,
44b6_0db75fae,C0,17732,0,,,0,0,0,,,,,
44b6_0db75fae,decoder_only,17732,0,,,0,0,0,,,,,
44b6_0db75fae,original_objective_C4,17732,0,,,0,0,0,,,,,
44b6_0db75fae,D_real,17732,125,750.0,1875.0,0,0,0,,,,,True
44b6_0db75fae,D_synthetic,17732,118,708.0,1770.0,0,0,0,,,,,True
44b6_0db75fae,D_synthetic_C4,17732,4640,27840.0,69600.0,2,2,2,3.0,0.0,True,0.0,True
44b6_12dfb391,C1short,44462,16290,97740.0,244350.0,1,1,1,2.0,0.0,True,0.0,
44b6_12dfb391,C1,44462,419,2514.0,6285.0,0,0,0,,,,,
44b6_12dfb391,C1_relinked,44462,419,2514.0,6285.0,0,0,0,,,,,True
44b6_12dfb391,C2,44462,2017,12102.0,30255.0,4,4,0,,4.0,,,
44b6_12dfb391,C3,44462,1225,7350.0,18375.0,0,0,0,,,,,
44b6_12dfb391,C4,44462,6315,37890.0,94725.0,3,3,1,2.0,2.0,True,0.0,
44b6_12dfb391,C4_relinked,44462,6315,37890.0,94725.0,3,3,3,4.0,0.0,True,0.0,True
44b6_12dfb391,C4_m2,44462,6315,37890.0,94725.0,13,13,8,14.0,5.0,True,0.0,
44b6_12dfb391,C4_m6,44462,6315,37890.0,94725.0,1,1,0,,1.0,,,
44b6_12dfb391,C4_Gonly,44462,6315,37890.0,94725.0,99,99,73,139.0,14.0,True,0.0,
44b6_12dfb391,C5,44462,5942,35652.0,89130.0,7,7,0,,7.0,,,
44b6_12dfb391,C6,44462,6315,37890.0,94725.0,9,9,5,8.0,4.0,True,0.0,
44b6_12dfb391,C0,44462,0,,,0,0,0,,,,,
44b6_12dfb391,decoder_only,44462,0,,,0,0,0,,,,,
44b6_12dfb391,original_objective_C4,44462,0,,,0,0,0,,,,,
44b6_12dfb391,D_real,44462,428,2568.0,6420.0,0,0,0,,,,,True
44b6_12dfb391,D_synthetic,44462,410,2460.0,6150.0,0,0,0,,,,,True
44b6_12dfb391,D_synthetic_C4,44462,6581,39486.0,98715.0,5,5,5,6.0,0.0,True,0.0,True
44b6_144b256d,C1short,29714,11979,71874.0,179685.0,2,2,2,5.0,0.0,True,0.0,
44b6_144b256d,C1,29714,376,2256.0,5640.0,0,0,0,,,,,
44b6_144b256d,C1_relinked,29714,376,2256.0,5640.0,0,0,0,,,,,True
44b6_144b256d,C2,29714,1300,7800.0,19500.0,1,1,0,,1.0,,,
44b6_144b256d,C3,29714,918,5508.0,13770.0,0,0,0,,,,,
44b6_144b256d,C4,29714,3500,21000.0,52500.0,3,3,2,3.0,1.0,True,0.0,
44b6_144b256d,C4_relinked,29714,3500,21000.0,52500.0,3,3,3,4.0,0.0,True,0.0,True
44b6_144b256d,C4_m2,29714,3500,21000.0,52500.0,7,7,6,10.0,1.0,True,0.0,
44b6_144b256d,C4_m6,29714,3500,21000.0,52500.0,2,2,2,3.0,0.0,True,0.0,
44b6_144b256d,C4_Gonly,29714,3500,21000.0,52500.0,71,71,61,108.0,5.0,True,0.0,
44b6_144b256d,C5,29714,2150,12900.0,32250.0,1,1,0,,1.0,,,
44b6_144b256d,C6,29714,3500,21000.0,52500.0,4,4,3,5.0,1.0,True,0.0,
44b6_144b256d,C0,29714,0,,,0,0,0,,,,,
44b6_144b256d,decoder_only,29714,0,,,0,0,0,,,,,
44b6_144b256d,original_objective_C4,29714,0,,,0,0,0,,,,,
44b6_144b256d,D_real,29714,376,2256.0,5640.0,0,0,0,,,,,True
44b6_144b256d,D_synthetic,29714,355,2130.0,5325.0,0,0,0,,,,,True
44b6_144b256d,D_synthetic_C4,29714,3656,21936.0,54840.0,1,1,1,1.0,0.0,True,0.0,True
44b6_1574802b,C1short,19516,6352,38112.0,95280.0,0,0,0,,,,,
44b6_1574802b,C1,19516,183,1098.0,2745.0,0,0,0,,,,,
44b6_1574802b,C1_relinked,19516,183,1098.0,2745.0,0,0,0,,,,,True
44b6_1574802b,C2,19516,1546,9276.0,23190.0,2,2,1,1.0,1.0,True,0.0,
44b6_1574802b,C3,19516,681,4086.0,10215.0,0,0,0,,,,,
44b6_1574802b,C4,19516,3842,23052.0,57630.0,5,5,2,3.0,3.0,True,0.0,
44b6_1574802b,C4_relinked,19516,3842,23052.0,57630.0,5,5,5,6.0,0.0,True,0.0,True
44b6_1574802b,C4_m2,19516,3842,23052.0,57630.0,9,9,5,9.0,3.0,True,0.0,
44b6_1574802b,C4_m6,19516,3842,23052.0,57630.0,3,3,0,,3.0,,,
44b6_1574802b,C4_Gonly,19516,3842,23052.0,57630.0,104,104,76,137.0,14.0,True,0.0,
44b6_1574802b,C5,19516,2561,15366.0,38415.0,5,5,2,3.0,3.0,True,0.0,
44b6_1574802b,C6,19516,3842,23052.0,57630.0,5,5,1,1.0,4.0,True,0.0,
44b6_1574802b,C0,19516,0,,,0,0,0,,,,,
44b6_1574802b,decoder_only,19516,0,,,0,0,0,,,,,
44b6_1574802b,original_objective_C4,19516,0,,,0,0,0,,,,,
44b6_1574802b,D_real,19516,175,1050.0,2625.0,0,0,0,,,,,True
44b6_1574802b,D_synthetic,19516,198,1188.0,2970.0,0,0,0,,,,,True
44b6_1574802b,D_synthetic_C4,19516,4223,25338.0,63345.0,4,4,4,4.0,0.0,True,0.0,True
44b6_18ced818,C1short,73076,35441,212646.0,531615.0,6,6,4,8.0,0.0,True,0.0,
44b6_18ced818,C1,73076,677,4062.0,10155.0,0,0,0,,,,,
44b6_18ced818,C1_relinked,73076,677,4062.0,10155.0,0,0,0,,,,,True
44b6_18ced818,C2,73076,7054,42324.0,105810.0,4,4,4,7.0,0.0,True,0.0,
44b6_18ced818,C3,73076,1995,11970.0,29925.0,0,0,0,,,,,
44b6_18ced818,C4,73076,17154,102924.0,257310.0,5,5,4,7.0,1.0,True,0.0,
44b6_18ced818,C4_relinked,73076,17154,102924.0,257310.0,5,5,5,9.0,0.0,True,0.0,True
44b6_18ced818,C4_m2,73076,17154,102924.0,257310.0,19,19,18,33.0,1.0,True,0.0,
44b6_18ced818,C4_m6,73076,17154,102924.0,257310.0,1,1,1,2.0,0.0,True,0.0,
44b6_18ced818,C4_Gonly,73076,17154,102924.0,257310.0,187,187,161,300.0,18.0,True,0.0,
44b6_18ced818,C5,73076,16100,96600.0,241500.0,39,39,34,63.0,2.0,True,0.0,
44b6_18ced818,C6,73076,17154,102924.0,257310.0,10,10,9,16.0,1.0,True,0.0,
44b6_18ced818,C0,73076,0,,,0,0,0,,,,,
44b6_18ced818,decoder_only,73076,0,,,0,0,0,,,,,
44b6_18ced818,original_objective_C4,73076,0,,,0,0,0,,,,,
44b6_18ced818,D_real,73076,707,4242.0,10605.0,0,0,0,,,,,True
44b6_18ced818,D_synthetic,73076,684,4104.0,10260.0,0,0,0,,,,,True
44b6_18ced818,D_synthetic_C4,73076,17964,107784.0,269460.0,6,6,6,12.0,0.0,True,0.0,True
44b6_1d530831,C1short,35832,15015,90090.0,225225.0,3,3,3,7.0,0.0,True,0.0,
44b6_1d530831,C1,35832,325,1950.0,4875.0,0,0,0,,,,,
44b6_1d530831,C1_relinked,35832,325,1950.0,4875.0,0,0,0,,,,,True
44b6_1d530831,C2,35832,2354,14124.0,35310.0,8,8,3,4.0,5.0,True,0.0,
44b6_1d530831,C3,35832,949,5694.0,14235.0,0,0,0,,,,,
44b6_1d530831,C4,35832,5959,35754.0,89385.0,5,5,1,1.0,4.0,True,0.0,
44b6_1d530831,C4_relinked,35832,5959,35754.0,89385.0,5,5,5,6.0,0.0,True,0.0,True
44b6_1d530831,C4_m2,35832,5959,35754.0,89385.0,15,15,7,11.0,8.0,True,0.0,
44b6_1d530831,C4_m6,35832,5959,35754.0,89385.0,3,3,1,1.0,2.0,True,0.0,
44b6_1d530831,C4_Gonly,35832,5959,35754.0,89385.0,64,64,52,93.0,8.0,True,0.0,
44b6_1d530831,C5,35832,6106,36636.0,91590.0,15,15,7,12.0,8.0,True,0.0,
44b6_1d530831,C6,35832,5959,35754.0,89385.0,8,8,4,7.0,4.0,True,0.0,
44b6_1d530831,C0,35832,0,,,0,0,0,,,,,
44b6_1d530831,decoder_only,35832,0,,,0,0,0,,,,,
44b6_1d530831,original_objective_C4,35832,0,,,0,0,0,,,,,
44b6_1d530831,D_real,35832,335,2010.0,5025.0,0,0,0,,,,,True
44b6_1d530831,D_synthetic,35832,332,1992.0,4980.0,0,0,0,,,,,True
44b6_1d530831,D_synthetic_C4,35832,6380,38280.0,95700.0,5,5,5,6.0,0.0,True,0.0,True
44b6_24264f12,C1short,26798,10602,63612.0,159030.0,0,0,0,,,,,
44b6_24264f12,C1,26798,318,1908.0,4770.0,0,0,0,,,,,
44b6_24264f12,C1_relinked,26798,318,1908.0,4770.0,0,0,0,,,,,True
44b6_24264f12,C2,26798,1728,10368.0,25920.0,5,5,2,3.0,3.0,True,0.0,
44b6_24264f12,C3,26798,350,2100.0,5250.0,0,0,0,,,,,
44b6_24264f12,C4,26798,7203,43218.0,108045.0,5,5,2,3.0,3.0,True,0.0,
44b6_24264f12,C4_relinked,26798,7203,43218.0,108045.0,5,5,5,8.0,0.0,True,0.0,True
44b6_24264f12,C4_m2,26798,7203,43218.0,108045.0,14,14,9,15.0,5.0,True,0.0,
44b6_24264f12,C4_m6,26798,7203,43218.0,108045.0,3,3,0,,3.0,,,
44b6_24264f12,C4_Gonly,26798,7203,43218.0,108045.0,32,32,24,43.0,5.0,True,0.0,
44b6_24264f12,C5,26798,6276,37656.0,94140.0,9,9,3,5.0,6.0,True,0.0,
44b6_24264f12,C6,26798,7203,43218.0,108045.0,8,8,4,7.0,3.0,True,0.0,
44b6_24264f12,C0,26798,0,,,0,0,0,,,,,
44b6_24264f12,decoder_only,26798,0,,,0,0,0,,,,,
44b6_24264f12,original_objective_C4,26798,0,,,0,0,0,,,,,
44b6_24264f12,D_real,26798,304,1824.0,4560.0,0,0,0,,,,,True
44b6_24264f12,D_synthetic,26798,312,1872.0,4680.0,0,0,0,,,,,True
44b6_24264f12,D_synthetic_C4,26798,7559,45354.0,113385.0,4,4,4,6.0,0.0,True,0.0,True
44b6_267148e4,C1short,22176,7361,44166.0,110415.0,0,0,0,,,,,
44b6_267148e4,C1,22176,134,804.0,2010.0,0,0,0,,,,,
44b6_267148e4,C1_relinked,22176,134,804.0,2010.0,0,0,0,,,,,True
44b6_267148e4,C2,22176,2446,14676.0,36690.0,0,0,0,,,,,
44b6_267148e4,C3,22176,297,1782.0,4455.0,0,0,0,,,,,
44b6_267148e4,C4,22176,6031,36186.0,90465.0,3,3,1,2.0,2.0,True,0.0,
44b6_267148e4,C4_relinked,22176,6031,36186.0,90465.0,3,3,3,5.0,0.0,True,0.0,True
44b6_267148e4,C4_m2,22176,6031,36186.0,90465.0,9,9,6,13.0,3.0,True,0.0,
44b6_267148e4,C4_m6,22176,6031,36186.0,90465.0,2,2,1,2.0,1.0,True,0.0,
44b6_267148e4,C4_Gonly,22176,6031,36186.0,90465.0,54,54,43,78.0,4.0,True,0.0,
44b6_267148e4,C5,22176,4338,26028.0,65070.0,5,5,4,8.0,0.0,True,0.0,
44b6_267148e4,C6,22176,6031,36186.0,90465.0,8,8,7,17.0,1.0,True,0.0,
44b6_267148e4,C0,22176,0,,,0,0,0,,,,,
44b6_267148e4,decoder_only,22176,0,,,0,0,0,,,,,
44b6_267148e4,original_objective_C4,22176,0,,,0,0,0,,,,,
44b6_267148e4,D_real,22176,147,882.0,2205.0,0,0,0,,,,,True
44b6_267148e4,D_synthetic,22176,137,822.0,2055.0,0,0,0,,,,,True
44b6_267148e4,D_synthetic_C4,22176,6353,38118.0,95295.0,4,4,3,5.0,0.0,True,0.0,True
44b6_2a2eff9f,C1short,39679,17444,104664.0,261660.0,4,4,4,8.0,0.0,True,0.0,
44b6_2a2eff9f,C1,39679,343,2058.0,5145.0,0,0,0,,,,,
44b6_2a2eff9f,C1_relinked,39679,343,2058.0,5145.0,0,0,0,,,,,True
44b6_2a2eff9f,C2,39679,2499,14994.0,37485.0,0,0,0,,,,,
44b6_2a2eff9f,C3,39679,978,5868.0,14670.0,0,0,0,,,,,
44b6_2a2eff9f,C4,39679,5875,35250.0,88125.0,1,1,0,,1.0,,,
44b6_2a2eff9f,C4_relinked,39679,5875,35250.0,88125.0,1,1,1,1.0,0.0,True,0.0,True
44b6_2a2eff9f,C4_m2,39679,5875,35250.0,88125.0,3,3,0,,3.0,,,
44b6_2a2eff9f,C4_m6,39679,5875,35250.0,88125.0,0,0,0,,,,,
44b6_2a2eff9f,C4_Gonly,39679,5875,35250.0,88125.0,92,92,74,130.0,10.0,True,0.0,
44b6_2a2eff9f,C5,39679,3623,21738.0,54345.0,5,5,1,2.0,4.0,True,0.0,
44b6_2a2eff9f,C6,39679,5875,35250.0,88125.0,1,1,0,,1.0,,,
44b6_2a2eff9f,C0,39679,0,,,0,0,0,,,,,
44b6_2a2eff9f,decoder_only,39679,0,,,0,0,0,,,,,
44b6_2a2eff9f,original_objective_C4,39679,0,,,0,0,0,,,,,
44b6_2a2eff9f,D_real,39679,329,1974.0,4935.0,0,0,0,,,,,True
44b6_2a2eff9f,D_synthetic,39679,332,1992.0,4980.0,0,0,0,,,,,True
44b6_2a2eff9f,D_synthetic_C4,39679,6398,38388.0,95970.0,0,0,0,,,,,True
44b6_2f31fc2f,C1short,19584,8969,53814.0,134535.0,2,2,2,4.0,0.0,True,0.0,
44b6_2f31fc2f,C1,19584,187,1122.0,2805.0,0,0,0,,,,,
44b6_2f31fc2f,C1_relinked,19584,187,1122.0,2805.0,0,0,0,,,,,True
44b6_2f31fc2f,C2,19584,2307,13842.0,34605.0,0,0,0,,,,,
44b6_2f31fc2f,C3,19584,543,3258.0,8145.0,0,0,0,,,,,
44b6_2f31fc2f,C4,19584,5822,34932.0,87330.0,0,0,0,,,,,
44b6_2f31fc2f,C4_relinked,19584,5822,34932.0,87330.0,0,0,0,,,,,True
44b6_2f31fc2f,C4_m2,19584,5822,34932.0,87330.0,3,3,2,4.0,0.0,True,0.0,
44b6_2f31fc2f,C4_m6,19584,5822,34932.0,87330.0,0,0,0,,,,,
44b6_2f31fc2f,C4_Gonly,19584,5822,34932.0,87330.0,88,88,72,129.0,7.0,True,0.0,
44b6_2f31fc2f,C5,19584,4120,24720.0,61800.0,2,2,1,2.0,0.0,True,0.0,
44b6_2f31fc2f,C6,19584,5822,34932.0,87330.0,0,0,0,,,,,
44b6_2f31fc2f,C0,19584,0,,,0,0,0,,,,,
44b6_2f31fc2f,decoder_only,19584,0,,,0,0,0,,,,,
44b6_2f31fc2f,original_objective_C4,19584,0,,,0,0,0,,,,,
44b6_2f31fc2f,D_real,19584,202,1212.0,3030.0,0,0,0,,,,,True
44b6_2f31fc2f,D_synthetic,19584,200,1200.0,3000.0,0,0,0,,,,,True
44b6_2f31fc2f,D_synthetic_C4,19584,5940,35640.0,89100.0,0,0,0,,,,,True
44b6_33b596bf,C1short,23792,13645,81870.0,204675.0,5,5,5,9.0,0.0,True,0.0,
44b6_33b596bf,C1,23792,285,1710.0,4275.0,0,0,0,,,,,
44b6_33b596bf,C1_relinked,23792,285,1710.0,4275.0,0,0,0,,,,,True
44b6_33b596bf,C2,23792,3278,19668.0,49170.0,7,7,6,11.0,1.0,True,0.0,
44b6_33b596bf,C3,23792,803,4818.0,12045.0,0,0,0,,,,,
44b6_33b596bf,C4,23792,7674,46044.0,115110.0,9,9,7,13.0,2.0,True,0.0,
44b6_33b596bf,C4_relinked,23792,7674,46044.0,115110.0,9,9,9,15.0,0.0,True,0.0,True
44b6_33b596bf,C4_m2,23792,7674,46044.0,115110.0,27,27,20,36.0,4.0,True,0.0,
44b6_33b596bf,C4_m6,23792,7674,46044.0,115110.0,4,4,2,4.0,2.0,True,0.0,
44b6_33b596bf,C4_Gonly,23792,7674,46044.0,115110.0,171,171,127,237.0,17.0,True,0.0,
44b6_33b596bf,C5,23792,4892,29352.0,73380.0,13,13,9,17.0,3.0,True,0.0,
44b6_33b596bf,C6,23792,7674,46044.0,115110.0,23,23,18,34.0,4.0,True,0.0,
44b6_33b596bf,C0,23792,0,,,0,0,0,,,,,
44b6_33b596bf,decoder_only,23792,0,,,0,0,0,,,,,
44b6_33b596bf,original_objective_C4,23792,0,,,0,0,0,,,,,
44b6_33b596bf,D_real,23792,286,1716.0,4290.0,0,0,0,,,,,True
44b6_33b596bf,D_synthetic,23792,280,1680.0,4200.0,0,0,0,,,,,True
44b6_33b596bf,D_synthetic_C4,23792,7824,46944.0,117360.0,10,10,10,18.0,0.0,True,0.0,True
44b6_341df25f,C1short,8327,3524,21144.0,52860.0,4,4,4,9.0,0.0,True,0.0,
44b6_341df25f,C1,8327,137,822.0,2055.0,0,0,0,,,,,
44b6_341df25f,C1_relinked,8327,137,822.0,2055.0,0,0,0,,,,,True
44b6_341df25f,C2,8327,338,2028.0,5070.0,5,5,1,1.0,4.0,True,0.0,
44b6_341df25f,C3,8327,270,1620.0,4050.0,0,0,0,,,,,
44b6_341df25f,C4,8327,1026,6156.0,15390.0,5,5,1,1.0,4.0,True,0.0,
44b6_341df25f,C4_relinked,8327,1026,6156.0,15390.0,5,5,5,5.0,0.0,True,0.0,True
44b6_341df25f,C4_m2,8327,1026,6156.0,15390.0,9,9,4,5.0,5.0,True,0.0,
44b6_341df25f,C4_m6,8327,1026,6156.0,15390.0,3,3,0,,3.0,,,
44b6_341df25f,C4_Gonly,8327,1026,6156.0,15390.0,42,42,26,49.0,10.0,True,0.0,
44b6_341df25f,C5,8327,714,4284.0,10710.0,6,6,2,3.0,4.0,True,0.0,
44b6_341df25f,C6,8327,1026,6156.0,15390.0,6,6,2,2.0,4.0,True,0.0,
44b6_341df25f,C0,8327,0,,,0,0,0,,,,,
44b6_341df25f,decoder_only,8327,0,,,0,0,0,,,,,
44b6_341df25f,original_objective_C4,8327,0,,,0,0,0,,,,,
44b6_341df25f,D_real,8327,127,762.0,1905.0,0,0,0,,,,,True
44b6_341df25f,D_synthetic,8327,129,774.0,1935.0,0,0,0,,,,,True
44b6_341df25f,D_synthetic_C4,8327,1081,6486.0,16215.0,6,6,6,7.0,0.0,True,0.0,True
44b6_3a861e03,C1short,36353,15270,91620.0,229050.0,1,1,1,2.0,0.0,True,0.0,
44b6_3a861e03,C1,36353,351,2106.0,5265.0,0,0,0,,,,,
44b6_3a861e03,C1_relinked,36353,351,2106.0,5265.0,0,0,0,,,,,True
44b6_3a861e03,C2,36353,2277,13662.0,34155.0,12,12,4,6.0,8.0,True,0.0,
44b6_3a861e03,C3,36353,960,5760.0,14400.0,0,0,0,,,,,
44b6_3a861e03,C4,36353,6291,37746.0,94365.0,12,12,5,8.0,7.0,True,0.0,
44b6_3a861e03,C4_relinked,36353,6291,37746.0,94365.0,12,12,12,16.0,0.0,True,0.0,True
44b6_3a861e03,C4_m2,36353,6291,37746.0,94365.0,32,32,20,37.0,12.0,True,0.0,
44b6_3a861e03,C4_m6,36353,6291,37746.0,94365.0,4,4,1,2.0,3.0,True,0.0,
44b6_3a861e03,C4_Gonly,36353,6291,37746.0,94365.0,113,113,73,137.0,30.0,True,0.0,
44b6_3a861e03,C5,36353,5544,33264.0,83160.0,16,16,6,10.0,10.0,True,0.0,
44b6_3a861e03,C6,36353,6291,37746.0,94365.0,20,20,8,13.0,12.0,True,0.0,
44b6_3a861e03,C0,36353,0,,,0,0,0,,,,,
44b6_3a861e03,decoder_only,36353,0,,,0,0,0,,,,,
44b6_3a861e03,original_objective_C4,36353,0,,,0,0,0,,,,,
44b6_3a861e03,D_real,36353,351,2106.0,5265.0,0,0,0,,,,,True
44b6_3a861e03,D_synthetic,36353,333,1998.0,4995.0,0,0,0,,,,,True
44b6_3a861e03,D_synthetic_C4,36353,6622,39732.0,99330.0,12,12,12,16.0,0.0,True,0.0,True
44b6_3bb3690f,C1short,16089,5570,33420.0,83550.0,2,2,2,4.0,0.0,True,0.0,
44b6_3bb3690f,C1,16089,136,816.0,2040.0,0,0,0,,,,,
44b6_3bb3690f,C1_relinked,16089,136,816.0,2040.0,0,0,0,,,,,True
44b6_3bb3690f,C2,16089,745,4470.0,11175.0,1,1,0,,1.0,,,
44b6_3bb3690f,C3,16089,308,1848.0,4620.0,0,0,0,,,,,
44b6_3bb3690f,C4,16089,1749,10494.0,26235.0,2,2,1,1.0,1.0,True,0.0,
44b6_3bb3690f,C4_relinked,16089,1749,10494.0,26235.0,2,2,2,2.0,0.0,True,0.0,True
44b6_3bb3690f,C4_m2,16089,1749,10494.0,26235.0,5,5,4,6.0,1.0,True,0.0,
44b6_3bb3690f,C4_m6,16089,1749,10494.0,26235.0,1,1,0,,1.0,,,
44b6_3bb3690f,C4_Gonly,16089,1749,10494.0,26235.0,53,53,41,78.0,5.0,True,0.0,
44b6_3bb3690f,C5,16089,1387,8322.0,20805.0,3,3,2,3.0,1.0,True,0.0,
44b6_3bb3690f,C6,16089,1749,10494.0,26235.0,1,1,0,,1.0,,,
44b6_3bb3690f,C0,16089,0,,,0,0,0,,,,,
44b6_3bb3690f,decoder_only,16089,0,,,0,0,0,,,,,
44b6_3bb3690f,original_objective_C4,16089,0,,,0,0,0,,,,,
44b6_3bb3690f,D_real,16089,134,804.0,2010.0,0,0,0,,,,,True
44b6_3bb3690f,D_synthetic,16089,142,852.0,2130.0,0,0,0,,,,,True
44b6_3bb3690f,D_synthetic_C4,16089,1756,10536.0,26340.0,2,2,2,2.0,0.0,True,0.0,True
44b6_40c45f5a,C1short,29672,12320,73920.0,184800.0,2,2,2,4.0,0.0,True,0.0,
44b6_40c45f5a,C1,29672,428,2568.0,6420.0,0,0,0,,,,,
44b6_40c45f5a,C1_relinked,29672,428,2568.0,6420.0,0,0,0,,,,,True
44b6_40c45f5a,C2,29672,1869,11214.0,28035.0,4,4,2,2.0,2.0,True,0.0,
44b6_40c45f5a,C3,29672,1300,7800.0,19500.0,0,0,0,,,,,
44b6_40c45f5a,C4,29672,5148,30888.0,77220.0,3,3,2,2.0,1.0,True,0.0,
44b6_40c45f5a,C4_relinked,29672,5148,30888.0,77220.0,3,3,3,3.0,0.0,True,0.0,True
44b6_40c45f5a,C4_m2,29672,5148,30888.0,77220.0,6,6,4,5.0,2.0,True,0.0,
44b6_40c45f5a,C4_m6,29672,5148,30888.0,77220.0,3,3,2,2.0,1.0,True,0.0,
44b6_40c45f5a,C4_Gonly,29672,5148,30888.0,77220.0,121,121,97,159.0,17.0,True,0.0,
44b6_40c45f5a,C5,29672,4555,27330.0,68325.0,7,7,4,5.0,3.0,True,0.0,
44b6_40c45f5a,C6,29672,5148,30888.0,77220.0,4,4,3,3.0,1.0,True,0.0,
44b6_40c45f5a,C0,29672,0,,,0,0,0,,,,,
44b6_40c45f5a,decoder_only,29672,0,,,0,0,0,,,,,
44b6_40c45f5a,original_objective_C4,29672,0,,,0,0,0,,,,,
44b6_40c45f5a,D_real,29672,423,2538.0,6345.0,0,0,0,,,,,True
44b6_40c45f5a,D_synthetic,29672,422,2532.0,6330.0,0,0,0,,,,,True
44b6_40c45f5a,D_synthetic_C4,29672,5364,32184.0,80460.0,2,2,2,2.0,0.0,True,0.0,True
44b6_415c0a3a,C1short,33999,14329,85974.0,214935.0,0,0,0,,,,,
44b6_415c0a3a,C1,33999,434,2604.0,6510.0,0,0,0,,,,,
44b6_415c0a3a,C1_relinked,33999,434,2604.0,6510.0,0,0,0,,,,,True
44b6_415c0a3a,C2,33999,1571,9426.0,23565.0,1,1,1,1.0,0.0,True,0.0,
44b6_415c0a3a,C3,33999,1331,7986.0,19965.0,0,0,0,,,,,
44b6_415c0a3a,C4,33999,4775,28650.0,71625.0,0,0,0,,,,,
44b6_415c0a3a,C4_relinked,33999,4775,28650.0,71625.0,0,0,0,,,,,True
44b6_415c0a3a,C4_m2,33999,4775,28650.0,71625.0,4,4,3,5.0,1.0,True,0.0,
44b6_415c0a3a,C4_m6,33999,4775,28650.0,71625.0,0,0,0,,,,,
44b6_415c0a3a,C4_Gonly,33999,4775,28650.0,71625.0,102,102,83,153.0,6.0,True,0.0,
44b6_415c0a3a,C5,33999,3024,18144.0,45360.0,4,4,3,4.0,1.0,True,0.0,
44b6_415c0a3a,C6,33999,4775,28650.0,71625.0,0,0,0,,,,,
44b6_415c0a3a,C0,33999,0,,,0,0,0,,,,,
44b6_415c0a3a,decoder_only,33999,0,,,0,0,0,,,,,
44b6_415c0a3a,original_objective_C4,33999,0,,,0,0,0,,,,,
44b6_415c0a3a,D_real,33999,422,2532.0,6330.0,0,0,0,,,,,True
44b6_415c0a3a,D_synthetic,33999,417,2502.0,6255.0,0,0,0,,,,,True
44b6_415c0a3a,D_synthetic_C4,33999,5107,30642.0,76605.0,1,1,1,1.0,0.0,True,0.0,True
44b6_53f95252,C1short,31268,14065,84390.0,210975.0,5,5,5,9.0,0.0,True,0.0,
44b6_53f95252,C1,31268,438,2628.0,6570.0,0,0,0,,,,,
44b6_53f95252,C1_relinked,31268,438,2628.0,6570.0,0,0,0,,,,,True
44b6_53f95252,C2,31268,2047,12282.0,30705.0,2,2,0,,2.0,,,
44b6_53f95252,C3,31268,1273,7638.0,19095.0,0,0,0,,,,,
44b6_53f95252,C4,31268,5355,32130.0,80325.0,3,3,0,,3.0,,,
44b6_53f95252,C4_relinked,31268,5355,32130.0,80325.0,3,3,3,4.0,0.0,True,0.0,True
44b6_53f95252,C4_m2,31268,5355,32130.0,80325.0,5,5,2,4.0,3.0,True,0.0,
44b6_53f95252,C4_m6,31268,5355,32130.0,80325.0,1,1,0,,1.0,,,
44b6_53f95252,C4_Gonly,31268,5355,32130.0,80325.0,97,97,76,144.0,9.0,True,0.0,
44b6_53f95252,C5,31268,3686,22116.0,55290.0,2,2,0,,2.0,,,
44b6_53f95252,C6,31268,5355,32130.0,80325.0,1,1,0,,1.0,,,
44b6_53f95252,C0,31268,0,,,0,0,0,,,,,
44b6_53f95252,decoder_only,31268,0,,,0,0,0,,,,,
44b6_53f95252,original_objective_C4,31268,0,,,0,0,0,,,,,
44b6_53f95252,D_real,31268,437,2622.0,6555.0,0,0,0,,,,,True
44b6_53f95252,D_synthetic,31268,409,2454.0,6135.0,0,0,0,,,,,True
44b6_53f95252,D_synthetic_C4,31268,5405,32430.0,81075.0,2,2,2,3.0,0.0,True,0.0,True
44b6_551a5dba,C1short,31465,13043,78258.0,195645.0,0,0,0,,,,,
44b6_551a5dba,C1,31465,365,2190.0,5475.0,0,0,0,,,,,
44b6_551a5dba,C1_relinked,31465,365,2190.0,5475.0,0,0,0,,,,,True
44b6_551a5dba,C2,31465,1702,10212.0,25530.0,4,4,2,3.0,2.0,True,0.0,
44b6_551a5dba,C3,31465,984,5904.0,14760.0,0,0,0,,,,,
44b6_551a5dba,C4,31465,4978,29868.0,74670.0,9,9,5,6.0,3.0,True,0.0,
44b6_551a5dba,C4_relinked,31465,4978,29868.0,74670.0,9,9,7,9.0,0.0,True,0.0,True
44b6_551a5dba,C4_m2,31465,4978,29868.0,74670.0,17,17,10,12.0,5.0,True,0.0,
44b6_551a5dba,C4_m6,31465,4978,29868.0,74670.0,6,6,3,4.0,3.0,True,0.0,
44b6_551a5dba,C4_Gonly,31465,4978,29868.0,74670.0,117,117,87,155.0,19.0,True,0.0,
44b6_551a5dba,C5,31465,4036,24216.0,60540.0,13,13,9,11.0,4.0,True,0.0,
44b6_551a5dba,C6,31465,4978,29868.0,74670.0,10,10,6,9.0,4.0,True,0.0,
44b6_551a5dba,C0,31465,0,,,0,0,0,,,,,
44b6_551a5dba,decoder_only,31465,0,,,0,0,0,,,,,
44b6_551a5dba,original_objective_C4,31465,0,,,0,0,0,,,,,
44b6_551a5dba,D_real,31465,383,2298.0,5745.0,0,0,0,,,,,True
44b6_551a5dba,D_synthetic,31465,369,2214.0,5535.0,0,0,0,,,,,True
44b6_551a5dba,D_synthetic_C4,31465,5201,31206.0,78015.0,13,13,11,16.0,0.0,True,0.0,True
44b6_5740d24b,C1short,11360,4790,28740.0,71850.0,3,3,2,4.0,0.0,True,0.0,
44b6_5740d24b,C1,11360,112,672.0,1680.0,0,0,0,,,,,
44b6_5740d24b,C1_relinked,11360,112,672.0,1680.0,0,0,0,,,,,True
44b6_5740d24b,C2,11360,959,5754.0,14385.0,1,1,0,,1.0,,,
44b6_5740d24b,C3,11360,428,2568.0,6420.0,0,0,0,,,,,
44b6_5740d24b,C4,11360,2337,14022.0,35055.0,0,0,0,,,,,
44b6_5740d24b,C4_relinked,11360,2337,14022.0,35055.0,0,0,0,,,,,True
44b6_5740d24b,C4_m2,11360,2337,14022.0,35055.0,2,2,1,2.0,1.0,True,0.0,
44b6_5740d24b,C4_m6,11360,2337,14022.0,35055.0,0,0,0,,,,,
44b6_5740d24b,C4_Gonly,11360,2337,14022.0,35055.0,68,68,49,92.0,8.0,True,0.0,
44b6_5740d24b,C5,11360,1707,10242.0,25605.0,0,0,0,,,,,
44b6_5740d24b,C6,11360,2337,14022.0,35055.0,1,1,0,,1.0,,,
44b6_5740d24b,C0,11360,0,,,0,0,0,,,,,
44b6_5740d24b,decoder_only,11360,0,,,0,0,0,,,,,
44b6_5740d24b,original_objective_C4,11360,0,,,0,0,0,,,,,
44b6_5740d24b,D_real,11360,104,624.0,1560.0,0,0,0,,,,,True
44b6_5740d24b,D_synthetic,11360,107,642.0,1605.0,0,0,0,,,,,True
44b6_5740d24b,D_synthetic_C4,11360,2453,14718.0,36795.0,1,1,1,1.0,0.0,True,0.0,True
44b6_587a1e22,C1short,18716,7946,47676.0,119190.0,0,0,0,,,,,
44b6_587a1e22,C1,18716,124,744.0,1860.0,0,0,0,,,,,
44b6_587a1e22,C1_relinked,18716,124,744.0,1860.0,0,0,0,,,,,True
44b6_587a1e22,C2,18716,1481,8886.0,22215.0,1,1,0,,1.0,,,
44b6_587a1e22,C3,18716,468,2808.0,7020.0,0,0,0,,,,,
44b6_587a1e22,C4,18716,3357,20142.0,50355.0,2,2,1,2.0,1.0,True,0.0,
44b6_587a1e22,C4_relinked,18716,3357,20142.0,50355.0,2,2,2,3.0,0.0,True,0.0,True
44b6_587a1e22,C4_m2,18716,3357,20142.0,50355.0,5,5,3,6.0,2.0,True,0.0,
44b6_587a1e22,C4_m6,18716,3357,20142.0,50355.0,0,0,0,,,,,
44b6_587a1e22,C4_Gonly,18716,3357,20142.0,50355.0,65,65,41,79.0,18.0,True,0.0,
44b6_587a1e22,C5,18716,3211,19266.0,48165.0,4,4,3,5.0,1.0,True,0.0,
44b6_587a1e22,C6,18716,3357,20142.0,50355.0,4,4,3,7.0,1.0,True,0.0,
44b6_587a1e22,C0,18716,0,,,0,0,0,,,,,
44b6_587a1e22,decoder_only,18716,0,,,0,0,0,,,,,
44b6_587a1e22,original_objective_C4,18716,0,,,0,0,0,,,,,
44b6_587a1e22,D_real,18716,136,816.0,2040.0,0,0,0,,,,,True
44b6_587a1e22,D_synthetic,18716,122,732.0,1830.0,0,0,0,,,,,True
44b6_587a1e22,D_synthetic_C4,18716,3616,21696.0,54240.0,3,3,3,5.0,0.0,True,0.0,True
44b6_5f15d135,C1short,21837,8918,53508.0,133770.0,2,2,2,4.0,0.0,True,0.0,
44b6_5f15d135,C1,21837,226,1356.0,3390.0,0,0,0,,,,,
44b6_5f15d135,C1_relinked,21837,226,1356.0,3390.0,0,0,0,,,,,True
44b6_5f15d135,C2,21837,1530,9180.0,22950.0,0,0,0,,,,,
44b6_5f15d135,C3,21837,609,3654.0,9135.0,0,0,0,,,,,
44b6_5f15d135,C4,21837,3748,22488.0,56220.0,1,1,1,1.0,0.0,True,0.0,
44b6_5f15d135,C4_relinked,21837,3748,22488.0,56220.0,1,1,1,1.0,0.0,True,0.0,True
44b6_5f15d135,C4_m2,21837,3748,22488.0,56220.0,3,3,3,5.0,0.0,True,0.0,
44b6_5f15d135,C4_m6,21837,3748,22488.0,56220.0,1,1,1,1.0,0.0,True,0.0,
44b6_5f15d135,C4_Gonly,21837,3748,22488.0,56220.0,85,85,60,104.0,6.0,True,0.0,
44b6_5f15d135,C5,21837,2133,12798.0,31995.0,1,1,1,1.0,0.0,True,0.0,
44b6_5f15d135,C6,21837,3748,22488.0,56220.0,0,0,0,,,,,
44b6_5f15d135,C0,21837,0,,,0,0,0,,,,,
44b6_5f15d135,decoder_only,21837,0,,,0,0,0,,,,,
44b6_5f15d135,original_objective_C4,21837,0,,,0,0,0,,,,,
44b6_5f15d135,D_real,21837,216,1296.0,3240.0,0,0,0,,,,,True
44b6_5f15d135,D_synthetic,21837,220,1320.0,3300.0,0,0,0,,,,,True
44b6_5f15d135,D_synthetic_C4,21837,3797,22782.0,56955.0,2,2,2,3.0,0.0,True,0.0,True
44b6_668e0cc7,C1short,33587,12071,72426.0,181065.0,4,4,4,9.0,0.0,True,0.0,
44b6_668e0cc7,C1,33587,273,1638.0,4095.0,0,0,0,,,,,
44b6_668e0cc7,C1_relinked,33587,273,1638.0,4095.0,0,0,0,,,,,True
44b6_668e0cc7,C2,33587,2721,16326.0,40815.0,7,7,4,8.0,3.0,True,0.0,
44b6_668e0cc7,C3,33587,650,3900.0,9750.0,0,0,0,,,,,
44b6_668e0cc7,C4,33587,6542,39252.0,98130.0,6,6,3,6.0,3.0,True,0.0,
44b6_668e0cc7,C4_relinked,33587,6542,39252.0,98130.0,6,6,6,10.0,0.0,True,0.0,True
44b6_668e0cc7,C4_m2,33587,6542,39252.0,98130.0,13,13,8,15.0,5.0,True,0.0,
44b6_668e0cc7,C4_m6,33587,6542,39252.0,98130.0,1,1,0,,1.0,,,
44b6_668e0cc7,C4_Gonly,33587,6542,39252.0,98130.0,57,57,42,72.0,13.0,True,0.0,
44b6_668e0cc7,C5,33587,4070,24420.0,61050.0,5,5,2,4.0,3.0,True,0.0,
44b6_668e0cc7,C6,33587,6542,39252.0,98130.0,7,7,5,8.0,2.0,True,0.0,
44b6_668e0cc7,C0,33587,0,,,0,0,0,,,,,
44b6_668e0cc7,decoder_only,33587,0,,,0,0,0,,,,,
44b6_668e0cc7,original_objective_C4,33587,0,,,0,0,0,,,,,
44b6_668e0cc7,D_real,33587,298,1788.0,4470.0,0,0,0,,,,,True
44b6_668e0cc7,D_synthetic,33587,283,1698.0,4245.0,0,0,0,,,,,True
44b6_668e0cc7,D_synthetic_C4,33587,7221,43326.0,108315.0,6,6,6,10.0,0.0,True,0.0,True
44b6_66f9292d,C1short,23530,8542,51252.0,128130.0,6,6,5,9.0,0.0,True,0.0,
44b6_66f9292d,C1,23530,274,1644.0,4110.0,0,0,0,,,,,
44b6_66f9292d,C1_relinked,23530,274,1644.0,4110.0,0,0,0,,,,,True
44b6_66f9292d,C2,23530,863,5178.0,12945.0,0,0,0,,,,,
44b6_66f9292d,C3,23530,768,4608.0,11520.0,0,0,0,,,,,
44b6_66f9292d,C4,23530,2555,15330.0,38325.0,1,1,1,2.0,0.0,True,0.0,
44b6_66f9292d,C4_relinked,23530,2555,15330.0,38325.0,1,1,1,2.0,0.0,True,0.0,True
44b6_66f9292d,C4_m2,23530,2555,15330.0,38325.0,3,3,3,3.0,0.0,True,0.0,
44b6_66f9292d,C4_m6,23530,2555,15330.0,38325.0,1,1,1,2.0,0.0,True,0.0,
44b6_66f9292d,C4_Gonly,23530,2555,15330.0,38325.0,48,48,42,73.0,2.0,True,0.0,
44b6_66f9292d,C5,23530,1653,9918.0,24795.0,1,1,1,0.0,0.0,True,0.0,
44b6_66f9292d,C6,23530,2555,15330.0,38325.0,0,0,0,,,,,
44b6_66f9292d,C0,23530,0,,,0,0,0,,,,,
44b6_66f9292d,decoder_only,23530,0,,,0,0,0,,,,,
44b6_66f9292d,original_objective_C4,23530,0,,,0,0,0,,,,,
44b6_66f9292d,D_real,23530,269,1614.0,4035.0,0,0,0,,,,,True
44b6_66f9292d,D_synthetic,23530,255,1530.0,3825.0,0,0,0,,,,,True
44b6_66f9292d,D_synthetic_C4,23530,2611,15666.0,39165.0,0,0,0,,,,,True
44b6_706092f0,C1short,29619,11887,71322.0,178305.0,3,3,3,7.0,0.0,True,0.0,
44b6_706092f0,C1,29619,268,1608.0,4020.0,0,0,0,,,,,
44b6_706092f0,C1_relinked,29619,268,1608.0,4020.0,0,0,0,,,,,True
44b6_706092f0,C2,29619,1141,6846.0,17115.0,1,1,1,2.0,0.0,True,0.0,
44b6_706092f0,C3,29619,720,4320.0,10800.0,0,0,0,,,,,
44b6_706092f0,C4,29619,3265,19590.0,48975.0,2,2,2,3.0,0.0,True,0.0,
44b6_706092f0,C4_relinked,29619,3265,19590.0,48975.0,2,2,2,3.0,0.0,True,0.0,True
44b6_706092f0,C4_m2,29619,3265,19590.0,48975.0,2,2,2,3.0,0.0,True,0.0,
44b6_706092f0,C4_m6,29619,3265,19590.0,48975.0,0,0,0,,,,,
44b6_706092f0,C4_Gonly,29619,3265,19590.0,48975.0,84,84,68,128.0,3.0,True,0.0,
44b6_706092f0,C5,29619,2001,12006.0,30015.0,1,1,1,2.0,0.0,True,0.0,
44b6_706092f0,C6,29619,3265,19590.0,48975.0,1,1,1,2.0,0.0,True,0.0,
44b6_706092f0,C0,29619,0,,,0,0,0,,,,,
44b6_706092f0,decoder_only,29619,0,,,0,0,0,,,,,
44b6_706092f0,original_objective_C4,29619,0,,,0,0,0,,,,,
44b6_706092f0,D_real,29619,277,1662.0,4155.0,0,0,0,,,,,True
44b6_706092f0,D_synthetic,29619,263,1578.0,3945.0,0,0,0,,,,,True
44b6_706092f0,D_synthetic_C4,29619,3387,20322.0,50805.0,1,1,1,1.0,0.0,True,0.0,True
44b6_71a4179f,C1short,31756,12837,77022.0,192555.0,1,1,1,2.0,0.0,True,0.0,
44b6_71a4179f,C1,31756,385,2310.0,5775.0,0,0,0,,,,,
44b6_71a4179f,C1_relinked,31756,385,2310.0,5775.0,0,0,0,,,,,True
44b6_71a4179f,C2,31756,1276,7656.0,19140.0,2,2,0,,2.0,,,
44b6_71a4179f,C3,31756,1085,6510.0,16275.0,0,0,0,,,,,
44b6_71a4179f,C4,31756,3877,23262.0,58155.0,4,4,2,4.0,2.0,True,0.0,
44b6_71a4179f,C4_relinked,31756,3877,23262.0,58155.0,4,4,4,6.0,0.0,True,0.0,True
44b6_71a4179f,C4_m2,31756,3877,23262.0,58155.0,4,4,2,4.0,2.0,True,0.0,
44b6_71a4179f,C4_m6,31756,3877,23262.0,58155.0,3,3,1,2.0,2.0,True,0.0,
44b6_71a4179f,C4_Gonly,31756,3877,23262.0,58155.0,81,81,65,118.0,11.0,True,0.0,
44b6_71a4179f,C5,31756,2840,17040.0,42600.0,5,5,2,3.0,2.0,True,0.0,
44b6_71a4179f,C6,31756,3877,23262.0,58155.0,4,4,2,3.0,2.0,True,0.0,
44b6_71a4179f,C0,31756,0,,,0,0,0,,,,,
44b6_71a4179f,decoder_only,31756,0,,,0,0,0,,,,,
44b6_71a4179f,original_objective_C4,31756,0,,,0,0,0,,,,,
44b6_71a4179f,D_real,31756,390,2340.0,5850.0,0,0,0,,,,,True
44b6_71a4179f,D_synthetic,31756,386,2316.0,5790.0,0,0,0,,,,,True
44b6_71a4179f,D_synthetic_C4,31756,4000,24000.0,60000.0,2,2,2,2.0,0.0,True,0.0,True
44b6_74d0c52e,C1short,8654,3590,21540.0,53850.0,1,1,1,2.0,0.0,True,0.0,
44b6_74d0c52e,C1,8654,108,648.0,1620.0,0,0,0,,,,,
44b6_74d0c52e,C1_relinked,8654,108,648.0,1620.0,0,0,0,,,,,True
44b6_74d0c52e,C2,8654,600,3600.0,9000.0,0,0,0,,,,,
44b6_74d0c52e,C3,8654,315,1890.0,4725.0,0,0,0,,,,,
44b6_74d0c52e,C4,8654,1502,9012.0,22530.0,1,1,1,2.0,0.0,True,0.0,
44b6_74d0c52e,C4_relinked,8654,1502,9012.0,22530.0,1,1,1,2.0,0.0,True,0.0,True
44b6_74d0c52e,C4_m2,8654,1502,9012.0,22530.0,3,3,3,4.0,0.0,True,0.0,
44b6_74d0c52e,C4_m6,8654,1502,9012.0,22530.0,1,1,1,2.0,0.0,True,0.0,
44b6_74d0c52e,C4_Gonly,8654,1502,9012.0,22530.0,71,71,48,81.0,11.0,True,0.0,
44b6_74d0c52e,C5,8654,862,5172.0,12930.0,0,0,0,,,,,
44b6_74d0c52e,C6,8654,1502,9012.0,22530.0,3,3,2,3.0,0.0,True,0.0,
44b6_74d0c52e,C0,8654,0,,,0,0,0,,,,,
44b6_74d0c52e,decoder_only,8654,0,,,0,0,0,,,,,
44b6_74d0c52e,original_objective_C4,8654,0,,,0,0,0,,,,,
44b6_74d0c52e,D_real,8654,110,660.0,1650.0,0,0,0,,,,,True
44b6_74d0c52e,D_synthetic,8654,111,666.0,1665.0,0,0,0,,,,,True
44b6_74d0c52e,D_synthetic_C4,8654,1515,9090.0,22725.0,0,0,0,,,,,True
44b6_7a302da0,C1short,44530,19273,115638.0,289095.0,2,2,2,4.0,0.0,True,0.0,
44b6_7a302da0,C1,44530,529,3174.0,7935.0,0,0,0,,,,,
44b6_7a302da0,C1_relinked,44530,529,3174.0,7935.0,0,0,0,,,,,True
44b6_7a302da0,C2,44530,2431,14586.0,36465.0,10,10,1,2.0,9.0,True,0.0,
44b6_7a302da0,C3,44530,1663,9978.0,24945.0,0,0,0,,,,,
44b6_7a302da0,C4,44530,7535,45210.0,113025.0,11,11,2,3.0,9.0,True,0.0,
44b6_7a302da0,C4_relinked,44530,7535,45210.0,113025.0,11,11,11,12.0,0.0,True,0.0,True
44b6_7a302da0,C4_m2,44530,7535,45210.0,113025.0,17,17,4,7.0,13.0,True,0.0,
44b6_7a302da0,C4_m6,44530,7535,45210.0,113025.0,4,4,0,,4.0,,,
44b6_7a302da0,C4_Gonly,44530,7535,45210.0,113025.0,160,160,106,192.0,40.0,True,0.0,
44b6_7a302da0,C5,44530,6209,37254.0,93135.0,18,18,2,2.0,16.0,True,0.0,
44b6_7a302da0,C6,44530,7535,45210.0,113025.0,16,16,2,1.0,14.0,True,0.0,
44b6_7a302da0,C0,44530,0,,,0,0,0,,,,,
44b6_7a302da0,decoder_only,44530,0,,,0,0,0,,,,,
44b6_7a302da0,original_objective_C4,44530,0,,,0,0,0,,,,,
44b6_7a302da0,D_real,44530,528,3168.0,7920.0,0,0,0,,,,,True
44b6_7a302da0,D_synthetic,44530,520,3120.0,7800.0,0,0,0,,,,,True
44b6_7a302da0,D_synthetic_C4,44530,7762,46572.0,116430.0,10,10,10,10.0,0.0,True,0.0,True
44b6_7e557709,C1short,44623,17131,102786.0,256965.0,3,3,3,6.0,0.0,True,0.0,
44b6_7e557709,C1,44623,415,2490.0,6225.0,0,0,0,,,,,
44b6_7e557709,C1_relinked,44623,415,2490.0,6225.0,0,0,0,,,,,True
44b6_7e557709,C2,44623,1940,11640.0,29100.0,5,5,1,2.0,4.0,True,0.0,
44b6_7e557709,C3,44623,982,5892.0,14730.0,0,0,0,,,,,
44b6_7e557709,C4,44623,5060,30360.0,75900.0,5,5,3,6.0,2.0,True,0.0,
44b6_7e557709,C4_relinked,44623,5060,30360.0,75900.0,5,5,5,8.0,0.0,True,0.0,True
44b6_7e557709,C4_m2,44623,5060,30360.0,75900.0,9,9,3,6.0,5.0,True,0.0,
44b6_7e557709,C4_m6,44623,5060,30360.0,75900.0,2,2,2,4.0,0.0,True,0.0,
44b6_7e557709,C4_Gonly,44623,5060,30360.0,75900.0,100,100,82,156.0,13.0,True,0.0,
44b6_7e557709,C5,44623,4116,24696.0,61740.0,6,6,1,2.0,5.0,True,0.0,
44b6_7e557709,C6,44623,5060,30360.0,75900.0,5,5,4,7.0,1.0,True,0.0,
44b6_7e557709,C0,44623,0,,,0,0,0,,,,,
44b6_7e557709,decoder_only,44623,0,,,0,0,0,,,,,
44b6_7e557709,original_objective_C4,44623,0,,,0,0,0,,,,,
44b6_7e557709,D_real,44623,410,2460.0,6150.0,0,0,0,,,,,True
44b6_7e557709,D_synthetic,44623,404,2424.0,6060.0,0,0,0,,,,,True
44b6_7e557709,D_synthetic_C4,44623,5354,32124.0,80310.0,4,4,4,6.0,0.0,True,0.0,True
44b6_808952d6,C1short,14995,6175,37050.0,92625.0,3,3,3,6.0,0.0,True,0.0,
44b6_808952d6,C1,14995,287,1722.0,4305.0,0,0,0,,,,,
44b6_808952d6,C1_relinked,14995,287,1722.0,4305.0,0,0,0,,,,,True
44b6_808952d6,C2,14995,945,5670.0,14175.0,1,1,1,1.0,0.0,True,0.0,
44b6_808952d6,C3,14995,743,4458.0,11145.0,0,0,0,,,,,
44b6_808952d6,C4,14995,2604,15624.0,39060.0,1,1,1,1.0,0.0,True,0.0,
44b6_808952d6,C4_relinked,14995,2604,15624.0,39060.0,1,1,1,1.0,0.0,True,0.0,True
44b6_808952d6,C4_m2,14995,2604,15624.0,39060.0,4,4,4,7.0,0.0,True,0.0,
44b6_808952d6,C4_m6,14995,2604,15624.0,39060.0,1,1,1,1.0,0.0,True,0.0,
44b6_808952d6,C4_Gonly,14995,2604,15624.0,39060.0,109,109,68,121.0,13.0,True,0.0,
44b6_808952d6,C5,14995,1715,10290.0,25725.0,4,4,3,5.0,1.0,True,0.0,
44b6_808952d6,C6,14995,2604,15624.0,39060.0,3,3,3,4.0,0.0,True,0.0,
44b6_808952d6,C0,14995,0,,,0,0,0,,,,,
44b6_808952d6,decoder_only,14995,0,,,0,0,0,,,,,
44b6_808952d6,original_objective_C4,14995,0,,,0,0,0,,,,,
44b6_808952d6,D_real,14995,295,1770.0,4425.0,0,0,0,,,,,True
44b6_808952d6,D_synthetic,14995,271,1626.0,4065.0,0,0,0,,,,,True
44b6_808952d6,D_synthetic_C4,14995,2645,15870.0,39675.0,1,1,1,1.0,0.0,True,0.0,True
44b6_81c256f0,C1short,11200,4920,29520.0,73800.0,3,3,2,4.0,0.0,True,0.0,
44b6_81c256f0,C1,11200,207,1242.0,3105.0,0,0,0,,,,,
44b6_81c256f0,C1_relinked,11200,207,1242.0,3105.0,0,0,0,,,,,True
44b6_81c256f0,C2,11200,624,3744.0,9360.0,4,4,1,1.0,3.0,True,0.0,
44b6_81c256f0,C3,11200,617,3702.0,9255.0,0,0,0,,,,,
44b6_81c256f0,C4,11200,1807,10842.0,27105.0,3,3,1,1.0,2.0,True,0.0,
44b6_81c256f0,C4_relinked,11200,1807,10842.0,27105.0,3,3,3,3.0,0.0,True,0.0,True
44b6_81c256f0,C4_m2,11200,1807,10842.0,27105.0,12,12,8,13.0,4.0,True,0.0,
44b6_81c256f0,C4_m6,11200,1807,10842.0,27105.0,2,2,0,,2.0,,,
44b6_81c256f0,C4_Gonly,11200,1807,10842.0,27105.0,104,104,59,108.0,12.0,True,0.0,
44b6_81c256f0,C5,11200,1218,7308.0,18270.0,5,5,2,3.0,3.0,True,0.0,
44b6_81c256f0,C6,11200,1807,10842.0,27105.0,5,5,2,4.0,3.0,True,0.0,
44b6_81c256f0,C0,11200,0,,,0,0,0,,,,,
44b6_81c256f0,decoder_only,11200,0,,,0,0,0,,,,,
44b6_81c256f0,original_objective_C4,11200,0,,,0,0,0,,,,,
44b6_81c256f0,D_real,11200,194,1164.0,2910.0,0,0,0,,,,,True
44b6_81c256f0,D_synthetic,11200,195,1170.0,2925.0,0,0,0,,,,,True
44b6_81c256f0,D_synthetic_C4,11200,1833,10998.0,27495.0,4,4,4,4.0,0.0,True,0.0,True
44b6_87bba6c4,C1short,29073,14563,87378.0,218445.0,0,0,0,,,,,
44b6_87bba6c4,C1,29073,272,1632.0,4080.0,0,0,0,,,,,
44b6_87bba6c4,C1_relinked,29073,272,1632.0,4080.0,0,0,0,,,,,True
44b6_87bba6c4,C2,29073,3952,23712.0,59280.0,1,1,1,1.0,0.0,True,0.0,
44b6_87bba6c4,C3,29073,657,3942.0,9855.0,0,0,0,,,,,
44b6_87bba6c4,C4,29073,7564,45384.0,113460.0,1,1,1,2.0,0.0,True,0.0,
44b6_87bba6c4,C4_relinked,29073,7564,45384.0,113460.0,1,1,1,2.0,0.0,True,0.0,True
44b6_87bba6c4,C4_m2,29073,7564,45384.0,113460.0,5,5,5,8.0,0.0,True,0.0,
44b6_87bba6c4,C4_m6,29073,7564,45384.0,113460.0,0,0,0,,,,,
44b6_87bba6c4,C4_Gonly,29073,7564,45384.0,113460.0,166,166,126,218.0,26.0,True,0.0,
44b6_87bba6c4,C5,29073,6396,38376.0,95940.0,11,11,9,15.0,2.0,True,0.0,
44b6_87bba6c4,C6,29073,7564,45384.0,113460.0,4,4,4,7.0,0.0,True,0.0,
44b6_87bba6c4,C0,29073,0,,,0,0,0,,,,,
44b6_87bba6c4,decoder_only,29073,0,,,0,0,0,,,,,
44b6_87bba6c4,original_objective_C4,29073,0,,,0,0,0,,,,,
44b6_87bba6c4,D_real,29073,242,1452.0,3630.0,0,0,0,,,,,True
44b6_87bba6c4,D_synthetic,29073,262,1572.0,3930.0,0,0,0,,,,,True
44b6_87bba6c4,D_synthetic_C4,29073,7745,46470.0,116175.0,1,1,1,2.0,0.0,True,0.0,True
44b6_8cc6506c,C1short,18798,7182,43092.0,107730.0,1,1,1,2.0,0.0,True,0.0,
44b6_8cc6506c,C1,18798,195,1170.0,2925.0,0,0,0,,,,,
44b6_8cc6506c,C1_relinked,18798,195,1170.0,2925.0,0,0,0,,,,,True
44b6_8cc6506c,C2,18798,1015,6090.0,15225.0,0,0,0,,,,,
44b6_8cc6506c,C3,18798,360,2160.0,5400.0,0,0,0,,,,,
44b6_8cc6506c,C4,18798,2396,14376.0,35940.0,0,0,0,,,,,
44b6_8cc6506c,C4_relinked,18798,2396,14376.0,35940.0,0,0,0,,,,,True
44b6_8cc6506c,C4_m2,18798,2396,14376.0,35940.0,3,3,2,3.0,1.0,True,0.0,
44b6_8cc6506c,C4_m6,18798,2396,14376.0,35940.0,0,0,0,,,,,
44b6_8cc6506c,C4_Gonly,18798,2396,14376.0,35940.0,54,54,37,65.0,12.0,True,0.0,
44b6_8cc6506c,C5,18798,1545,9270.0,23175.0,4,4,3,4.0,1.0,True,0.0,
44b6_8cc6506c,C6,18798,2396,14376.0,35940.0,4,4,2,3.0,1.0,True,0.0,
44b6_8cc6506c,C0,18798,0,,,0,0,0,,,,,
44b6_8cc6506c,decoder_only,18798,0,,,0,0,0,,,,,
44b6_8cc6506c,original_objective_C4,18798,0,,,0,0,0,,,,,
44b6_8cc6506c,D_real,18798,184,1104.0,2760.0,0,0,0,,,,,True
44b6_8cc6506c,D_synthetic,18798,189,1134.0,2835.0,0,0,0,,,,,True
44b6_8cc6506c,D_synthetic_C4,18798,2416,14496.0,36240.0,0,0,0,,,,,True
44b6_8f5ab931,C1short,27707,12186,73116.0,182790.0,5,5,3,6.0,0.0,True,0.0,
44b6_8f5ab931,C1,27707,277,1662.0,4155.0,0,0,0,,,,,
44b6_8f5ab931,C1_relinked,27707,277,1662.0,4155.0,0,0,0,,,,,True
44b6_8f5ab931,C2,27707,1386,8316.0,20790.0,1,1,0,,1.0,,,
44b6_8f5ab931,C3,27707,643,3858.0,9645.0,0,0,0,,,,,
44b6_8f5ab931,C4,27707,4945,29670.0,74175.0,1,1,0,,1.0,,,
44b6_8f5ab931,C4_relinked,27707,4945,29670.0,74175.0,1,1,1,1.0,0.0,True,0.0,True
44b6_8f5ab931,C4_m2,27707,4945,29670.0,74175.0,4,4,2,4.0,2.0,True,0.0,
44b6_8f5ab931,C4_m6,27707,4945,29670.0,74175.0,0,0,0,,,,,
44b6_8f5ab931,C4_Gonly,27707,4945,29670.0,74175.0,92,92,69,133.0,14.0,True,0.0,
44b6_8f5ab931,C5,27707,3794,22764.0,56910.0,4,4,1,2.0,3.0,True,0.0,
44b6_8f5ab931,C6,27707,4945,29670.0,74175.0,1,1,0,,1.0,,,
44b6_8f5ab931,C0,27707,0,,,0,0,0,,,,,
44b6_8f5ab931,decoder_only,27707,0,,,0,0,0,,,,,
44b6_8f5ab931,original_objective_C4,27707,0,,,0,0,0,,,,,
44b6_8f5ab931,D_real,27707,264,1584.0,3960.0,0,0,0,,,,,True
44b6_8f5ab931,D_synthetic,27707,291,1746.0,4365.0,0,0,0,,,,,True
44b6_8f5ab931,D_synthetic_C4,27707,5231,31386.0,78465.0,0,0,0,,,,,True
44b6_8f9ecab4,C1short,40814,18128,108768.0,271920.0,7,7,6,12.0,0.0,True,0.0,
44b6_8f9ecab4,C1,40814,557,3342.0,8355.0,0,0,0,,,,,
44b6_8f9ecab4,C1_relinked,40814,557,3342.0,8355.0,0,0,0,,,,,True
44b6_8f9ecab4,C2,40814,2319,13914.0,34785.0,6,6,2,2.0,4.0,True,0.0,
44b6_8f9ecab4,C3,40814,1787,10722.0,26805.0,0,0,0,,,,,
44b6_8f9ecab4,C4,40814,6047,36282.0,90705.0,7,7,4,6.0,3.0,True,0.0,
44b6_8f9ecab4,C4_relinked,40814,6047,36282.0,90705.0,7,7,7,10.0,0.0,True,0.0,True
44b6_8f9ecab4,C4_m2,40814,6047,36282.0,90705.0,13,13,7,9.0,5.0,True,0.0,
44b6_8f9ecab4,C4_m6,40814,6047,36282.0,90705.0,2,2,1,1.0,1.0,True,0.0,
44b6_8f9ecab4,C4_Gonly,40814,6047,36282.0,90705.0,164,164,131,245.0,16.0,True,0.0,
44b6_8f9ecab4,C5,40814,4449,26694.0,66735.0,11,11,4,6.0,7.0,True,0.0,
44b6_8f9ecab4,C6,40814,6047,36282.0,90705.0,6,6,2,2.0,4.0,True,0.0,
44b6_8f9ecab4,C0,40814,0,,,0,0,0,,,,,
44b6_8f9ecab4,decoder_only,40814,0,,,0,0,0,,,,,
44b6_8f9ecab4,original_objective_C4,40814,0,,,0,0,0,,,,,
44b6_8f9ecab4,D_real,40814,526,3156.0,7890.0,0,0,0,,,,,True
44b6_8f9ecab4,D_synthetic,40814,523,3138.0,7845.0,0,0,0,,,,,True
44b6_8f9ecab4,D_synthetic_C4,40814,6265,37590.0,93975.0,6,6,6,9.0,0.0,True,0.0,True
44b6_90724892,C1short,23229,10059,60354.0,150885.0,4,4,4,8.0,0.0,True,0.0,
44b6_90724892,C1,23229,183,1098.0,2745.0,0,0,0,,,,,
44b6_90724892,C1_relinked,23229,183,1098.0,2745.0,0,0,0,,,,,True
44b6_90724892,C2,23229,2600,15600.0,39000.0,3,3,2,4.0,1.0,True,0.0,
44b6_90724892,C3,23229,999,5994.0,14985.0,0,0,0,,,,,
44b6_90724892,C4,23229,5565,33390.0,83475.0,3,3,2,4.0,1.0,True,0.0,
44b6_90724892,C4_relinked,23229,5565,33390.0,83475.0,3,3,3,5.0,0.0,True,0.0,True
44b6_90724892,C4_m2,23229,5565,33390.0,83475.0,9,9,6,12.0,2.0,True,0.0,
44b6_90724892,C4_m6,23229,5565,33390.0,83475.0,1,1,1,2.0,0.0,True,0.0,
44b6_90724892,C4_Gonly,23229,5565,33390.0,83475.0,88,88,66,123.0,6.0,True,0.0,
44b6_90724892,C5,23229,5374,32244.0,80610.0,6,6,3,6.0,3.0,True,0.0,
44b6_90724892,C6,23229,5565,33390.0,83475.0,8,8,4,8.0,4.0,True,0.0,
44b6_90724892,C0,23229,0,,,0,0,0,,,,,
44b6_90724892,decoder_only,23229,0,,,0,0,0,,,,,
44b6_90724892,original_objective_C4,23229,0,,,0,0,0,,,,,
44b6_90724892,D_real,23229,201,1206.0,3015.0,0,0,0,,,,,True
44b6_90724892,D_synthetic,23229,196,1176.0,2940.0,0,0,0,,,,,True
44b6_90724892,D_synthetic_C4,23229,5701,34206.0,85515.0,6,6,5,8.0,0.0,True,0.0,True
44b6_949adeb1,C1short,38792,17393,104358.0,260895.0,3,3,3,6.0,0.0,True,0.0,
44b6_949adeb1,C1,38792,351,2106.0,5265.0,0,0,0,,,,,
44b6_949adeb1,C1_relinked,38792,351,2106.0,5265.0,0,0,0,,,,,True
44b6_949adeb1,C2,38792,2524,15144.0,37860.0,3,3,1,2.0,2.0,True,0.0,
44b6_949adeb1,C3,38792,910,5460.0,13650.0,0,0,0,,,,,
44b6_949adeb1,C4,38792,6702,40212.0,100530.0,7,7,5,8.0,2.0,True,0.0,
44b6_949adeb1,C4_relinked,38792,6702,40212.0,100530.0,7,7,7,11.0,0.0,True,0.0,True
44b6_949adeb1,C4_m2,38792,6702,40212.0,100530.0,10,10,7,11.0,3.0,True,0.0,
44b6_949adeb1,C4_m6,38792,6702,40212.0,100530.0,2,2,2,4.0,0.0,True,0.0,
44b6_949adeb1,C4_Gonly,38792,6702,40212.0,100530.0,65,65,45,79.0,14.0,True,0.0,
44b6_949adeb1,C5,38792,6115,36690.0,91725.0,7,7,6,10.0,1.0,True,0.0,
44b6_949adeb1,C6,38792,6702,40212.0,100530.0,9,9,6,10.0,3.0,True,0.0,
44b6_949adeb1,C0,38792,0,,,0,0,0,,,,,
44b6_949adeb1,decoder_only,38792,0,,,0,0,0,,,,,
44b6_949adeb1,original_objective_C4,38792,0,,,0,0,0,,,,,
44b6_949adeb1,D_real,38792,367,2202.0,5505.0,0,0,0,,,,,True
44b6_949adeb1,D_synthetic,38792,373,2238.0,5595.0,0,0,0,,,,,True
44b6_949adeb1,D_synthetic_C4,38792,7101,42606.0,106515.0,6,6,6,9.0,0.0,True,0.0,True
44b6_95029e92,C1short,4749,1311,7866.0,19665.0,1,1,1,2.0,0.0,True,0.0,
44b6_95029e92,C1,4749,27,162.0,405.0,0,0,0,,,,,
44b6_95029e92,C1_relinked,4749,27,162.0,405.0,0,0,0,,,,,True
44b6_95029e92,C2,4749,147,882.0,2205.0,2,2,0,,2.0,,,
44b6_95029e92,C3,4749,100,600.0,1500.0,0,0,0,,,,,
44b6_95029e92,C4,4749,315,1890.0,4725.0,2,2,0,,2.0,,,
44b6_95029e92,C4_relinked,4749,315,1890.0,4725.0,2,2,2,2.0,0.0,True,0.0,True
44b6_95029e92,C4_m2,4749,315,1890.0,4725.0,4,4,0,,4.0,,,
44b6_95029e92,C4_m6,4749,315,1890.0,4725.0,2,2,0,,2.0,,,
44b6_95029e92,C4_Gonly,4749,315,1890.0,4725.0,5,5,1,2.0,4.0,True,0.0,
44b6_95029e92,C5,4749,176,1056.0,2640.0,2,2,0,,2.0,,,
44b6_95029e92,C6,4749,315,1890.0,4725.0,2,2,0,,2.0,,,
44b6_95029e92,C0,4749,0,,,0,0,0,,,,,
44b6_95029e92,decoder_only,4749,0,,,0,0,0,,,,,
44b6_95029e92,original_objective_C4,4749,0,,,0,0,0,,,,,
44b6_95029e92,D_real,4749,28,168.0,420.0,0,0,0,,,,,True
44b6_95029e92,D_synthetic,4749,25,150.0,375.0,0,0,0,,,,,True
44b6_95029e92,D_synthetic_C4,4749,352,2112.0,5280.0,3,3,3,3.0,0.0,True,0.0,True
44b6_97725144,C1short,33581,17110,102660.0,256650.0,3,3,2,3.0,0.0,True,0.0,
44b6_97725144,C1,33581,408,2448.0,6120.0,0,0,0,,,,,
44b6_97725144,C1_relinked,33581,408,2448.0,6120.0,0,0,0,,,,,True
44b6_97725144,C2,33581,2450,14700.0,36750.0,2,2,2,4.0,0.0,True,0.0,
44b6_97725144,C3,33581,992,5952.0,14880.0,0,0,0,,,,,
44b6_97725144,C4,33581,5854,35124.0,87810.0,2,2,2,4.0,0.0,True,0.0,
44b6_97725144,C4_relinked,33581,5854,35124.0,87810.0,2,2,2,4.0,0.0,True,0.0,True
44b6_97725144,C4_m2,33581,5854,35124.0,87810.0,8,8,6,9.0,1.0,True,0.0,
44b6_97725144,C4_m6,33581,5854,35124.0,87810.0,1,1,1,2.0,0.0,True,0.0,
44b6_97725144,C4_Gonly,33581,5854,35124.0,87810.0,93,93,80,140.0,5.0,True,0.0,
44b6_97725144,C5,33581,3029,18174.0,45435.0,1,1,1,2.0,0.0,True,0.0,
44b6_97725144,C6,33581,5854,35124.0,87810.0,3,3,3,5.0,0.0,True,0.0,
44b6_97725144,C0,33581,0,,,0,0,0,,,,,
44b6_97725144,decoder_only,33581,0,,,0,0,0,,,,,
44b6_97725144,original_objective_C4,33581,0,,,0,0,0,,,,,
44b6_97725144,D_real,33581,410,2460.0,6150.0,0,0,0,,,,,True
44b6_97725144,D_synthetic,33581,407,2442.0,6105.0,0,0,0,,,,,True
44b6_97725144,D_synthetic_C4,33581,6002,36012.0,90030.0,2,2,2,4.0,0.0,True,0.0,True
44b6_996155de,C1short,9188,2664,15984.0,39960.0,1,1,1,2.0,0.0,True,0.0,
44b6_996155de,C1,9188,84,504.0,1260.0,0,0,0,,,,,
44b6_996155de,C1_relinked,9188,84,504.0,1260.0,0,0,0,,,,,True
44b6_996155de,C2,9188,236,1416.0,3540.0,1,1,0,,1.0,,,
44b6_996155de,C3,9188,304,1824.0,4560.0,0,0,0,,,,,
44b6_996155de,C4,9188,904,5424.0,13560.0,0,0,0,,,,,
44b6_996155de,C4_relinked,9188,904,5424.0,13560.0,0,0,0,,,,,True
44b6_996155de,C4_m2,9188,904,5424.0,13560.0,0,0,0,,,,,
44b6_996155de,C4_m6,9188,904,5424.0,13560.0,0,0,0,,,,,
44b6_996155de,C4_Gonly,9188,904,5424.0,13560.0,23,23,16,29.0,7.0,True,0.0,
44b6_996155de,C5,9188,478,2868.0,7170.0,1,1,0,,1.0,,,
44b6_996155de,C6,9188,904,5424.0,13560.0,1,1,0,,1.0,,,
44b6_996155de,C0,9188,0,,,0,0,0,,,,,
44b6_996155de,decoder_only,9188,0,,,0,0,0,,,,,
44b6_996155de,original_objective_C4,9188,0,,,0,0,0,,,,,
44b6_996155de,D_real,9188,84,504.0,1260.0,0,0,0,,,,,True
44b6_996155de,D_synthetic,9188,82,492.0,1230.0,0,0,0,,,,,True
44b6_996155de,D_synthetic_C4,9188,931,5586.0,13965.0,0,0,0,,,,,True
44b6_9be80b04,C1short,25896,10235,61410.0,153525.0,2,2,2,4.0,0.0,True,0.0,
44b6_9be80b04,C1,25896,269,1614.0,4035.0,0,0,0,,,,,
44b6_9be80b04,C1_relinked,25896,269,1614.0,4035.0,0,0,0,,,,,True
44b6_9be80b04,C2,25896,1171,7026.0,17565.0,2,2,0,,2.0,,,
44b6_9be80b04,C3,25896,689,4134.0,10335.0,0,0,0,,,,,
44b6_9be80b04,C4,25896,3109,18654.0,46635.0,6,6,3,4.0,3.0,True,0.0,
44b6_9be80b04,C4_relinked,25896,3109,18654.0,46635.0,6,6,6,7.0,0.0,True,0.0,True
44b6_9be80b04,C4_m2,25896,3109,18654.0,46635.0,10,10,4,5.0,6.0,True,0.0,
44b6_9be80b04,C4_m6,25896,3109,18654.0,46635.0,3,3,0,,3.0,,,
44b6_9be80b04,C4_Gonly,25896,3109,18654.0,46635.0,75,75,55,98.0,14.0,True,0.0,
44b6_9be80b04,C5,25896,2424,14544.0,36360.0,6,6,1,1.0,5.0,True,0.0,
44b6_9be80b04,C6,25896,3109,18654.0,46635.0,6,6,3,3.0,3.0,True,0.0,
44b6_9be80b04,C0,25896,0,,,0,0,0,,,,,
44b6_9be80b04,decoder_only,25896,0,,,0,0,0,,,,,
44b6_9be80b04,original_objective_C4,25896,0,,,0,0,0,,,,,
44b6_9be80b04,D_real,25896,286,1716.0,4290.0,0,0,0,,,,,True
44b6_9be80b04,D_synthetic,25896,286,1716.0,4290.0,0,0,0,,,,,True
44b6_9be80b04,D_synthetic_C4,25896,3248,19488.0,48720.0,7,7,7,9.0,0.0,True,0.0,True
44b6_9bfa6a0a,C1short,39454,15522,93132.0,232830.0,4,4,3,6.0,0.0,True,0.0,
44b6_9bfa6a0a,C1,39454,439,2634.0,6585.0,0,0,0,,,,,
44b6_9bfa6a0a,C1_relinked,39454,439,2634.0,6585.0,0,0,0,,,,,True
44b6_9bfa6a0a,C2,39454,1797,10782.0,26955.0,3,3,0,,3.0,,,
44b6_9bfa6a0a,C3,39454,1251,7506.0,18765.0,0,0,0,,,,,
44b6_9bfa6a0a,C4,39454,5055,30330.0,75825.0,3,3,1,1.0,2.0,True,0.0,
44b6_9bfa6a0a,C4_relinked,39454,5055,30330.0,75825.0,3,3,3,3.0,0.0,True,0.0,True
44b6_9bfa6a0a,C4_m2,39454,5055,30330.0,75825.0,7,7,2,3.0,5.0,True,0.0,
44b6_9bfa6a0a,C4_m6,39454,5055,30330.0,75825.0,1,1,0,,1.0,,,
44b6_9bfa6a0a,C4_Gonly,39454,5055,30330.0,75825.0,106,106,72,132.0,16.0,True,0.0,
44b6_9bfa6a0a,C5,39454,4150,24900.0,62250.0,6,6,0,,6.0,,,
44b6_9bfa6a0a,C6,39454,5055,30330.0,75825.0,3,3,1,1.0,2.0,True,0.0,
44b6_9bfa6a0a,C0,39454,0,,,0,0,0,,,,,
44b6_9bfa6a0a,decoder_only,39454,0,,,0,0,0,,,,,
44b6_9bfa6a0a,original_objective_C4,39454,0,,,0,0,0,,,,,
44b6_9bfa6a0a,D_real,39454,439,2634.0,6585.0,0,0,0,,,,,True
44b6_9bfa6a0a,D_synthetic,39454,412,2472.0,6180.0,0,0,0,,,,,True
44b6_9bfa6a0a,D_synthetic_C4,39454,5195,31170.0,77925.0,4,4,4,4.0,0.0,True,0.0,True
44b6_a21120c2,C1short,21890,9653,57918.0,144795.0,1,1,1,2.0,0.0,True,0.0,
44b6_a21120c2,C1,21890,224,1344.0,3360.0,0,0,0,,,,,
44b6_a21120c2,C1_relinked,21890,224,1344.0,3360.0,0,0,0,,,,,True
44b6_a21120c2,C2,21890,1971,11826.0,29565.0,7,7,4,8.0,3.0,True,0.0,
44b6_a21120c2,C3,21890,317,1902.0,4755.0,0,0,0,,,,,
44b6_a21120c2,C4,21890,6888,41328.0,103320.0,6,6,3,6.0,3.0,True,0.0,
44b6_a21120c2,C4_relinked,21890,6888,41328.0,103320.0,6,6,6,9.0,0.0,True,0.0,True
44b6_a21120c2,C4_m2,21890,6888,41328.0,103320.0,28,28,22,41.0,5.0,True,0.0,
44b6_a21120c2,C4_m6,21890,6888,41328.0,103320.0,2,2,0,,2.0,,,
44b6_a21120c2,C4_Gonly,21890,6888,41328.0,103320.0,56,56,40,77.0,10.0,True,0.0,
44b6_a21120c2,C5,21890,5375,32250.0,80625.0,10,10,6,12.0,4.0,True,0.0,
44b6_a21120c2,C6,21890,6888,41328.0,103320.0,17,17,14,27.0,3.0,True,0.0,
44b6_a21120c2,C0,21890,0,,,0,0,0,,,,,
44b6_a21120c2,decoder_only,21890,0,,,0,0,0,,,,,
44b6_a21120c2,original_objective_C4,21890,0,,,0,0,0,,,,,
44b6_a21120c2,D_real,21890,230,1380.0,3450.0,0,0,0,,,,,True
44b6_a21120c2,D_synthetic,21890,220,1320.0,3300.0,0,0,0,,,,,True
44b6_a21120c2,D_synthetic_C4,21890,7313,43878.0,109695.0,6,6,6,9.0,0.0,True,0.0,True
44b6_a2bb48bb,C1short,46562,21949,131694.0,329235.0,3,3,3,6.0,0.0,True,0.0,
44b6_a2bb48bb,C1,46562,666,3996.0,9990.0,0,0,0,,,,,
44b6_a2bb48bb,C1_relinked,46562,666,3996.0,9990.0,0,0,0,,,,,True
44b6_a2bb48bb,C2,46562,3337,20022.0,50055.0,5,5,1,2.0,4.0,True,0.0,
44b6_a2bb48bb,C3,46562,1799,10794.0,26985.0,0,0,0,,,,,
44b6_a2bb48bb,C4,46562,9314,55884.0,139710.0,5,5,2,3.0,3.0,True,0.0,
44b6_a2bb48bb,C4_relinked,46562,9314,55884.0,139710.0,5,5,5,6.0,0.0,True,0.0,True
44b6_a2bb48bb,C4_m2,46562,9314,55884.0,139710.0,14,14,9,14.0,5.0,True,0.0,
44b6_a2bb48bb,C4_m6,46562,9314,55884.0,139710.0,1,1,0,,1.0,,,
44b6_a2bb48bb,C4_Gonly,46562,9314,55884.0,139710.0,258,258,202,356.0,21.0,True,0.0,
44b6_a2bb48bb,C5,46562,7264,43584.0,108960.0,21,21,15,23.0,6.0,True,0.0,
44b6_a2bb48bb,C6,46562,9314,55884.0,139710.0,8,8,5,8.0,3.0,True,0.0,
44b6_a2bb48bb,C0,46562,0,,,0,0,0,,,,,
44b6_a2bb48bb,decoder_only,46562,0,,,0,0,0,,,,,
44b6_a2bb48bb,original_objective_C4,46562,0,,,0,0,0,,,,,
44b6_a2bb48bb,D_real,46562,641,3846.0,9615.0,0,0,0,,,,,True
44b6_a2bb48bb,D_synthetic,46562,639,3834.0,9585.0,0,0,0,,,,,True
44b6_a2bb48bb,D_synthetic_C4,46562,9716,58296.0,145740.0,5,5,5,7.0,0.0,True,0.0,True
44b6_aaf8b0ea,C1short,15287,5918,35508.0,88770.0,7,7,4,8.0,0.0,True,0.0,
44b6_aaf8b0ea,C1,15287,154,924.0,2310.0,0,0,0,,,,,
44b6_aaf8b0ea,C1_relinked,15287,154,924.0,2310.0,0,0,0,,,,,True
44b6_aaf8b0ea,C2,15287,568,3408.0,8520.0,1,1,1,2.0,0.0,True,0.0,
44b6_aaf8b0ea,C3,15287,611,3666.0,9165.0,0,0,0,,,,,
44b6_aaf8b0ea,C4,15287,1918,11508.0,28770.0,0,0,0,,,,,
44b6_aaf8b0ea,C4_relinked,15287,1918,11508.0,28770.0,0,0,0,,,,,True
44b6_aaf8b0ea,C4_m2,15287,1918,11508.0,28770.0,2,2,1,2.0,0.0,True,0.0,
44b6_aaf8b0ea,C4_m6,15287,1918,11508.0,28770.0,0,0,0,,,,,
44b6_aaf8b0ea,C4_Gonly,15287,1918,11508.0,28770.0,63,63,47,87.0,7.0,True,0.0,
44b6_aaf8b0ea,C5,15287,1131,6786.0,16965.0,1,1,1,2.0,0.0,True,0.0,
44b6_aaf8b0ea,C6,15287,1918,11508.0,28770.0,0,0,0,,,,,
44b6_aaf8b0ea,C0,15287,0,,,0,0,0,,,,,
44b6_aaf8b0ea,decoder_only,15287,0,,,0,0,0,,,,,
44b6_aaf8b0ea,original_objective_C4,15287,0,,,0,0,0,,,,,
44b6_aaf8b0ea,D_real,15287,146,876.0,2190.0,0,0,0,,,,,True
44b6_aaf8b0ea,D_synthetic,15287,152,912.0,2280.0,0,0,0,,,,,True
44b6_aaf8b0ea,D_synthetic_C4,15287,1976,11856.0,29640.0,1,1,1,2.0,0.0,True,0.0,True
44b6_abf82518,C1short,26297,10565,63390.0,158475.0,2,2,2,4.0,0.0,True,0.0,
44b6_abf82518,C1,26297,325,1950.0,4875.0,0,0,0,,,,,
44b6_abf82518,C1_relinked,26297,325,1950.0,4875.0,0,0,0,,,,,True
44b6_abf82518,C2,26297,1866,11196.0,27990.0,0,0,0,,,,,
44b6_abf82518,C3,26297,1241,7446.0,18615.0,0,0,0,,,,,
44b6_abf82518,C4,26297,4635,27810.0,69525.0,2,2,2,3.0,0.0,True,0.0,
44b6_abf82518,C4_relinked,26297,4635,27810.0,69525.0,2,2,2,3.0,0.0,True,0.0,True
44b6_abf82518,C4_m2,26297,4635,27810.0,69525.0,4,4,3,4.0,1.0,True,0.0,
44b6_abf82518,C4_m6,26297,4635,27810.0,69525.0,2,2,2,3.0,0.0,True,0.0,
44b6_abf82518,C4_Gonly,26297,4635,27810.0,69525.0,102,102,79,141.0,9.0,True,0.0,
44b6_abf82518,C5,26297,2967,17802.0,44505.0,3,3,2,4.0,1.0,True,0.0,
44b6_abf82518,C6,26297,4635,27810.0,69525.0,1,1,1,1.0,0.0,True,0.0,
44b6_abf82518,C0,26297,0,,,0,0,0,,,,,
44b6_abf82518,decoder_only,26297,0,,,0,0,0,,,,,
44b6_abf82518,original_objective_C4,26297,0,,,0,0,0,,,,,
44b6_abf82518,D_real,26297,303,1818.0,4545.0,0,0,0,,,,,True
44b6_abf82518,D_synthetic,26297,314,1884.0,4710.0,0,0,0,,,,,True
44b6_abf82518,D_synthetic_C4,26297,4905,29430.0,73575.0,2,2,2,3.0,0.0,True,0.0,True
44b6_b2c44266,C1short,37651,15428,92568.0,231420.0,7,7,7,13.0,0.0,True,0.0,
44b6_b2c44266,C1,37651,470,2820.0,7050.0,0,0,0,,,,,
44b6_b2c44266,C1_relinked,37651,470,2820.0,7050.0,0,0,0,,,,,True
44b6_b2c44266,C2,37651,1807,10842.0,27105.0,5,5,0,,5.0,,,
44b6_b2c44266,C3,37651,1327,7962.0,19905.0,0,0,0,,,,,
44b6_b2c44266,C4,37651,5234,31404.0,78510.0,4,4,0,,4.0,,,
44b6_b2c44266,C4_relinked,37651,5234,31404.0,78510.0,4,4,4,4.0,0.0,True,0.0,True
44b6_b2c44266,C4_m2,37651,5234,31404.0,78510.0,5,5,1,1.0,4.0,True,0.0,
44b6_b2c44266,C4_m6,37651,5234,31404.0,78510.0,4,4,0,,4.0,,,
44b6_b2c44266,C4_Gonly,37651,5234,31404.0,78510.0,104,104,86,159.0,10.0,True,0.0,
44b6_b2c44266,C5,37651,3957,23742.0,59355.0,6,6,0,,6.0,,,
44b6_b2c44266,C6,37651,5234,31404.0,78510.0,5,5,0,,5.0,,,
44b6_b2c44266,C0,37651,0,,,0,0,0,,,,,
44b6_b2c44266,decoder_only,37651,0,,,0,0,0,,,,,
44b6_b2c44266,original_objective_C4,37651,0,,,0,0,0,,,,,
44b6_b2c44266,D_real,37651,474,2844.0,7110.0,0,0,0,,,,,True
44b6_b2c44266,D_synthetic,37651,472,2832.0,7080.0,0,0,0,,,,,True
44b6_b2c44266,D_synthetic_C4,37651,5297,31782.0,79455.0,4,4,4,4.0,0.0,True,0.0,True
44b6_c15fded2,C1short,19401,8978,53868.0,134670.0,4,4,3,6.0,0.0,True,0.0,
44b6_c15fded2,C1,19401,185,1110.0,2775.0,0,0,0,,,,,
44b6_c15fded2,C1_relinked,19401,185,1110.0,2775.0,0,0,0,,,,,True
44b6_c15fded2,C2,19401,2399,14394.0,35985.0,9,9,7,11.0,2.0,True,0.0,
44b6_c15fded2,C3,19401,812,4872.0,12180.0,0,0,0,,,,,
44b6_c15fded2,C4,19401,5514,33084.0,82710.0,16,16,12,23.0,4.0,True,0.0,
44b6_c15fded2,C4_relinked,19401,5514,33084.0,82710.0,16,16,16,27.0,0.0,True,0.0,True
44b6_c15fded2,C4_m2,19401,5514,33084.0,82710.0,37,37,27,50.0,6.0,True,0.0,
44b6_c15fded2,C4_m6,19401,5514,33084.0,82710.0,6,6,3,6.0,3.0,True,0.0,
44b6_c15fded2,C4_Gonly,19401,5514,33084.0,82710.0,132,132,90,170.0,10.0,True,0.0,
44b6_c15fded2,C5,19401,4355,26130.0,65325.0,21,21,14,26.0,7.0,True,0.0,
44b6_c15fded2,C6,19401,5514,33084.0,82710.0,29,29,19,32.0,5.0,True,0.0,
44b6_c15fded2,C0,19401,0,,,0,0,0,,,,,
44b6_c15fded2,decoder_only,19401,0,,,0,0,0,,,,,
44b6_c15fded2,original_objective_C4,19401,0,,,0,0,0,,,,,
44b6_c15fded2,D_real,19401,185,1110.0,2775.0,0,0,0,,,,,True
44b6_c15fded2,D_synthetic,19401,201,1206.0,3015.0,0,0,0,,,,,True
44b6_c15fded2,D_synthetic_C4,19401,5642,33852.0,84630.0,19,19,19,32.0,0.0,True,0.0,True
44b6_c50204e0,C1short,37831,18801,112806.0,282015.0,2,2,2,4.0,0.0,True,0.0,
44b6_c50204e0,C1,37831,610,3660.0,9150.0,0,0,0,,,,,
44b6_c50204e0,C1_relinked,37831,610,3660.0,9150.0,0,0,0,,,,,True
44b6_c50204e0,C2,37831,2836,17016.0,42540.0,5,5,4,7.0,1.0,True,0.0,
44b6_c50204e0,C3,37831,1666,9996.0,24990.0,0,0,0,,,,,
44b6_c50204e0,C4,37831,8049,48294.0,120735.0,4,4,3,5.0,1.0,True,0.0,
44b6_c50204e0,C4_relinked,37831,8049,48294.0,120735.0,4,4,4,7.0,0.0,True,0.0,True
44b6_c50204e0,C4_m2,37831,8049,48294.0,120735.0,16,16,12,20.0,4.0,True,0.0,
44b6_c50204e0,C4_m6,37831,8049,48294.0,120735.0,0,0,0,,,,,
44b6_c50204e0,C4_Gonly,37831,8049,48294.0,120735.0,254,254,188,332.0,35.0,True,0.0,
44b6_c50204e0,C5,37831,5874,35244.0,88110.0,16,16,10,17.0,5.0,True,0.0,
44b6_c50204e0,C6,37831,8049,48294.0,120735.0,6,6,3,4.0,3.0,True,0.0,
44b6_c50204e0,C0,37831,0,,,0,0,0,,,,,
44b6_c50204e0,decoder_only,37831,0,,,0,0,0,,,,,
44b6_c50204e0,original_objective_C4,37831,0,,,0,0,0,,,,,
44b6_c50204e0,D_real,37831,552,3312.0,8280.0,0,0,0,,,,,True
44b6_c50204e0,D_synthetic,37831,575,3450.0,8625.0,0,0,0,,,,,True
44b6_c50204e0,D_synthetic_C4,37831,8307,49842.0,124605.0,4,4,4,7.0,0.0,True,0.0,True
44b6_c771cb04,C1short,29711,12620,75720.0,189300.0,1,1,1,2.0,0.0,True,0.0,
44b6_c771cb04,C1,29711,346,2076.0,5190.0,0,0,0,,,,,
44b6_c771cb04,C1_relinked,29711,346,2076.0,5190.0,0,0,0,,,,,True
44b6_c771cb04,C2,29711,1694,10164.0,25410.0,1,1,0,,1.0,,,
44b6_c771cb04,C3,29711,847,5082.0,12705.0,0,0,0,,,,,
44b6_c771cb04,C4,29711,3966,23796.0,59490.0,4,4,3,6.0,1.0,True,0.0,
44b6_c771cb04,C4_relinked,29711,3966,23796.0,59490.0,4,4,4,7.0,0.0,True,0.0,True
44b6_c771cb04,C4_m2,29711,3966,23796.0,59490.0,7,7,5,10.0,2.0,True,0.0,
44b6_c771cb04,C4_m6,29711,3966,23796.0,59490.0,0,0,0,,,,,
44b6_c771cb04,C4_Gonly,29711,3966,23796.0,59490.0,96,96,77,140.0,11.0,True,0.0,
44b6_c771cb04,C5,29711,2602,15612.0,39030.0,5,5,2,3.0,3.0,True,0.0,
44b6_c771cb04,C6,29711,3966,23796.0,59490.0,2,2,1,2.0,1.0,True,0.0,
44b6_c771cb04,C0,29711,0,,,0,0,0,,,,,
44b6_c771cb04,decoder_only,29711,0,,,0,0,0,,,,,
44b6_c771cb04,original_objective_C4,29711,0,,,0,0,0,,,,,
44b6_c771cb04,D_real,29711,337,2022.0,5055.0,0,0,0,,,,,True
44b6_c771cb04,D_synthetic,29711,342,2052.0,5130.0,0,0,0,,,,,True
44b6_c771cb04,D_synthetic_C4,29711,4050,24300.0,60750.0,4,4,4,7.0,0.0,True,0.0,True
44b6_c8e2a523,C1short,28589,9559,57354.0,143385.0,6,6,6,13.0,0.0,True,0.0,
44b6_c8e2a523,C1,28589,220,1320.0,3300.0,0,0,0,,,,,
44b6_c8e2a523,C1_relinked,28589,220,1320.0,3300.0,0,0,0,,,,,True
44b6_c8e2a523,C2,28589,1440,8640.0,21600.0,42,42,34,65.0,4.0,True,0.0,
44b6_c8e2a523,C3,28589,227,1362.0,3405.0,0,0,0,,,,,
44b6_c8e2a523,C4,28589,7705,46230.0,115575.0,42,42,35,68.0,3.0,True,0.0,
44b6_c8e2a523,C4_relinked,28589,7705,46230.0,115575.0,42,42,38,72.0,0.0,True,0.0,True
44b6_c8e2a523,C4_m2,28589,7705,46230.0,115575.0,123,123,84,158.0,8.0,True,0.0,
44b6_c8e2a523,C4_m6,28589,7705,46230.0,115575.0,16,16,16,32.0,0.0,True,0.0,
44b6_c8e2a523,C4_Gonly,28589,7705,46230.0,115575.0,116,116,85,164.0,9.0,True,0.0,
44b6_c8e2a523,C5,28589,6600,39600.0,99000.0,39,39,34,66.0,3.0,True,0.0,
44b6_c8e2a523,C6,28589,7705,46230.0,115575.0,50,50,40,77.0,5.0,True,0.0,
44b6_c8e2a523,C0,28589,0,,,0,0,0,,,,,
44b6_c8e2a523,decoder_only,28589,0,,,0,0,0,,,,,
44b6_c8e2a523,original_objective_C4,28589,0,,,0,0,0,,,,,
44b6_c8e2a523,D_real,28589,190,1140.0,2850.0,0,0,0,,,,,True
44b6_c8e2a523,D_synthetic,28589,223,1338.0,3345.0,0,0,0,,,,,True
44b6_c8e2a523,D_synthetic_C4,28589,8074,48444.0,121110.0,52,52,45,86.0,0.0,True,0.0,True
44b6_c96cfa10,C1short,37910,14460,86760.0,216900.0,1,1,1,2.0,0.0,True,0.0,
44b6_c96cfa10,C1,37910,400,2400.0,6000.0,0,0,0,,,,,
44b6_c96cfa10,C1_relinked,37910,400,2400.0,6000.0,0,0,0,,,,,True
44b6_c96cfa10,C2,37910,1981,11886.0,29715.0,3,3,1,1.0,2.0,True,0.0,
44b6_c96cfa10,C3,37910,861,5166.0,12915.0,0,0,0,,,,,
44b6_c96cfa10,C4,37910,7265,43590.0,108975.0,4,4,3,3.0,1.0,True,0.0,
44b6_c96cfa10,C4_relinked,37910,7265,43590.0,108975.0,4,4,4,4.0,0.0,True,0.0,True
44b6_c96cfa10,C4_m2,37910,7265,43590.0,108975.0,12,12,9,14.0,3.0,True,0.0,
44b6_c96cfa10,C4_m6,37910,7265,43590.0,108975.0,2,2,1,1.0,1.0,True,0.0,
44b6_c96cfa10,C4_Gonly,37910,7265,43590.0,108975.0,65,65,48,84.0,12.0,True,0.0,
44b6_c96cfa10,C5,37910,7750,46500.0,116250.0,11,11,7,10.0,4.0,True,0.0,
44b6_c96cfa10,C6,37910,7265,43590.0,108975.0,6,6,2,2.0,4.0,True,0.0,
44b6_c96cfa10,C0,37910,0,,,0,0,0,,,,,
44b6_c96cfa10,decoder_only,37910,0,,,0,0,0,,,,,
44b6_c96cfa10,original_objective_C4,37910,0,,,0,0,0,,,,,
44b6_c96cfa10,D_real,37910,395,2370.0,5925.0,0,0,0,,,,,True
44b6_c96cfa10,D_synthetic,37910,384,2304.0,5760.0,0,0,0,,,,,True
44b6_c96cfa10,D_synthetic_C4,37910,7546,45276.0,113190.0,4,4,4,5.0,0.0,True,0.0,True
44b6_cf2536e8,C1short,22332,7965,47790.0,119475.0,3,3,3,6.0,0.0,True,0.0,
44b6_cf2536e8,C1,22332,296,1776.0,4440.0,0,0,0,,,,,
44b6_cf2536e8,C1_relinked,22332,296,1776.0,4440.0,0,0,0,,,,,True
44b6_cf2536e8,C2,22332,744,4464.0,11160.0,0,0,0,,,,,
44b6_cf2536e8,C3,22332,875,5250.0,13125.0,0,0,0,,,,,
44b6_cf2536e8,C4,22332,2335,14010.0,35025.0,0,0,0,,,,,
44b6_cf2536e8,C4_relinked,22332,2335,14010.0,35025.0,0,0,0,,,,,True
44b6_cf2536e8,C4_m2,22332,2335,14010.0,35025.0,1,1,1,2.0,0.0,True,0.0,
44b6_cf2536e8,C4_m6,22332,2335,14010.0,35025.0,0,0,0,,,,,
44b6_cf2536e8,C4_Gonly,22332,2335,14010.0,35025.0,36,36,33,58.0,0.0,True,0.0,
44b6_cf2536e8,C5,22332,1304,7824.0,19560.0,1,1,1,2.0,0.0,True,0.0,
44b6_cf2536e8,C6,22332,2335,14010.0,35025.0,0,0,0,,,,,
44b6_cf2536e8,C0,22332,0,,,0,0,0,,,,,
44b6_cf2536e8,decoder_only,22332,0,,,0,0,0,,,,,
44b6_cf2536e8,original_objective_C4,22332,0,,,0,0,0,,,,,
44b6_cf2536e8,D_real,22332,288,1728.0,4320.0,0,0,0,,,,,True
44b6_cf2536e8,D_synthetic,22332,294,1764.0,4410.0,0,0,0,,,,,True
44b6_cf2536e8,D_synthetic_C4,22332,2471,14826.0,37065.0,0,0,0,,,,,True
44b6_cf8fed6b,C1short,41349,18166,108996.0,272490.0,4,4,4,9.0,0.0,True,0.0,
44b6_cf8fed6b,C1,41349,366,2196.0,5490.0,0,0,0,,,,,
44b6_cf8fed6b,C1_relinked,41349,366,2196.0,5490.0,0,0,0,,,,,True
44b6_cf8fed6b,C2,41349,4215,25290.0,63225.0,3,3,1,2.0,2.0,True,0.0,
44b6_cf8fed6b,C3,41349,869,5214.0,13035.0,0,0,0,,,,,
44b6_cf8fed6b,C4,41349,10187,61122.0,152805.0,4,4,3,5.0,1.0,True,0.0,
44b6_cf8fed6b,C4_relinked,41349,10187,61122.0,152805.0,4,4,4,6.0,0.0,True,0.0,True
44b6_cf8fed6b,C4_m2,41349,10187,61122.0,152805.0,18,18,11,17.0,5.0,True,0.0,
44b6_cf8fed6b,C4_m6,41349,10187,61122.0,152805.0,2,2,1,1.0,1.0,True,0.0,
44b6_cf8fed6b,C4_Gonly,41349,10187,61122.0,152805.0,117,117,96,171.0,10.0,True,0.0,
44b6_cf8fed6b,C5,41349,6721,40326.0,100815.0,20,20,15,26.0,4.0,True,0.0,
44b6_cf8fed6b,C6,41349,10187,61122.0,152805.0,11,11,9,18.0,2.0,True,0.0,
44b6_cf8fed6b,C0,41349,0,,,0,0,0,,,,,
44b6_cf8fed6b,decoder_only,41349,0,,,0,0,0,,,,,
44b6_cf8fed6b,original_objective_C4,41349,0,,,0,0,0,,,,,
44b6_cf8fed6b,D_real,41349,375,2250.0,5625.0,0,0,0,,,,,True
44b6_cf8fed6b,D_synthetic,41349,370,2220.0,5550.0,0,0,0,,,,,True
44b6_cf8fed6b,D_synthetic_C4,41349,11082,66492.0,166230.0,3,3,3,4.0,0.0,True,0.0,True
44b6_d29c9ab2,C1short,36110,14335,86010.0,215025.0,1,1,1,2.0,0.0,True,0.0,
44b6_d29c9ab2,C1,36110,318,1908.0,4770.0,0,0,0,,,,,
44b6_d29c9ab2,C1_relinked,36110,318,1908.0,4770.0,0,0,0,,,,,True
44b6_d29c9ab2,C2,36110,2041,12246.0,30615.0,15,15,3,6.0,12.0,True,0.0,
44b6_d29c9ab2,C3,36110,794,4764.0,11910.0,0,0,0,,,,,
44b6_d29c9ab2,C4,36110,4679,28074.0,70185.0,13,13,4,8.0,9.0,True,0.0,
44b6_d29c9ab2,C4_relinked,36110,4679,28074.0,70185.0,13,13,13,18.0,0.0,True,0.0,True
44b6_d29c9ab2,C4_m2,36110,4679,28074.0,70185.0,34,34,16,31.0,17.0,True,0.0,
44b6_d29c9ab2,C4_m6,36110,4679,28074.0,70185.0,9,9,2,4.0,7.0,True,0.0,
44b6_d29c9ab2,C4_Gonly,36110,4679,28074.0,70185.0,66,66,47,87.0,16.0,True,0.0,
44b6_d29c9ab2,C5,36110,3789,22734.0,56835.0,19,19,8,15.0,11.0,True,0.0,
44b6_d29c9ab2,C6,36110,4679,28074.0,70185.0,22,22,8,15.0,14.0,True,0.0,
44b6_d29c9ab2,C0,36110,0,,,0,0,0,,,,,
44b6_d29c9ab2,decoder_only,36110,0,,,0,0,0,,,,,
44b6_d29c9ab2,original_objective_C4,36110,0,,,0,0,0,,,,,
44b6_d29c9ab2,D_real,36110,319,1914.0,4785.0,0,0,0,,,,,True
44b6_d29c9ab2,D_synthetic,36110,312,1872.0,4680.0,0,0,0,,,,,True
44b6_d29c9ab2,D_synthetic_C4,36110,5113,30678.0,76695.0,16,16,15,20.0,0.0,True,0.0,True
44b6_d2f34f90,C1short,15298,5812,34872.0,87180.0,1,1,1,1.0,0.0,True,0.0,
44b6_d2f34f90,C1,15298,109,654.0,1635.0,0,0,0,,,,,
44b6_d2f34f90,C1_relinked,15298,109,654.0,1635.0,0,0,0,,,,,True
44b6_d2f34f90,C2,15298,857,5142.0,12855.0,1,1,0,,1.0,,,
44b6_d2f34f90,C3,15298,385,2310.0,5775.0,0,0,0,,,,,
44b6_d2f34f90,C4,15298,2223,13338.0,33345.0,2,2,1,2.0,1.0,True,0.0,
44b6_d2f34f90,C4_relinked,15298,2223,13338.0,33345.0,2,2,2,3.0,0.0,True,0.0,True
44b6_d2f34f90,C4_m2,15298,2223,13338.0,33345.0,3,3,2,4.0,1.0,True,0.0,
44b6_d2f34f90,C4_m6,15298,2223,13338.0,33345.0,0,0,0,,,,,
44b6_d2f34f90,C4_Gonly,15298,2223,13338.0,33345.0,78,78,62,103.0,4.0,True,0.0,
44b6_d2f34f90,C5,15298,1320,7920.0,19800.0,1,1,1,2.0,0.0,True,0.0,
44b6_d2f34f90,C6,15298,2223,13338.0,33345.0,1,1,0,,1.0,,,
44b6_d2f34f90,C0,15298,0,,,0,0,0,,,,,
44b6_d2f34f90,decoder_only,15298,0,,,0,0,0,,,,,
44b6_d2f34f90,original_objective_C4,15298,0,,,0,0,0,,,,,
44b6_d2f34f90,D_real,15298,96,576.0,1440.0,0,0,0,,,,,True
44b6_d2f34f90,D_synthetic,15298,112,672.0,1680.0,0,0,0,,,,,True
44b6_d2f34f90,D_synthetic_C4,15298,2299,13794.0,34485.0,2,2,2,3.0,0.0,True,0.0,True
44b6_d5e7d891,C1short,42986,20179,121074.0,302685.0,4,4,3,5.0,0.0,True,0.0,
44b6_d5e7d891,C1,42986,582,3492.0,8730.0,0,0,0,,,,,
44b6_d5e7d891,C1_relinked,42986,582,3492.0,8730.0,0,0,0,,,,,True
44b6_d5e7d891,C2,42986,2862,17172.0,42930.0,1,1,1,2.0,0.0,True,0.0,
44b6_d5e7d891,C3,42986,1891,11346.0,28365.0,0,0,0,,,,,
44b6_d5e7d891,C4,42986,8241,49446.0,123615.0,2,2,2,3.0,0.0,True,0.0,
44b6_d5e7d891,C4_relinked,42986,8241,49446.0,123615.0,2,2,2,3.0,0.0,True,0.0,True
44b6_d5e7d891,C4_m2,42986,8241,49446.0,123615.0,7,7,6,9.0,1.0,True,0.0,
44b6_d5e7d891,C4_m6,42986,8241,49446.0,123615.0,2,2,2,3.0,0.0,True,0.0,
44b6_d5e7d891,C4_Gonly,42986,8241,49446.0,123615.0,237,237,188,330.0,29.0,True,0.0,
44b6_d5e7d891,C5,42986,6948,41688.0,104220.0,13,13,11,14.0,2.0,True,0.0,
44b6_d5e7d891,C6,42986,8241,49446.0,123615.0,7,7,6,8.0,1.0,True,0.0,
44b6_d5e7d891,C0,42986,0,,,0,0,0,,,,,
44b6_d5e7d891,decoder_only,42986,0,,,0,0,0,,,,,
44b6_d5e7d891,original_objective_C4,42986,0,,,0,0,0,,,,,
44b6_d5e7d891,D_real,42986,559,3354.0,8385.0,0,0,0,,,,,True
44b6_d5e7d891,D_synthetic,42986,556,3336.0,8340.0,0,0,0,,,,,True
44b6_d5e7d891,D_synthetic_C4,42986,8606,51636.0,129090.0,4,4,4,7.0,0.0,True,0.0,True
44b6_d754aa59,C1short,5550,1882,11292.0,28230.0,0,0,0,,,,,
44b6_d754aa59,C1,5550,65,390.0,975.0,0,0,0,,,,,
44b6_d754aa59,C1_relinked,5550,65,390.0,975.0,0,0,0,,,,,True
44b6_d754aa59,C2,5550,381,2286.0,5715.0,4,4,0,,4.0,,,
44b6_d754aa59,C3,5550,159,954.0,2385.0,0,0,0,,,,,
44b6_d754aa59,C4,5550,884,5304.0,13260.0,4,4,1,2.0,3.0,True,0.0,
44b6_d754aa59,C4_relinked,5550,884,5304.0,13260.0,4,4,4,5.0,0.0,True,0.0,True
44b6_d754aa59,C4_m2,5550,884,5304.0,13260.0,8,8,4,7.0,4.0,True,0.0,
44b6_d754aa59,C4_m6,5550,884,5304.0,13260.0,4,4,1,2.0,3.0,True,0.0,
44b6_d754aa59,C4_Gonly,5550,884,5304.0,13260.0,15,15,8,13.0,7.0,True,0.0,
44b6_d754aa59,C5,5550,517,3102.0,7755.0,5,5,1,2.0,4.0,True,0.0,
44b6_d754aa59,C6,5550,884,5304.0,13260.0,6,6,2,3.0,4.0,True,0.0,
44b6_d754aa59,C0,5550,0,,,0,0,0,,,,,
44b6_d754aa59,decoder_only,5550,0,,,0,0,0,,,,,
44b6_d754aa59,original_objective_C4,5550,0,,,0,0,0,,,,,
44b6_d754aa59,D_real,5550,65,390.0,975.0,0,0,0,,,,,True
44b6_d754aa59,D_synthetic,5550,67,402.0,1005.0,0,0,0,,,,,True
44b6_d754aa59,D_synthetic_C4,5550,923,5538.0,13845.0,5,5,5,6.0,0.0,True,0.0,True
44b6_d78e09d9,C1short,23451,9121,54726.0,136815.0,2,2,2,4.0,0.0,True,0.0,
44b6_d78e09d9,C1,23451,209,1254.0,3135.0,0,0,0,,,,,
44b6_d78e09d9,C1_relinked,23451,209,1254.0,3135.0,0,0,0,,,,,True
44b6_d78e09d9,C2,23451,1684,10104.0,25260.0,7,7,6,11.0,1.0,True,0.0,
44b6_d78e09d9,C3,23451,269,1614.0,4035.0,0,0,0,,,,,
44b6_d78e09d9,C4,23451,5550,33300.0,83250.0,6,6,4,8.0,2.0,True,0.0,
44b6_d78e09d9,C4_relinked,23451,5550,33300.0,83250.0,6,6,6,10.0,0.0,True,0.0,True
44b6_d78e09d9,C4_m2,23451,5550,33300.0,83250.0,17,17,13,25.0,4.0,True,0.0,
44b6_d78e09d9,C4_m6,23451,5550,33300.0,83250.0,1,1,1,2.0,0.0,True,0.0,
44b6_d78e09d9,C4_Gonly,23451,5550,33300.0,83250.0,52,52,40,72.0,10.0,True,0.0,
44b6_d78e09d9,C5,23451,4156,24936.0,62340.0,6,6,5,10.0,1.0,True,0.0,
44b6_d78e09d9,C6,23451,5550,33300.0,83250.0,12,12,10,20.0,2.0,True,0.0,
44b6_d78e09d9,C0,23451,0,,,0,0,0,,,,,
44b6_d78e09d9,decoder_only,23451,0,,,0,0,0,,,,,
44b6_d78e09d9,original_objective_C4,23451,0,,,0,0,0,,,,,
44b6_d78e09d9,D_real,23451,206,1236.0,3090.0,0,0,0,,,,,True
44b6_d78e09d9,D_synthetic,23451,205,1230.0,3075.0,0,0,0,,,,,True
44b6_d78e09d9,D_synthetic_C4,23451,5936,35616.0,89040.0,7,7,7,13.0,0.0,True,0.0,True
44b6_db3c847b,C1short,15472,7729,46374.0,115935.0,1,1,1,2.0,0.0,True,0.0,
44b6_db3c847b,C1,15472,256,1536.0,3840.0,0,0,0,,,,,
44b6_db3c847b,C1_relinked,15472,256,1536.0,3840.0,0,0,0,,,,,True
44b6_db3c847b,C2,15472,1180,7080.0,17700.0,3,3,1,2.0,2.0,True,0.0,
44b6_db3c847b,C3,15472,696,4176.0,10440.0,0,0,0,,,,,
44b6_db3c847b,C4,15472,3457,20742.0,51855.0,2,2,0,,2.0,,,
44b6_db3c847b,C4_relinked,15472,3457,20742.0,51855.0,2,2,2,2.0,0.0,True,0.0,True
44b6_db3c847b,C4_m2,15472,3457,20742.0,51855.0,3,3,1,2.0,2.0,True,0.0,
44b6_db3c847b,C4_m6,15472,3457,20742.0,51855.0,2,2,0,,2.0,,,
44b6_db3c847b,C4_Gonly,15472,3457,20742.0,51855.0,88,88,63,117.0,11.0,True,0.0,
44b6_db3c847b,C5,15472,2289,13734.0,34335.0,3,3,1,2.0,2.0,True,0.0,
44b6_db3c847b,C6,15472,3457,20742.0,51855.0,3,3,1,2.0,2.0,True,0.0,
44b6_db3c847b,C0,15472,0,,,0,0,0,,,,,
44b6_db3c847b,decoder_only,15472,0,,,0,0,0,,,,,
44b6_db3c847b,original_objective_C4,15472,0,,,0,0,0,,,,,
44b6_db3c847b,D_real,15472,232,1392.0,3480.0,0,0,0,,,,,True
44b6_db3c847b,D_synthetic,15472,236,1416.0,3540.0,0,0,0,,,,,True
44b6_db3c847b,D_synthetic_C4,15472,3524,21144.0,52860.0,2,2,2,2.0,0.0,True,0.0,True
44b6_ddf577ad,C1short,38002,15901,95406.0,238515.0,2,2,2,4.0,0.0,True,0.0,
44b6_ddf577ad,C1,38002,405,2430.0,6075.0,0,0,0,,,,,
44b6_ddf577ad,C1_relinked,38002,405,2430.0,6075.0,0,0,0,,,,,True
44b6_ddf577ad,C2,38002,2137,12822.0,32055.0,1,1,0,,1.0,,,
44b6_ddf577ad,C3,38002,1351,8106.0,20265.0,0,0,0,,,,,
44b6_ddf577ad,C4,38002,6095,36570.0,91425.0,4,4,2,3.0,2.0,True,0.0,
44b6_ddf577ad,C4_relinked,38002,6095,36570.0,91425.0,4,4,4,5.0,0.0,True,0.0,True
44b6_ddf577ad,C4_m2,38002,6095,36570.0,91425.0,10,10,6,11.0,4.0,True,0.0,
44b6_ddf577ad,C4_m6,38002,6095,36570.0,91425.0,4,4,2,3.0,2.0,True,0.0,
44b6_ddf577ad,C4_Gonly,38002,6095,36570.0,91425.0,157,157,122,218.0,17.0,True,0.0,
44b6_ddf577ad,C5,38002,4430,26580.0,66450.0,11,11,5,7.0,6.0,True,0.0,
44b6_ddf577ad,C6,38002,6095,36570.0,91425.0,5,5,1,1.0,4.0,True,0.0,
44b6_ddf577ad,C0,38002,0,,,0,0,0,,,,,
44b6_ddf577ad,decoder_only,38002,0,,,0,0,0,,,,,
44b6_ddf577ad,original_objective_C4,38002,0,,,0,0,0,,,,,
44b6_ddf577ad,D_real,38002,412,2472.0,6180.0,0,0,0,,,,,True
44b6_ddf577ad,D_synthetic,38002,375,2250.0,5625.0,0,0,0,,,,,True
44b6_ddf577ad,D_synthetic_C4,38002,6536,39216.0,98040.0,6,6,6,9.0,0.0,True,0.0,True
44b6_deabac95,C1short,15633,6068,36408.0,91020.0,1,1,1,2.0,0.0,True,0.0,
44b6_deabac95,C1,15633,163,978.0,2445.0,0,0,0,,,,,
44b6_deabac95,C1_relinked,15633,163,978.0,2445.0,0,0,0,,,,,True
44b6_deabac95,C2,15633,1194,7164.0,17910.0,0,0,0,,,,,
44b6_deabac95,C3,15633,327,1962.0,4905.0,0,0,0,,,,,
44b6_deabac95,C4,15633,1924,11544.0,28860.0,2,2,1,2.0,1.0,True,0.0,
44b6_deabac95,C4_relinked,15633,1924,11544.0,28860.0,2,2,2,3.0,0.0,True,0.0,True
44b6_deabac95,C4_m2,15633,1924,11544.0,28860.0,7,7,5,10.0,2.0,True,0.0,
44b6_deabac95,C4_m6,15633,1924,11544.0,28860.0,2,2,1,2.0,1.0,True,0.0,
44b6_deabac95,C4_Gonly,15633,1924,11544.0,28860.0,57,57,38,69.0,11.0,True,0.0,
44b6_deabac95,C5,15633,1469,8814.0,22035.0,3,3,2,4.0,1.0,True,0.0,
44b6_deabac95,C6,15633,1924,11544.0,28860.0,4,4,1,2.0,3.0,True,0.0,
44b6_deabac95,C0,15633,0,,,0,0,0,,,,,
44b6_deabac95,decoder_only,15633,0,,,0,0,0,,,,,
44b6_deabac95,original_objective_C4,15633,0,,,0,0,0,,,,,
44b6_deabac95,D_real,15633,154,924.0,2310.0,0,0,0,,,,,True
44b6_deabac95,D_synthetic,15633,149,894.0,2235.0,0,0,0,,,,,True
44b6_deabac95,D_synthetic_C4,15633,2120,12720.0,31800.0,2,2,2,3.0,0.0,True,0.0,True
44b6_e28840c6,C1short,27153,11681,70086.0,175215.0,3,3,3,7.0,0.0,True,0.0,
44b6_e28840c6,C1,27153,309,1854.0,4635.0,0,0,0,,,,,
44b6_e28840c6,C1_relinked,27153,309,1854.0,4635.0,0,0,0,,,,,True
44b6_e28840c6,C2,27153,1186,7116.0,17790.0,0,0,0,,,,,
44b6_e28840c6,C3,27153,794,4764.0,11910.0,0,0,0,,,,,
44b6_e28840c6,C4,27153,3253,19518.0,48795.0,0,0,0,,,,,
44b6_e28840c6,C4_relinked,27153,3253,19518.0,48795.0,0,0,0,,,,,True
44b6_e28840c6,C4_m2,27153,3253,19518.0,48795.0,2,2,2,3.0,0.0,True,0.0,
44b6_e28840c6,C4_m6,27153,3253,19518.0,48795.0,0,0,0,,,,,
44b6_e28840c6,C4_Gonly,27153,3253,19518.0,48795.0,90,90,63,122.0,6.0,True,0.0,
44b6_e28840c6,C5,27153,1932,11592.0,28980.0,2,2,2,1.0,0.0,True,0.0,
44b6_e28840c6,C6,27153,3253,19518.0,48795.0,1,1,1,1.0,0.0,True,0.0,
44b6_e28840c6,C0,27153,0,,,0,0,0,,,,,
44b6_e28840c6,decoder_only,27153,0,,,0,0,0,,,,,
44b6_e28840c6,original_objective_C4,27153,0,,,0,0,0,,,,,
44b6_e28840c6,D_real,27153,304,1824.0,4560.0,0,0,0,,,,,True
44b6_e28840c6,D_synthetic,27153,303,1818.0,4545.0,0,0,0,,,,,True
44b6_e28840c6,D_synthetic_C4,27153,3433,20598.0,51495.0,0,0,0,,,,,True
44b6_e29f0176,C1short,13471,4351,26106.0,65265.0,1,1,1,2.0,0.0,True,0.0,
44b6_e29f0176,C1,13471,67,402.0,1005.0,0,0,0,,,,,
44b6_e29f0176,C1_relinked,13471,67,402.0,1005.0,0,0,0,,,,,True
44b6_e29f0176,C2,13471,1933,11598.0,28995.0,7,7,6,12.0,1.0,True,0.0,
44b6_e29f0176,C3,13471,57,342.0,855.0,0,0,0,,,,,
44b6_e29f0176,C4,13471,2519,15114.0,37785.0,12,12,10,21.0,2.0,True,0.0,
44b6_e29f0176,C4_relinked,13471,2519,15114.0,37785.0,12,12,12,23.0,0.0,True,0.0,True
44b6_e29f0176,C4_m2,13471,2519,15114.0,37785.0,28,28,22,44.0,3.0,True,0.0,
44b6_e29f0176,C4_m6,13471,2519,15114.0,37785.0,6,6,5,11.0,1.0,True,0.0,
44b6_e29f0176,C4_Gonly,13471,2519,15114.0,37785.0,32,32,23,42.0,5.0,True,0.0,
44b6_e29f0176,C5,13471,2387,14322.0,35805.0,15,15,13,26.0,2.0,True,0.0,
44b6_e29f0176,C6,13471,2519,15114.0,37785.0,20,20,14,25.0,4.0,True,0.0,
44b6_e29f0176,C0,13471,0,,,0,0,0,,,,,
44b6_e29f0176,decoder_only,13471,0,,,0,0,0,,,,,
44b6_e29f0176,original_objective_C4,13471,0,,,0,0,0,,,,,
44b6_e29f0176,D_real,13471,61,366.0,915.0,0,0,0,,,,,True
44b6_e29f0176,D_synthetic,13471,64,384.0,960.0,0,0,0,,,,,True
44b6_e29f0176,D_synthetic_C4,13471,2849,17094.0,42735.0,10,10,10,17.0,0.0,True,0.0,True
44b6_e31261b4,C1short,66482,33378,200268.0,500670.0,4,4,4,8.0,0.0,True,0.0,
44b6_e31261b4,C1,66482,502,3012.0,7530.0,0,0,0,,,,,
44b6_e31261b4,C1_relinked,66482,502,3012.0,7530.0,0,0,0,,,,,True
44b6_e31261b4,C2,66482,6017,36102.0,90255.0,9,9,8,13.0,1.0,True,0.0,
44b6_e31261b4,C3,66482,1351,8106.0,20265.0,0,0,0,,,,,
44b6_e31261b4,C4,66482,11462,68772.0,171930.0,4,4,4,8.0,0.0,True,0.0,
44b6_e31261b4,C4_relinked,66482,11462,68772.0,171930.0,4,4,4,8.0,0.0,True,0.0,True
44b6_e31261b4,C4_m2,66482,11462,68772.0,171930.0,22,22,16,29.0,6.0,True,0.0,
44b6_e31261b4,C4_m6,66482,11462,68772.0,171930.0,2,2,2,4.0,0.0,True,0.0,
44b6_e31261b4,C4_Gonly,66482,11462,68772.0,171930.0,99,99,83,145.0,11.0,True,0.0,
44b6_e31261b4,C5,66482,10588,63528.0,158820.0,29,29,23,39.0,6.0,True,0.0,
44b6_e31261b4,C6,66482,11462,68772.0,171930.0,13,13,8,13.0,5.0,True,0.0,
44b6_e31261b4,C0,66482,0,,,0,0,0,,,,,
44b6_e31261b4,decoder_only,66482,0,,,0,0,0,,,,,
44b6_e31261b4,original_objective_C4,66482,0,,,0,0,0,,,,,
44b6_e31261b4,D_real,66482,498,2988.0,7470.0,0,0,0,,,,,True
44b6_e31261b4,D_synthetic,66482,510,3060.0,7650.0,0,0,0,,,,,True
44b6_e31261b4,D_synthetic_C4,66482,12339,74034.0,185085.0,7,7,7,14.0,0.0,True,0.0,True
44b6_e35b117d,C1short,19733,7395,44370.0,110925.0,1,1,1,1.0,0.0,True,0.0,
44b6_e35b117d,C1,19733,139,834.0,2085.0,0,0,0,,,,,
44b6_e35b117d,C1_relinked,19733,139,834.0,2085.0,0,0,0,,,,,True
44b6_e35b117d,C2,19733,890,5340.0,13350.0,1,1,1,1.0,0.0,True,0.0,
44b6_e35b117d,C3,19733,406,2436.0,6090.0,0,0,0,,,,,
44b6_e35b117d,C4,19733,2350,14100.0,35250.0,0,0,0,,,,,
44b6_e35b117d,C4_relinked,19733,2350,14100.0,35250.0,0,0,0,,,,,True
44b6_e35b117d,C4_m2,19733,2350,14100.0,35250.0,2,2,1,1.0,1.0,True,0.0,
44b6_e35b117d,C4_m6,19733,2350,14100.0,35250.0,0,0,0,,,,,
44b6_e35b117d,C4_Gonly,19733,2350,14100.0,35250.0,38,38,32,54.0,6.0,True,0.0,
44b6_e35b117d,C5,19733,1501,9006.0,22515.0,2,2,1,1.0,1.0,True,0.0,
44b6_e35b117d,C6,19733,2350,14100.0,35250.0,0,0,0,,,,,
44b6_e35b117d,C0,19733,0,,,0,0,0,,,,,
44b6_e35b117d,decoder_only,19733,0,,,0,0,0,,,,,
44b6_e35b117d,original_objective_C4,19733,0,,,0,0,0,,,,,
44b6_e35b117d,D_real,19733,142,852.0,2130.0,0,0,0,,,,,True
44b6_e35b117d,D_synthetic,19733,140,840.0,2100.0,0,0,0,,,,,True
44b6_e35b117d,D_synthetic_C4,19733,2402,14412.0,36030.0,1,1,1,1.0,0.0,True,0.0,True
44b6_e57ff5c6,C1short,17436,6612,39672.0,99180.0,0,0,0,,,,,
44b6_e57ff5c6,C1,17436,149,894.0,2235.0,0,0,0,,,,,
44b6_e57ff5c6,C1_relinked,17436,149,894.0,2235.0,0,0,0,,,,,True
44b6_e57ff5c6,C2,17436,2231,13386.0,33465.0,5,5,5,9.0,0.0,True,0.0,
44b6_e57ff5c6,C3,17436,410,2460.0,6150.0,0,0,0,,,,,
44b6_e57ff5c6,C4,17436,5036,30216.0,75540.0,4,4,4,7.0,0.0,True,0.0,
44b6_e57ff5c6,C4_relinked,17436,5036,30216.0,75540.0,4,4,4,7.0,0.0,True,0.0,True
44b6_e57ff5c6,C4_m2,17436,5036,30216.0,75540.0,8,8,8,15.0,0.0,True,0.0,
44b6_e57ff5c6,C4_m6,17436,5036,30216.0,75540.0,1,1,1,2.0,0.0,True,0.0,
44b6_e57ff5c6,C4_Gonly,17436,5036,30216.0,75540.0,97,97,80,142.0,1.0,True,0.0,
44b6_e57ff5c6,C5,17436,3703,22218.0,55545.0,11,11,8,14.0,2.0,True,0.0,
44b6_e57ff5c6,C6,17436,5036,30216.0,75540.0,5,5,5,9.0,0.0,True,0.0,
44b6_e57ff5c6,C0,17436,0,,,0,0,0,,,,,
44b6_e57ff5c6,decoder_only,17436,0,,,0,0,0,,,,,
44b6_e57ff5c6,original_objective_C4,17436,0,,,0,0,0,,,,,
44b6_e57ff5c6,D_real,17436,142,852.0,2130.0,0,0,0,,,,,True
44b6_e57ff5c6,D_synthetic,17436,140,840.0,2100.0,0,0,0,,,,,True
44b6_e57ff5c6,D_synthetic_C4,17436,5193,31158.0,77895.0,5,5,5,9.0,0.0,True,0.0,True
44b6_eb2880fc,C1short,37069,13462,80772.0,201930.0,1,1,0,,1.0,,,
44b6_eb2880fc,C1,37069,289,1734.0,4335.0,0,0,0,,,,,
44b6_eb2880fc,C1_relinked,37069,289,1734.0,4335.0,0,0,0,,,,,True
44b6_eb2880fc,C2,37069,2130,12780.0,31950.0,9,9,0,,9.0,,,
44b6_eb2880fc,C3,37069,745,4470.0,11175.0,0,0,0,,,,,
44b6_eb2880fc,C4,37069,4901,29406.0,73515.0,5,5,0,,5.0,,,
44b6_eb2880fc,C4_relinked,37069,4901,29406.0,73515.0,5,5,5,5.0,0.0,True,0.0,True
44b6_eb2880fc,C4_m2,37069,4901,29406.0,73515.0,9,9,1,1.0,8.0,True,0.0,
44b6_eb2880fc,C4_m6,37069,4901,29406.0,73515.0,3,3,0,,3.0,,,
44b6_eb2880fc,C4_Gonly,37069,4901,29406.0,73515.0,72,72,50,89.0,15.0,True,0.0,
44b6_eb2880fc,C5,37069,2637,15822.0,39555.0,10,10,1,1.0,9.0,True,0.0,
44b6_eb2880fc,C6,37069,4901,29406.0,73515.0,5,5,0,,5.0,,,
44b6_eb2880fc,C0,37069,0,,,0,0,0,,,,,
44b6_eb2880fc,decoder_only,37069,0,,,0,0,0,,,,,
44b6_eb2880fc,original_objective_C4,37069,0,,,0,0,0,,,,,
44b6_eb2880fc,D_real,37069,259,1554.0,3885.0,0,0,0,,,,,True
44b6_eb2880fc,D_synthetic,37069,252,1512.0,3780.0,0,0,0,,,,,True
44b6_eb2880fc,D_synthetic_C4,37069,5586,33516.0,83790.0,6,6,6,7.0,0.0,True,0.0,True
44b6_f28707c6,C1short,21584,12832,76992.0,192480.0,0,0,0,,,,,
44b6_f28707c6,C1,21584,266,1596.0,3990.0,0,0,0,,,,,
44b6_f28707c6,C1_relinked,21584,266,1596.0,3990.0,0,0,0,,,,,True
44b6_f28707c6,C2,21584,2406,14436.0,36090.0,17,17,11,21.0,3.0,True,0.0,
44b6_f28707c6,C3,21584,660,3960.0,9900.0,0,0,0,,,,,
44b6_f28707c6,C4,21584,5131,30786.0,76965.0,13,13,10,19.0,3.0,True,0.0,
44b6_f28707c6,C4_relinked,21584,5131,30786.0,76965.0,13,13,13,21.0,0.0,True,0.0,True
44b6_f28707c6,C4_m2,21584,5131,30786.0,76965.0,49,49,38,71.0,6.0,True,0.0,
44b6_f28707c6,C4_m6,21584,5131,30786.0,76965.0,4,4,3,6.0,1.0,True,0.0,
44b6_f28707c6,C4_Gonly,21584,5131,30786.0,76965.0,171,171,122,227.0,16.0,True,0.0,
44b6_f28707c6,C5,21584,3238,19428.0,48570.0,20,20,15,29.0,3.0,True,0.0,
44b6_f28707c6,C6,21584,5131,30786.0,76965.0,36,36,24,47.0,5.0,True,0.0,
44b6_f28707c6,C0,21584,0,,,0,0,0,,,,,
44b6_f28707c6,decoder_only,21584,0,,,0,0,0,,,,,
44b6_f28707c6,original_objective_C4,21584,0,,,0,0,0,,,,,
44b6_f28707c6,D_real,21584,272,1632.0,4080.0,0,0,0,,,,,True
44b6_f28707c6,D_synthetic,21584,271,1626.0,4065.0,0,0,0,,,,,True
44b6_f28707c6,D_synthetic_C4,21584,5359,32154.0,80385.0,16,16,16,29.0,0.0,True,0.0,True
6bba_05b6850b,C1short,6047,1482,8892.0,22230.0,0,0,0,,,,,
6bba_05b6850b,C1,6047,11,66.0,165.0,0,0,0,,,,,
6bba_05b6850b,C1_relinked,6047,11,66.0,165.0,0,0,0,,,,,True
6bba_05b6850b,C2,6047,76,456.0,1140.0,0,0,0,,,,,
6bba_05b6850b,C3,6047,9,54.0,135.0,0,0,0,,,,,
6bba_05b6850b,C4,6047,104,624.0,1560.0,1,1,1,1.0,0.0,True,0.0,
6bba_05b6850b,C4_relinked,6047,104,624.0,1560.0,1,1,1,1.0,0.0,True,0.0,True
6bba_05b6850b,C4_m2,6047,104,624.0,1560.0,1,1,1,1.0,0.0,True,0.0,
6bba_05b6850b,C4_m6,6047,104,624.0,1560.0,0,0,0,,,,,
6bba_05b6850b,C4_Gonly,6047,104,624.0,1560.0,10,10,8,13.0,2.0,True,0.0,
6bba_05b6850b,C5,6047,109,654.0,1635.0,0,0,0,,,,,
6bba_05b6850b,C6,6047,104,624.0,1560.0,1,1,1,1.0,0.0,True,0.0,
6bba_05b6850b,C0,6047,0,,,0,0,0,,,,,
6bba_05b6850b,decoder_only,6047,0,,,0,0,0,,,,,
6bba_05b6850b,original_objective_C4,6047,0,,,0,0,0,,,,,
6bba_05b6850b,D_real,6047,11,66.0,165.0,0,0,0,,,,,True
6bba_05b6850b,D_synthetic,6047,8,48.0,120.0,0,0,0,,,,,True
6bba_05b6850b,D_synthetic_C4,6047,112,672.0,1680.0,0,0,0,,,,,True
6bba_05db0fb1,C1short,69216,23274,139644.0,349110.0,0,0,0,,,,,
6bba_05db0fb1,C1,69216,131,786.0,1965.0,0,0,0,,,,,
6bba_05db0fb1,C1_relinked,69216,131,786.0,1965.0,0,0,0,,,,,True
6bba_05db0fb1,C2,69216,1350,8100.0,20250.0,1,1,1,1.0,0.0,True,0.0,
6bba_05db0fb1,C3,69216,319,1914.0,4785.0,0,0,0,,,,,
6bba_05db0fb1,C4,69216,2411,14466.0,36165.0,1,1,1,1.0,0.0,True,0.0,
6bba_05db0fb1,C4_relinked,69216,2411,14466.0,36165.0,1,1,1,2.0,0.0,True,0.0,True
6bba_05db0fb1,C4_m2,69216,2411,14466.0,36165.0,3,3,3,2.0,0.0,True,0.0,
6bba_05db0fb1,C4_m6,69216,2411,14466.0,36165.0,0,0,0,,,,,
6bba_05db0fb1,C4_Gonly,69216,2411,14466.0,36165.0,41,41,32,43.0,8.0,True,0.0,
6bba_05db0fb1,C5,69216,3203,19218.0,48045.0,0,0,0,,,,,
6bba_05db0fb1,C6,69216,2411,14466.0,36165.0,15,15,14,16.0,1.0,True,0.0,
6bba_05db0fb1,C0,69216,0,,,0,0,0,,,,,
6bba_05db0fb1,decoder_only,69216,0,,,0,0,0,,,,,
6bba_05db0fb1,original_objective_C4,69216,0,,,0,0,0,,,,,
6bba_05db0fb1,D_real,69216,151,906.0,2265.0,0,0,0,,,,,True
6bba_05db0fb1,D_synthetic,69216,135,810.0,2025.0,0,0,0,,,,,True
6bba_05db0fb1,D_synthetic_C4,69216,3027,18162.0,45405.0,3,3,3,6.0,0.0,True,0.0,True
6bba_062c8d37,C1short,5843,1213,7278.0,18195.0,0,0,0,,,,,
6bba_062c8d37,C1,5843,9,54.0,135.0,0,0,0,,,,,
6bba_062c8d37,C1_relinked,5843,9,54.0,135.0,0,0,0,,,,,True
6bba_062c8d37,C2,5843,214,1284.0,3210.0,5,5,2,3.0,3.0,True,0.0,
6bba_062c8d37,C3,5843,30,180.0,450.0,0,0,0,,,,,
6bba_062c8d37,C4,5843,613,3678.0,9195.0,3,3,1,2.0,2.0,True,0.0,
6bba_062c8d37,C4_relinked,5843,613,3678.0,9195.0,3,3,3,4.0,0.0,True,0.0,True
6bba_062c8d37,C4_m2,5843,613,3678.0,9195.0,21,21,15,23.0,3.0,True,0.0,
6bba_062c8d37,C4_m6,5843,613,3678.0,9195.0,0,0,0,,,,,
6bba_062c8d37,C4_Gonly,5843,613,3678.0,9195.0,9,9,7,10.0,1.0,True,0.0,
6bba_062c8d37,C5,5843,403,2418.0,6045.0,11,11,9,17.0,1.0,True,0.0,
6bba_062c8d37,C6,5843,613,3678.0,9195.0,2,2,1,2.0,1.0,True,0.0,
6bba_062c8d37,C0,5843,0,,,0,0,0,,,,,
6bba_062c8d37,decoder_only,5843,0,,,0,0,0,,,,,
6bba_062c8d37,original_objective_C4,5843,0,,,0,0,0,,,,,
6bba_062c8d37,D_real,5843,11,66.0,165.0,0,0,0,,,,,True
6bba_062c8d37,D_synthetic,5843,6,36.0,90.0,0,0,0,,,,,True
6bba_062c8d37,D_synthetic_C4,5843,644,3864.0,9660.0,6,6,6,10.0,0.0,True,0.0,True
6bba_07477033,C1short,4567,996,5976.0,14940.0,0,0,0,,,,,
6bba_07477033,C1,4567,3,18.0,45.0,0,0,0,,,,,
6bba_07477033,C1_relinked,4567,3,18.0,45.0,0,0,0,,,,,True
6bba_07477033,C2,4567,85,510.0,1275.0,0,0,0,,,,,
6bba_07477033,C3,4567,12,72.0,180.0,0,0,0,,,,,
6bba_07477033,C4,4567,214,1284.0,3210.0,0,0,0,,,,,
6bba_07477033,C4_relinked,4567,214,1284.0,3210.0,0,0,0,,,,,True
6bba_07477033,C4_m2,4567,214,1284.0,3210.0,2,2,1,2.0,1.0,True,0.0,
6bba_07477033,C4_m6,4567,214,1284.0,3210.0,0,0,0,,,,,
6bba_07477033,C4_Gonly,4567,214,1284.0,3210.0,8,8,7,10.0,1.0,True,0.0,
6bba_07477033,C5,4567,155,930.0,2325.0,0,0,0,,,,,
6bba_07477033,C6,4567,214,1284.0,3210.0,0,0,0,,,,,
6bba_07477033,C0,4567,0,,,0,0,0,,,,,
6bba_07477033,decoder_only,4567,0,,,0,0,0,,,,,
6bba_07477033,original_objective_C4,4567,0,,,0,0,0,,,,,
6bba_07477033,D_real,4567,4,24.0,60.0,0,0,0,,,,,True
6bba_07477033,D_synthetic,4567,4,24.0,60.0,0,0,0,,,,,True
6bba_07477033,D_synthetic_C4,4567,252,1512.0,3780.0,1,1,1,1.0,0.0,True,0.0,True
6bba_07e24132,C1short,28860,8876,53256.0,133140.0,0,0,0,,,,,
6bba_07e24132,C1,28860,34,204.0,510.0,0,0,0,,,,,
6bba_07e24132,C1_relinked,28860,34,204.0,510.0,0,0,0,,,,,True
6bba_07e24132,C2,28860,475,2850.0,7125.0,0,0,0,,,,,
6bba_07e24132,C3,28860,94,564.0,1410.0,0,0,0,,,,,
6bba_07e24132,C4,28860,760,4560.0,11400.0,0,0,0,,,,,
6bba_07e24132,C4_relinked,28860,760,4560.0,11400.0,0,0,0,,,,,True
6bba_07e24132,C4_m2,28860,760,4560.0,11400.0,0,0,0,,,,,
6bba_07e24132,C4_m6,28860,760,4560.0,11400.0,0,0,0,,,,,
6bba_07e24132,C4_Gonly,28860,760,4560.0,11400.0,18,18,17,29.0,1.0,True,0.0,
6bba_07e24132,C5,28860,646,3876.0,9690.0,0,0,0,,,,,
6bba_07e24132,C6,28860,760,4560.0,11400.0,0,0,0,,,,,
6bba_07e24132,C0,28860,0,,,0,0,0,,,,,
6bba_07e24132,decoder_only,28860,0,,,0,0,0,,,,,
6bba_07e24132,original_objective_C4,28860,0,,,0,0,0,,,,,
6bba_07e24132,D_real,28860,31,186.0,465.0,0,0,0,,,,,True
6bba_07e24132,D_synthetic,28860,37,222.0,555.0,0,0,0,,,,,True
6bba_07e24132,D_synthetic_C4,28860,920,5520.0,13800.0,0,0,0,,,,,True
6bba_085bf656,C1short,8226,2298,13788.0,34470.0,0,0,0,,,,,
6bba_085bf656,C1,8226,27,162.0,405.0,0,0,0,,,,,
6bba_085bf656,C1_relinked,8226,27,162.0,405.0,0,0,0,,,,,True
6bba_085bf656,C2,8226,65,390.0,975.0,2,2,2,4.0,0.0,True,0.0,
6bba_085bf656,C3,8226,7,42.0,105.0,0,0,0,,,,,
6bba_085bf656,C4,8226,201,1206.0,3015.0,2,2,2,4.0,0.0,True,0.0,
6bba_085bf656,C4_relinked,8226,201,1206.0,3015.0,2,2,2,4.0,0.0,True,0.0,True
6bba_085bf656,C4_m2,8226,201,1206.0,3015.0,2,2,2,4.0,0.0,True,0.0,
6bba_085bf656,C4_m6,8226,201,1206.0,3015.0,1,1,1,2.0,0.0,True,0.0,
6bba_085bf656,C4_Gonly,8226,201,1206.0,3015.0,7,7,5,9.0,2.0,True,0.0,
6bba_085bf656,C5,8226,155,930.0,2325.0,2,2,2,4.0,0.0,True,0.0,
6bba_085bf656,C6,8226,201,1206.0,3015.0,2,2,2,4.0,0.0,True,0.0,
6bba_085bf656,C0,8226,0,,,0,0,0,,,,,
6bba_085bf656,decoder_only,8226,0,,,0,0,0,,,,,
6bba_085bf656,original_objective_C4,8226,0,,,0,0,0,,,,,
6bba_085bf656,D_real,8226,20,120.0,300.0,0,0,0,,,,,True
6bba_085bf656,D_synthetic,8226,19,114.0,285.0,0,0,0,,,,,True
6bba_085bf656,D_synthetic_C4,8226,241,1446.0,3615.0,2,2,2,4.0,0.0,True,0.0,True
6bba_09961292,C1short,29420,11222,67332.0,168330.0,0,0,0,,,,,
6bba_09961292,C1,29420,85,510.0,1275.0,0,0,0,,,,,
6bba_09961292,C1_relinked,29420,85,510.0,1275.0,0,0,0,,,,,True
6bba_09961292,C2,29420,423,2538.0,6345.0,3,3,0,,3.0,,,
6bba_09961292,C3,29420,240,1440.0,3600.0,0,0,0,,,,,
6bba_09961292,C4,29420,1229,7374.0,18435.0,3,3,1,2.0,2.0,True,0.0,
6bba_09961292,C4_relinked,29420,1229,7374.0,18435.0,3,3,3,4.0,0.0,True,0.0,True
6bba_09961292,C4_m2,29420,1229,7374.0,18435.0,7,7,2,3.0,5.0,True,0.0,
6bba_09961292,C4_m6,29420,1229,7374.0,18435.0,2,2,0,,2.0,,,
6bba_09961292,C4_Gonly,29420,1229,7374.0,18435.0,10,10,7,13.0,3.0,True,0.0,
6bba_09961292,C5,29420,2065,12390.0,30975.0,2,2,0,,2.0,,,
6bba_09961292,C6,29420,1229,7374.0,18435.0,5,5,2,1.0,3.0,True,0.0,
6bba_09961292,C0,29420,0,,,0,0,0,,,,,
6bba_09961292,decoder_only,29420,0,,,0,0,0,,,,,
6bba_09961292,original_objective_C4,29420,0,,,0,0,0,,,,,
6bba_09961292,D_real,29420,88,528.0,1320.0,0,0,0,,,,,True
6bba_09961292,D_synthetic,29420,77,462.0,1155.0,0,0,0,,,,,True
6bba_09961292,D_synthetic_C4,29420,1317,7902.0,19755.0,3,3,3,4.0,0.0,True,0.0,True
6bba_0c7fa718,C1short,12445,1906,11436.0,28590.0,0,0,0,,,,,
6bba_0c7fa718,C1,12445,48,288.0,720.0,0,0,0,,,,,
6bba_0c7fa718,C1_relinked,12445,48,288.0,720.0,0,0,0,,,,,True
6bba_0c7fa718,C2,12445,1745,10470.0,26175.0,3,3,2,5.0,1.0,True,0.0,
6bba_0c7fa718,C3,12445,68,408.0,1020.0,0,0,0,,,,,
6bba_0c7fa718,C4,12445,5701,34206.0,85515.0,4,4,3,7.0,1.0,True,0.0,
6bba_0c7fa718,C4_relinked,12445,5701,34206.0,85515.0,4,4,4,8.0,0.0,True,0.0,True
6bba_0c7fa718,C4_m2,12445,5701,34206.0,85515.0,23,23,21,41.0,2.0,True,0.0,
6bba_0c7fa718,C4_m6,12445,5701,34206.0,85515.0,0,0,0,,,,,
6bba_0c7fa718,C4_Gonly,12445,5701,34206.0,85515.0,120,120,74,139.0,5.0,True,0.0,
6bba_0c7fa718,C5,12445,4346,26076.0,65190.0,4,4,3,6.0,1.0,True,0.0,
6bba_0c7fa718,C6,12445,5701,34206.0,85515.0,13,13,12,24.0,1.0,True,0.0,
6bba_0c7fa718,C0,12445,0,,,0,0,0,,,,,
6bba_0c7fa718,decoder_only,12445,0,,,0,0,0,,,,,
6bba_0c7fa718,original_objective_C4,12445,0,,,0,0,0,,,,,
6bba_0c7fa718,D_real,12445,60,360.0,900.0,0,0,0,,,,,True
6bba_0c7fa718,D_synthetic,12445,49,294.0,735.0,0,0,0,,,,,True
6bba_0c7fa718,D_synthetic_C4,12445,5867,35202.0,88005.0,6,6,6,10.0,0.0,True,0.0,True
6bba_0e7c0d07,C1short,22155,9425,56550.0,141375.0,0,0,0,,,,,
6bba_0e7c0d07,C1,22155,53,318.0,795.0,0,0,0,,,,,
6bba_0e7c0d07,C1_relinked,22155,53,318.0,795.0,0,0,0,,,,,True
6bba_0e7c0d07,C2,22155,1572,9432.0,23580.0,1,1,1,2.0,0.0,True,0.0,
6bba_0e7c0d07,C3,22155,49,294.0,735.0,0,0,0,,,,,
6bba_0e7c0d07,C4,22155,7589,45534.0,113835.0,1,1,1,2.0,0.0,True,0.0,
6bba_0e7c0d07,C4_relinked,22155,7589,45534.0,113835.0,1,1,1,2.0,0.0,True,0.0,True
6bba_0e7c0d07,C4_m2,22155,7589,45534.0,113835.0,5,5,4,7.0,1.0,True,0.0,
6bba_0e7c0d07,C4_m6,22155,7589,45534.0,113835.0,1,1,1,2.0,0.0,True,0.0,
6bba_0e7c0d07,C4_Gonly,22155,7589,45534.0,113835.0,115,115,91,167.0,9.0,True,0.0,
6bba_0e7c0d07,C5,22155,6083,36498.0,91245.0,2,2,2,4.0,0.0,True,0.0,
6bba_0e7c0d07,C6,22155,7589,45534.0,113835.0,7,7,7,13.0,0.0,True,0.0,
6bba_0e7c0d07,C0,22155,0,,,0,0,0,,,,,
6bba_0e7c0d07,decoder_only,22155,0,,,0,0,0,,,,,
6bba_0e7c0d07,original_objective_C4,22155,0,,,0,0,0,,,,,
6bba_0e7c0d07,D_real,22155,52,312.0,780.0,0,0,0,,,,,True
6bba_0e7c0d07,D_synthetic,22155,63,378.0,945.0,0,0,0,,,,,True
6bba_0e7c0d07,D_synthetic_C4,22155,8055,48330.0,120825.0,1,1,1,2.0,0.0,True,0.0,True
6bba_12665c0e,C1short,8053,1554,9324.0,23310.0,0,0,0,,,,,
6bba_12665c0e,C1,8053,8,48.0,120.0,0,0,0,,,,,
6bba_12665c0e,C1_relinked,8053,8,48.0,120.0,0,0,0,,,,,True
6bba_12665c0e,C2,8053,211,1266.0,3165.0,2,2,1,2.0,1.0,True,0.0,
6bba_12665c0e,C3,8053,20,120.0,300.0,0,0,0,,,,,
6bba_12665c0e,C4,8053,367,2202.0,5505.0,2,2,1,2.0,1.0,True,0.0,
6bba_12665c0e,C4_relinked,8053,367,2202.0,5505.0,2,2,2,3.0,0.0,True,0.0,True
6bba_12665c0e,C4_m2,8053,367,2202.0,5505.0,6,6,3,6.0,1.0,True,0.0,
6bba_12665c0e,C4_m6,8053,367,2202.0,5505.0,1,1,0,,1.0,,,
6bba_12665c0e,C4_Gonly,8053,367,2202.0,5505.0,8,8,7,13.0,0.0,True,0.0,
6bba_12665c0e,C5,8053,386,2316.0,5790.0,2,2,1,2.0,1.0,True,0.0,
6bba_12665c0e,C6,8053,367,2202.0,5505.0,3,3,2,4.0,1.0,True,0.0,
6bba_12665c0e,C0,8053,0,,,0,0,0,,,,,
6bba_12665c0e,decoder_only,8053,0,,,0,0,0,,,,,
6bba_12665c0e,original_objective_C4,8053,0,,,0,0,0,,,,,
6bba_12665c0e,D_real,8053,7,42.0,105.0,0,0,0,,,,,True
6bba_12665c0e,D_synthetic,8053,9,54.0,135.0,0,0,0,,,,,True
6bba_12665c0e,D_synthetic_C4,8053,396,2376.0,5940.0,2,2,2,3.0,0.0,True,0.0,True
6bba_13f19531,C1short,5646,3208,19248.0,48120.0,0,0,0,,,,,
6bba_13f19531,C1,5646,28,168.0,420.0,0,0,0,,,,,
6bba_13f19531,C1_relinked,5646,28,168.0,420.0,0,0,0,,,,,True
6bba_13f19531,C2,5646,129,774.0,1935.0,2,2,0,,2.0,,,
6bba_13f19531,C3,5646,4,24.0,60.0,0,0,0,,,,,
6bba_13f19531,C4,5646,229,1374.0,3435.0,1,1,0,,1.0,,,
6bba_13f19531,C4_relinked,5646,229,1374.0,3435.0,1,1,1,1.0,0.0,True,0.0,True
6bba_13f19531,C4_m2,5646,229,1374.0,3435.0,5,5,2,3.0,3.0,True,0.0,
6bba_13f19531,C4_m6,5646,229,1374.0,3435.0,0,0,0,,,,,
6bba_13f19531,C4_Gonly,5646,229,1374.0,3435.0,7,7,5,8.0,2.0,True,0.0,
6bba_13f19531,C5,5646,162,972.0,2430.0,1,1,0,,1.0,,,
6bba_13f19531,C6,5646,229,1374.0,3435.0,2,2,0,,2.0,,,
6bba_13f19531,C0,5646,0,,,0,0,0,,,,,
6bba_13f19531,decoder_only,5646,0,,,0,0,0,,,,,
6bba_13f19531,original_objective_C4,5646,0,,,0,0,0,,,,,
6bba_13f19531,D_real,5646,33,198.0,495.0,0,0,0,,,,,True
6bba_13f19531,D_synthetic,5646,30,180.0,450.0,0,0,0,,,,,True
6bba_13f19531,D_synthetic_C4,5646,240,1440.0,3600.0,0,0,0,,,,,True
6bba_15403b9a,C1short,6268,1269,7614.0,19035.0,0,0,0,,,,,
6bba_15403b9a,C1,6268,5,30.0,75.0,0,0,0,,,,,
6bba_15403b9a,C1_relinked,6268,5,30.0,75.0,0,0,0,,,,,True
6bba_15403b9a,C2,6268,161,966.0,2415.0,2,2,0,,2.0,,,
6bba_15403b9a,C3,6268,18,108.0,270.0,0,0,0,,,,,
6bba_15403b9a,C4,6268,364,2184.0,5460.0,2,2,0,,2.0,,,
6bba_15403b9a,C4_relinked,6268,364,2184.0,5460.0,2,2,2,2.0,0.0,True,0.0,True
6bba_15403b9a,C4_m2,6268,364,2184.0,5460.0,5,5,3,5.0,2.0,True,0.0,
6bba_15403b9a,C4_m6,6268,364,2184.0,5460.0,0,0,0,,,,,
6bba_15403b9a,C4_Gonly,6268,364,2184.0,5460.0,9,9,5,10.0,2.0,True,0.0,
6bba_15403b9a,C5,6268,496,2976.0,7440.0,1,1,0,,1.0,,,
6bba_15403b9a,C6,6268,364,2184.0,5460.0,2,2,0,,2.0,,,
6bba_15403b9a,C0,6268,0,,,0,0,0,,,,,
6bba_15403b9a,decoder_only,6268,0,,,0,0,0,,,,,
6bba_15403b9a,original_objective_C4,6268,0,,,0,0,0,,,,,
6bba_15403b9a,D_real,6268,3,18.0,45.0,0,0,0,,,,,True
6bba_15403b9a,D_synthetic,6268,3,18.0,45.0,0,0,0,,,,,True
6bba_15403b9a,D_synthetic_C4,6268,396,2376.0,5940.0,3,3,3,4.0,0.0,True,0.0,True
6bba_1d0d8384,C1short,17190,8560,51360.0,128400.0,0,0,0,,,,,
6bba_1d0d8384,C1,17190,28,168.0,420.0,0,0,0,,,,,
6bba_1d0d8384,C1_relinked,17190,28,168.0,420.0,0,0,0,,,,,True
6bba_1d0d8384,C2,17190,451,2706.0,6765.0,7,7,5,6.0,2.0,True,0.0,
6bba_1d0d8384,C3,17190,72,432.0,1080.0,0,0,0,,,,,
6bba_1d0d8384,C4,17190,1218,7308.0,18270.0,3,3,1,1.0,2.0,True,0.0,
6bba_1d0d8384,C4_relinked,17190,1218,7308.0,18270.0,3,3,3,4.0,0.0,True,0.0,True
6bba_1d0d8384,C4_m2,17190,1218,7308.0,18270.0,8,8,6,8.0,2.0,True,0.0,
6bba_1d0d8384,C4_m6,17190,1218,7308.0,18270.0,0,0,0,,,,,
6bba_1d0d8384,C4_Gonly,17190,1218,7308.0,18270.0,38,38,33,57.0,4.0,True,0.0,
6bba_1d0d8384,C5,17190,1175,7050.0,17625.0,4,4,2,2.0,2.0,True,0.0,
6bba_1d0d8384,C6,17190,1218,7308.0,18270.0,2,2,0,,2.0,,,
6bba_1d0d8384,C0,17190,0,,,0,0,0,,,,,
6bba_1d0d8384,decoder_only,17190,0,,,0,0,0,,,,,
6bba_1d0d8384,original_objective_C4,17190,0,,,0,0,0,,,,,
6bba_1d0d8384,D_real,17190,37,222.0,555.0,0,0,0,,,,,True
6bba_1d0d8384,D_synthetic,17190,39,234.0,585.0,0,0,0,,,,,True
6bba_1d0d8384,D_synthetic_C4,17190,1446,8676.0,21690.0,4,4,4,6.0,0.0,True,0.0,True
6bba_1ebfb80d,C1short,11379,5516,33096.0,82740.0,0,0,0,,,,,
6bba_1ebfb80d,C1,11379,67,402.0,1005.0,0,0,0,,,,,
6bba_1ebfb80d,C1_relinked,11379,67,402.0,1005.0,0,0,0,,,,,True
6bba_1ebfb80d,C2,11379,628,3768.0,9420.0,1,1,1,2.0,0.0,True,0.0,
6bba_1ebfb80d,C3,11379,117,702.0,1755.0,0,0,0,,,,,
6bba_1ebfb80d,C4,11379,1442,8652.0,21630.0,1,1,1,2.0,0.0,True,0.0,
6bba_1ebfb80d,C4_relinked,11379,1442,8652.0,21630.0,1,1,1,2.0,0.0,True,0.0,True
6bba_1ebfb80d,C4_m2,11379,1442,8652.0,21630.0,3,3,2,4.0,0.0,True,0.0,
6bba_1ebfb80d,C4_m6,11379,1442,8652.0,21630.0,0,0,0,,,,,
6bba_1ebfb80d,C4_Gonly,11379,1442,8652.0,21630.0,23,23,18,29.0,3.0,True,0.0,
6bba_1ebfb80d,C5,11379,1151,6906.0,17265.0,1,1,1,2.0,0.0,True,0.0,
6bba_1ebfb80d,C6,11379,1442,8652.0,21630.0,2,2,2,4.0,0.0,True,0.0,
6bba_1ebfb80d,C0,11379,0,,,0,0,0,,,,,
6bba_1ebfb80d,decoder_only,11379,0,,,0,0,0,,,,,
6bba_1ebfb80d,original_objective_C4,11379,0,,,0,0,0,,,,,
6bba_1ebfb80d,D_real,11379,70,420.0,1050.0,0,0,0,,,,,True
6bba_1ebfb80d,D_synthetic,11379,63,378.0,945.0,0,0,0,,,,,True
6bba_1ebfb80d,D_synthetic_C4,11379,1617,9702.0,24255.0,2,2,2,3.0,0.0,True,0.0,True
6bba_1f58c2f6,C1short,31786,8509,51054.0,127635.0,0,0,0,,,,,
6bba_1f58c2f6,C1,31786,55,330.0,825.0,0,0,0,,,,,
6bba_1f58c2f6,C1_relinked,31786,55,330.0,825.0,0,0,0,,,,,True
6bba_1f58c2f6,C2,31786,607,3642.0,9105.0,0,0,0,,,,,
6bba_1f58c2f6,C3,31786,84,504.0,1260.0,0,0,0,,,,,
6bba_1f58c2f6,C4,31786,980,5880.0,14700.0,0,0,0,,,,,
6bba_1f58c2f6,C4_relinked,31786,980,5880.0,14700.0,0,0,0,,,,,True
6bba_1f58c2f6,C4_m2,31786,980,5880.0,14700.0,0,0,0,,,,,
6bba_1f58c2f6,C4_m6,31786,980,5880.0,14700.0,0,0,0,,,,,
6bba_1f58c2f6,C4_Gonly,31786,980,5880.0,14700.0,16,16,15,24.0,1.0,True,0.0,
6bba_1f58c2f6,C5,31786,1398,8388.0,20970.0,0,0,0,,,,,
6bba_1f58c2f6,C6,31786,980,5880.0,14700.0,0,0,0,,,,,
6bba_1f58c2f6,C0,31786,0,,,0,0,0,,,,,
6bba_1f58c2f6,decoder_only,31786,0,,,0,0,0,,,,,
6bba_1f58c2f6,original_objective_C4,31786,0,,,0,0,0,,,,,
6bba_1f58c2f6,D_real,31786,49,294.0,735.0,0,0,0,,,,,True
6bba_1f58c2f6,D_synthetic,31786,56,336.0,840.0,0,0,0,,,,,True
6bba_1f58c2f6,D_synthetic_C4,31786,1133,6798.0,16995.0,0,0,0,,,,,True
6bba_207c6aaf,C1short,17297,3017,18102.0,45255.0,0,0,0,,,,,
6bba_207c6aaf,C1,17297,39,234.0,585.0,0,0,0,,,,,
6bba_207c6aaf,C1_relinked,17297,39,234.0,585.0,0,0,0,,,,,True
6bba_207c6aaf,C2,17297,882,5292.0,13230.0,0,0,0,,,,,
6bba_207c6aaf,C3,17297,61,366.0,915.0,0,0,0,,,,,
6bba_207c6aaf,C4,17297,1735,10410.0,26025.0,0,0,0,,,,,
6bba_207c6aaf,C4_relinked,17297,1735,10410.0,26025.0,0,0,0,,,,,True
6bba_207c6aaf,C4_m2,17297,1735,10410.0,26025.0,1,1,1,2.0,0.0,True,0.0,
6bba_207c6aaf,C4_m6,17297,1735,10410.0,26025.0,0,0,0,,,,,
6bba_207c6aaf,C4_Gonly,17297,1735,10410.0,26025.0,20,20,18,29.0,1.0,True,0.0,
6bba_207c6aaf,C5,17297,1643,9858.0,24645.0,0,0,0,,,,,
6bba_207c6aaf,C6,17297,1735,10410.0,26025.0,0,0,0,,,,,
6bba_207c6aaf,C0,17297,0,,,0,0,0,,,,,
6bba_207c6aaf,decoder_only,17297,0,,,0,0,0,,,,,
6bba_207c6aaf,original_objective_C4,17297,0,,,0,0,0,,,,,
6bba_207c6aaf,D_real,17297,31,186.0,465.0,0,0,0,,,,,True
6bba_207c6aaf,D_synthetic,17297,34,204.0,510.0,0,0,0,,,,,True
6bba_207c6aaf,D_synthetic_C4,17297,1922,11532.0,28830.0,0,0,0,,,,,True
6bba_20852818,C1short,9865,1931,11586.0,28965.0,0,0,0,,,,,
6bba_20852818,C1,9865,5,30.0,75.0,0,0,0,,,,,
6bba_20852818,C1_relinked,9865,5,30.0,75.0,0,0,0,,,,,True
6bba_20852818,C2,9865,187,1122.0,2805.0,2,2,2,3.0,0.0,True,0.0,
6bba_20852818,C3,9865,23,138.0,345.0,0,0,0,,,,,
6bba_20852818,C4,9865,320,1920.0,4800.0,4,4,3,6.0,1.0,True,0.0,
6bba_20852818,C4_relinked,9865,320,1920.0,4800.0,4,4,4,7.0,0.0,True,0.0,True
6bba_20852818,C4_m2,9865,320,1920.0,4800.0,12,12,10,17.0,1.0,True,0.0,
6bba_20852818,C4_m6,9865,320,1920.0,4800.0,1,1,1,2.0,0.0,True,0.0,
6bba_20852818,C4_Gonly,9865,320,1920.0,4800.0,7,7,6,11.0,1.0,True,0.0,
6bba_20852818,C5,9865,397,2382.0,5955.0,3,3,2,4.0,1.0,True,0.0,
6bba_20852818,C6,9865,320,1920.0,4800.0,5,5,4,8.0,1.0,True,0.0,
6bba_20852818,C0,9865,0,,,0,0,0,,,,,
6bba_20852818,decoder_only,9865,0,,,0,0,0,,,,,
6bba_20852818,original_objective_C4,9865,0,,,0,0,0,,,,,
6bba_20852818,D_real,9865,6,36.0,90.0,0,0,0,,,,,True
6bba_20852818,D_synthetic,9865,9,54.0,135.0,0,0,0,,,,,True
6bba_20852818,D_synthetic_C4,9865,397,2382.0,5955.0,7,7,7,13.0,0.0,True,0.0,True
6bba_2312ac41,C1short,12289,6023,36138.0,90345.0,0,0,0,,,,,
6bba_2312ac41,C1,12289,16,96.0,240.0,0,0,0,,,,,
6bba_2312ac41,C1_relinked,12289,16,96.0,240.0,0,0,0,,,,,True
6bba_2312ac41,C2,12289,286,1716.0,4290.0,0,0,0,,,,,
6bba_2312ac41,C3,12289,54,324.0,810.0,0,0,0,,,,,
6bba_2312ac41,C4,12289,546,3276.0,8190.0,0,0,0,,,,,
6bba_2312ac41,C4_relinked,12289,546,3276.0,8190.0,0,0,0,,,,,True
6bba_2312ac41,C4_m2,12289,546,3276.0,8190.0,1,1,1,2.0,0.0,True,0.0,
6bba_2312ac41,C4_m6,12289,546,3276.0,8190.0,0,0,0,,,,,
6bba_2312ac41,C4_Gonly,12289,546,3276.0,8190.0,4,4,4,6.0,0.0,True,0.0,
6bba_2312ac41,C5,12289,338,2028.0,5070.0,0,0,0,,,,,
6bba_2312ac41,C6,12289,546,3276.0,8190.0,0,0,0,,,,,
6bba_2312ac41,C0,12289,0,,,0,0,0,,,,,
6bba_2312ac41,decoder_only,12289,0,,,0,0,0,,,,,
6bba_2312ac41,original_objective_C4,12289,0,,,0,0,0,,,,,
6bba_2312ac41,D_real,12289,10,60.0,150.0,0,0,0,,,,,True
6bba_2312ac41,D_synthetic,12289,13,78.0,195.0,0,0,0,,,,,True
6bba_2312ac41,D_synthetic_C4,12289,630,3780.0,9450.0,0,0,0,,,,,True
6bba_23af9eeb,C1short,4130,564,3384.0,8460.0,0,0,0,,,,,
6bba_23af9eeb,C1,4130,0,0.0,0.0,0,0,0,,,,,
6bba_23af9eeb,C1_relinked,4130,0,0.0,0.0,0,0,0,,,,,True
6bba_23af9eeb,C2,4130,36,216.0,540.0,0,0,0,,,,,
6bba_23af9eeb,C3,4130,4,24.0,60.0,0,0,0,,,,,
6bba_23af9eeb,C4,4130,48,288.0,720.0,0,0,0,,,,,
6bba_23af9eeb,C4_relinked,4130,48,288.0,720.0,0,0,0,,,,,True
6bba_23af9eeb,C4_m2,4130,48,288.0,720.0,0,0,0,,,,,
6bba_23af9eeb,C4_m6,4130,48,288.0,720.0,0,0,0,,,,,
6bba_23af9eeb,C4_Gonly,4130,48,288.0,720.0,3,3,3,6.0,0.0,True,0.0,
6bba_23af9eeb,C5,4130,58,348.0,870.0,1,1,1,2.0,0.0,True,0.0,
6bba_23af9eeb,C6,4130,48,288.0,720.0,0,0,0,,,,,
6bba_23af9eeb,C0,4130,0,,,0,0,0,,,,,
6bba_23af9eeb,decoder_only,4130,0,,,0,0,0,,,,,
6bba_23af9eeb,original_objective_C4,4130,0,,,0,0,0,,,,,
6bba_23af9eeb,D_real,4130,0,0.0,0.0,0,0,0,,,,,True
6bba_23af9eeb,D_synthetic,4130,0,0.0,0.0,0,0,0,,,,,True
6bba_23af9eeb,D_synthetic_C4,4130,46,276.0,690.0,0,0,0,,,,,True
6bba_2540cd90,C1short,3451,397,2382.0,5955.0,0,0,0,,,,,
6bba_2540cd90,C1,3451,4,24.0,60.0,0,0,0,,,,,
6bba_2540cd90,C1_relinked,3451,4,24.0,60.0,0,0,0,,,,,True
6bba_2540cd90,C2,3451,7,42.0,105.0,0,0,0,,,,,
6bba_2540cd90,C3,3451,40,240.0,600.0,0,0,0,,,,,
6bba_2540cd90,C4,3451,135,810.0,2025.0,0,0,0,,,,,
6bba_2540cd90,C4_relinked,3451,135,810.0,2025.0,0,0,0,,,,,True
6bba_2540cd90,C4_m2,3451,135,810.0,2025.0,0,0,0,,,,,
6bba_2540cd90,C4_m6,3451,135,810.0,2025.0,0,0,0,,,,,
6bba_2540cd90,C4_Gonly,3451,135,810.0,2025.0,1,1,1,1.0,0.0,True,0.0,
6bba_2540cd90,C5,3451,135,810.0,2025.0,0,0,0,,,,,
6bba_2540cd90,C6,3451,135,810.0,2025.0,0,0,0,,,,,
6bba_2540cd90,C0,3451,0,,,0,0,0,,,,,
6bba_2540cd90,decoder_only,3451,0,,,0,0,0,,,,,
6bba_2540cd90,original_objective_C4,3451,0,,,0,0,0,,,,,
6bba_2540cd90,D_real,3451,5,30.0,75.0,0,0,0,,,,,True
6bba_2540cd90,D_synthetic,3451,4,24.0,60.0,0,0,0,,,,,True
6bba_2540cd90,D_synthetic_C4,3451,145,870.0,2175.0,0,0,0,,,,,True
6bba_2646afc7,C1short,5199,1073,6438.0,16095.0,0,0,0,,,,,
6bba_2646afc7,C1,5199,3,18.0,45.0,0,0,0,,,,,
6bba_2646afc7,C1_relinked,5199,3,18.0,45.0,0,0,0,,,,,True
6bba_2646afc7,C2,5199,47,282.0,705.0,1,1,1,2.0,0.0,True,0.0,
6bba_2646afc7,C3,5199,8,48.0,120.0,0,0,0,,,,,
6bba_2646afc7,C4,5199,68,408.0,1020.0,1,1,1,2.0,0.0,True,0.0,
6bba_2646afc7,C4_relinked,5199,68,408.0,1020.0,1,1,1,2.0,0.0,True,0.0,True
6bba_2646afc7,C4_m2,5199,68,408.0,1020.0,1,1,1,2.0,0.0,True,0.0,
6bba_2646afc7,C4_m6,5199,68,408.0,1020.0,0,0,0,,,,,
6bba_2646afc7,C4_Gonly,5199,68,408.0,1020.0,3,3,3,6.0,0.0,True,0.0,
6bba_2646afc7,C5,5199,78,468.0,1170.0,0,0,0,,,,,
6bba_2646afc7,C6,5199,68,408.0,1020.0,0,0,0,,,,,
6bba_2646afc7,C0,5199,0,,,0,0,0,,,,,
6bba_2646afc7,decoder_only,5199,0,,,0,0,0,,,,,
6bba_2646afc7,original_objective_C4,5199,0,,,0,0,0,,,,,
6bba_2646afc7,D_real,5199,1,6.0,15.0,0,0,0,,,,,True
6bba_2646afc7,D_synthetic,5199,5,30.0,75.0,0,0,0,,,,,True
6bba_2646afc7,D_synthetic_C4,5199,73,438.0,1095.0,1,1,1,2.0,0.0,True,0.0,True
6bba_268e1230,C1short,4559,2178,13068.0,32670.0,0,0,0,,,,,
6bba_268e1230,C1,4559,6,36.0,90.0,0,0,0,,,,,
6bba_268e1230,C1_relinked,4559,6,36.0,90.0,0,0,0,,,,,True
6bba_268e1230,C2,4559,226,1356.0,3390.0,0,0,0,,,,,
6bba_268e1230,C3,4559,21,126.0,315.0,0,0,0,,,,,
6bba_268e1230,C4,4559,239,1434.0,3585.0,0,0,0,,,,,
6bba_268e1230,C4_relinked,4559,239,1434.0,3585.0,0,0,0,,,,,True
6bba_268e1230,C4_m2,4559,239,1434.0,3585.0,1,1,1,3.0,0.0,True,0.0,
6bba_268e1230,C4_m6,4559,239,1434.0,3585.0,0,0,0,,,,,
6bba_268e1230,C4_Gonly,4559,239,1434.0,3585.0,13,13,11,18.0,1.0,True,0.0,
6bba_268e1230,C5,4559,228,1368.0,3420.0,0,0,0,,,,,
6bba_268e1230,C6,4559,239,1434.0,3585.0,0,0,0,,,,,
6bba_268e1230,C0,4559,0,,,0,0,0,,,,,
6bba_268e1230,decoder_only,4559,0,,,0,0,0,,,,,
6bba_268e1230,original_objective_C4,4559,0,,,0,0,0,,,,,
6bba_268e1230,D_real,4559,5,30.0,75.0,0,0,0,,,,,True
6bba_268e1230,D_synthetic,4559,8,48.0,120.0,0,0,0,,,,,True
6bba_268e1230,D_synthetic_C4,4559,255,1530.0,3825.0,0,0,0,,,,,True
6bba_2819ca14,C1short,4916,2044,12264.0,30660.0,0,0,0,,,,,
6bba_2819ca14,C1,4916,0,0.0,0.0,0,0,0,,,,,
6bba_2819ca14,C1_relinked,4916,0,0.0,0.0,0,0,0,,,,,True
6bba_2819ca14,C2,4916,118,708.0,1770.0,1,1,0,,1.0,,,
6bba_2819ca14,C3,4916,40,240.0,600.0,0,0,0,,,,,
6bba_2819ca14,C4,4916,281,1686.0,4215.0,0,0,0,,,,,
6bba_2819ca14,C4_relinked,4916,281,1686.0,4215.0,0,0,0,,,,,True
6bba_2819ca14,C4_m2,4916,281,1686.0,4215.0,2,2,2,3.0,0.0,True,0.0,
6bba_2819ca14,C4_m6,4916,281,1686.0,4215.0,0,0,0,,,,,
6bba_2819ca14,C4_Gonly,4916,281,1686.0,4215.0,7,7,5,9.0,2.0,True,0.0,
6bba_2819ca14,C5,4916,273,1638.0,4095.0,0,0,0,,,,,
6bba_2819ca14,C6,4916,281,1686.0,4215.0,0,0,0,,,,,
6bba_2819ca14,C0,4916,0,,,0,0,0,,,,,
6bba_2819ca14,decoder_only,4916,0,,,0,0,0,,,,,
6bba_2819ca14,original_objective_C4,4916,0,,,0,0,0,,,,,
6bba_2819ca14,D_real,4916,1,6.0,15.0,0,0,0,,,,,True
6bba_2819ca14,D_synthetic,4916,1,6.0,15.0,0,0,0,,,,,True
6bba_2819ca14,D_synthetic_C4,4916,314,1884.0,4710.0,0,0,0,,,,,True
6bba_283bf9f1,C1short,21565,10457,62742.0,156855.0,0,0,0,,,,,
6bba_283bf9f1,C1,21565,96,576.0,1440.0,0,0,0,,,,,
6bba_283bf9f1,C1_relinked,21565,96,576.0,1440.0,0,0,0,,,,,True
6bba_283bf9f1,C2,21565,1087,6522.0,16305.0,2,2,0,,2.0,,,
6bba_283bf9f1,C3,21565,122,732.0,1830.0,0,0,0,,,,,
6bba_283bf9f1,C4,21565,1795,10770.0,26925.0,2,2,0,,2.0,,,
6bba_283bf9f1,C4_relinked,21565,1795,10770.0,26925.0,2,2,2,2.0,0.0,True,0.0,True
6bba_283bf9f1,C4_m2,21565,1795,10770.0,26925.0,3,3,0,,3.0,,,
6bba_283bf9f1,C4_m6,21565,1795,10770.0,26925.0,0,0,0,,,,,
6bba_283bf9f1,C4_Gonly,21565,1795,10770.0,26925.0,17,17,10,17.0,7.0,True,0.0,
6bba_283bf9f1,C5,21565,1521,9126.0,22815.0,2,2,0,,2.0,,,
6bba_283bf9f1,C6,21565,1795,10770.0,26925.0,3,3,0,,3.0,,,
6bba_283bf9f1,C0,21565,0,,,0,0,0,,,,,
6bba_283bf9f1,decoder_only,21565,0,,,0,0,0,,,,,
6bba_283bf9f1,original_objective_C4,21565,0,,,0,0,0,,,,,
6bba_283bf9f1,D_real,21565,101,606.0,1515.0,0,0,0,,,,,True
6bba_283bf9f1,D_synthetic,21565,96,576.0,1440.0,0,0,0,,,,,True
6bba_283bf9f1,D_synthetic_C4,21565,1986,11916.0,29790.0,3,3,3,3.0,0.0,True,0.0,True
6bba_312f0dc3,C1short,9330,2929,17574.0,43935.0,0,0,0,,,,,
6bba_312f0dc3,C1,9330,28,168.0,420.0,0,0,0,,,,,
6bba_312f0dc3,C1_relinked,9330,28,168.0,420.0,0,0,0,,,,,True
6bba_312f0dc3,C2,9330,373,2238.0,5595.0,1,1,1,1.0,0.0,True,0.0,
6bba_312f0dc3,C3,9330,16,96.0,240.0,0,0,0,,,,,
6bba_312f0dc3,C4,9330,1383,8298.0,20745.0,2,2,2,4.0,0.0,True,0.0,
6bba_312f0dc3,C4_relinked,9330,1383,8298.0,20745.0,2,2,2,4.0,0.0,True,0.0,True
6bba_312f0dc3,C4_m2,9330,1383,8298.0,20745.0,12,12,11,22.0,0.0,True,0.0,
6bba_312f0dc3,C4_m6,9330,1383,8298.0,20745.0,0,0,0,,,,,
6bba_312f0dc3,C4_Gonly,9330,1383,8298.0,20745.0,31,31,24,45.0,1.0,True,0.0,
6bba_312f0dc3,C5,9330,1092,6552.0,16380.0,1,1,1,2.0,0.0,True,0.0,
6bba_312f0dc3,C6,9330,1383,8298.0,20745.0,2,2,2,4.0,0.0,True,0.0,
6bba_312f0dc3,C0,9330,0,,,0,0,0,,,,,
6bba_312f0dc3,decoder_only,9330,0,,,0,0,0,,,,,
6bba_312f0dc3,original_objective_C4,9330,0,,,0,0,0,,,,,
6bba_312f0dc3,D_real,9330,22,132.0,330.0,0,0,0,,,,,True
6bba_312f0dc3,D_synthetic,9330,26,156.0,390.0,0,0,0,,,,,True
6bba_312f0dc3,D_synthetic_C4,9330,1439,8634.0,21585.0,3,3,3,5.0,0.0,True,0.0,True
6bba_32db13fc,C1short,43835,9113,54678.0,136695.0,0,0,0,,,,,
6bba_32db13fc,C1,43835,51,306.0,765.0,0,0,0,,,,,
6bba_32db13fc,C1_relinked,43835,51,306.0,765.0,0,0,0,,,,,True
6bba_32db13fc,C2,43835,1173,7038.0,17595.0,1,1,0,,1.0,,,
6bba_32db13fc,C3,43835,146,876.0,2190.0,0,0,0,,,,,
6bba_32db13fc,C4,43835,2091,12546.0,31365.0,0,0,0,,,,,
6bba_32db13fc,C4_relinked,43835,2091,12546.0,31365.0,0,0,0,,,,,True
6bba_32db13fc,C4_m2,43835,2091,12546.0,31365.0,7,7,5,8.0,2.0,True,0.0,
6bba_32db13fc,C4_m6,43835,2091,12546.0,31365.0,0,0,0,,,,,
6bba_32db13fc,C4_Gonly,43835,2091,12546.0,31365.0,43,43,35,58.0,7.0,True,0.0,
6bba_32db13fc,C5,43835,3026,18156.0,45390.0,0,0,0,,,,,
6bba_32db13fc,C6,43835,2091,12546.0,31365.0,6,6,4,6.0,2.0,True,0.0,
6bba_32db13fc,C0,43835,0,,,0,0,0,,,,,
6bba_32db13fc,decoder_only,43835,0,,,0,0,0,,,,,
6bba_32db13fc,original_objective_C4,43835,0,,,0,0,0,,,,,
6bba_32db13fc,D_real,43835,44,264.0,660.0,0,0,0,,,,,True
6bba_32db13fc,D_synthetic,43835,51,306.0,765.0,0,0,0,,,,,True
6bba_32db13fc,D_synthetic_C4,43835,2383,14298.0,35745.0,0,0,0,,,,,True
6bba_337b1b3a,C1short,29142,16393,98358.0,245895.0,0,0,0,,,,,
6bba_337b1b3a,C1,29142,87,522.0,1305.0,0,0,0,,,,,
6bba_337b1b3a,C1_relinked,29142,87,522.0,1305.0,0,0,0,,,,,True
6bba_337b1b3a,C2,29142,1559,9354.0,23385.0,6,6,4,8.0,1.0,True,0.0,
6bba_337b1b3a,C3,29142,68,408.0,1020.0,0,0,0,,,,,
6bba_337b1b3a,C4,29142,6364,38184.0,95460.0,7,7,5,10.0,1.0,True,0.0,
6bba_337b1b3a,C4_relinked,29142,6364,38184.0,95460.0,7,7,6,11.0,0.0,True,0.0,True
6bba_337b1b3a,C4_m2,29142,6364,38184.0,95460.0,27,27,20,37.0,5.0,True,0.0,
6bba_337b1b3a,C4_m6,29142,6364,38184.0,95460.0,2,2,2,4.0,0.0,True,0.0,
6bba_337b1b3a,C4_Gonly,29142,6364,38184.0,95460.0,75,75,53,92.0,15.0,True,0.0,
6bba_337b1b3a,C5,29142,3785,22710.0,56775.0,6,6,5,10.0,0.0,True,0.0,
6bba_337b1b3a,C6,29142,6364,38184.0,95460.0,6,6,5,10.0,0.0,True,0.0,
6bba_337b1b3a,C0,29142,0,,,0,0,0,,,,,
6bba_337b1b3a,decoder_only,29142,0,,,0,0,0,,,,,
6bba_337b1b3a,original_objective_C4,29142,0,,,0,0,0,,,,,
6bba_337b1b3a,D_real,29142,90,540.0,1350.0,0,0,0,,,,,True
6bba_337b1b3a,D_synthetic,29142,102,612.0,1530.0,0,0,0,,,,,True
6bba_337b1b3a,D_synthetic_C4,29142,6948,41688.0,104220.0,9,9,8,15.0,0.0,True,0.0,True
6bba_372c8cb8,C1short,6517,842,5052.0,12630.0,0,0,0,,,,,
6bba_372c8cb8,C1,6517,0,0.0,0.0,0,0,0,,,,,
6bba_372c8cb8,C1_relinked,6517,0,0.0,0.0,0,0,0,,,,,True
6bba_372c8cb8,C2,6517,33,198.0,495.0,0,0,0,,,,,
6bba_372c8cb8,C3,6517,6,36.0,90.0,0,0,0,,,,,
6bba_372c8cb8,C4,6517,64,384.0,960.0,0,0,0,,,,,
6bba_372c8cb8,C4_relinked,6517,64,384.0,960.0,0,0,0,,,,,True
6bba_372c8cb8,C4_m2,6517,64,384.0,960.0,1,1,1,2.0,0.0,True,0.0,
6bba_372c8cb8,C4_m6,6517,64,384.0,960.0,0,0,0,,,,,
6bba_372c8cb8,C4_Gonly,6517,64,384.0,960.0,4,4,4,7.0,0.0,True,0.0,
6bba_372c8cb8,C5,6517,76,456.0,1140.0,0,0,0,,,,,
6bba_372c8cb8,C6,6517,64,384.0,960.0,1,1,1,2.0,0.0,True,0.0,
6bba_372c8cb8,C0,6517,0,,,0,0,0,,,,,
6bba_372c8cb8,decoder_only,6517,0,,,0,0,0,,,,,
6bba_372c8cb8,original_objective_C4,6517,0,,,0,0,0,,,,,
6bba_372c8cb8,D_real,6517,1,6.0,15.0,0,0,0,,,,,True
6bba_372c8cb8,D_synthetic,6517,0,0.0,0.0,0,0,0,,,,,True
6bba_372c8cb8,D_synthetic_C4,6517,67,402.0,1005.0,0,0,0,,,,,True
6bba_3a1849c2,C1short,6526,2277,13662.0,34155.0,0,0,0,,,,,
6bba_3a1849c2,C1,6526,10,60.0,150.0,0,0,0,,,,,
6bba_3a1849c2,C1_relinked,6526,10,60.0,150.0,0,0,0,,,,,True
6bba_3a1849c2,C2,6526,93,558.0,1395.0,1,1,1,2.0,0.0,True,0.0,
6bba_3a1849c2,C3,6526,30,180.0,450.0,0,0,0,,,,,
6bba_3a1849c2,C4,6526,211,1266.0,3165.0,0,0,0,,,,,
6bba_3a1849c2,C4_relinked,6526,211,1266.0,3165.0,0,0,0,,,,,True
6bba_3a1849c2,C4_m2,6526,211,1266.0,3165.0,1,1,1,1.0,0.0,True,0.0,
6bba_3a1849c2,C4_m6,6526,211,1266.0,3165.0,0,0,0,,,,,
6bba_3a1849c2,C4_Gonly,6526,211,1266.0,3165.0,11,11,11,16.0,0.0,True,0.0,
6bba_3a1849c2,C5,6526,148,888.0,2220.0,0,0,0,,,,,
6bba_3a1849c2,C6,6526,211,1266.0,3165.0,1,1,1,2.0,0.0,True,0.0,
6bba_3a1849c2,C0,6526,0,,,0,0,0,,,,,
6bba_3a1849c2,decoder_only,6526,0,,,0,0,0,,,,,
6bba_3a1849c2,original_objective_C4,6526,0,,,0,0,0,,,,,
6bba_3a1849c2,D_real,6526,11,66.0,165.0,0,0,0,,,,,True
6bba_3a1849c2,D_synthetic,6526,11,66.0,165.0,0,0,0,,,,,True
6bba_3a1849c2,D_synthetic_C4,6526,236,1416.0,3540.0,0,0,0,,,,,True
6bba_3abfe10a,C1short,52659,23770,142620.0,356550.0,0,0,0,,,,,
6bba_3abfe10a,C1,52659,134,804.0,2010.0,0,0,0,,,,,
6bba_3abfe10a,C1_relinked,52659,134,804.0,2010.0,0,0,0,,,,,True
6bba_3abfe10a,C2,52659,1536,9216.0,23040.0,3,3,3,1.0,0.0,True,0.0,
6bba_3abfe10a,C3,52659,360,2160.0,5400.0,0,0,0,,,,,
6bba_3abfe10a,C4,52659,5871,35226.0,88065.0,3,3,3,3.0,0.0,True,0.0,
6bba_3abfe10a,C4_relinked,52659,5871,35226.0,88065.0,3,3,3,5.0,0.0,True,0.0,True
6bba_3abfe10a,C4_m2,52659,5871,35226.0,88065.0,7,7,7,4.0,0.0,True,0.0,
6bba_3abfe10a,C4_m6,52659,5871,35226.0,88065.0,3,3,3,3.0,0.0,True,0.0,
6bba_3abfe10a,C4_Gonly,52659,5871,35226.0,88065.0,89,89,80,124.0,5.0,True,0.0,
6bba_3abfe10a,C5,52659,4728,28368.0,70920.0,4,4,4,3.0,0.0,True,0.0,
6bba_3abfe10a,C6,52659,5871,35226.0,88065.0,10,10,9,12.0,1.0,True,0.0,
6bba_3abfe10a,C0,52659,0,,,0,0,0,,,,,
6bba_3abfe10a,decoder_only,52659,0,,,0,0,0,,,,,
6bba_3abfe10a,original_objective_C4,52659,0,,,0,0,0,,,,,
6bba_3abfe10a,D_real,52659,123,738.0,1845.0,0,0,0,,,,,True
6bba_3abfe10a,D_synthetic,52659,144,864.0,2160.0,0,0,0,,,,,True
6bba_3abfe10a,D_synthetic_C4,52659,6563,39378.0,98445.0,4,4,4,6.0,0.0,True,0.0,True
6bba_3c5691b6,C1short,6158,756,4536.0,11340.0,0,0,0,,,,,
6bba_3c5691b6,C1,6158,6,36.0,90.0,0,0,0,,,,,
6bba_3c5691b6,C1_relinked,6158,6,36.0,90.0,0,0,0,,,,,True
6bba_3c5691b6,C2,6158,29,174.0,435.0,1,1,0,,1.0,,,
6bba_3c5691b6,C3,6158,6,36.0,90.0,0,0,0,,,,,
6bba_3c5691b6,C4,6158,65,390.0,975.0,0,0,0,,,,,
6bba_3c5691b6,C4_relinked,6158,65,390.0,975.0,0,0,0,,,,,True
6bba_3c5691b6,C4_m2,6158,65,390.0,975.0,1,1,0,,1.0,,,
6bba_3c5691b6,C4_m6,6158,65,390.0,975.0,0,0,0,,,,,
6bba_3c5691b6,C4_Gonly,6158,65,390.0,975.0,6,6,5,8.0,1.0,True,0.0,
6bba_3c5691b6,C5,6158,70,420.0,1050.0,1,1,0,,1.0,,,
6bba_3c5691b6,C6,6158,65,390.0,975.0,1,1,0,,1.0,,,
6bba_3c5691b6,C0,6158,0,,,0,0,0,,,,,
6bba_3c5691b6,decoder_only,6158,0,,,0,0,0,,,,,
6bba_3c5691b6,original_objective_C4,6158,0,,,0,0,0,,,,,
6bba_3c5691b6,D_real,6158,5,30.0,75.0,0,0,0,,,,,True
6bba_3c5691b6,D_synthetic,6158,4,24.0,60.0,0,0,0,,,,,True
6bba_3c5691b6,D_synthetic_C4,6158,79,474.0,1185.0,0,0,0,,,,,True
6bba_3db54e20,C1short,22646,11313,67878.0,169695.0,0,0,0,,,,,
6bba_3db54e20,C1,22646,62,372.0,930.0,0,0,0,,,,,
6bba_3db54e20,C1_relinked,22646,62,372.0,930.0,0,0,0,,,,,True
6bba_3db54e20,C2,22646,1428,8568.0,21420.0,4,4,4,6.0,0.0,True,0.0,
6bba_3db54e20,C3,22646,38,228.0,570.0,0,0,0,,,,,
6bba_3db54e20,C4,22646,3760,22560.0,56400.0,2,2,2,3.0,0.0,True,0.0,
6bba_3db54e20,C4_relinked,22646,3760,22560.0,56400.0,2,2,2,3.0,0.0,True,0.0,True
6bba_3db54e20,C4_m2,22646,3760,22560.0,56400.0,10,10,10,15.0,0.0,True,0.0,
6bba_3db54e20,C4_m6,22646,3760,22560.0,56400.0,1,1,1,1.0,0.0,True,0.0,
6bba_3db54e20,C4_Gonly,22646,3760,22560.0,56400.0,76,76,60,100.0,4.0,True,0.0,
6bba_3db54e20,C5,22646,3820,22920.0,57300.0,2,2,2,3.0,0.0,True,0.0,
6bba_3db54e20,C6,22646,3760,22560.0,56400.0,8,8,8,12.0,0.0,True,0.0,
6bba_3db54e20,C0,22646,0,,,0,0,0,,,,,
6bba_3db54e20,decoder_only,22646,0,,,0,0,0,,,,,
6bba_3db54e20,original_objective_C4,22646,0,,,0,0,0,,,,,
6bba_3db54e20,D_real,22646,56,336.0,840.0,0,0,0,,,,,True
6bba_3db54e20,D_synthetic,22646,66,396.0,990.0,0,0,0,,,,,True
6bba_3db54e20,D_synthetic_C4,22646,4163,24978.0,62445.0,3,3,3,4.0,0.0,True,0.0,True
6bba_3fda6b25,C1short,8241,3512,21072.0,52680.0,0,0,0,,,,,
6bba_3fda6b25,C1,8241,10,60.0,150.0,0,0,0,,,,,
6bba_3fda6b25,C1_relinked,8241,10,60.0,150.0,0,0,0,,,,,True
6bba_3fda6b25,C2,8241,132,792.0,1980.0,2,2,0,,2.0,,,
6bba_3fda6b25,C3,8241,38,228.0,570.0,0,0,0,,,,,
6bba_3fda6b25,C4,8241,325,1950.0,4875.0,2,2,0,,2.0,,,
6bba_3fda6b25,C4_relinked,8241,325,1950.0,4875.0,2,2,2,2.0,0.0,True,0.0,True
6bba_3fda6b25,C4_m2,8241,325,1950.0,4875.0,4,4,1,1.0,3.0,True,0.0,
6bba_3fda6b25,C4_m6,8241,325,1950.0,4875.0,0,0,0,,,,,
6bba_3fda6b25,C4_Gonly,8241,325,1950.0,4875.0,1,1,0,,1.0,,,
6bba_3fda6b25,C5,8241,258,1548.0,3870.0,1,1,0,,1.0,,,
6bba_3fda6b25,C6,8241,325,1950.0,4875.0,3,3,0,,3.0,,,
6bba_3fda6b25,C0,8241,0,,,0,0,0,,,,,
6bba_3fda6b25,decoder_only,8241,0,,,0,0,0,,,,,
6bba_3fda6b25,original_objective_C4,8241,0,,,0,0,0,,,,,
6bba_3fda6b25,D_real,8241,9,54.0,135.0,0,0,0,,,,,True
6bba_3fda6b25,D_synthetic,8241,9,54.0,135.0,0,0,0,,,,,True
6bba_3fda6b25,D_synthetic_C4,8241,370,2220.0,5550.0,2,2,2,2.0,0.0,True,0.0,True
6bba_43fea39d,C1short,5334,1434,8604.0,21510.0,0,0,0,,,,,
6bba_43fea39d,C1,5334,1,6.0,15.0,0,0,0,,,,,
6bba_43fea39d,C1_relinked,5334,1,6.0,15.0,0,0,0,,,,,True
6bba_43fea39d,C2,5334,136,816.0,2040.0,3,3,1,1.0,2.0,True,0.0,
6bba_43fea39d,C3,5334,15,90.0,225.0,0,0,0,,,,,
6bba_43fea39d,C4,5334,191,1146.0,2865.0,2,2,0,,2.0,,,
6bba_43fea39d,C4_relinked,5334,191,1146.0,2865.0,2,2,2,2.0,0.0,True,0.0,True
6bba_43fea39d,C4_m2,5334,191,1146.0,2865.0,5,5,2,3.0,3.0,True,0.0,
6bba_43fea39d,C4_m6,5334,191,1146.0,2865.0,1,1,0,,1.0,,,
6bba_43fea39d,C4_Gonly,5334,191,1146.0,2865.0,12,12,10,17.0,2.0,True,0.0,
6bba_43fea39d,C5,5334,174,1044.0,2610.0,2,2,0,,2.0,,,
6bba_43fea39d,C6,5334,191,1146.0,2865.0,2,2,0,,2.0,,,
6bba_43fea39d,C0,5334,0,,,0,0,0,,,,,
6bba_43fea39d,decoder_only,5334,0,,,0,0,0,,,,,
6bba_43fea39d,original_objective_C4,5334,0,,,0,0,0,,,,,
6bba_43fea39d,D_real,5334,1,6.0,15.0,0,0,0,,,,,True
6bba_43fea39d,D_synthetic,5334,1,6.0,15.0,0,0,0,,,,,True
6bba_43fea39d,D_synthetic_C4,5334,229,1374.0,3435.0,3,3,3,3.0,0.0,True,0.0,True
6bba_474be664,C1short,26632,11562,69372.0,173430.0,0,0,0,,,,,
6bba_474be664,C1,26632,73,438.0,1095.0,0,0,0,,,,,
6bba_474be664,C1_relinked,26632,73,438.0,1095.0,0,0,0,,,,,True
6bba_474be664,C2,26632,513,3078.0,7695.0,0,0,0,,,,,
6bba_474be664,C3,26632,175,1050.0,2625.0,0,0,0,,,,,
6bba_474be664,C4,26632,1600,9600.0,24000.0,0,0,0,,,,,
6bba_474be664,C4_relinked,26632,1600,9600.0,24000.0,0,0,0,,,,,True
6bba_474be664,C4_m2,26632,1600,9600.0,24000.0,0,0,0,,,,,
6bba_474be664,C4_m6,26632,1600,9600.0,24000.0,0,0,0,,,,,
6bba_474be664,C4_Gonly,26632,1600,9600.0,24000.0,28,28,26,45.0,0.0,True,0.0,
6bba_474be664,C5,26632,1031,6186.0,15465.0,0,0,0,,,,,
6bba_474be664,C6,26632,1600,9600.0,24000.0,0,0,0,,,,,
6bba_474be664,C0,26632,0,,,0,0,0,,,,,
6bba_474be664,decoder_only,26632,0,,,0,0,0,,,,,
6bba_474be664,original_objective_C4,26632,0,,,0,0,0,,,,,
6bba_474be664,D_real,26632,82,492.0,1230.0,0,0,0,,,,,True
6bba_474be664,D_synthetic,26632,68,408.0,1020.0,0,0,0,,,,,True
6bba_474be664,D_synthetic_C4,26632,1754,10524.0,26310.0,0,0,0,,,,,True
6bba_48816121,C1short,25037,9982,59892.0,149730.0,0,0,0,,,,,
6bba_48816121,C1,25037,47,282.0,705.0,0,0,0,,,,,
6bba_48816121,C1_relinked,25037,47,282.0,705.0,0,0,0,,,,,True
6bba_48816121,C2,25037,874,5244.0,13110.0,0,0,0,,,,,
6bba_48816121,C3,25037,58,348.0,870.0,0,0,0,,,,,
6bba_48816121,C4,25037,2022,12132.0,30330.0,0,0,0,,,,,
6bba_48816121,C4_relinked,25037,2022,12132.0,30330.0,0,0,0,,,,,True
6bba_48816121,C4_m2,25037,2022,12132.0,30330.0,3,3,2,4.0,1.0,True,0.0,
6bba_48816121,C4_m6,25037,2022,12132.0,30330.0,0,0,0,,,,,
6bba_48816121,C4_Gonly,25037,2022,12132.0,30330.0,15,15,11,22.0,4.0,True,0.0,
6bba_48816121,C5,25037,933,5598.0,13995.0,0,0,0,,,,,
6bba_48816121,C6,25037,2022,12132.0,30330.0,0,0,0,,,,,
6bba_48816121,C0,25037,0,,,0,0,0,,,,,
6bba_48816121,decoder_only,25037,0,,,0,0,0,,,,,
6bba_48816121,original_objective_C4,25037,0,,,0,0,0,,,,,
6bba_48816121,D_real,25037,57,342.0,855.0,0,0,0,,,,,True
6bba_48816121,D_synthetic,25037,48,288.0,720.0,0,0,0,,,,,True
6bba_48816121,D_synthetic_C4,25037,2167,13002.0,32505.0,0,0,0,,,,,True
6bba_4aa14c89,C1short,6998,3549,21294.0,53235.0,0,0,0,,,,,
6bba_4aa14c89,C1,6998,42,252.0,630.0,0,0,0,,,,,
6bba_4aa14c89,C1_relinked,6998,42,252.0,630.0,0,0,0,,,,,True
6bba_4aa14c89,C2,6998,110,660.0,1650.0,0,0,0,,,,,
6bba_4aa14c89,C3,6998,37,222.0,555.0,0,0,0,,,,,
6bba_4aa14c89,C4,6998,216,1296.0,3240.0,0,0,0,,,,,
6bba_4aa14c89,C4_relinked,6998,216,1296.0,3240.0,0,0,0,,,,,True
6bba_4aa14c89,C4_m2,6998,216,1296.0,3240.0,0,0,0,,,,,
6bba_4aa14c89,C4_m6,6998,216,1296.0,3240.0,0,0,0,,,,,
6bba_4aa14c89,C4_Gonly,6998,216,1296.0,3240.0,5,5,5,6.0,0.0,True,0.0,
6bba_4aa14c89,C5,6998,198,1188.0,2970.0,0,0,0,,,,,
6bba_4aa14c89,C6,6998,216,1296.0,3240.0,0,0,0,,,,,
6bba_4aa14c89,C0,6998,0,,,0,0,0,,,,,
6bba_4aa14c89,decoder_only,6998,0,,,0,0,0,,,,,
6bba_4aa14c89,original_objective_C4,6998,0,,,0,0,0,,,,,
6bba_4aa14c89,D_real,6998,42,252.0,630.0,0,0,0,,,,,True
6bba_4aa14c89,D_synthetic,6998,47,282.0,705.0,0,0,0,,,,,True
6bba_4aa14c89,D_synthetic_C4,6998,237,1422.0,3555.0,0,0,0,,,,,True
6bba_4f99ce20,C1short,5337,546,3276.0,8190.0,0,0,0,,,,,
6bba_4f99ce20,C1,5337,2,12.0,30.0,0,0,0,,,,,
6bba_4f99ce20,C1_relinked,5337,2,12.0,30.0,0,0,0,,,,,True
6bba_4f99ce20,C2,5337,157,942.0,2355.0,3,3,2,4.0,0.0,True,0.0,
6bba_4f99ce20,C3,5337,9,54.0,135.0,0,0,0,,,,,
6bba_4f99ce20,C4,5337,331,1986.0,4965.0,5,5,3,6.0,0.0,True,0.0,
6bba_4f99ce20,C4_relinked,5337,331,1986.0,4965.0,5,5,3,6.0,0.0,True,0.0,True
6bba_4f99ce20,C4_m2,5337,331,1986.0,4965.0,6,6,4,8.0,0.0,True,0.0,
6bba_4f99ce20,C4_m6,5337,331,1986.0,4965.0,3,3,2,4.0,0.0,True,0.0,
6bba_4f99ce20,C4_Gonly,5337,331,1986.0,4965.0,17,17,14,26.0,0.0,True,0.0,
6bba_4f99ce20,C5,5337,327,1962.0,4905.0,3,3,2,4.0,0.0,True,0.0,
6bba_4f99ce20,C6,5337,331,1986.0,4965.0,6,6,4,8.0,0.0,True,0.0,
6bba_4f99ce20,C0,5337,0,,,0,0,0,,,,,
6bba_4f99ce20,decoder_only,5337,0,,,0,0,0,,,,,
6bba_4f99ce20,original_objective_C4,5337,0,,,0,0,0,,,,,
6bba_4f99ce20,D_real,5337,3,18.0,45.0,0,0,0,,,,,True
6bba_4f99ce20,D_synthetic,5337,0,0.0,0.0,0,0,0,,,,,True
6bba_4f99ce20,D_synthetic_C4,5337,347,2082.0,5205.0,3,3,2,4.0,0.0,True,0.0,True
6bba_4ffd3da3,C1short,19995,11645,69870.0,174675.0,0,0,0,,,,,
6bba_4ffd3da3,C1,19995,42,252.0,630.0,0,0,0,,,,,
6bba_4ffd3da3,C1_relinked,19995,42,252.0,630.0,0,0,0,,,,,True
6bba_4ffd3da3,C2,19995,746,4476.0,11190.0,0,0,0,,,,,
6bba_4ffd3da3,C3,19995,123,738.0,1845.0,0,0,0,,,,,
6bba_4ffd3da3,C4,19995,1961,11766.0,29415.0,0,0,0,,,,,
6bba_4ffd3da3,C4_relinked,19995,1961,11766.0,29415.0,0,0,0,,,,,True
6bba_4ffd3da3,C4_m2,19995,1961,11766.0,29415.0,1,1,0,,1.0,,,
6bba_4ffd3da3,C4_m6,19995,1961,11766.0,29415.0,0,0,0,,,,,
6bba_4ffd3da3,C4_Gonly,19995,1961,11766.0,29415.0,10,10,9,13.0,1.0,True,0.0,
6bba_4ffd3da3,C5,19995,1004,6024.0,15060.0,0,0,0,,,,,
6bba_4ffd3da3,C6,19995,1961,11766.0,29415.0,2,2,1,2.0,1.0,True,0.0,
6bba_4ffd3da3,C0,19995,0,,,0,0,0,,,,,
6bba_4ffd3da3,decoder_only,19995,0,,,0,0,0,,,,,
6bba_4ffd3da3,original_objective_C4,19995,0,,,0,0,0,,,,,
6bba_4ffd3da3,D_real,19995,42,252.0,630.0,0,0,0,,,,,True
6bba_4ffd3da3,D_synthetic,19995,37,222.0,555.0,0,0,0,,,,,True
6bba_4ffd3da3,D_synthetic_C4,19995,2137,12822.0,32055.0,0,0,0,,,,,True
6bba_55b7eebe,C1short,4531,1815,10890.0,27225.0,0,0,0,,,,,
6bba_55b7eebe,C1,4531,4,24.0,60.0,0,0,0,,,,,
6bba_55b7eebe,C1_relinked,4531,4,24.0,60.0,0,0,0,,,,,True
6bba_55b7eebe,C2,4531,86,516.0,1290.0,1,1,0,,1.0,,,
6bba_55b7eebe,C3,4531,10,60.0,150.0,0,0,0,,,,,
6bba_55b7eebe,C4,4531,216,1296.0,3240.0,0,0,0,,,,,
6bba_55b7eebe,C4_relinked,4531,216,1296.0,3240.0,0,0,0,,,,,True
6bba_55b7eebe,C4_m2,4531,216,1296.0,3240.0,0,0,0,,,,,
6bba_55b7eebe,C4_m6,4531,216,1296.0,3240.0,0,0,0,,,,,
6bba_55b7eebe,C4_Gonly,4531,216,1296.0,3240.0,3,3,3,6.0,0.0,True,0.0,
6bba_55b7eebe,C5,4531,155,930.0,2325.0,1,1,0,,1.0,,,
6bba_55b7eebe,C6,4531,216,1296.0,3240.0,1,1,0,,1.0,,,
6bba_55b7eebe,C0,4531,0,,,0,0,0,,,,,
6bba_55b7eebe,decoder_only,4531,0,,,0,0,0,,,,,
6bba_55b7eebe,original_objective_C4,4531,0,,,0,0,0,,,,,
6bba_55b7eebe,D_real,4531,4,24.0,60.0,0,0,0,,,,,True
6bba_55b7eebe,D_synthetic,4531,4,24.0,60.0,0,0,0,,,,,True
6bba_55b7eebe,D_synthetic_C4,4531,232,1392.0,3480.0,0,0,0,,,,,True
6bba_55c70843,C1short,37363,16525,99150.0,247875.0,0,0,0,,,,,
6bba_55c70843,C1,37363,106,636.0,1590.0,0,0,0,,,,,
6bba_55c70843,C1_relinked,37363,106,636.0,1590.0,0,0,0,,,,,True
6bba_55c70843,C2,37363,675,4050.0,10125.0,1,1,0,,1.0,,,
6bba_55c70843,C3,37363,185,1110.0,2775.0,0,0,0,,,,,
6bba_55c70843,C4,37363,2312,13872.0,34680.0,1,1,0,,1.0,,,
6bba_55c70843,C4_relinked,37363,2312,13872.0,34680.0,1,1,1,1.0,0.0,True,0.0,True
6bba_55c70843,C4_m2,37363,2312,13872.0,34680.0,1,1,0,,1.0,,,
6bba_55c70843,C4_m6,37363,2312,13872.0,34680.0,0,0,0,,,,,
6bba_55c70843,C4_Gonly,37363,2312,13872.0,34680.0,37,37,35,58.0,1.0,True,0.0,
6bba_55c70843,C5,37363,2276,13656.0,34140.0,1,1,0,,1.0,,,
6bba_55c70843,C6,37363,2312,13872.0,34680.0,2,2,1,2.0,1.0,True,0.0,
6bba_55c70843,C0,37363,0,,,0,0,0,,,,,
6bba_55c70843,decoder_only,37363,0,,,0,0,0,,,,,
6bba_55c70843,original_objective_C4,37363,0,,,0,0,0,,,,,
6bba_55c70843,D_real,37363,94,564.0,1410.0,0,0,0,,,,,True
6bba_55c70843,D_synthetic,37363,99,594.0,1485.0,0,0,0,,,,,True
6bba_55c70843,D_synthetic_C4,37363,2593,15558.0,38895.0,1,1,1,1.0,0.0,True,0.0,True
6bba_57b7cc1e,C1short,75665,26540,159240.0,398100.0,0,0,0,,,,,
6bba_57b7cc1e,C1,75665,160,960.0,2400.0,0,0,0,,,,,
6bba_57b7cc1e,C1_relinked,75665,160,960.0,2400.0,0,0,0,,,,,True
6bba_57b7cc1e,C2,75665,1556,9336.0,23340.0,4,4,2,3.0,2.0,True,0.0,
6bba_57b7cc1e,C3,75665,499,2994.0,7485.0,0,0,0,,,,,
6bba_57b7cc1e,C4,75665,3356,20136.0,50340.0,5,5,4,3.0,1.0,True,0.0,
6bba_57b7cc1e,C4_relinked,75665,3356,20136.0,50340.0,5,5,5,6.0,0.0,True,0.0,True
6bba_57b7cc1e,C4_m2,75665,3356,20136.0,50340.0,13,13,9,9.0,3.0,True,0.0,
6bba_57b7cc1e,C4_m6,75665,3356,20136.0,50340.0,1,1,1,0.0,0.0,True,0.0,
6bba_57b7cc1e,C4_Gonly,75665,3356,20136.0,50340.0,63,63,52,75.0,9.0,True,0.0,
6bba_57b7cc1e,C5,75665,3851,23106.0,57765.0,2,2,2,3.0,0.0,True,0.0,
6bba_57b7cc1e,C6,75665,3356,20136.0,50340.0,3,3,2,3.0,1.0,True,0.0,
6bba_57b7cc1e,C0,75665,0,,,0,0,0,,,,,
6bba_57b7cc1e,decoder_only,75665,0,,,0,0,0,,,,,
6bba_57b7cc1e,original_objective_C4,75665,0,,,0,0,0,,,,,
6bba_57b7cc1e,D_real,75665,178,1068.0,2670.0,0,0,0,,,,,True
6bba_57b7cc1e,D_synthetic,75665,161,966.0,2415.0,0,0,0,,,,,True
6bba_57b7cc1e,D_synthetic_C4,75665,3866,23196.0,57990.0,4,4,4,6.0,0.0,True,0.0,True
6bba_5a4d9360,C1short,5511,1343,8058.0,20145.0,0,0,0,,,,,
6bba_5a4d9360,C1,5511,2,12.0,30.0,0,0,0,,,,,
6bba_5a4d9360,C1_relinked,5511,2,12.0,30.0,0,0,0,,,,,True
6bba_5a4d9360,C2,5511,149,894.0,2235.0,3,3,3,4.0,0.0,True,0.0,
6bba_5a4d9360,C3,5511,10,60.0,150.0,0,0,0,,,,,
6bba_5a4d9360,C4,5511,289,1734.0,4335.0,2,2,2,4.0,0.0,True,0.0,
6bba_5a4d9360,C4_relinked,5511,289,1734.0,4335.0,2,2,2,4.0,0.0,True,0.0,True
6bba_5a4d9360,C4_m2,5511,289,1734.0,4335.0,8,8,8,12.0,0.0,True,0.0,
6bba_5a4d9360,C4_m6,5511,289,1734.0,4335.0,1,1,1,2.0,0.0,True,0.0,
6bba_5a4d9360,C4_Gonly,5511,289,1734.0,4335.0,7,7,7,9.0,0.0,True,0.0,
6bba_5a4d9360,C5,5511,260,1560.0,3900.0,3,3,3,4.0,0.0,True,0.0,
6bba_5a4d9360,C6,5511,289,1734.0,4335.0,2,2,2,4.0,0.0,True,0.0,
6bba_5a4d9360,C0,5511,0,,,0,0,0,,,,,
6bba_5a4d9360,decoder_only,5511,0,,,0,0,0,,,,,
6bba_5a4d9360,original_objective_C4,5511,0,,,0,0,0,,,,,
6bba_5a4d9360,D_real,5511,1,6.0,15.0,0,0,0,,,,,True
6bba_5a4d9360,D_synthetic,5511,1,6.0,15.0,0,0,0,,,,,True
6bba_5a4d9360,D_synthetic_C4,5511,300,1800.0,4500.0,4,4,4,8.0,0.0,True,0.0,True
6bba_5b28472a,C1short,5795,1347,8082.0,20205.0,0,0,0,,,,,
6bba_5b28472a,C1,5795,3,18.0,45.0,0,0,0,,,,,
6bba_5b28472a,C1_relinked,5795,3,18.0,45.0,0,0,0,,,,,True
6bba_5b28472a,C2,5795,52,312.0,780.0,0,0,0,,,,,
6bba_5b28472a,C3,5795,4,24.0,60.0,0,0,0,,,,,
6bba_5b28472a,C4,5795,84,504.0,1260.0,0,0,0,,,,,
6bba_5b28472a,C4_relinked,5795,84,504.0,1260.0,0,0,0,,,,,True
6bba_5b28472a,C4_m2,5795,84,504.0,1260.0,0,0,0,,,,,
6bba_5b28472a,C4_m6,5795,84,504.0,1260.0,0,0,0,,,,,
6bba_5b28472a,C4_Gonly,5795,84,504.0,1260.0,4,4,2,3.0,2.0,True,0.0,
6bba_5b28472a,C5,5795,84,504.0,1260.0,0,0,0,,,,,
6bba_5b28472a,C6,5795,84,504.0,1260.0,0,0,0,,,,,
6bba_5b28472a,C0,5795,0,,,0,0,0,,,,,
6bba_5b28472a,decoder_only,5795,0,,,0,0,0,,,,,
6bba_5b28472a,original_objective_C4,5795,0,,,0,0,0,,,,,
6bba_5b28472a,D_real,5795,2,12.0,30.0,0,0,0,,,,,True
6bba_5b28472a,D_synthetic,5795,4,24.0,60.0,0,0,0,,,,,True
6bba_5b28472a,D_synthetic_C4,5795,95,570.0,1425.0,0,0,0,,,,,True
6bba_5c039895,C1short,7856,3289,19734.0,49335.0,0,0,0,,,,,
6bba_5c039895,C1,7856,36,216.0,540.0,0,0,0,,,,,
6bba_5c039895,C1_relinked,7856,36,216.0,540.0,0,0,0,,,,,True
6bba_5c039895,C2,7856,80,480.0,1200.0,0,0,0,,,,,
6bba_5c039895,C3,7856,10,60.0,150.0,0,0,0,,,,,
6bba_5c039895,C4,7856,283,1698.0,4245.0,0,0,0,,,,,
6bba_5c039895,C4_relinked,7856,283,1698.0,4245.0,0,0,0,,,,,True
6bba_5c039895,C4_m2,7856,283,1698.0,4245.0,1,1,0,,1.0,,,
6bba_5c039895,C4_m6,7856,283,1698.0,4245.0,0,0,0,,,,,
6bba_5c039895,C4_Gonly,7856,283,1698.0,4245.0,5,5,3,6.0,2.0,True,0.0,
6bba_5c039895,C5,7856,254,1524.0,3810.0,0,0,0,,,,,
6bba_5c039895,C6,7856,283,1698.0,4245.0,1,1,0,,1.0,,,
6bba_5c039895,C0,7856,0,,,0,0,0,,,,,
6bba_5c039895,decoder_only,7856,0,,,0,0,0,,,,,
6bba_5c039895,original_objective_C4,7856,0,,,0,0,0,,,,,
6bba_5c039895,D_real,7856,28,168.0,420.0,0,0,0,,,,,True
6bba_5c039895,D_synthetic,7856,33,198.0,495.0,0,0,0,,,,,True
6bba_5c039895,D_synthetic_C4,7856,303,1818.0,4545.0,0,0,0,,,,,True
6bba_5c824876,C1short,25118,4413,26478.0,66195.0,0,0,0,,,,,
6bba_5c824876,C1,25118,10,60.0,150.0,0,0,0,,,,,
6bba_5c824876,C1_relinked,25118,10,60.0,150.0,0,0,0,,,,,True
6bba_5c824876,C2,25118,372,2232.0,5580.0,0,0,0,,,,,
6bba_5c824876,C3,25118,44,264.0,660.0,0,0,0,,,,,
6bba_5c824876,C4,25118,1179,7074.0,17685.0,0,0,0,,,,,
6bba_5c824876,C4_relinked,25118,1179,7074.0,17685.0,0,0,0,,,,,True
6bba_5c824876,C4_m2,25118,1179,7074.0,17685.0,0,0,0,,,,,
6bba_5c824876,C4_m6,25118,1179,7074.0,17685.0,0,0,0,,,,,
6bba_5c824876,C4_Gonly,25118,1179,7074.0,17685.0,8,8,4,7.0,4.0,True,0.0,
6bba_5c824876,C5,25118,1090,6540.0,16350.0,0,0,0,,,,,
6bba_5c824876,C6,25118,1179,7074.0,17685.0,1,1,0,,1.0,,,
6bba_5c824876,C0,25118,0,,,0,0,0,,,,,
6bba_5c824876,decoder_only,25118,0,,,0,0,0,,,,,
6bba_5c824876,original_objective_C4,25118,0,,,0,0,0,,,,,
6bba_5c824876,D_real,25118,9,54.0,135.0,0,0,0,,,,,True
6bba_5c824876,D_synthetic,25118,12,72.0,180.0,0,0,0,,,,,True
6bba_5c824876,D_synthetic_C4,25118,1407,8442.0,21105.0,0,0,0,,,,,True
6bba_5dfe9ad1,C1short,29423,12166,72996.0,182490.0,0,0,0,,,,,
6bba_5dfe9ad1,C1,29423,29,174.0,435.0,0,0,0,,,,,
6bba_5dfe9ad1,C1_relinked,29423,29,174.0,435.0,0,0,0,,,,,True
6bba_5dfe9ad1,C2,29423,517,3102.0,7755.0,0,0,0,,,,,
6bba_5dfe9ad1,C3,29423,66,396.0,990.0,0,0,0,,,,,
6bba_5dfe9ad1,C4,29423,1017,6102.0,15255.0,0,0,0,,,,,
6bba_5dfe9ad1,C4_relinked,29423,1017,6102.0,15255.0,0,0,0,,,,,True
6bba_5dfe9ad1,C4_m2,29423,1017,6102.0,15255.0,0,0,0,,,,,
6bba_5dfe9ad1,C4_m6,29423,1017,6102.0,15255.0,0,0,0,,,,,
6bba_5dfe9ad1,C4_Gonly,29423,1017,6102.0,15255.0,10,10,8,15.0,2.0,True,0.0,
6bba_5dfe9ad1,C5,29423,739,4434.0,11085.0,0,0,0,,,,,
6bba_5dfe9ad1,C6,29423,1017,6102.0,15255.0,0,0,0,,,,,
6bba_5dfe9ad1,C0,29423,0,,,0,0,0,,,,,
6bba_5dfe9ad1,decoder_only,29423,0,,,0,0,0,,,,,
6bba_5dfe9ad1,original_objective_C4,29423,0,,,0,0,0,,,,,
6bba_5dfe9ad1,D_real,29423,25,150.0,375.0,0,0,0,,,,,True
6bba_5dfe9ad1,D_synthetic,29423,20,120.0,300.0,0,0,0,,,,,True
6bba_5dfe9ad1,D_synthetic_C4,29423,1226,7356.0,18390.0,0,0,0,,,,,True
6bba_5f89039d,C1short,4387,894,5364.0,13410.0,0,0,0,,,,,
6bba_5f89039d,C1,4387,1,6.0,15.0,0,0,0,,,,,
6bba_5f89039d,C1_relinked,4387,1,6.0,15.0,0,0,0,,,,,True
6bba_5f89039d,C2,4387,23,138.0,345.0,1,1,0,,1.0,,,
6bba_5f89039d,C3,4387,10,60.0,150.0,0,0,0,,,,,
6bba_5f89039d,C4,4387,67,402.0,1005.0,0,0,0,,,,,
6bba_5f89039d,C4_relinked,4387,67,402.0,1005.0,0,0,0,,,,,True
6bba_5f89039d,C4_m2,4387,67,402.0,1005.0,0,0,0,,,,,
6bba_5f89039d,C4_m6,4387,67,402.0,1005.0,0,0,0,,,,,
6bba_5f89039d,C4_Gonly,4387,67,402.0,1005.0,1,1,1,1.0,0.0,True,0.0,
6bba_5f89039d,C5,4387,36,216.0,540.0,1,1,0,,1.0,,,
6bba_5f89039d,C6,4387,67,402.0,1005.0,0,0,0,,,,,
6bba_5f89039d,C0,4387,0,,,0,0,0,,,,,
6bba_5f89039d,decoder_only,4387,0,,,0,0,0,,,,,
6bba_5f89039d,original_objective_C4,4387,0,,,0,0,0,,,,,
6bba_5f89039d,D_real,4387,1,6.0,15.0,0,0,0,,,,,True
6bba_5f89039d,D_synthetic,4387,1,6.0,15.0,0,0,0,,,,,True
6bba_5f89039d,D_synthetic_C4,4387,71,426.0,1065.0,0,0,0,,,,,True
6bba_61dd1e0d,C1short,9421,4486,26916.0,67290.0,0,0,0,,,,,
6bba_61dd1e0d,C1,9421,24,144.0,360.0,0,0,0,,,,,
6bba_61dd1e0d,C1_relinked,9421,24,144.0,360.0,0,0,0,,,,,True
6bba_61dd1e0d,C2,9421,280,1680.0,4200.0,1,1,0,,1.0,,,
6bba_61dd1e0d,C3,9421,46,276.0,690.0,0,0,0,,,,,
6bba_61dd1e0d,C4,9421,588,3528.0,8820.0,0,0,0,,,,,
6bba_61dd1e0d,C4_relinked,9421,588,3528.0,8820.0,0,0,0,,,,,True
6bba_61dd1e0d,C4_m2,9421,588,3528.0,8820.0,1,1,0,,1.0,,,
6bba_61dd1e0d,C4_m6,9421,588,3528.0,8820.0,0,0,0,,,,,
6bba_61dd1e0d,C4_Gonly,9421,588,3528.0,8820.0,7,7,6,10.0,1.0,True,0.0,
6bba_61dd1e0d,C5,9421,337,2022.0,5055.0,0,0,0,,,,,
6bba_61dd1e0d,C6,9421,588,3528.0,8820.0,0,0,0,,,,,
6bba_61dd1e0d,C0,9421,0,,,0,0,0,,,,,
6bba_61dd1e0d,decoder_only,9421,0,,,0,0,0,,,,,
6bba_61dd1e0d,original_objective_C4,9421,0,,,0,0,0,,,,,
6bba_61dd1e0d,D_real,9421,19,114.0,285.0,0,0,0,,,,,True
6bba_61dd1e0d,D_synthetic,9421,26,156.0,390.0,0,0,0,,,,,True
6bba_61dd1e0d,D_synthetic_C4,9421,645,3870.0,9675.0,1,1,1,1.0,0.0,True,0.0,True
6bba_61ecbe65,C1short,5485,1940,11640.0,29100.0,0,0,0,,,,,
6bba_61ecbe65,C1,5485,2,12.0,30.0,0,0,0,,,,,
6bba_61ecbe65,C1_relinked,5485,2,12.0,30.0,0,0,0,,,,,True
6bba_61ecbe65,C2,5485,185,1110.0,2775.0,5,5,4,6.0,0.0,True,0.0,
6bba_61ecbe65,C3,5485,13,78.0,195.0,0,0,0,,,,,
6bba_61ecbe65,C4,5485,267,1602.0,4005.0,1,1,1,1.0,0.0,True,0.0,
6bba_61ecbe65,C4_relinked,5485,267,1602.0,4005.0,1,1,1,1.0,0.0,True,0.0,True
6bba_61ecbe65,C4_m2,5485,267,1602.0,4005.0,10,10,8,11.0,1.0,True,0.0,
6bba_61ecbe65,C4_m6,5485,267,1602.0,4005.0,1,1,1,1.0,0.0,True,0.0,
6bba_61ecbe65,C4_Gonly,5485,267,1602.0,4005.0,3,3,3,5.0,0.0,True,0.0,
6bba_61ecbe65,C5,5485,228,1368.0,3420.0,2,2,2,2.0,0.0,True,0.0,
6bba_61ecbe65,C6,5485,267,1602.0,4005.0,0,0,0,,,,,
6bba_61ecbe65,C0,5485,0,,,0,0,0,,,,,
6bba_61ecbe65,decoder_only,5485,0,,,0,0,0,,,,,
6bba_61ecbe65,original_objective_C4,5485,0,,,0,0,0,,,,,
6bba_61ecbe65,D_real,5485,1,6.0,15.0,0,0,0,,,,,True
6bba_61ecbe65,D_synthetic,5485,1,6.0,15.0,0,0,0,,,,,True
6bba_61ecbe65,D_synthetic_C4,5485,284,1704.0,4260.0,2,2,2,3.0,0.0,True,0.0,True
6bba_6321a359,C1short,4511,1509,9054.0,22635.0,0,0,0,,,,,
6bba_6321a359,C1,4511,15,90.0,225.0,0,0,0,,,,,
6bba_6321a359,C1_relinked,4511,15,90.0,225.0,0,0,0,,,,,True
6bba_6321a359,C2,4511,71,426.0,1065.0,0,0,0,,,,,
6bba_6321a359,C3,4511,17,102.0,255.0,0,0,0,,,,,
6bba_6321a359,C4,4511,67,402.0,1005.0,0,0,0,,,,,
6bba_6321a359,C4_relinked,4511,67,402.0,1005.0,0,0,0,,,,,True
6bba_6321a359,C4_m2,4511,67,402.0,1005.0,2,2,2,3.0,0.0,True,0.0,
6bba_6321a359,C4_m6,4511,67,402.0,1005.0,0,0,0,,,,,
6bba_6321a359,C4_Gonly,4511,67,402.0,1005.0,4,4,3,4.0,1.0,True,0.0,
6bba_6321a359,C5,4511,100,600.0,1500.0,0,0,0,,,,,
6bba_6321a359,C6,4511,67,402.0,1005.0,0,0,0,,,,,
6bba_6321a359,C0,4511,0,,,0,0,0,,,,,
6bba_6321a359,decoder_only,4511,0,,,0,0,0,,,,,
6bba_6321a359,original_objective_C4,4511,0,,,0,0,0,,,,,
6bba_6321a359,D_real,4511,15,90.0,225.0,0,0,0,,,,,True
6bba_6321a359,D_synthetic,4511,14,84.0,210.0,0,0,0,,,,,True
6bba_6321a359,D_synthetic_C4,4511,105,630.0,1575.0,0,0,0,,,,,True
6bba_6479435d,C1short,24272,5251,31506.0,78765.0,0,0,0,,,,,
6bba_6479435d,C1,24272,39,234.0,585.0,0,0,0,,,,,
6bba_6479435d,C1_relinked,24272,39,234.0,585.0,0,0,0,,,,,True
6bba_6479435d,C2,24272,596,3576.0,8940.0,0,0,0,,,,,
6bba_6479435d,C3,24272,63,378.0,945.0,0,0,0,,,,,
6bba_6479435d,C4,24272,999,5994.0,14985.0,0,0,0,,,,,
6bba_6479435d,C4_relinked,24272,999,5994.0,14985.0,0,0,0,,,,,True
6bba_6479435d,C4_m2,24272,999,5994.0,14985.0,0,0,0,,,,,
6bba_6479435d,C4_m6,24272,999,5994.0,14985.0,0,0,0,,,,,
6bba_6479435d,C4_Gonly,24272,999,5994.0,14985.0,22,22,21,30.0,1.0,True,0.0,
6bba_6479435d,C5,24272,1263,7578.0,18945.0,0,0,0,,,,,
6bba_6479435d,C6,24272,999,5994.0,14985.0,1,1,1,2.0,0.0,True,0.0,
6bba_6479435d,C0,24272,0,,,0,0,0,,,,,
6bba_6479435d,decoder_only,24272,0,,,0,0,0,,,,,
6bba_6479435d,original_objective_C4,24272,0,,,0,0,0,,,,,
6bba_6479435d,D_real,24272,36,216.0,540.0,0,0,0,,,,,True
6bba_6479435d,D_synthetic,24272,37,222.0,555.0,0,0,0,,,,,True
6bba_6479435d,D_synthetic_C4,24272,1122,6732.0,16830.0,0,0,0,,,,,True
6bba_67ebd073,C1short,15780,3814,22884.0,57210.0,0,0,0,,,,,
6bba_67ebd073,C1,15780,21,126.0,315.0,0,0,0,,,,,
6bba_67ebd073,C1_relinked,15780,21,126.0,315.0,0,0,0,,,,,True
6bba_67ebd073,C2,15780,371,2226.0,5565.0,1,1,1,1.0,0.0,True,0.0,
6bba_67ebd073,C3,15780,28,168.0,420.0,0,0,0,,,,,
6bba_67ebd073,C4,15780,455,2730.0,6825.0,2,2,2,2.0,0.0,True,0.0,
6bba_67ebd073,C4_relinked,15780,455,2730.0,6825.0,2,2,2,2.0,0.0,True,0.0,True
6bba_67ebd073,C4_m2,15780,455,2730.0,6825.0,4,4,4,4.0,0.0,True,0.0,
6bba_67ebd073,C4_m6,15780,455,2730.0,6825.0,0,0,0,,,,,
6bba_67ebd073,C4_Gonly,15780,455,2730.0,6825.0,29,29,24,36.0,5.0,True,0.0,
6bba_67ebd073,C5,15780,693,4158.0,10395.0,2,2,2,2.0,0.0,True,0.0,
6bba_67ebd073,C6,15780,455,2730.0,6825.0,2,2,2,2.0,0.0,True,0.0,
6bba_67ebd073,C0,15780,0,,,0,0,0,,,,,
6bba_67ebd073,decoder_only,15780,0,,,0,0,0,,,,,
6bba_67ebd073,original_objective_C4,15780,0,,,0,0,0,,,,,
6bba_67ebd073,D_real,15780,18,108.0,270.0,0,0,0,,,,,True
6bba_67ebd073,D_synthetic,15780,16,96.0,240.0,0,0,0,,,,,True
6bba_67ebd073,D_synthetic_C4,15780,492,2952.0,7380.0,2,2,2,2.0,0.0,True,0.0,True
6bba_6ca87370,C1short,6301,2316,13896.0,34740.0,0,0,0,,,,,
6bba_6ca87370,C1,6301,39,234.0,585.0,0,0,0,,,,,
6bba_6ca87370,C1_relinked,6301,39,234.0,585.0,0,0,0,,,,,True
6bba_6ca87370,C2,6301,270,1620.0,4050.0,0,0,0,,,,,
6bba_6ca87370,C3,6301,86,516.0,1290.0,0,0,0,,,,,
6bba_6ca87370,C4,6301,680,4080.0,10200.0,1,1,1,2.0,0.0,True,0.0,
6bba_6ca87370,C4_relinked,6301,680,4080.0,10200.0,1,1,1,2.0,0.0,True,0.0,True
6bba_6ca87370,C4_m2,6301,680,4080.0,10200.0,2,2,2,4.0,0.0,True,0.0,
6bba_6ca87370,C4_m6,6301,680,4080.0,10200.0,1,1,1,2.0,0.0,True,0.0,
6bba_6ca87370,C4_Gonly,6301,680,4080.0,10200.0,8,8,5,9.0,0.0,True,0.0,
6bba_6ca87370,C5,6301,438,2628.0,6570.0,0,0,0,,,,,
6bba_6ca87370,C6,6301,680,4080.0,10200.0,1,1,1,2.0,0.0,True,0.0,
6bba_6ca87370,C0,6301,0,,,0,0,0,,,,,
6bba_6ca87370,decoder_only,6301,0,,,0,0,0,,,,,
6bba_6ca87370,original_objective_C4,6301,0,,,0,0,0,,,,,
6bba_6ca87370,D_real,6301,32,192.0,480.0,0,0,0,,,,,True
6bba_6ca87370,D_synthetic,6301,43,258.0,645.0,0,0,0,,,,,True
6bba_6ca87370,D_synthetic_C4,6301,696,4176.0,10440.0,1,1,1,2.0,0.0,True,0.0,True
6bba_6db0e9b4,C1short,25316,7122,42732.0,106830.0,0,0,0,,,,,
6bba_6db0e9b4,C1,25316,43,258.0,645.0,0,0,0,,,,,
6bba_6db0e9b4,C1_relinked,25316,43,258.0,645.0,0,0,0,,,,,True
6bba_6db0e9b4,C2,25316,628,3768.0,9420.0,6,6,5,8.0,1.0,True,0.0,
6bba_6db0e9b4,C3,25316,114,684.0,1710.0,0,0,0,,,,,
6bba_6db0e9b4,C4,25316,1266,7596.0,18990.0,5,5,4,6.0,1.0,True,0.0,
6bba_6db0e9b4,C4_relinked,25316,1266,7596.0,18990.0,5,5,5,9.0,0.0,True,0.0,True
6bba_6db0e9b4,C4_m2,25316,1266,7596.0,18990.0,7,7,6,9.0,1.0,True,0.0,
6bba_6db0e9b4,C4_m6,25316,1266,7596.0,18990.0,3,3,3,5.0,0.0,True,0.0,
6bba_6db0e9b4,C4_Gonly,25316,1266,7596.0,18990.0,66,66,48,83.0,4.0,True,0.0,
6bba_6db0e9b4,C5,25316,1554,9324.0,23310.0,4,4,3,5.0,1.0,True,0.0,
6bba_6db0e9b4,C6,25316,1266,7596.0,18990.0,7,7,5,8.0,2.0,True,0.0,
6bba_6db0e9b4,C0,25316,0,,,0,0,0,,,,,
6bba_6db0e9b4,decoder_only,25316,0,,,0,0,0,,,,,
6bba_6db0e9b4,original_objective_C4,25316,0,,,0,0,0,,,,,
6bba_6db0e9b4,D_real,25316,41,246.0,615.0,0,0,0,,,,,True
6bba_6db0e9b4,D_synthetic,25316,44,264.0,660.0,0,0,0,,,,,True
6bba_6db0e9b4,D_synthetic_C4,25316,1393,8358.0,20895.0,4,4,4,7.0,0.0,True,0.0,True
6bba_6feb10f0,C1short,11755,3679,22074.0,55185.0,0,0,0,,,,,
6bba_6feb10f0,C1,11755,36,216.0,540.0,0,0,0,,,,,
6bba_6feb10f0,C1_relinked,11755,36,216.0,540.0,0,0,0,,,,,True
6bba_6feb10f0,C2,11755,269,1614.0,4035.0,0,0,0,,,,,
6bba_6feb10f0,C3,11755,35,210.0,525.0,0,0,0,,,,,
6bba_6feb10f0,C4,11755,500,3000.0,7500.0,0,0,0,,,,,
6bba_6feb10f0,C4_relinked,11755,500,3000.0,7500.0,0,0,0,,,,,True
6bba_6feb10f0,C4_m2,11755,500,3000.0,7500.0,0,0,0,,,,,
6bba_6feb10f0,C4_m6,11755,500,3000.0,7500.0,0,0,0,,,,,
6bba_6feb10f0,C4_Gonly,11755,500,3000.0,7500.0,18,18,17,30.0,0.0,True,0.0,
6bba_6feb10f0,C5,11755,466,2796.0,6990.0,0,0,0,,,,,
6bba_6feb10f0,C6,11755,500,3000.0,7500.0,0,0,0,,,,,
6bba_6feb10f0,C0,11755,0,,,0,0,0,,,,,
6bba_6feb10f0,decoder_only,11755,0,,,0,0,0,,,,,
6bba_6feb10f0,original_objective_C4,11755,0,,,0,0,0,,,,,
6bba_6feb10f0,D_real,11755,39,234.0,585.0,0,0,0,,,,,True
6bba_6feb10f0,D_synthetic,11755,36,216.0,540.0,0,0,0,,,,,True
6bba_6feb10f0,D_synthetic_C4,11755,556,3336.0,8340.0,0,0,0,,,,,True
6bba_6feeb0b1,C1short,6812,2396,14376.0,35940.0,0,0,0,,,,,
6bba_6feeb0b1,C1,6812,10,60.0,150.0,0,0,0,,,,,
6bba_6feeb0b1,C1_relinked,6812,10,60.0,150.0,0,0,0,,,,,True
6bba_6feeb0b1,C2,6812,157,942.0,2355.0,1,1,1,1.0,0.0,True,0.0,
6bba_6feeb0b1,C3,6812,104,624.0,1560.0,0,0,0,,,,,
6bba_6feeb0b1,C4,6812,506,3036.0,7590.0,0,0,0,,,,,
6bba_6feeb0b1,C4_relinked,6812,506,3036.0,7590.0,0,0,0,,,,,True
6bba_6feeb0b1,C4_m2,6812,506,3036.0,7590.0,2,2,2,3.0,0.0,True,0.0,
6bba_6feeb0b1,C4_m6,6812,506,3036.0,7590.0,0,0,0,,,,,
6bba_6feeb0b1,C4_Gonly,6812,506,3036.0,7590.0,8,8,8,15.0,0.0,True,0.0,
6bba_6feeb0b1,C5,6812,478,2868.0,7170.0,0,0,0,,,,,
6bba_6feeb0b1,C6,6812,506,3036.0,7590.0,0,0,0,,,,,
6bba_6feeb0b1,C0,6812,0,,,0,0,0,,,,,
6bba_6feeb0b1,decoder_only,6812,0,,,0,0,0,,,,,
6bba_6feeb0b1,original_objective_C4,6812,0,,,0,0,0,,,,,
6bba_6feeb0b1,D_real,6812,10,60.0,150.0,0,0,0,,,,,True
6bba_6feeb0b1,D_synthetic,6812,10,60.0,150.0,0,0,0,,,,,True
6bba_6feeb0b1,D_synthetic_C4,6812,564,3384.0,8460.0,0,0,0,,,,,True
6bba_705ec2c9,C1short,5848,1206,7236.0,18090.0,0,0,0,,,,,
6bba_705ec2c9,C1,5848,7,42.0,105.0,0,0,0,,,,,
6bba_705ec2c9,C1_relinked,5848,7,42.0,105.0,0,0,0,,,,,True
6bba_705ec2c9,C2,5848,323,1938.0,4845.0,2,2,1,1.0,1.0,True,0.0,
6bba_705ec2c9,C3,5848,29,174.0,435.0,0,0,0,,,,,
6bba_705ec2c9,C4,5848,524,3144.0,7860.0,2,2,1,1.0,1.0,True,0.0,
6bba_705ec2c9,C4_relinked,5848,524,3144.0,7860.0,2,2,2,2.0,0.0,True,0.0,True
6bba_705ec2c9,C4_m2,5848,524,3144.0,7860.0,5,5,4,6.0,1.0,True,0.0,
6bba_705ec2c9,C4_m6,5848,524,3144.0,7860.0,2,2,1,1.0,1.0,True,0.0,
6bba_705ec2c9,C4_Gonly,5848,524,3144.0,7860.0,10,10,6,11.0,4.0,True,0.0,
6bba_705ec2c9,C5,5848,423,2538.0,6345.0,2,2,1,1.0,1.0,True,0.0,
6bba_705ec2c9,C6,5848,524,3144.0,7860.0,1,1,1,1.0,0.0,True,0.0,
6bba_705ec2c9,C0,5848,0,,,0,0,0,,,,,
6bba_705ec2c9,decoder_only,5848,0,,,0,0,0,,,,,
6bba_705ec2c9,original_objective_C4,5848,0,,,0,0,0,,,,,
6bba_705ec2c9,D_real,5848,9,54.0,135.0,0,0,0,,,,,True
6bba_705ec2c9,D_synthetic,5848,7,42.0,105.0,0,0,0,,,,,True
6bba_705ec2c9,D_synthetic_C4,5848,628,3768.0,9420.0,2,2,2,3.0,0.0,True,0.0,True
6bba_718b21f9,C1short,4079,670,4020.0,10050.0,0,0,0,,,,,
6bba_718b21f9,C1,4079,0,0.0,0.0,0,0,0,,,,,
6bba_718b21f9,C1_relinked,4079,0,0.0,0.0,0,0,0,,,,,True
6bba_718b21f9,C2,4079,11,66.0,165.0,0,0,0,,,,,
6bba_718b21f9,C3,4079,5,30.0,75.0,0,0,0,,,,,
6bba_718b21f9,C4,4079,59,354.0,885.0,0,0,0,,,,,
6bba_718b21f9,C4_relinked,4079,59,354.0,885.0,0,0,0,,,,,True
6bba_718b21f9,C4_m2,4079,59,354.0,885.0,0,0,0,,,,,
6bba_718b21f9,C4_m6,4079,59,354.0,885.0,0,0,0,,,,,
6bba_718b21f9,C4_Gonly,4079,59,354.0,885.0,0,0,0,,,,,
6bba_718b21f9,C5,4079,26,156.0,390.0,0,0,0,,,,,
6bba_718b21f9,C6,4079,59,354.0,885.0,0,0,0,,,,,
6bba_718b21f9,C0,4079,0,,,0,0,0,,,,,
6bba_718b21f9,decoder_only,4079,0,,,0,0,0,,,,,
6bba_718b21f9,original_objective_C4,4079,0,,,0,0,0,,,,,
6bba_718b21f9,D_real,4079,0,0.0,0.0,0,0,0,,,,,True
6bba_718b21f9,D_synthetic,4079,0,0.0,0.0,0,0,0,,,,,True
6bba_718b21f9,D_synthetic_C4,4079,58,348.0,870.0,0,0,0,,,,,True
6bba_74686d6a,C1short,26327,7879,47274.0,118185.0,0,0,0,,,,,
6bba_74686d6a,C1,26327,64,384.0,960.0,0,0,0,,,,,
6bba_74686d6a,C1_relinked,26327,64,384.0,960.0,0,0,0,,,,,True
6bba_74686d6a,C2,26327,420,2520.0,6300.0,1,1,0,,1.0,,,
6bba_74686d6a,C3,26327,183,1098.0,2745.0,0,0,0,,,,,
6bba_74686d6a,C4,26327,1258,7548.0,18870.0,1,1,0,,1.0,,,
6bba_74686d6a,C4_relinked,26327,1258,7548.0,18870.0,1,1,1,1.0,0.0,True,0.0,True
6bba_74686d6a,C4_m2,26327,1258,7548.0,18870.0,1,1,0,,1.0,,,
6bba_74686d6a,C4_m6,26327,1258,7548.0,18870.0,0,0,0,,,,,
6bba_74686d6a,C4_Gonly,26327,1258,7548.0,18870.0,27,27,23,36.0,4.0,True,0.0,
6bba_74686d6a,C5,26327,1306,7836.0,19590.0,1,1,0,,1.0,,,
6bba_74686d6a,C6,26327,1258,7548.0,18870.0,2,2,1,1.0,1.0,True,0.0,
6bba_74686d6a,C0,26327,0,,,0,0,0,,,,,
6bba_74686d6a,decoder_only,26327,0,,,0,0,0,,,,,
6bba_74686d6a,original_objective_C4,26327,0,,,0,0,0,,,,,
6bba_74686d6a,D_real,26327,70,420.0,1050.0,0,0,0,,,,,True
6bba_74686d6a,D_synthetic,26327,73,438.0,1095.0,0,0,0,,,,,True
6bba_74686d6a,D_synthetic_C4,26327,1378,8268.0,20670.0,2,2,2,2.0,0.0,True,0.0,True
6bba_767a1e17,C1short,47359,24985,149910.0,374775.0,0,0,0,,,,,
6bba_767a1e17,C1,47359,134,804.0,2010.0,0,0,0,,,,,
6bba_767a1e17,C1_relinked,47359,134,804.0,2010.0,0,0,0,,,,,True
6bba_767a1e17,C2,47359,3970,23820.0,59550.0,1,1,1,2.0,0.0,True,0.0,
6bba_767a1e17,C3,47359,464,2784.0,6960.0,0,0,0,,,,,
6bba_767a1e17,C4,47359,12607,75642.0,189105.0,2,2,2,2.0,0.0,True,0.0,
6bba_767a1e17,C4_relinked,47359,12607,75642.0,189105.0,2,2,2,4.0,0.0,True,0.0,True
6bba_767a1e17,C4_m2,47359,12607,75642.0,189105.0,11,11,11,11.0,0.0,True,0.0,
6bba_767a1e17,C4_m6,47359,12607,75642.0,189105.0,1,1,1,2.0,0.0,True,0.0,
6bba_767a1e17,C4_Gonly,47359,12607,75642.0,189105.0,246,246,189,327.0,6.0,True,0.0,
6bba_767a1e17,C5,47359,11089,66534.0,166335.0,3,3,3,3.0,0.0,True,0.0,
6bba_767a1e17,C6,47359,12607,75642.0,189105.0,11,11,11,21.0,0.0,True,0.0,
6bba_767a1e17,C0,47359,0,,,0,0,0,,,,,
6bba_767a1e17,decoder_only,47359,0,,,0,0,0,,,,,
6bba_767a1e17,original_objective_C4,47359,0,,,0,0,0,,,,,
6bba_767a1e17,D_real,47359,139,834.0,2085.0,0,0,0,,,,,True
6bba_767a1e17,D_synthetic,47359,150,900.0,2250.0,0,0,0,,,,,True
6bba_767a1e17,D_synthetic_C4,47359,13726,82356.0,205890.0,6,6,6,11.0,0.0,True,0.0,True
6bba_76db78c1,C1short,4610,1398,8388.0,20970.0,0,0,0,,,,,
6bba_76db78c1,C1,4610,4,24.0,60.0,0,0,0,,,,,
6bba_76db78c1,C1_relinked,4610,4,24.0,60.0,0,0,0,,,,,True
6bba_76db78c1,C2,4610,39,234.0,585.0,1,1,0,,1.0,,,
6bba_76db78c1,C3,4610,18,108.0,270.0,0,0,0,,,,,
6bba_76db78c1,C4,4610,158,948.0,2370.0,1,1,0,,1.0,,,
6bba_76db78c1,C4_relinked,4610,158,948.0,2370.0,1,1,1,1.0,0.0,True,0.0,True
6bba_76db78c1,C4_m2,4610,158,948.0,2370.0,1,1,0,,1.0,,,
6bba_76db78c1,C4_m6,4610,158,948.0,2370.0,0,0,0,,,,,
6bba_76db78c1,C4_Gonly,4610,158,948.0,2370.0,2,2,1,3.0,1.0,True,0.0,
6bba_76db78c1,C5,4610,160,960.0,2400.0,0,0,0,,,,,
6bba_76db78c1,C6,4610,158,948.0,2370.0,1,1,0,,1.0,,,
6bba_76db78c1,C0,4610,0,,,0,0,0,,,,,
6bba_76db78c1,decoder_only,4610,0,,,0,0,0,,,,,
6bba_76db78c1,original_objective_C4,4610,0,,,0,0,0,,,,,
6bba_76db78c1,D_real,4610,7,42.0,105.0,0,0,0,,,,,True
6bba_76db78c1,D_synthetic,4610,6,36.0,90.0,0,0,0,,,,,True
6bba_76db78c1,D_synthetic_C4,4610,172,1032.0,2580.0,1,1,1,1.0,0.0,True,0.0,True
6bba_784a78c9,C1short,12656,6283,37698.0,94245.0,0,0,0,,,,,
6bba_784a78c9,C1,12656,30,180.0,450.0,0,0,0,,,,,
6bba_784a78c9,C1_relinked,12656,30,180.0,450.0,0,0,0,,,,,True
6bba_784a78c9,C2,12656,256,1536.0,3840.0,3,3,0,,3.0,,,
6bba_784a78c9,C3,12656,28,168.0,420.0,0,0,0,,,,,
6bba_784a78c9,C4,12656,549,3294.0,8235.0,2,2,0,,2.0,,,
6bba_784a78c9,C4_relinked,12656,549,3294.0,8235.0,2,2,2,2.0,0.0,True,0.0,True
6bba_784a78c9,C4_m2,12656,549,3294.0,8235.0,3,3,0,,3.0,,,
6bba_784a78c9,C4_m6,12656,549,3294.0,8235.0,1,1,0,,1.0,,,
6bba_784a78c9,C4_Gonly,12656,549,3294.0,8235.0,12,12,7,12.0,4.0,True,0.0,
6bba_784a78c9,C5,12656,296,1776.0,4440.0,2,2,0,,2.0,,,
6bba_784a78c9,C6,12656,549,3294.0,8235.0,1,1,0,,1.0,,,
6bba_784a78c9,C0,12656,0,,,0,0,0,,,,,
6bba_784a78c9,decoder_only,12656,0,,,0,0,0,,,,,
6bba_784a78c9,original_objective_C4,12656,0,,,0,0,0,,,,,
6bba_784a78c9,D_real,12656,32,192.0,480.0,0,0,0,,,,,True
6bba_784a78c9,D_synthetic,12656,37,222.0,555.0,0,0,0,,,,,True
6bba_784a78c9,D_synthetic_C4,12656,624,3744.0,9360.0,2,2,2,2.0,0.0,True,0.0,True
6bba_786893ac,C1short,58037,16100,96600.0,241500.0,0,0,0,,,,,
6bba_786893ac,C1,58037,108,648.0,1620.0,0,0,0,,,,,
6bba_786893ac,C1_relinked,58037,108,648.0,1620.0,0,0,0,,,,,True
6bba_786893ac,C2,58037,969,5814.0,14535.0,1,1,1,2.0,0.0,True,0.0,
6bba_786893ac,C3,58037,315,1890.0,4725.0,0,0,0,,,,,
6bba_786893ac,C4,58037,2497,14982.0,37455.0,1,1,1,2.0,0.0,True,0.0,
6bba_786893ac,C4_relinked,58037,2497,14982.0,37455.0,1,1,1,2.0,0.0,True,0.0,True
6bba_786893ac,C4_m2,58037,2497,14982.0,37455.0,1,1,1,2.0,0.0,True,0.0,
6bba_786893ac,C4_m6,58037,2497,14982.0,37455.0,1,1,1,2.0,0.0,True,0.0,
6bba_786893ac,C4_Gonly,58037,2497,14982.0,37455.0,44,44,41,58.0,3.0,True,0.0,
6bba_786893ac,C5,58037,2669,16014.0,40035.0,1,1,1,2.0,0.0,True,0.0,
6bba_786893ac,C6,58037,2497,14982.0,37455.0,2,2,2,3.0,0.0,True,0.0,
6bba_786893ac,C0,58037,0,,,0,0,0,,,,,
6bba_786893ac,decoder_only,58037,0,,,0,0,0,,,,,
6bba_786893ac,original_objective_C4,58037,0,,,0,0,0,,,,,
6bba_786893ac,D_real,58037,101,606.0,1515.0,0,0,0,,,,,True
6bba_786893ac,D_synthetic,58037,95,570.0,1425.0,0,0,0,,,,,True
6bba_786893ac,D_synthetic_C4,58037,2789,16734.0,41835.0,1,1,1,2.0,0.0,True,0.0,True
6bba_789f8168,C1short,10643,1851,11106.0,27765.0,0,0,0,,,,,
6bba_789f8168,C1,10643,14,84.0,210.0,0,0,0,,,,,
6bba_789f8168,C1_relinked,10643,14,84.0,210.0,0,0,0,,,,,True
6bba_789f8168,C2,10643,697,4182.0,10455.0,5,5,3,6.0,2.0,True,0.0,
6bba_789f8168,C3,10643,21,126.0,315.0,0,0,0,,,,,
6bba_789f8168,C4,10643,2294,13764.0,34410.0,6,6,4,8.0,2.0,True,0.0,
6bba_789f8168,C4_relinked,10643,2294,13764.0,34410.0,6,6,6,10.0,0.0,True,0.0,True
6bba_789f8168,C4_m2,10643,2294,13764.0,34410.0,23,23,14,26.0,3.0,True,0.0,
6bba_789f8168,C4_m6,10643,2294,13764.0,34410.0,1,1,1,2.0,0.0,True,0.0,
6bba_789f8168,C4_Gonly,10643,2294,13764.0,34410.0,62,62,47,87.0,2.0,True,0.0,
6bba_789f8168,C5,10643,1583,9498.0,23745.0,5,5,2,4.0,2.0,True,0.0,
6bba_789f8168,C6,10643,2294,13764.0,34410.0,9,9,7,14.0,1.0,True,0.0,
6bba_789f8168,C0,10643,0,,,0,0,0,,,,,
6bba_789f8168,decoder_only,10643,0,,,0,0,0,,,,,
6bba_789f8168,original_objective_C4,10643,0,,,0,0,0,,,,,
6bba_789f8168,D_real,10643,14,84.0,210.0,0,0,0,,,,,True
6bba_789f8168,D_synthetic,10643,12,72.0,180.0,0,0,0,,,,,True
6bba_789f8168,D_synthetic_C4,10643,2371,14226.0,35565.0,5,5,5,8.0,0.0,True,0.0,True
6bba_78a7bd97,C1short,38755,16013,96078.0,240195.0,0,0,0,,,,,
6bba_78a7bd97,C1,38755,96,576.0,1440.0,0,0,0,,,,,
6bba_78a7bd97,C1_relinked,38755,96,576.0,1440.0,0,0,0,,,,,True
6bba_78a7bd97,C2,38755,2001,12006.0,30015.0,0,0,0,,,,,
6bba_78a7bd97,C3,38755,216,1296.0,3240.0,0,0,0,,,,,
6bba_78a7bd97,C4,38755,6495,38970.0,97425.0,2,2,2,2.0,0.0,True,0.0,
6bba_78a7bd97,C4_relinked,38755,6495,38970.0,97425.0,2,2,2,3.0,0.0,True,0.0,True
6bba_78a7bd97,C4_m2,38755,6495,38970.0,97425.0,5,5,5,6.0,0.0,True,0.0,
6bba_78a7bd97,C4_m6,38755,6495,38970.0,97425.0,0,0,0,,,,,
6bba_78a7bd97,C4_Gonly,38755,6495,38970.0,97425.0,139,139,120,203.0,2.0,True,0.0,
6bba_78a7bd97,C5,38755,6280,37680.0,94200.0,1,1,1,0.0,0.0,True,0.0,
6bba_78a7bd97,C6,38755,6495,38970.0,97425.0,5,5,5,7.0,0.0,True,0.0,
6bba_78a7bd97,C0,38755,0,,,0,0,0,,,,,
6bba_78a7bd97,decoder_only,38755,0,,,0,0,0,,,,,
6bba_78a7bd97,original_objective_C4,38755,0,,,0,0,0,,,,,
6bba_78a7bd97,D_real,38755,100,600.0,1500.0,0,0,0,,,,,True
6bba_78a7bd97,D_synthetic,38755,104,624.0,1560.0,0,0,0,,,,,True
6bba_78a7bd97,D_synthetic_C4,38755,6991,41946.0,104865.0,0,0,0,,,,,True
6bba_7af54fde,C1short,10033,4695,28170.0,70425.0,0,0,0,,,,,
6bba_7af54fde,C1,10033,19,114.0,285.0,0,0,0,,,,,
6bba_7af54fde,C1_relinked,10033,19,114.0,285.0,0,0,0,,,,,True
6bba_7af54fde,C2,10033,166,996.0,2490.0,0,0,0,,,,,
6bba_7af54fde,C3,10033,33,198.0,495.0,0,0,0,,,,,
6bba_7af54fde,C4,10033,445,2670.0,6675.0,0,0,0,,,,,
6bba_7af54fde,C4_relinked,10033,445,2670.0,6675.0,0,0,0,,,,,True
6bba_7af54fde,C4_m2,10033,445,2670.0,6675.0,0,0,0,,,,,
6bba_7af54fde,C4_m6,10033,445,2670.0,6675.0,0,0,0,,,,,
6bba_7af54fde,C4_Gonly,10033,445,2670.0,6675.0,10,10,10,16.0,0.0,True,0.0,
6bba_7af54fde,C5,10033,339,2034.0,5085.0,0,0,0,,,,,
6bba_7af54fde,C6,10033,445,2670.0,6675.0,0,0,0,,,,,
6bba_7af54fde,C0,10033,0,,,0,0,0,,,,,
6bba_7af54fde,decoder_only,10033,0,,,0,0,0,,,,,
6bba_7af54fde,original_objective_C4,10033,0,,,0,0,0,,,,,
6bba_7af54fde,D_real,10033,21,126.0,315.0,0,0,0,,,,,True
6bba_7af54fde,D_synthetic,10033,23,138.0,345.0,0,0,0,,,,,True
6bba_7af54fde,D_synthetic_C4,10033,485,2910.0,7275.0,0,0,0,,,,,True
6bba_7b5d3b2c,C1short,5442,1738,10428.0,26070.0,0,0,0,,,,,
6bba_7b5d3b2c,C1,5442,4,24.0,60.0,0,0,0,,,,,
6bba_7b5d3b2c,C1_relinked,5442,4,24.0,60.0,0,0,0,,,,,True
6bba_7b5d3b2c,C2,5442,99,594.0,1485.0,0,0,0,,,,,
6bba_7b5d3b2c,C3,5442,16,96.0,240.0,0,0,0,,,,,
6bba_7b5d3b2c,C4,5442,209,1254.0,3135.0,0,0,0,,,,,
6bba_7b5d3b2c,C4_relinked,5442,209,1254.0,3135.0,0,0,0,,,,,True
6bba_7b5d3b2c,C4_m2,5442,209,1254.0,3135.0,1,1,1,1.0,0.0,True,0.0,
6bba_7b5d3b2c,C4_m6,5442,209,1254.0,3135.0,0,0,0,,,,,
6bba_7b5d3b2c,C4_Gonly,5442,209,1254.0,3135.0,6,6,4,7.0,2.0,True,0.0,
6bba_7b5d3b2c,C5,5442,137,822.0,2055.0,0,0,0,,,,,
6bba_7b5d3b2c,C6,5442,209,1254.0,3135.0,0,0,0,,,,,
6bba_7b5d3b2c,C0,5442,0,,,0,0,0,,,,,
6bba_7b5d3b2c,decoder_only,5442,0,,,0,0,0,,,,,
6bba_7b5d3b2c,original_objective_C4,5442,0,,,0,0,0,,,,,
6bba_7b5d3b2c,D_real,5442,3,18.0,45.0,0,0,0,,,,,True
6bba_7b5d3b2c,D_synthetic,5442,6,36.0,90.0,0,0,0,,,,,True
6bba_7b5d3b2c,D_synthetic_C4,5442,219,1314.0,3285.0,0,0,0,,,,,True
6bba_7d3058ae,C1short,7390,1830,10980.0,27450.0,0,0,0,,,,,
6bba_7d3058ae,C1,7390,5,30.0,75.0,0,0,0,,,,,
6bba_7d3058ae,C1_relinked,7390,5,30.0,75.0,0,0,0,,,,,True
6bba_7d3058ae,C2,7390,50,300.0,750.0,1,1,0,,1.0,,,
6bba_7d3058ae,C3,7390,45,270.0,675.0,0,0,0,,,,,
6bba_7d3058ae,C4,7390,239,1434.0,3585.0,0,0,0,,,,,
6bba_7d3058ae,C4_relinked,7390,239,1434.0,3585.0,0,0,0,,,,,True
6bba_7d3058ae,C4_m2,7390,239,1434.0,3585.0,1,1,0,,1.0,,,
6bba_7d3058ae,C4_m6,7390,239,1434.0,3585.0,0,0,0,,,,,
6bba_7d3058ae,C4_Gonly,7390,239,1434.0,3585.0,6,6,5,10.0,1.0,True,0.0,
6bba_7d3058ae,C5,7390,207,1242.0,3105.0,0,0,0,,,,,
6bba_7d3058ae,C6,7390,239,1434.0,3585.0,0,0,0,,,,,
6bba_7d3058ae,C0,7390,0,,,0,0,0,,,,,
6bba_7d3058ae,decoder_only,7390,0,,,0,0,0,,,,,
6bba_7d3058ae,original_objective_C4,7390,0,,,0,0,0,,,,,
6bba_7d3058ae,D_real,7390,4,24.0,60.0,0,0,0,,,,,True
6bba_7d3058ae,D_synthetic,7390,4,24.0,60.0,0,0,0,,,,,True
6bba_7d3058ae,D_synthetic_C4,7390,288,1728.0,4320.0,0,0,0,,,,,True
6bba_7f87b3d8,C1short,9294,592,3552.0,8880.0,0,0,0,,,,,
6bba_7f87b3d8,C1,9294,12,72.0,180.0,0,0,0,,,,,
6bba_7f87b3d8,C1_relinked,9294,12,72.0,180.0,0,0,0,,,,,True
6bba_7f87b3d8,C2,9294,755,4530.0,11325.0,2,2,2,4.0,0.0,True,0.0,
6bba_7f87b3d8,C3,9294,28,168.0,420.0,0,0,0,,,,,
6bba_7f87b3d8,C4,9294,1057,6342.0,15855.0,0,0,0,,,,,
6bba_7f87b3d8,C4_relinked,9294,1057,6342.0,15855.0,0,0,0,,,,,True
6bba_7f87b3d8,C4_m2,9294,1057,6342.0,15855.0,12,12,10,19.0,2.0,True,0.0,
6bba_7f87b3d8,C4_m6,9294,1057,6342.0,15855.0,0,0,0,,,,,
6bba_7f87b3d8,C4_Gonly,9294,1057,6342.0,15855.0,25,25,20,39.0,1.0,True,0.0,
6bba_7f87b3d8,C5,9294,1490,8940.0,22350.0,0,0,0,,,,,
6bba_7f87b3d8,C6,9294,1057,6342.0,15855.0,1,1,1,2.0,0.0,True,0.0,
6bba_7f87b3d8,C0,9294,0,,,0,0,0,,,,,
6bba_7f87b3d8,decoder_only,9294,0,,,0,0,0,,,,,
6bba_7f87b3d8,original_objective_C4,9294,0,,,0,0,0,,,,,
6bba_7f87b3d8,D_real,9294,12,72.0,180.0,0,0,0,,,,,True
6bba_7f87b3d8,D_synthetic,9294,10,60.0,150.0,0,0,0,,,,,True
6bba_7f87b3d8,D_synthetic_C4,9294,1155,6930.0,17325.0,2,2,2,4.0,0.0,True,0.0,True
6bba_80d12824,C1short,8371,1282,7692.0,19230.0,0,0,0,,,,,
6bba_80d12824,C1,8371,1,6.0,15.0,0,0,0,,,,,
6bba_80d12824,C1_relinked,8371,1,6.0,15.0,0,0,0,,,,,True
6bba_80d12824,C2,8371,111,666.0,1665.0,1,1,1,1.0,0.0,True,0.0,
6bba_80d12824,C3,8371,15,90.0,225.0,0,0,0,,,,,
6bba_80d12824,C4,8371,158,948.0,2370.0,1,1,1,1.0,0.0,True,0.0,
6bba_80d12824,C4_relinked,8371,158,948.0,2370.0,1,1,1,2.0,0.0,True,0.0,True
6bba_80d12824,C4_m2,8371,158,948.0,2370.0,6,6,5,7.0,1.0,True,0.0,
6bba_80d12824,C4_m6,8371,158,948.0,2370.0,0,0,0,,,,,
6bba_80d12824,C4_Gonly,8371,158,948.0,2370.0,7,7,4,5.0,2.0,True,0.0,
6bba_80d12824,C5,8371,244,1464.0,3660.0,3,3,3,3.0,0.0,True,0.0,
6bba_80d12824,C6,8371,158,948.0,2370.0,2,2,1,2.0,1.0,True,0.0,
6bba_80d12824,C0,8371,0,,,0,0,0,,,,,
6bba_80d12824,decoder_only,8371,0,,,0,0,0,,,,,
6bba_80d12824,original_objective_C4,8371,0,,,0,0,0,,,,,
6bba_80d12824,D_real,8371,3,18.0,45.0,0,0,0,,,,,True
6bba_80d12824,D_synthetic,8371,2,12.0,30.0,0,0,0,,,,,True
6bba_80d12824,D_synthetic_C4,8371,185,1110.0,2775.0,4,4,4,7.0,0.0,True,0.0,True
6bba_825bd1c6,C1short,6803,2818,16908.0,42270.0,0,0,0,,,,,
6bba_825bd1c6,C1,6803,13,78.0,195.0,0,0,0,,,,,
6bba_825bd1c6,C1_relinked,6803,13,78.0,195.0,0,0,0,,,,,True
6bba_825bd1c6,C2,6803,225,1350.0,3375.0,2,2,2,4.0,0.0,True,0.0,
6bba_825bd1c6,C3,6803,107,642.0,1605.0,0,0,0,,,,,
6bba_825bd1c6,C4,6803,730,4380.0,10950.0,4,4,4,8.0,0.0,True,0.0,
6bba_825bd1c6,C4_relinked,6803,730,4380.0,10950.0,4,4,4,8.0,0.0,True,0.0,True
6bba_825bd1c6,C4_m2,6803,730,4380.0,10950.0,8,8,7,14.0,1.0,True,0.0,
6bba_825bd1c6,C4_m6,6803,730,4380.0,10950.0,0,0,0,,,,,
6bba_825bd1c6,C4_Gonly,6803,730,4380.0,10950.0,15,15,12,23.0,3.0,True,0.0,
6bba_825bd1c6,C5,6803,581,3486.0,8715.0,0,0,0,,,,,
6bba_825bd1c6,C6,6803,730,4380.0,10950.0,2,2,2,4.0,0.0,True,0.0,
6bba_825bd1c6,C0,6803,0,,,0,0,0,,,,,
6bba_825bd1c6,decoder_only,6803,0,,,0,0,0,,,,,
6bba_825bd1c6,original_objective_C4,6803,0,,,0,0,0,,,,,
6bba_825bd1c6,D_real,6803,14,84.0,210.0,0,0,0,,,,,True
6bba_825bd1c6,D_synthetic,6803,13,78.0,195.0,0,0,0,,,,,True
6bba_825bd1c6,D_synthetic_C4,6803,805,4830.0,12075.0,4,4,4,8.0,0.0,True,0.0,True
6bba_87289e13,C1short,13961,1551,9306.0,23265.0,0,0,0,,,,,
6bba_87289e13,C1,13961,14,84.0,210.0,0,0,0,,,,,
6bba_87289e13,C1_relinked,13961,14,84.0,210.0,0,0,0,,,,,True
6bba_87289e13,C2,13961,454,2724.0,6810.0,8,8,7,13.0,1.0,True,0.0,
6bba_87289e13,C3,13961,14,84.0,210.0,0,0,0,,,,,
6bba_87289e13,C4,13961,1041,6246.0,15615.0,6,6,5,9.0,1.0,True,0.0,
6bba_87289e13,C4_relinked,13961,1041,6246.0,15615.0,6,6,6,11.0,0.0,True,0.0,True
6bba_87289e13,C4_m2,13961,1041,6246.0,15615.0,27,27,19,36.0,6.0,True,0.0,
6bba_87289e13,C4_m6,13961,1041,6246.0,15615.0,2,2,1,2.0,1.0,True,0.0,
6bba_87289e13,C4_Gonly,13961,1041,6246.0,15615.0,23,23,19,34.0,4.0,True,0.0,
6bba_87289e13,C5,13961,1281,7686.0,19215.0,8,8,4,7.0,4.0,True,0.0,
6bba_87289e13,C6,13961,1041,6246.0,15615.0,4,4,3,5.0,1.0,True,0.0,
6bba_87289e13,C0,13961,0,,,0,0,0,,,,,
6bba_87289e13,decoder_only,13961,0,,,0,0,0,,,,,
6bba_87289e13,original_objective_C4,13961,0,,,0,0,0,,,,,
6bba_87289e13,D_real,13961,15,90.0,225.0,0,0,0,,,,,True
6bba_87289e13,D_synthetic,13961,17,102.0,255.0,0,0,0,,,,,True
6bba_87289e13,D_synthetic_C4,13961,1215,7290.0,18225.0,13,13,11,18.0,0.0,True,0.0,True
6bba_8b7818bf,C1short,5622,859,5154.0,12885.0,0,0,0,,,,,
6bba_8b7818bf,C1,5622,6,36.0,90.0,0,0,0,,,,,
6bba_8b7818bf,C1_relinked,5622,6,36.0,90.0,0,0,0,,,,,True
6bba_8b7818bf,C2,5622,63,378.0,945.0,0,0,0,,,,,
6bba_8b7818bf,C3,5622,18,108.0,270.0,0,0,0,,,,,
6bba_8b7818bf,C4,5622,123,738.0,1845.0,0,0,0,,,,,
6bba_8b7818bf,C4_relinked,5622,123,738.0,1845.0,0,0,0,,,,,True
6bba_8b7818bf,C4_m2,5622,123,738.0,1845.0,0,0,0,,,,,
6bba_8b7818bf,C4_m6,5622,123,738.0,1845.0,0,0,0,,,,,
6bba_8b7818bf,C4_Gonly,5622,123,738.0,1845.0,3,3,2,3.0,1.0,True,0.0,
6bba_8b7818bf,C5,5622,138,828.0,2070.0,0,0,0,,,,,
6bba_8b7818bf,C6,5622,123,738.0,1845.0,0,0,0,,,,,
6bba_8b7818bf,C0,5622,0,,,0,0,0,,,,,
6bba_8b7818bf,decoder_only,5622,0,,,0,0,0,,,,,
6bba_8b7818bf,original_objective_C4,5622,0,,,0,0,0,,,,,
6bba_8b7818bf,D_real,5622,5,30.0,75.0,0,0,0,,,,,True
6bba_8b7818bf,D_synthetic,5622,5,30.0,75.0,0,0,0,,,,,True
6bba_8b7818bf,D_synthetic_C4,5622,138,828.0,2070.0,0,0,0,,,,,True
6bba_907271db,C1short,6822,1555,9330.0,23325.0,0,0,0,,,,,
6bba_907271db,C1,6822,17,102.0,255.0,0,0,0,,,,,
6bba_907271db,C1_relinked,6822,17,102.0,255.0,0,0,0,,,,,True
6bba_907271db,C2,6822,73,438.0,1095.0,1,1,1,2.0,0.0,True,0.0,
6bba_907271db,C3,6822,15,90.0,225.0,0,0,0,,,,,
6bba_907271db,C4,6822,176,1056.0,2640.0,1,1,1,2.0,0.0,True,0.0,
6bba_907271db,C4_relinked,6822,176,1056.0,2640.0,1,1,1,2.0,0.0,True,0.0,True
6bba_907271db,C4_m2,6822,176,1056.0,2640.0,2,2,2,4.0,0.0,True,0.0,
6bba_907271db,C4_m6,6822,176,1056.0,2640.0,1,1,1,2.0,0.0,True,0.0,
6bba_907271db,C4_Gonly,6822,176,1056.0,2640.0,5,5,4,7.0,1.0,True,0.0,
6bba_907271db,C5,6822,230,1380.0,3450.0,1,1,1,2.0,0.0,True,0.0,
6bba_907271db,C6,6822,176,1056.0,2640.0,1,1,1,2.0,0.0,True,0.0,
6bba_907271db,C0,6822,0,,,0,0,0,,,,,
6bba_907271db,decoder_only,6822,0,,,0,0,0,,,,,
6bba_907271db,original_objective_C4,6822,0,,,0,0,0,,,,,
6bba_907271db,D_real,6822,17,102.0,255.0,0,0,0,,,,,True
6bba_907271db,D_synthetic,6822,16,96.0,240.0,0,0,0,,,,,True
6bba_907271db,D_synthetic_C4,6822,182,1092.0,2730.0,1,1,1,2.0,0.0,True,0.0,True
6bba_91951b3a,C1short,11370,6029,36174.0,90435.0,0,0,0,,,,,
6bba_91951b3a,C1,11370,24,144.0,360.0,0,0,0,,,,,
6bba_91951b3a,C1_relinked,11370,24,144.0,360.0,0,0,0,,,,,True
6bba_91951b3a,C2,11370,564,3384.0,8460.0,1,1,1,1.0,0.0,True,0.0,
6bba_91951b3a,C3,11370,46,276.0,690.0,0,0,0,,,,,
6bba_91951b3a,C4,11370,1014,6084.0,15210.0,1,1,1,1.0,0.0,True,0.0,
6bba_91951b3a,C4_relinked,11370,1014,6084.0,15210.0,1,1,1,2.0,0.0,True,0.0,True
6bba_91951b3a,C4_m2,11370,1014,6084.0,15210.0,3,3,3,5.0,0.0,True,0.0,
6bba_91951b3a,C4_m6,11370,1014,6084.0,15210.0,0,0,0,,,,,
6bba_91951b3a,C4_Gonly,11370,1014,6084.0,15210.0,12,12,9,13.0,3.0,True,0.0,
6bba_91951b3a,C5,11370,552,3312.0,8280.0,2,2,2,3.0,0.0,True,0.0,
6bba_91951b3a,C6,11370,1014,6084.0,15210.0,1,1,1,1.0,0.0,True,0.0,
6bba_91951b3a,C0,11370,0,,,0,0,0,,,,,
6bba_91951b3a,decoder_only,11370,0,,,0,0,0,,,,,
6bba_91951b3a,original_objective_C4,11370,0,,,0,0,0,,,,,
6bba_91951b3a,D_real,11370,24,144.0,360.0,0,0,0,,,,,True
6bba_91951b3a,D_synthetic,11370,25,150.0,375.0,0,0,0,,,,,True
6bba_91951b3a,D_synthetic_C4,11370,1122,6732.0,16830.0,0,0,0,,,,,True
6bba_96833384,C1short,4723,2355,14130.0,35325.0,0,0,0,,,,,
6bba_96833384,C1,4723,16,96.0,240.0,0,0,0,,,,,
6bba_96833384,C1_relinked,4723,16,96.0,240.0,0,0,0,,,,,True
6bba_96833384,C2,4723,69,414.0,1035.0,1,1,0,,1.0,,,
6bba_96833384,C3,4723,4,24.0,60.0,0,0,0,,,,,
6bba_96833384,C4,4723,77,462.0,1155.0,1,1,0,,1.0,,,
6bba_96833384,C4_relinked,4723,77,462.0,1155.0,1,1,1,1.0,0.0,True,0.0,True
6bba_96833384,C4_m2,4723,77,462.0,1155.0,4,4,2,4.0,1.0,True,0.0,
6bba_96833384,C4_m6,4723,77,462.0,1155.0,1,1,0,,1.0,,,
6bba_96833384,C4_Gonly,4723,77,462.0,1155.0,2,2,2,4.0,0.0,True,0.0,
6bba_96833384,C5,4723,79,474.0,1185.0,0,0,0,,,,,
6bba_96833384,C6,4723,77,462.0,1155.0,1,1,0,,1.0,,,
6bba_96833384,C0,4723,0,,,0,0,0,,,,,
6bba_96833384,decoder_only,4723,0,,,0,0,0,,,,,
6bba_96833384,original_objective_C4,4723,0,,,0,0,0,,,,,
6bba_96833384,D_real,4723,15,90.0,225.0,0,0,0,,,,,True
6bba_96833384,D_synthetic,4723,12,72.0,180.0,0,0,0,,,,,True
6bba_96833384,D_synthetic_C4,4723,91,546.0,1365.0,2,2,2,3.0,0.0,True,0.0,True
6bba_969618f6,C1short,15559,9010,54060.0,135150.0,0,0,0,,,,,
6bba_969618f6,C1,15559,26,156.0,390.0,0,0,0,,,,,
6bba_969618f6,C1_relinked,15559,26,156.0,390.0,0,0,0,,,,,True
6bba_969618f6,C2,15559,758,4548.0,11370.0,0,0,0,,,,,
6bba_969618f6,C3,15559,61,366.0,915.0,0,0,0,,,,,
6bba_969618f6,C4,15559,1394,8364.0,20910.0,0,0,0,,,,,
6bba_969618f6,C4_relinked,15559,1394,8364.0,20910.0,0,0,0,,,,,True
6bba_969618f6,C4_m2,15559,1394,8364.0,20910.0,0,0,0,,,,,
6bba_969618f6,C4_m6,15559,1394,8364.0,20910.0,0,0,0,,,,,
6bba_969618f6,C4_Gonly,15559,1394,8364.0,20910.0,14,14,12,22.0,1.0,True,0.0,
6bba_969618f6,C5,15559,827,4962.0,12405.0,0,0,0,,,,,
6bba_969618f6,C6,15559,1394,8364.0,20910.0,0,0,0,,,,,
6bba_969618f6,C0,15559,0,,,0,0,0,,,,,
6bba_969618f6,decoder_only,15559,0,,,0,0,0,,,,,
6bba_969618f6,original_objective_C4,15559,0,,,0,0,0,,,,,
6bba_969618f6,D_real,15559,37,222.0,555.0,0,0,0,,,,,True
6bba_969618f6,D_synthetic,15559,31,186.0,465.0,0,0,0,,,,,True
6bba_969618f6,D_synthetic_C4,15559,1581,9486.0,23715.0,0,0,0,,,,,True
6bba_971fa5e0,C1short,4946,731,4386.0,10965.0,0,0,0,,,,,
6bba_971fa5e0,C1,4946,0,0.0,0.0,0,0,0,,,,,
6bba_971fa5e0,C1_relinked,4946,0,0.0,0.0,0,0,0,,,,,True
6bba_971fa5e0,C2,4946,74,444.0,1110.0,1,1,0,,1.0,,,
6bba_971fa5e0,C3,4946,7,42.0,105.0,0,0,0,,,,,
6bba_971fa5e0,C4,4946,93,558.0,1395.0,2,2,1,1.0,1.0,True,0.0,
6bba_971fa5e0,C4_relinked,4946,93,558.0,1395.0,2,2,2,2.0,0.0,True,0.0,True
6bba_971fa5e0,C4_m2,4946,93,558.0,1395.0,3,3,2,2.0,1.0,True,0.0,
6bba_971fa5e0,C4_m6,4946,93,558.0,1395.0,0,0,0,,,,,
6bba_971fa5e0,C4_Gonly,4946,93,558.0,1395.0,5,5,4,7.0,1.0,True,0.0,
6bba_971fa5e0,C5,4946,123,738.0,1845.0,0,0,0,,,,,
6bba_971fa5e0,C6,4946,93,558.0,1395.0,2,2,1,1.0,1.0,True,0.0,
6bba_971fa5e0,C0,4946,0,,,0,0,0,,,,,
6bba_971fa5e0,decoder_only,4946,0,,,0,0,0,,,,,
6bba_971fa5e0,original_objective_C4,4946,0,,,0,0,0,,,,,
6bba_971fa5e0,D_real,4946,0,0.0,0.0,0,0,0,,,,,True
6bba_971fa5e0,D_synthetic,4946,0,0.0,0.0,0,0,0,,,,,True
6bba_971fa5e0,D_synthetic_C4,4946,107,642.0,1605.0,3,3,3,3.0,0.0,True,0.0,True
6bba_9a41d029,C1short,18248,7618,45708.0,114270.0,0,0,0,,,,,
6bba_9a41d029,C1,18248,71,426.0,1065.0,0,0,0,,,,,
6bba_9a41d029,C1_relinked,18248,71,426.0,1065.0,0,0,0,,,,,True
6bba_9a41d029,C2,18248,317,1902.0,4755.0,3,3,0,,3.0,,,
6bba_9a41d029,C3,18248,113,678.0,1695.0,0,0,0,,,,,
6bba_9a41d029,C4,18248,819,4914.0,12285.0,2,2,0,,2.0,,,
6bba_9a41d029,C4_relinked,18248,819,4914.0,12285.0,2,2,2,2.0,0.0,True,0.0,True
6bba_9a41d029,C4_m2,18248,819,4914.0,12285.0,6,6,3,2.0,3.0,True,0.0,
6bba_9a41d029,C4_m6,18248,819,4914.0,12285.0,2,2,0,,2.0,,,
6bba_9a41d029,C4_Gonly,18248,819,4914.0,12285.0,23,23,17,27.0,6.0,True,0.0,
6bba_9a41d029,C5,18248,786,4716.0,11790.0,3,3,0,,3.0,,,
6bba_9a41d029,C6,18248,819,4914.0,12285.0,7,7,4,7.0,3.0,True,0.0,
6bba_9a41d029,C0,18248,0,,,0,0,0,,,,,
6bba_9a41d029,decoder_only,18248,0,,,0,0,0,,,,,
6bba_9a41d029,original_objective_C4,18248,0,,,0,0,0,,,,,
6bba_9a41d029,D_real,18248,65,390.0,975.0,0,0,0,,,,,True
6bba_9a41d029,D_synthetic,18248,77,462.0,1155.0,0,0,0,,,,,True
6bba_9a41d029,D_synthetic_C4,18248,982,5892.0,14730.0,2,2,2,2.0,0.0,True,0.0,True
6bba_9e23430b,C1short,7391,3224,19344.0,48360.0,0,0,0,,,,,
6bba_9e23430b,C1,7391,19,114.0,285.0,0,0,0,,,,,
6bba_9e23430b,C1_relinked,7391,19,114.0,285.0,0,0,0,,,,,True
6bba_9e23430b,C2,7391,203,1218.0,3045.0,0,0,0,,,,,
6bba_9e23430b,C3,7391,34,204.0,510.0,0,0,0,,,,,
6bba_9e23430b,C4,7391,630,3780.0,9450.0,0,0,0,,,,,
6bba_9e23430b,C4_relinked,7391,630,3780.0,9450.0,0,0,0,,,,,True
6bba_9e23430b,C4_m2,7391,630,3780.0,9450.0,1,1,1,2.0,0.0,True,0.0,
6bba_9e23430b,C4_m6,7391,630,3780.0,9450.0,0,0,0,,,,,
6bba_9e23430b,C4_Gonly,7391,630,3780.0,9450.0,15,15,11,20.0,1.0,True,0.0,
6bba_9e23430b,C5,7391,329,1974.0,4935.0,0,0,0,,,,,
6bba_9e23430b,C6,7391,630,3780.0,9450.0,0,0,0,,,,,
6bba_9e23430b,C0,7391,0,,,0,0,0,,,,,
6bba_9e23430b,decoder_only,7391,0,,,0,0,0,,,,,
6bba_9e23430b,original_objective_C4,7391,0,,,0,0,0,,,,,
6bba_9e23430b,D_real,7391,15,90.0,225.0,0,0,0,,,,,True
6bba_9e23430b,D_synthetic,7391,16,96.0,240.0,0,0,0,,,,,True
6bba_9e23430b,D_synthetic_C4,7391,668,4008.0,10020.0,0,0,0,,,,,True
6bba_a5e926bb,C1short,7931,917,5502.0,13755.0,0,0,0,,,,,
6bba_a5e926bb,C1,7931,14,84.0,210.0,0,0,0,,,,,
6bba_a5e926bb,C1_relinked,7931,14,84.0,210.0,0,0,0,,,,,True
6bba_a5e926bb,C2,7931,360,2160.0,5400.0,5,5,4,8.0,1.0,True,0.0,
6bba_a5e926bb,C3,7931,7,42.0,105.0,0,0,0,,,,,
6bba_a5e926bb,C4,7931,426,2556.0,6390.0,4,4,3,6.0,1.0,True,0.0,
6bba_a5e926bb,C4_relinked,7931,426,2556.0,6390.0,4,4,4,7.0,0.0,True,0.0,True
6bba_a5e926bb,C4_m2,7931,426,2556.0,6390.0,7,7,6,12.0,1.0,True,0.0,
6bba_a5e926bb,C4_m6,7931,426,2556.0,6390.0,2,2,2,4.0,0.0,True,0.0,
6bba_a5e926bb,C4_Gonly,7931,426,2556.0,6390.0,28,28,23,45.0,2.0,True,0.0,
6bba_a5e926bb,C5,7931,581,3486.0,8715.0,3,3,2,4.0,1.0,True,0.0,
6bba_a5e926bb,C6,7931,426,2556.0,6390.0,5,5,4,8.0,1.0,True,0.0,
6bba_a5e926bb,C0,7931,0,,,0,0,0,,,,,
6bba_a5e926bb,decoder_only,7931,0,,,0,0,0,,,,,
6bba_a5e926bb,original_objective_C4,7931,0,,,0,0,0,,,,,
6bba_a5e926bb,D_real,7931,15,90.0,225.0,0,0,0,,,,,True
6bba_a5e926bb,D_synthetic,7931,13,78.0,195.0,0,0,0,,,,,True
6bba_a5e926bb,D_synthetic_C4,7931,465,2790.0,6975.0,3,3,3,5.0,0.0,True,0.0,True
6bba_a90a0b9c,C1short,31062,9537,57222.0,143055.0,0,0,0,,,,,
6bba_a90a0b9c,C1,31062,62,372.0,930.0,0,0,0,,,,,
6bba_a90a0b9c,C1_relinked,31062,62,372.0,930.0,0,0,0,,,,,True
6bba_a90a0b9c,C2,31062,378,2268.0,5670.0,1,1,0,,1.0,,,
6bba_a90a0b9c,C3,31062,132,792.0,1980.0,0,0,0,,,,,
6bba_a90a0b9c,C4,31062,798,4788.0,11970.0,1,1,0,,1.0,,,
6bba_a90a0b9c,C4_relinked,31062,798,4788.0,11970.0,1,1,1,1.0,0.0,True,0.0,True
6bba_a90a0b9c,C4_m2,31062,798,4788.0,11970.0,1,1,0,,1.0,,,
6bba_a90a0b9c,C4_m6,31062,798,4788.0,11970.0,1,1,0,,1.0,,,
6bba_a90a0b9c,C4_Gonly,31062,798,4788.0,11970.0,17,17,14,27.0,2.0,True,0.0,
6bba_a90a0b9c,C5,31062,857,5142.0,12855.0,2,2,1,1.0,1.0,True,0.0,
6bba_a90a0b9c,C6,31062,798,4788.0,11970.0,1,1,0,,1.0,,,
6bba_a90a0b9c,C0,31062,0,,,0,0,0,,,,,
6bba_a90a0b9c,decoder_only,31062,0,,,0,0,0,,,,,
6bba_a90a0b9c,original_objective_C4,31062,0,,,0,0,0,,,,,
6bba_a90a0b9c,D_real,31062,59,354.0,885.0,0,0,0,,,,,True
6bba_a90a0b9c,D_synthetic,31062,55,330.0,825.0,0,0,0,,,,,True
6bba_a90a0b9c,D_synthetic_C4,31062,877,5262.0,13155.0,0,0,0,,,,,True
6bba_ab78413d,C1short,13437,4611,27666.0,69165.0,0,0,0,,,,,
6bba_ab78413d,C1,13437,38,228.0,570.0,0,0,0,,,,,
6bba_ab78413d,C1_relinked,13437,38,228.0,570.0,0,0,0,,,,,True
6bba_ab78413d,C2,13437,211,1266.0,3165.0,0,0,0,,,,,
6bba_ab78413d,C3,13437,33,198.0,495.0,0,0,0,,,,,
6bba_ab78413d,C4,13437,381,2286.0,5715.0,0,0,0,,,,,
6bba_ab78413d,C4_relinked,13437,381,2286.0,5715.0,0,0,0,,,,,True
6bba_ab78413d,C4_m2,13437,381,2286.0,5715.0,0,0,0,,,,,
6bba_ab78413d,C4_m6,13437,381,2286.0,5715.0,0,0,0,,,,,
6bba_ab78413d,C4_Gonly,13437,381,2286.0,5715.0,13,13,11,17.0,2.0,True,0.0,
6bba_ab78413d,C5,13437,381,2286.0,5715.0,0,0,0,,,,,
6bba_ab78413d,C6,13437,381,2286.0,5715.0,0,0,0,,,,,
6bba_ab78413d,C0,13437,0,,,0,0,0,,,,,
6bba_ab78413d,decoder_only,13437,0,,,0,0,0,,,,,
6bba_ab78413d,original_objective_C4,13437,0,,,0,0,0,,,,,
6bba_ab78413d,D_real,13437,35,210.0,525.0,0,0,0,,,,,True
6bba_ab78413d,D_synthetic,13437,38,228.0,570.0,0,0,0,,,,,True
6bba_ab78413d,D_synthetic_C4,13437,407,2442.0,6105.0,0,0,0,,,,,True
6bba_acd782a8,C1short,19752,5296,31776.0,79440.0,0,0,0,,,,,
6bba_acd782a8,C1,19752,17,102.0,255.0,0,0,0,,,,,
6bba_acd782a8,C1_relinked,19752,17,102.0,255.0,0,0,0,,,,,True
6bba_acd782a8,C2,19752,714,4284.0,10710.0,2,2,2,1.0,0.0,True,0.0,
6bba_acd782a8,C3,19752,69,414.0,1035.0,0,0,0,,,,,
6bba_acd782a8,C4,19752,1011,6066.0,15165.0,0,0,0,,,,,
6bba_acd782a8,C4_relinked,19752,1011,6066.0,15165.0,0,0,0,,,,,True
6bba_acd782a8,C4_m2,19752,1011,6066.0,15165.0,5,5,5,5.0,0.0,True,0.0,
6bba_acd782a8,C4_m6,19752,1011,6066.0,15165.0,0,0,0,,,,,
6bba_acd782a8,C4_Gonly,19752,1011,6066.0,15165.0,17,17,12,20.0,4.0,True,0.0,
6bba_acd782a8,C5,19752,934,5604.0,14010.0,1,1,1,2.0,0.0,True,0.0,
6bba_acd782a8,C6,19752,1011,6066.0,15165.0,0,0,0,,,,,
6bba_acd782a8,C0,19752,0,,,0,0,0,,,,,
6bba_acd782a8,decoder_only,19752,0,,,0,0,0,,,,,
6bba_acd782a8,original_objective_C4,19752,0,,,0,0,0,,,,,
6bba_acd782a8,D_real,19752,20,120.0,300.0,0,0,0,,,,,True
6bba_acd782a8,D_synthetic,19752,24,144.0,360.0,0,0,0,,,,,True
6bba_acd782a8,D_synthetic_C4,19752,1215,7290.0,18225.0,0,0,0,,,,,True
6bba_ae82a791,C1short,7060,1179,7074.0,17685.0,0,0,0,,,,,
6bba_ae82a791,C1,7060,7,42.0,105.0,0,0,0,,,,,
6bba_ae82a791,C1_relinked,7060,7,42.0,105.0,0,0,0,,,,,True
6bba_ae82a791,C2,7060,82,492.0,1230.0,3,3,2,2.0,1.0,True,0.0,
6bba_ae82a791,C3,7060,45,270.0,675.0,0,0,0,,,,,
6bba_ae82a791,C4,7060,260,1560.0,3900.0,1,1,0,,1.0,,,
6bba_ae82a791,C4_relinked,7060,260,1560.0,3900.0,1,1,1,1.0,0.0,True,0.0,True
6bba_ae82a791,C4_m2,7060,260,1560.0,3900.0,5,5,3,2.0,2.0,True,0.0,
6bba_ae82a791,C4_m6,7060,260,1560.0,3900.0,0,0,0,,,,,
6bba_ae82a791,C4_Gonly,7060,260,1560.0,3900.0,10,10,6,10.0,4.0,True,0.0,
6bba_ae82a791,C5,7060,237,1422.0,3555.0,1,1,0,,1.0,,,
6bba_ae82a791,C6,7060,260,1560.0,3900.0,1,1,0,,1.0,,,
6bba_ae82a791,C0,7060,0,,,0,0,0,,,,,
6bba_ae82a791,decoder_only,7060,0,,,0,0,0,,,,,
6bba_ae82a791,original_objective_C4,7060,0,,,0,0,0,,,,,
6bba_ae82a791,D_real,7060,7,42.0,105.0,0,0,0,,,,,True
6bba_ae82a791,D_synthetic,7060,7,42.0,105.0,0,0,0,,,,,True
6bba_ae82a791,D_synthetic_C4,7060,292,1752.0,4380.0,3,3,3,5.0,0.0,True,0.0,True
6bba_aeee7805,C1short,4909,1786,10716.0,26790.0,0,0,0,,,,,
6bba_aeee7805,C1,4909,5,30.0,75.0,0,0,0,,,,,
6bba_aeee7805,C1_relinked,4909,5,30.0,75.0,0,0,0,,,,,True
6bba_aeee7805,C2,4909,41,246.0,615.0,0,0,0,,,,,
6bba_aeee7805,C3,4909,11,66.0,165.0,0,0,0,,,,,
6bba_aeee7805,C4,4909,44,264.0,660.0,0,0,0,,,,,
6bba_aeee7805,C4_relinked,4909,44,264.0,660.0,0,0,0,,,,,True
6bba_aeee7805,C4_m2,4909,44,264.0,660.0,0,0,0,,,,,
6bba_aeee7805,C4_m6,4909,44,264.0,660.0,0,0,0,,,,,
6bba_aeee7805,C4_Gonly,4909,44,264.0,660.0,2,2,2,2.0,0.0,True,0.0,
6bba_aeee7805,C5,4909,48,288.0,720.0,0,0,0,,,,,
6bba_aeee7805,C6,4909,44,264.0,660.0,0,0,0,,,,,
6bba_aeee7805,C0,4909,0,,,0,0,0,,,,,
6bba_aeee7805,decoder_only,4909,0,,,0,0,0,,,,,
6bba_aeee7805,original_objective_C4,4909,0,,,0,0,0,,,,,
6bba_aeee7805,D_real,4909,4,24.0,60.0,0,0,0,,,,,True
6bba_aeee7805,D_synthetic,4909,5,30.0,75.0,0,0,0,,,,,True
6bba_aeee7805,D_synthetic_C4,4909,46,276.0,690.0,0,0,0,,,,,True
6bba_af149c94,C1short,7758,1457,8742.0,21855.0,0,0,0,,,,,
6bba_af149c94,C1,7758,9,54.0,135.0,0,0,0,,,,,
6bba_af149c94,C1_relinked,7758,9,54.0,135.0,0,0,0,,,,,True
6bba_af149c94,C2,7758,93,558.0,1395.0,2,2,0,,2.0,,,
6bba_af149c94,C3,7758,30,180.0,450.0,0,0,0,,,,,
6bba_af149c94,C4,7758,221,1326.0,3315.0,2,2,0,,2.0,,,
6bba_af149c94,C4_relinked,7758,221,1326.0,3315.0,2,2,2,2.0,0.0,True,0.0,True
6bba_af149c94,C4_m2,7758,221,1326.0,3315.0,4,4,1,1.0,3.0,True,0.0,
6bba_af149c94,C4_m6,7758,221,1326.0,3315.0,0,0,0,,,,,
6bba_af149c94,C4_Gonly,7758,221,1326.0,3315.0,8,8,6,11.0,2.0,True,0.0,
6bba_af149c94,C5,7758,221,1326.0,3315.0,2,2,0,,2.0,,,
6bba_af149c94,C6,7758,221,1326.0,3315.0,3,3,0,,3.0,,,
6bba_af149c94,C0,7758,0,,,0,0,0,,,,,
6bba_af149c94,decoder_only,7758,0,,,0,0,0,,,,,
6bba_af149c94,original_objective_C4,7758,0,,,0,0,0,,,,,
6bba_af149c94,D_real,7758,10,60.0,150.0,0,0,0,,,,,True
6bba_af149c94,D_synthetic,7758,11,66.0,165.0,0,0,0,,,,,True
6bba_af149c94,D_synthetic_C4,7758,237,1422.0,3555.0,1,1,1,1.0,0.0,True,0.0,True
6bba_afb141ff,C1short,5528,797,4782.0,11955.0,0,0,0,,,,,
6bba_afb141ff,C1,5528,3,18.0,45.0,0,0,0,,,,,
6bba_afb141ff,C1_relinked,5528,3,18.0,45.0,0,0,0,,,,,True
6bba_afb141ff,C2,5528,163,978.0,2445.0,3,3,3,4.0,0.0,True,0.0,
6bba_afb141ff,C3,5528,5,30.0,75.0,0,0,0,,,,,
6bba_afb141ff,C4,5528,225,1350.0,3375.0,4,4,4,6.0,0.0,True,0.0,
6bba_afb141ff,C4_relinked,5528,225,1350.0,3375.0,4,4,4,6.0,0.0,True,0.0,True
6bba_afb141ff,C4_m2,5528,225,1350.0,3375.0,12,12,9,12.0,2.0,True,0.0,
6bba_afb141ff,C4_m6,5528,225,1350.0,3375.0,1,1,1,1.0,0.0,True,0.0,
6bba_afb141ff,C4_Gonly,5528,225,1350.0,3375.0,7,7,6,8.0,1.0,True,0.0,
6bba_afb141ff,C5,5528,256,1536.0,3840.0,3,3,3,4.0,0.0,True,0.0,
6bba_afb141ff,C6,5528,225,1350.0,3375.0,2,2,2,3.0,0.0,True,0.0,
6bba_afb141ff,C0,5528,0,,,0,0,0,,,,,
6bba_afb141ff,decoder_only,5528,0,,,0,0,0,,,,,
6bba_afb141ff,original_objective_C4,5528,0,,,0,0,0,,,,,
6bba_afb141ff,D_real,5528,3,18.0,45.0,0,0,0,,,,,True
6bba_afb141ff,D_synthetic,5528,5,30.0,75.0,0,0,0,,,,,True
6bba_afb141ff,D_synthetic_C4,5528,274,1644.0,4110.0,4,4,4,5.0,0.0,True,0.0,True
6bba_b1ae37b9,C1short,22927,5726,34356.0,85890.0,0,0,0,,,,,
6bba_b1ae37b9,C1,22927,45,270.0,675.0,0,0,0,,,,,
6bba_b1ae37b9,C1_relinked,22927,45,270.0,675.0,0,0,0,,,,,True
6bba_b1ae37b9,C2,22927,533,3198.0,7995.0,0,0,0,,,,,
6bba_b1ae37b9,C3,22927,246,1476.0,3690.0,0,0,0,,,,,
6bba_b1ae37b9,C4,22927,1983,11898.0,29745.0,0,0,0,,,,,
6bba_b1ae37b9,C4_relinked,22927,1983,11898.0,29745.0,0,0,0,,,,,True
6bba_b1ae37b9,C4_m2,22927,1983,11898.0,29745.0,0,0,0,,,,,
6bba_b1ae37b9,C4_m6,22927,1983,11898.0,29745.0,0,0,0,,,,,
6bba_b1ae37b9,C4_Gonly,22927,1983,11898.0,29745.0,31,31,28,51.0,0.0,True,0.0,
6bba_b1ae37b9,C5,22927,2864,17184.0,42960.0,0,0,0,,,,,
6bba_b1ae37b9,C6,22927,1983,11898.0,29745.0,2,2,2,4.0,0.0,True,0.0,
6bba_b1ae37b9,C0,22927,0,,,0,0,0,,,,,
6bba_b1ae37b9,decoder_only,22927,0,,,0,0,0,,,,,
6bba_b1ae37b9,original_objective_C4,22927,0,,,0,0,0,,,,,
6bba_b1ae37b9,D_real,22927,43,258.0,645.0,0,0,0,,,,,True
6bba_b1ae37b9,D_synthetic,22927,40,240.0,600.0,0,0,0,,,,,True
6bba_b1ae37b9,D_synthetic_C4,22927,2161,12966.0,32415.0,0,0,0,,,,,True
6bba_b204cac7,C1short,5356,1512,9072.0,22680.0,0,0,0,,,,,
6bba_b204cac7,C1,5356,11,66.0,165.0,0,0,0,,,,,
6bba_b204cac7,C1_relinked,5356,11,66.0,165.0,0,0,0,,,,,True
6bba_b204cac7,C2,5356,36,216.0,540.0,1,1,0,,1.0,,,
6bba_b204cac7,C3,5356,4,24.0,60.0,0,0,0,,,,,
6bba_b204cac7,C4,5356,85,510.0,1275.0,1,1,0,,1.0,,,
6bba_b204cac7,C4_relinked,5356,85,510.0,1275.0,1,1,1,1.0,0.0,True,0.0,True
6bba_b204cac7,C4_m2,5356,85,510.0,1275.0,1,1,0,,1.0,,,
6bba_b204cac7,C4_m6,5356,85,510.0,1275.0,1,1,0,,1.0,,,
6bba_b204cac7,C4_Gonly,5356,85,510.0,1275.0,2,2,1,1.0,1.0,True,0.0,
6bba_b204cac7,C5,5356,65,390.0,975.0,1,1,0,,1.0,,,
6bba_b204cac7,C6,5356,85,510.0,1275.0,1,1,0,,1.0,,,
6bba_b204cac7,C0,5356,0,,,0,0,0,,,,,
6bba_b204cac7,decoder_only,5356,0,,,0,0,0,,,,,
6bba_b204cac7,original_objective_C4,5356,0,,,0,0,0,,,,,
6bba_b204cac7,D_real,5356,12,72.0,180.0,0,0,0,,,,,True
6bba_b204cac7,D_synthetic,5356,11,66.0,165.0,0,0,0,,,,,True
6bba_b204cac7,D_synthetic_C4,5356,90,540.0,1350.0,1,1,1,1.0,0.0,True,0.0,True
6bba_b329af44,C1short,64577,26932,161592.0,403980.0,0,0,0,,,,,
6bba_b329af44,C1,64577,194,1164.0,2910.0,0,0,0,,,,,
6bba_b329af44,C1_relinked,64577,194,1164.0,2910.0,0,0,0,,,,,True
6bba_b329af44,C2,64577,1421,8526.0,21315.0,2,2,2,3.0,0.0,True,0.0,
6bba_b329af44,C3,64577,438,2628.0,6570.0,0,0,0,,,,,
6bba_b329af44,C4,64577,4226,25356.0,63390.0,0,0,0,,,,,
6bba_b329af44,C4_relinked,64577,4226,25356.0,63390.0,0,0,0,,,,,True
6bba_b329af44,C4_m2,64577,4226,25356.0,63390.0,2,2,2,3.0,0.0,True,0.0,
6bba_b329af44,C4_m6,64577,4226,25356.0,63390.0,0,0,0,,,,,
6bba_b329af44,C4_Gonly,64577,4226,25356.0,63390.0,77,77,69,112.0,3.0,True,0.0,
6bba_b329af44,C5,64577,4329,25974.0,64935.0,0,0,0,,,,,
6bba_b329af44,C6,64577,4226,25356.0,63390.0,7,7,7,9.0,0.0,True,0.0,
6bba_b329af44,C0,64577,0,,,0,0,0,,,,,
6bba_b329af44,decoder_only,64577,0,,,0,0,0,,,,,
6bba_b329af44,original_objective_C4,64577,0,,,0,0,0,,,,,
6bba_b329af44,D_real,64577,186,1116.0,2790.0,0,0,0,,,,,True
6bba_b329af44,D_synthetic,64577,188,1128.0,2820.0,0,0,0,,,,,True
6bba_b329af44,D_synthetic_C4,64577,4875,29250.0,73125.0,4,4,4,6.0,0.0,True,0.0,True
6bba_b693381b,C1short,6090,764,4584.0,11460.0,0,0,0,,,,,
6bba_b693381b,C1,6090,4,24.0,60.0,0,0,0,,,,,
6bba_b693381b,C1_relinked,6090,4,24.0,60.0,0,0,0,,,,,True
6bba_b693381b,C2,6090,289,1734.0,4335.0,4,4,4,8.0,0.0,True,0.0,
6bba_b693381b,C3,6090,9,54.0,135.0,0,0,0,,,,,
6bba_b693381b,C4,6090,789,4734.0,11835.0,5,5,5,10.0,0.0,True,0.0,
6bba_b693381b,C4_relinked,6090,789,4734.0,11835.0,5,5,5,10.0,0.0,True,0.0,True
6bba_b693381b,C4_m2,6090,789,4734.0,11835.0,21,21,21,36.0,0.0,True,0.0,
6bba_b693381b,C4_m6,6090,789,4734.0,11835.0,3,3,3,6.0,0.0,True,0.0,
6bba_b693381b,C4_Gonly,6090,789,4734.0,11835.0,24,24,23,39.0,0.0,True,0.0,
6bba_b693381b,C5,6090,540,3240.0,8100.0,6,6,6,12.0,0.0,True,0.0,
6bba_b693381b,C6,6090,789,4734.0,11835.0,4,4,4,8.0,0.0,True,0.0,
6bba_b693381b,C0,6090,0,,,0,0,0,,,,,
6bba_b693381b,decoder_only,6090,0,,,0,0,0,,,,,
6bba_b693381b,original_objective_C4,6090,0,,,0,0,0,,,,,
6bba_b693381b,D_real,6090,4,24.0,60.0,0,0,0,,,,,True
6bba_b693381b,D_synthetic,6090,1,6.0,15.0,0,0,0,,,,,True
6bba_b693381b,D_synthetic_C4,6090,817,4902.0,12255.0,7,7,7,13.0,0.0,True,0.0,True
6bba_bb9f20c3,C1short,22774,8551,51306.0,128265.0,0,0,0,,,,,
6bba_bb9f20c3,C1,22774,59,354.0,885.0,0,0,0,,,,,
6bba_bb9f20c3,C1_relinked,22774,59,354.0,885.0,0,0,0,,,,,True
6bba_bb9f20c3,C2,22774,363,2178.0,5445.0,6,6,1,1.0,5.0,True,0.0,
6bba_bb9f20c3,C3,22774,100,600.0,1500.0,0,0,0,,,,,
6bba_bb9f20c3,C4,22774,684,4104.0,10260.0,2,2,0,,2.0,,,
6bba_bb9f20c3,C4_relinked,22774,684,4104.0,10260.0,2,2,2,2.0,0.0,True,0.0,True
6bba_bb9f20c3,C4_m2,22774,684,4104.0,10260.0,7,7,2,2.0,5.0,True,0.0,
6bba_bb9f20c3,C4_m6,22774,684,4104.0,10260.0,2,2,0,,2.0,,,
6bba_bb9f20c3,C4_Gonly,22774,684,4104.0,10260.0,18,18,10,19.0,8.0,True,0.0,
6bba_bb9f20c3,C5,22774,967,5802.0,14505.0,2,2,0,,2.0,,,
6bba_bb9f20c3,C6,22774,684,4104.0,10260.0,2,2,0,,2.0,,,
6bba_bb9f20c3,C0,22774,0,,,0,0,0,,,,,
6bba_bb9f20c3,decoder_only,22774,0,,,0,0,0,,,,,
6bba_bb9f20c3,original_objective_C4,22774,0,,,0,0,0,,,,,
6bba_bb9f20c3,D_real,22774,54,324.0,810.0,0,0,0,,,,,True
6bba_bb9f20c3,D_synthetic,22774,50,300.0,750.0,0,0,0,,,,,True
6bba_bb9f20c3,D_synthetic_C4,22774,775,4650.0,11625.0,2,2,2,2.0,0.0,True,0.0,True
6bba_bbb708ca,C1short,6488,1075,6450.0,16125.0,0,0,0,,,,,
6bba_bbb708ca,C1,6488,3,18.0,45.0,0,0,0,,,,,
6bba_bbb708ca,C1_relinked,6488,3,18.0,45.0,0,0,0,,,,,True
6bba_bbb708ca,C2,6488,209,1254.0,3135.0,7,7,5,8.0,2.0,True,0.0,
6bba_bbb708ca,C3,6488,13,78.0,195.0,0,0,0,,,,,
6bba_bbb708ca,C4,6488,230,1380.0,3450.0,5,5,4,6.0,1.0,True,0.0,
6bba_bbb708ca,C4_relinked,6488,230,1380.0,3450.0,5,5,5,7.0,0.0,True,0.0,True
6bba_bbb708ca,C4_m2,6488,230,1380.0,3450.0,10,10,8,14.0,2.0,True,0.0,
6bba_bbb708ca,C4_m6,6488,230,1380.0,3450.0,4,4,3,5.0,1.0,True,0.0,
6bba_bbb708ca,C4_Gonly,6488,230,1380.0,3450.0,13,13,12,18.0,1.0,True,0.0,
6bba_bbb708ca,C5,6488,260,1560.0,3900.0,6,6,5,8.0,1.0,True,0.0,
6bba_bbb708ca,C6,6488,230,1380.0,3450.0,7,7,5,7.0,2.0,True,0.0,
6bba_bbb708ca,C0,6488,0,,,0,0,0,,,,,
6bba_bbb708ca,decoder_only,6488,0,,,0,0,0,,,,,
6bba_bbb708ca,original_objective_C4,6488,0,,,0,0,0,,,,,
6bba_bbb708ca,D_real,6488,9,54.0,135.0,0,0,0,,,,,True
6bba_bbb708ca,D_synthetic,6488,3,18.0,45.0,0,0,0,,,,,True
6bba_bbb708ca,D_synthetic_C4,6488,255,1530.0,3825.0,6,6,6,9.0,0.0,True,0.0,True
6bba_c27cba08,C1short,6331,2454,14724.0,36810.0,0,0,0,,,,,
6bba_c27cba08,C1,6331,12,72.0,180.0,0,0,0,,,,,
6bba_c27cba08,C1_relinked,6331,12,72.0,180.0,0,0,0,,,,,True
6bba_c27cba08,C2,6331,108,648.0,1620.0,1,1,0,,1.0,,,
6bba_c27cba08,C3,6331,8,48.0,120.0,0,0,0,,,,,
6bba_c27cba08,C4,6331,115,690.0,1725.0,1,1,0,,1.0,,,
6bba_c27cba08,C4_relinked,6331,115,690.0,1725.0,1,1,1,1.0,0.0,True,0.0,True
6bba_c27cba08,C4_m2,6331,115,690.0,1725.0,1,1,0,,1.0,,,
6bba_c27cba08,C4_m6,6331,115,690.0,1725.0,0,0,0,,,,,
6bba_c27cba08,C4_Gonly,6331,115,690.0,1725.0,3,3,1,2.0,2.0,True,0.0,
6bba_c27cba08,C5,6331,113,678.0,1695.0,1,1,0,,1.0,,,
6bba_c27cba08,C6,6331,115,690.0,1725.0,1,1,0,,1.0,,,
6bba_c27cba08,C0,6331,0,,,0,0,0,,,,,
6bba_c27cba08,decoder_only,6331,0,,,0,0,0,,,,,
6bba_c27cba08,original_objective_C4,6331,0,,,0,0,0,,,,,
6bba_c27cba08,D_real,6331,17,102.0,255.0,0,0,0,,,,,True
6bba_c27cba08,D_synthetic,6331,16,96.0,240.0,0,0,0,,,,,True
6bba_c27cba08,D_synthetic_C4,6331,135,810.0,2025.0,1,1,1,1.0,0.0,True,0.0,True
6bba_c328f2fd,C1short,30836,9761,58566.0,146415.0,0,0,0,,,,,
6bba_c328f2fd,C1,30836,78,468.0,1170.0,0,0,0,,,,,
6bba_c328f2fd,C1_relinked,30836,78,468.0,1170.0,0,0,0,,,,,True
6bba_c328f2fd,C2,30836,652,3912.0,9780.0,0,0,0,,,,,
6bba_c328f2fd,C3,30836,86,516.0,1290.0,0,0,0,,,,,
6bba_c328f2fd,C4,30836,1384,8304.0,20760.0,0,0,0,,,,,
6bba_c328f2fd,C4_relinked,30836,1384,8304.0,20760.0,0,0,0,,,,,True
6bba_c328f2fd,C4_m2,30836,1384,8304.0,20760.0,1,1,1,2.0,0.0,True,0.0,
6bba_c328f2fd,C4_m6,30836,1384,8304.0,20760.0,0,0,0,,,,,
6bba_c328f2fd,C4_Gonly,30836,1384,8304.0,20760.0,24,24,14,24.0,10.0,True,0.0,
6bba_c328f2fd,C5,30836,1152,6912.0,17280.0,0,0,0,,,,,
6bba_c328f2fd,C6,30836,1384,8304.0,20760.0,2,2,1,2.0,1.0,True,0.0,
6bba_c328f2fd,C0,30836,0,,,0,0,0,,,,,
6bba_c328f2fd,decoder_only,30836,0,,,0,0,0,,,,,
6bba_c328f2fd,original_objective_C4,30836,0,,,0,0,0,,,,,
6bba_c328f2fd,D_real,30836,63,378.0,945.0,0,0,0,,,,,True
6bba_c328f2fd,D_synthetic,30836,82,492.0,1230.0,0,0,0,,,,,True
6bba_c328f2fd,D_synthetic_C4,30836,1772,10632.0,26580.0,0,0,0,,,,,True
6bba_c73a1d11,C1short,23959,3474,20844.0,52110.0,0,0,0,,,,,
6bba_c73a1d11,C1,23959,46,276.0,690.0,0,0,0,,,,,
6bba_c73a1d11,C1_relinked,23959,46,276.0,690.0,0,0,0,,,,,True
6bba_c73a1d11,C2,23959,786,4716.0,11790.0,0,0,0,,,,,
6bba_c73a1d11,C3,23959,44,264.0,660.0,0,0,0,,,,,
6bba_c73a1d11,C4,23959,1553,9318.0,23295.0,0,0,0,,,,,
6bba_c73a1d11,C4_relinked,23959,1553,9318.0,23295.0,0,0,0,,,,,True
6bba_c73a1d11,C4_m2,23959,1553,9318.0,23295.0,0,0,0,,,,,
6bba_c73a1d11,C4_m6,23959,1553,9318.0,23295.0,0,0,0,,,,,
6bba_c73a1d11,C4_Gonly,23959,1553,9318.0,23295.0,24,24,22,36.0,2.0,True,0.0,
6bba_c73a1d11,C5,23959,1731,10386.0,25965.0,0,0,0,,,,,
6bba_c73a1d11,C6,23959,1553,9318.0,23295.0,0,0,0,,,,,
6bba_c73a1d11,C0,23959,0,,,0,0,0,,,,,
6bba_c73a1d11,decoder_only,23959,0,,,0,0,0,,,,,
6bba_c73a1d11,original_objective_C4,23959,0,,,0,0,0,,,,,
6bba_c73a1d11,D_real,23959,35,210.0,525.0,0,0,0,,,,,True
6bba_c73a1d11,D_synthetic,23959,45,270.0,675.0,0,0,0,,,,,True
6bba_c73a1d11,D_synthetic_C4,23959,1738,10428.0,26070.0,0,0,0,,,,,True
6bba_cdcfe533,C1short,28082,16133,96798.0,241995.0,0,0,0,,,,,
6bba_cdcfe533,C1,28082,91,546.0,1365.0,0,0,0,,,,,
6bba_cdcfe533,C1_relinked,28082,91,546.0,1365.0,0,0,0,,,,,True
6bba_cdcfe533,C2,28082,1308,7848.0,19620.0,9,9,3,6.0,6.0,True,0.0,
6bba_cdcfe533,C3,28082,49,294.0,735.0,0,0,0,,,,,
6bba_cdcfe533,C4,28082,5143,30858.0,77145.0,11,11,5,10.0,5.0,True,0.0,
6bba_cdcfe533,C4_relinked,28082,5143,30858.0,77145.0,11,11,10,15.0,0.0,True,0.0,True
6bba_cdcfe533,C4_m2,28082,5143,30858.0,77145.0,44,44,29,52.0,11.0,True,0.0,
6bba_cdcfe533,C4_m6,28082,5143,30858.0,77145.0,3,3,0,,3.0,,,
6bba_cdcfe533,C4_Gonly,28082,5143,30858.0,77145.0,79,79,57,102.0,14.0,True,0.0,
6bba_cdcfe533,C5,28082,3133,18798.0,46995.0,8,8,4,8.0,4.0,True,0.0,
6bba_cdcfe533,C6,28082,5143,30858.0,77145.0,16,16,7,14.0,7.0,True,0.0,
6bba_cdcfe533,C0,28082,0,,,0,0,0,,,,,
6bba_cdcfe533,decoder_only,28082,0,,,0,0,0,,,,,
6bba_cdcfe533,original_objective_C4,28082,0,,,0,0,0,,,,,
6bba_cdcfe533,D_real,28082,100,600.0,1500.0,0,0,0,,,,,True
6bba_cdcfe533,D_synthetic,28082,112,672.0,1680.0,0,0,0,,,,,True
6bba_cdcfe533,D_synthetic_C4,28082,5793,34758.0,86895.0,12,12,10,15.0,0.0,True,0.0,True
6bba_cf35214c,C1short,34744,10347,62082.0,155205.0,0,0,0,,,,,
6bba_cf35214c,C1,34744,38,228.0,570.0,0,0,0,,,,,
6bba_cf35214c,C1_relinked,34744,38,228.0,570.0,0,0,0,,,,,True
6bba_cf35214c,C2,34744,636,3816.0,9540.0,1,1,0,,1.0,,,
6bba_cf35214c,C3,34744,72,432.0,1080.0,0,0,0,,,,,
6bba_cf35214c,C4,34744,1672,10032.0,25080.0,0,0,0,,,,,
6bba_cf35214c,C4_relinked,34744,1672,10032.0,25080.0,0,0,0,,,,,True
6bba_cf35214c,C4_m2,34744,1672,10032.0,25080.0,1,1,0,,1.0,,,
6bba_cf35214c,C4_m6,34744,1672,10032.0,25080.0,0,0,0,,,,,
6bba_cf35214c,C4_Gonly,34744,1672,10032.0,25080.0,25,25,15,28.0,9.0,True,0.0,
6bba_cf35214c,C5,34744,1591,9546.0,23865.0,1,1,0,,1.0,,,
6bba_cf35214c,C6,34744,1672,10032.0,25080.0,0,0,0,,,,,
6bba_cf35214c,C0,34744,0,,,0,0,0,,,,,
6bba_cf35214c,decoder_only,34744,0,,,0,0,0,,,,,
6bba_cf35214c,original_objective_C4,34744,0,,,0,0,0,,,,,
6bba_cf35214c,D_real,34744,35,210.0,525.0,0,0,0,,,,,True
6bba_cf35214c,D_synthetic,34744,35,210.0,525.0,0,0,0,,,,,True
6bba_cf35214c,D_synthetic_C4,34744,1940,11640.0,29100.0,0,0,0,,,,,True
6bba_cff5865f,C1short,46597,21959,131754.0,329385.0,0,0,0,,,,,
6bba_cff5865f,C1,46597,141,846.0,2115.0,0,0,0,,,,,
6bba_cff5865f,C1_relinked,46597,141,846.0,2115.0,0,0,0,,,,,True
6bba_cff5865f,C2,46597,1548,9288.0,23220.0,12,12,3,6.0,9.0,True,0.0,
6bba_cff5865f,C3,46597,191,1146.0,2865.0,0,0,0,,,,,
6bba_cff5865f,C4,46597,3289,19734.0,49335.0,11,11,4,7.0,7.0,True,0.0,
6bba_cff5865f,C4_relinked,46597,3289,19734.0,49335.0,11,11,11,15.0,0.0,True,0.0,True
6bba_cff5865f,C4_m2,46597,3289,19734.0,49335.0,23,23,14,27.0,9.0,True,0.0,
6bba_cff5865f,C4_m6,46597,3289,19734.0,49335.0,5,5,1,2.0,4.0,True,0.0,
6bba_cff5865f,C4_Gonly,46597,3289,19734.0,49335.0,62,62,44,76.0,14.0,True,0.0,
6bba_cff5865f,C5,46597,2473,14838.0,37095.0,11,11,4,7.0,7.0,True,0.0,
6bba_cff5865f,C6,46597,3289,19734.0,49335.0,11,11,5,9.0,6.0,True,0.0,
6bba_cff5865f,C0,46597,0,,,0,0,0,,,,,
6bba_cff5865f,decoder_only,46597,0,,,0,0,0,,,,,
6bba_cff5865f,original_objective_C4,46597,0,,,0,0,0,,,,,
6bba_cff5865f,D_real,46597,143,858.0,2145.0,0,0,0,,,,,True
6bba_cff5865f,D_synthetic,46597,149,894.0,2235.0,0,0,0,,,,,True
6bba_cff5865f,D_synthetic_C4,46597,3810,22860.0,57150.0,14,14,14,21.0,0.0,True,0.0,True
6bba_d0fc38b5,C1short,5695,1160,6960.0,17400.0,0,0,0,,,,,
6bba_d0fc38b5,C1,5695,5,30.0,75.0,0,0,0,,,,,
6bba_d0fc38b5,C1_relinked,5695,5,30.0,75.0,0,0,0,,,,,True
6bba_d0fc38b5,C2,5695,52,312.0,780.0,0,0,0,,,,,
6bba_d0fc38b5,C3,5695,22,132.0,330.0,0,0,0,,,,,
6bba_d0fc38b5,C4,5695,123,738.0,1845.0,0,0,0,,,,,
6bba_d0fc38b5,C4_relinked,5695,123,738.0,1845.0,0,0,0,,,,,True
6bba_d0fc38b5,C4_m2,5695,123,738.0,1845.0,0,0,0,,,,,
6bba_d0fc38b5,C4_m6,5695,123,738.0,1845.0,0,0,0,,,,,
6bba_d0fc38b5,C4_Gonly,5695,123,738.0,1845.0,3,3,3,6.0,0.0,True,0.0,
6bba_d0fc38b5,C5,5695,87,522.0,1305.0,0,0,0,,,,,
6bba_d0fc38b5,C6,5695,123,738.0,1845.0,0,0,0,,,,,
6bba_d0fc38b5,C0,5695,0,,,0,0,0,,,,,
6bba_d0fc38b5,decoder_only,5695,0,,,0,0,0,,,,,
6bba_d0fc38b5,original_objective_C4,5695,0,,,0,0,0,,,,,
6bba_d0fc38b5,D_real,5695,8,48.0,120.0,0,0,0,,,,,True
6bba_d0fc38b5,D_synthetic,5695,6,36.0,90.0,0,0,0,,,,,True
6bba_d0fc38b5,D_synthetic_C4,5695,135,810.0,2025.0,0,0,0,,,,,True
6bba_d1acb6ff,C1short,16189,7403,44418.0,111045.0,0,0,0,,,,,
6bba_d1acb6ff,C1,16189,38,228.0,570.0,0,0,0,,,,,
6bba_d1acb6ff,C1_relinked,16189,38,228.0,570.0,0,0,0,,,,,True
6bba_d1acb6ff,C2,16189,1081,6486.0,16215.0,1,1,1,1.0,0.0,True,0.0,
6bba_d1acb6ff,C3,16189,91,546.0,1365.0,0,0,0,,,,,
6bba_d1acb6ff,C4,16189,2231,13386.0,33465.0,0,0,0,,,,,
6bba_d1acb6ff,C4_relinked,16189,2231,13386.0,33465.0,0,0,0,,,,,True
6bba_d1acb6ff,C4_m2,16189,2231,13386.0,33465.0,2,2,2,3.0,0.0,True,0.0,
6bba_d1acb6ff,C4_m6,16189,2231,13386.0,33465.0,0,0,0,,,,,
6bba_d1acb6ff,C4_Gonly,16189,2231,13386.0,33465.0,17,17,15,25.0,2.0,True,0.0,
6bba_d1acb6ff,C5,16189,1441,8646.0,21615.0,0,0,0,,,,,
6bba_d1acb6ff,C6,16189,2231,13386.0,33465.0,3,3,3,4.0,0.0,True,0.0,
6bba_d1acb6ff,C0,16189,0,,,0,0,0,,,,,
6bba_d1acb6ff,decoder_only,16189,0,,,0,0,0,,,,,
6bba_d1acb6ff,original_objective_C4,16189,0,,,0,0,0,,,,,
6bba_d1acb6ff,D_real,16189,47,282.0,705.0,0,0,0,,,,,True
6bba_d1acb6ff,D_synthetic,16189,36,216.0,540.0,0,0,0,,,,,True
6bba_d1acb6ff,D_synthetic_C4,16189,2516,15096.0,37740.0,0,0,0,,,,,True
6bba_d2b9fc0c,C1short,18610,2259,13554.0,33885.0,0,0,0,,,,,
6bba_d2b9fc0c,C1,18610,14,84.0,210.0,0,0,0,,,,,
6bba_d2b9fc0c,C1_relinked,18610,14,84.0,210.0,0,0,0,,,,,True
6bba_d2b9fc0c,C2,18610,209,1254.0,3135.0,1,1,0,,1.0,,,
6bba_d2b9fc0c,C3,18610,29,174.0,435.0,0,0,0,,,,,
6bba_d2b9fc0c,C4,18610,425,2550.0,6375.0,1,1,0,,1.0,,,
6bba_d2b9fc0c,C4_relinked,18610,425,2550.0,6375.0,1,1,1,1.0,0.0,True,0.0,True
6bba_d2b9fc0c,C4_m2,18610,425,2550.0,6375.0,6,6,4,6.0,2.0,True,0.0,
6bba_d2b9fc0c,C4_m6,18610,425,2550.0,6375.0,1,1,0,,1.0,,,
6bba_d2b9fc0c,C4_Gonly,18610,425,2550.0,6375.0,7,7,3,4.0,4.0,True,0.0,
6bba_d2b9fc0c,C5,18610,602,3612.0,9030.0,1,1,0,,1.0,,,
6bba_d2b9fc0c,C6,18610,425,2550.0,6375.0,1,1,0,,1.0,,,
6bba_d2b9fc0c,C0,18610,0,,,0,0,0,,,,,
6bba_d2b9fc0c,decoder_only,18610,0,,,0,0,0,,,,,
6bba_d2b9fc0c,original_objective_C4,18610,0,,,0,0,0,,,,,
6bba_d2b9fc0c,D_real,18610,18,108.0,270.0,0,0,0,,,,,True
6bba_d2b9fc0c,D_synthetic,18610,19,114.0,285.0,0,0,0,,,,,True
6bba_d2b9fc0c,D_synthetic_C4,18610,497,2982.0,7455.0,1,1,1,1.0,0.0,True,0.0,True
6bba_d3da753b,C1short,15911,2944,17664.0,44160.0,0,0,0,,,,,
6bba_d3da753b,C1,15911,17,102.0,255.0,0,0,0,,,,,
6bba_d3da753b,C1_relinked,15911,17,102.0,255.0,0,0,0,,,,,True
6bba_d3da753b,C2,15911,595,3570.0,8925.0,13,13,11,20.0,0.0,True,0.0,
6bba_d3da753b,C3,15911,22,132.0,330.0,0,0,0,,,,,
6bba_d3da753b,C4,15911,934,5604.0,14010.0,7,7,5,10.0,0.0,True,0.0,
6bba_d3da753b,C4_relinked,15911,934,5604.0,14010.0,7,7,5,10.0,0.0,True,0.0,True
6bba_d3da753b,C4_m2,15911,934,5604.0,14010.0,38,38,23,41.0,3.0,True,0.0,
6bba_d3da753b,C4_m6,15911,934,5604.0,14010.0,1,1,1,2.0,0.0,True,0.0,
6bba_d3da753b,C4_Gonly,15911,934,5604.0,14010.0,18,18,14,25.0,2.0,True,0.0,
6bba_d3da753b,C5,15911,1046,6276.0,15690.0,10,10,9,16.0,0.0,True,0.0,
6bba_d3da753b,C6,15911,934,5604.0,14010.0,6,6,5,10.0,1.0,True,0.0,
6bba_d3da753b,C0,15911,0,,,0,0,0,,,,,
6bba_d3da753b,decoder_only,15911,0,,,0,0,0,,,,,
6bba_d3da753b,original_objective_C4,15911,0,,,0,0,0,,,,,
6bba_d3da753b,D_real,15911,19,114.0,285.0,0,0,0,,,,,True
6bba_d3da753b,D_synthetic,15911,13,78.0,195.0,0,0,0,,,,,True
6bba_d3da753b,D_synthetic_C4,15911,1047,6282.0,15705.0,9,9,7,14.0,0.0,True,0.0,True
6bba_d5eae175,C1short,4094,491,2946.0,7365.0,0,0,0,,,,,
6bba_d5eae175,C1,4094,0,0.0,0.0,0,0,0,,,,,
6bba_d5eae175,C1_relinked,4094,0,0.0,0.0,0,0,0,,,,,True
6bba_d5eae175,C2,4094,16,96.0,240.0,0,0,0,,,,,
6bba_d5eae175,C3,4094,9,54.0,135.0,0,0,0,,,,,
6bba_d5eae175,C4,4094,90,540.0,1350.0,1,1,0,,1.0,,,
6bba_d5eae175,C4_relinked,4094,90,540.0,1350.0,1,1,1,1.0,0.0,True,0.0,True
6bba_d5eae175,C4_m2,4094,90,540.0,1350.0,1,1,0,,1.0,,,
6bba_d5eae175,C4_m6,4094,90,540.0,1350.0,1,1,0,,1.0,,,
6bba_d5eae175,C4_Gonly,4094,90,540.0,1350.0,0,0,0,,,,,
6bba_d5eae175,C5,4094,63,378.0,945.0,1,1,0,,1.0,,,
6bba_d5eae175,C6,4094,90,540.0,1350.0,1,1,0,,1.0,,,
6bba_d5eae175,C0,4094,0,,,0,0,0,,,,,
6bba_d5eae175,decoder_only,4094,0,,,0,0,0,,,,,
6bba_d5eae175,original_objective_C4,4094,0,,,0,0,0,,,,,
6bba_d5eae175,D_real,4094,0,0.0,0.0,0,0,0,,,,,True
6bba_d5eae175,D_synthetic,4094,0,0.0,0.0,0,0,0,,,,,True
6bba_d5eae175,D_synthetic_C4,4094,92,552.0,1380.0,1,1,1,1.0,0.0,True,0.0,True
6bba_d6ecebbb,C1short,6000,1724,10344.0,25860.0,0,0,0,,,,,
6bba_d6ecebbb,C1,6000,6,36.0,90.0,0,0,0,,,,,
6bba_d6ecebbb,C1_relinked,6000,6,36.0,90.0,0,0,0,,,,,True
6bba_d6ecebbb,C2,6000,103,618.0,1545.0,1,1,1,2.0,0.0,True,0.0,
6bba_d6ecebbb,C3,6000,13,78.0,195.0,0,0,0,,,,,
6bba_d6ecebbb,C4,6000,132,792.0,1980.0,1,1,1,2.0,0.0,True,0.0,
6bba_d6ecebbb,C4_relinked,6000,132,792.0,1980.0,1,1,1,2.0,0.0,True,0.0,True
6bba_d6ecebbb,C4_m2,6000,132,792.0,1980.0,7,7,6,10.0,1.0,True,0.0,
6bba_d6ecebbb,C4_m6,6000,132,792.0,1980.0,1,1,1,2.0,0.0,True,0.0,
6bba_d6ecebbb,C4_Gonly,6000,132,792.0,1980.0,11,11,7,11.0,4.0,True,0.0,
6bba_d6ecebbb,C5,6000,147,882.0,2205.0,1,1,1,2.0,0.0,True,0.0,
6bba_d6ecebbb,C6,6000,132,792.0,1980.0,1,1,1,2.0,0.0,True,0.0,
6bba_d6ecebbb,C0,6000,0,,,0,0,0,,,,,
6bba_d6ecebbb,decoder_only,6000,0,,,0,0,0,,,,,
6bba_d6ecebbb,original_objective_C4,6000,0,,,0,0,0,,,,,
6bba_d6ecebbb,D_real,6000,7,42.0,105.0,0,0,0,,,,,True
6bba_d6ecebbb,D_synthetic,6000,10,60.0,150.0,0,0,0,,,,,True
6bba_d6ecebbb,D_synthetic_C4,6000,161,966.0,2415.0,1,1,1,2.0,0.0,True,0.0,True
6bba_d82a4fc6,C1short,28680,13454,80724.0,201810.0,0,0,0,,,,,
6bba_d82a4fc6,C1,28680,82,492.0,1230.0,0,0,0,,,,,
6bba_d82a4fc6,C1_relinked,28680,82,492.0,1230.0,0,0,0,,,,,True
6bba_d82a4fc6,C2,28680,408,2448.0,6120.0,0,0,0,,,,,
6bba_d82a4fc6,C3,28680,144,864.0,2160.0,0,0,0,,,,,
6bba_d82a4fc6,C4,28680,890,5340.0,13350.0,0,0,0,,,,,
6bba_d82a4fc6,C4_relinked,28680,890,5340.0,13350.0,0,0,0,,,,,True
6bba_d82a4fc6,C4_m2,28680,890,5340.0,13350.0,0,0,0,,,,,
6bba_d82a4fc6,C4_m6,28680,890,5340.0,13350.0,0,0,0,,,,,
6bba_d82a4fc6,C4_Gonly,28680,890,5340.0,13350.0,24,24,19,27.0,5.0,True,0.0,
6bba_d82a4fc6,C5,28680,759,4554.0,11385.0,0,0,0,,,,,
6bba_d82a4fc6,C6,28680,890,5340.0,13350.0,0,0,0,,,,,
6bba_d82a4fc6,C0,28680,0,,,0,0,0,,,,,
6bba_d82a4fc6,decoder_only,28680,0,,,0,0,0,,,,,
6bba_d82a4fc6,original_objective_C4,28680,0,,,0,0,0,,,,,
6bba_d82a4fc6,D_real,28680,89,534.0,1335.0,0,0,0,,,,,True
6bba_d82a4fc6,D_synthetic,28680,82,492.0,1230.0,0,0,0,,,,,True
6bba_d82a4fc6,D_synthetic_C4,28680,989,5934.0,14835.0,0,0,0,,,,,True
6bba_debd7bfa,C1short,11746,1875,11250.0,28125.0,0,0,0,,,,,
6bba_debd7bfa,C1,11746,18,108.0,270.0,0,0,0,,,,,
6bba_debd7bfa,C1_relinked,11746,18,108.0,270.0,0,0,0,,,,,True
6bba_debd7bfa,C2,11746,701,4206.0,10515.0,5,5,5,7.0,0.0,True,0.0,
6bba_debd7bfa,C3,11746,22,132.0,330.0,0,0,0,,,,,
6bba_debd7bfa,C4,11746,824,4944.0,12360.0,4,4,4,5.0,0.0,True,0.0,
6bba_debd7bfa,C4_relinked,11746,824,4944.0,12360.0,4,4,4,5.0,0.0,True,0.0,True
6bba_debd7bfa,C4_m2,11746,824,4944.0,12360.0,25,25,22,37.0,0.0,True,0.0,
6bba_debd7bfa,C4_m6,11746,824,4944.0,12360.0,0,0,0,,,,,
6bba_debd7bfa,C4_Gonly,11746,824,4944.0,12360.0,40,40,31,54.0,3.0,True,0.0,
6bba_debd7bfa,C5,11746,1013,6078.0,15195.0,7,7,7,11.0,0.0,True,0.0,
6bba_debd7bfa,C6,11746,824,4944.0,12360.0,9,9,8,14.0,0.0,True,0.0,
6bba_debd7bfa,C0,11746,0,,,0,0,0,,,,,
6bba_debd7bfa,decoder_only,11746,0,,,0,0,0,,,,,
6bba_debd7bfa,original_objective_C4,11746,0,,,0,0,0,,,,,
6bba_debd7bfa,D_real,11746,21,126.0,315.0,0,0,0,,,,,True
6bba_debd7bfa,D_synthetic,11746,24,144.0,360.0,0,0,0,,,,,True
6bba_debd7bfa,D_synthetic_C4,11746,922,5532.0,13830.0,7,7,7,11.0,0.0,True,0.0,True
6bba_df673a83,C1short,21830,9984,59904.0,149760.0,0,0,0,,,,,
6bba_df673a83,C1,21830,36,216.0,540.0,0,0,0,,,,,
6bba_df673a83,C1_relinked,21830,36,216.0,540.0,0,0,0,,,,,True
6bba_df673a83,C2,21830,570,3420.0,8550.0,2,2,0,,2.0,,,
6bba_df673a83,C3,21830,121,726.0,1815.0,0,0,0,,,,,
6bba_df673a83,C4,21830,1162,6972.0,17430.0,1,1,0,,1.0,,,
6bba_df673a83,C4_relinked,21830,1162,6972.0,17430.0,1,1,1,1.0,0.0,True,0.0,True
6bba_df673a83,C4_m2,21830,1162,6972.0,17430.0,3,3,0,,3.0,,,
6bba_df673a83,C4_m6,21830,1162,6972.0,17430.0,1,1,0,,1.0,,,
6bba_df673a83,C4_Gonly,21830,1162,6972.0,17430.0,13,13,8,16.0,5.0,True,0.0,
6bba_df673a83,C5,21830,600,3600.0,9000.0,1,1,0,,1.0,,,
6bba_df673a83,C6,21830,1162,6972.0,17430.0,3,3,1,2.0,2.0,True,0.0,
6bba_df673a83,C0,21830,0,,,0,0,0,,,,,
6bba_df673a83,decoder_only,21830,0,,,0,0,0,,,,,
6bba_df673a83,original_objective_C4,21830,0,,,0,0,0,,,,,
6bba_df673a83,D_real,21830,39,234.0,585.0,0,0,0,,,,,True
6bba_df673a83,D_synthetic,21830,46,276.0,690.0,0,0,0,,,,,True
6bba_df673a83,D_synthetic_C4,21830,1432,8592.0,21480.0,1,1,1,1.0,0.0,True,0.0,True
6bba_e16ffc58,C1short,5900,1030,6180.0,15450.0,0,0,0,,,,,
6bba_e16ffc58,C1,5900,10,60.0,150.0,0,0,0,,,,,
6bba_e16ffc58,C1_relinked,5900,10,60.0,150.0,0,0,0,,,,,True
6bba_e16ffc58,C2,5900,31,186.0,465.0,0,0,0,,,,,
6bba_e16ffc58,C3,5900,35,210.0,525.0,0,0,0,,,,,
6bba_e16ffc58,C4,5900,103,618.0,1545.0,0,0,0,,,,,
6bba_e16ffc58,C4_relinked,5900,103,618.0,1545.0,0,0,0,,,,,True
6bba_e16ffc58,C4_m2,5900,103,618.0,1545.0,1,1,1,1.0,0.0,True,0.0,
6bba_e16ffc58,C4_m6,5900,103,618.0,1545.0,0,0,0,,,,,
6bba_e16ffc58,C4_Gonly,5900,103,618.0,1545.0,2,2,1,1.0,1.0,True,0.0,
6bba_e16ffc58,C5,5900,135,810.0,2025.0,0,0,0,,,,,
6bba_e16ffc58,C6,5900,103,618.0,1545.0,1,1,0,,1.0,,,
6bba_e16ffc58,C0,5900,0,,,0,0,0,,,,,
6bba_e16ffc58,decoder_only,5900,0,,,0,0,0,,,,,
6bba_e16ffc58,original_objective_C4,5900,0,,,0,0,0,,,,,
6bba_e16ffc58,D_real,5900,11,66.0,165.0,0,0,0,,,,,True
6bba_e16ffc58,D_synthetic,5900,10,60.0,150.0,0,0,0,,,,,True
6bba_e16ffc58,D_synthetic_C4,5900,114,684.0,1710.0,0,0,0,,,,,True
6bba_e5e44988,C1short,5097,2480,14880.0,37200.0,0,0,0,,,,,
6bba_e5e44988,C1,5097,5,30.0,75.0,0,0,0,,,,,
6bba_e5e44988,C1_relinked,5097,5,30.0,75.0,0,0,0,,,,,True
6bba_e5e44988,C2,5097,217,1302.0,3255.0,7,7,4,8.0,1.0,True,0.0,
6bba_e5e44988,C3,5097,10,60.0,150.0,0,0,0,,,,,
6bba_e5e44988,C4,5097,314,1884.0,4710.0,2,2,2,4.0,0.0,True,0.0,
6bba_e5e44988,C4_relinked,5097,314,1884.0,4710.0,2,2,2,4.0,0.0,True,0.0,True
6bba_e5e44988,C4_m2,5097,314,1884.0,4710.0,14,14,8,16.0,2.0,True,0.0,
6bba_e5e44988,C4_m6,5097,314,1884.0,4710.0,0,0,0,,,,,
6bba_e5e44988,C4_Gonly,5097,314,1884.0,4710.0,12,12,5,9.0,4.0,True,0.0,
6bba_e5e44988,C5,5097,296,1776.0,4440.0,3,3,3,6.0,0.0,True,0.0,
6bba_e5e44988,C6,5097,314,1884.0,4710.0,5,5,3,6.0,1.0,True,0.0,
6bba_e5e44988,C0,5097,0,,,0,0,0,,,,,
6bba_e5e44988,decoder_only,5097,0,,,0,0,0,,,,,
6bba_e5e44988,original_objective_C4,5097,0,,,0,0,0,,,,,
6bba_e5e44988,D_real,5097,4,24.0,60.0,0,0,0,,,,,True
6bba_e5e44988,D_synthetic,5097,5,30.0,75.0,0,0,0,,,,,True
6bba_e5e44988,D_synthetic_C4,5097,358,2148.0,5370.0,4,4,4,8.0,0.0,True,0.0,True
6bba_ebdf3b34,C1short,59077,15295,91770.0,229425.0,0,0,0,,,,,
6bba_ebdf3b34,C1,59077,86,516.0,1290.0,0,0,0,,,,,
6bba_ebdf3b34,C1_relinked,59077,86,516.0,1290.0,0,0,0,,,,,True
6bba_ebdf3b34,C2,59077,878,5268.0,13170.0,1,1,0,,1.0,,,
6bba_ebdf3b34,C3,59077,185,1110.0,2775.0,0,0,0,,,,,
6bba_ebdf3b34,C4,59077,1590,9540.0,23850.0,0,0,0,,,,,
6bba_ebdf3b34,C4_relinked,59077,1590,9540.0,23850.0,0,0,0,,,,,True
6bba_ebdf3b34,C4_m2,59077,1590,9540.0,23850.0,1,1,0,,1.0,,,
6bba_ebdf3b34,C4_m6,59077,1590,9540.0,23850.0,0,0,0,,,,,
6bba_ebdf3b34,C4_Gonly,59077,1590,9540.0,23850.0,34,34,31,47.0,3.0,True,0.0,
6bba_ebdf3b34,C5,59077,2621,15726.0,39315.0,0,0,0,,,,,
6bba_ebdf3b34,C6,59077,1590,9540.0,23850.0,2,2,2,2.0,0.0,True,0.0,
6bba_ebdf3b34,C0,59077,0,,,0,0,0,,,,,
6bba_ebdf3b34,decoder_only,59077,0,,,0,0,0,,,,,
6bba_ebdf3b34,original_objective_C4,59077,0,,,0,0,0,,,,,
6bba_ebdf3b34,D_real,59077,87,522.0,1305.0,0,0,0,,,,,True
6bba_ebdf3b34,D_synthetic,59077,80,480.0,1200.0,0,0,0,,,,,True
6bba_ebdf3b34,D_synthetic_C4,59077,1939,11634.0,29085.0,2,2,2,4.0,0.0,True,0.0,True
6bba_ebff6e76,C1short,51400,14687,88122.0,220305.0,0,0,0,,,,,
6bba_ebff6e76,C1,51400,92,552.0,1380.0,0,0,0,,,,,
6bba_ebff6e76,C1_relinked,51400,92,552.0,1380.0,0,0,0,,,,,True
6bba_ebff6e76,C2,51400,769,4614.0,11535.0,0,0,0,,,,,
6bba_ebff6e76,C3,51400,295,1770.0,4425.0,0,0,0,,,,,
6bba_ebff6e76,C4,51400,1844,11064.0,27660.0,0,0,0,,,,,
6bba_ebff6e76,C4_relinked,51400,1844,11064.0,27660.0,0,0,0,,,,,True
6bba_ebff6e76,C4_m2,51400,1844,11064.0,27660.0,1,1,0,,1.0,,,
6bba_ebff6e76,C4_m6,51400,1844,11064.0,27660.0,0,0,0,,,,,
6bba_ebff6e76,C4_Gonly,51400,1844,11064.0,27660.0,38,38,34,58.0,2.0,True,0.0,
6bba_ebff6e76,C5,51400,2081,12486.0,31215.0,0,0,0,,,,,
6bba_ebff6e76,C6,51400,1844,11064.0,27660.0,1,1,0,,1.0,,,
6bba_ebff6e76,C0,51400,0,,,0,0,0,,,,,
6bba_ebff6e76,decoder_only,51400,0,,,0,0,0,,,,,
6bba_ebff6e76,original_objective_C4,51400,0,,,0,0,0,,,,,
6bba_ebff6e76,D_real,51400,88,528.0,1320.0,0,0,0,,,,,True
6bba_ebff6e76,D_synthetic,51400,91,546.0,1365.0,0,0,0,,,,,True
6bba_ebff6e76,D_synthetic_C4,51400,1980,11880.0,29700.0,1,1,1,1.0,0.0,True,0.0,True
6bba_ed9377fd,C1short,4312,789,4734.0,11835.0,0,0,0,,,,,
6bba_ed9377fd,C1,4312,3,18.0,45.0,0,0,0,,,,,
6bba_ed9377fd,C1_relinked,4312,3,18.0,45.0,0,0,0,,,,,True
6bba_ed9377fd,C2,4312,45,270.0,675.0,0,0,0,,,,,
6bba_ed9377fd,C3,4312,12,72.0,180.0,0,0,0,,,,,
6bba_ed9377fd,C4,4312,128,768.0,1920.0,0,0,0,,,,,
6bba_ed9377fd,C4_relinked,4312,128,768.0,1920.0,0,0,0,,,,,True
6bba_ed9377fd,C4_m2,4312,128,768.0,1920.0,1,1,1,2.0,0.0,True,0.0,
6bba_ed9377fd,C4_m6,4312,128,768.0,1920.0,0,0,0,,,,,
6bba_ed9377fd,C4_Gonly,4312,128,768.0,1920.0,4,4,4,5.0,0.0,True,0.0,
6bba_ed9377fd,C5,4312,119,714.0,1785.0,0,0,0,,,,,
6bba_ed9377fd,C6,4312,128,768.0,1920.0,0,0,0,,,,,
6bba_ed9377fd,C0,4312,0,,,0,0,0,,,,,
6bba_ed9377fd,decoder_only,4312,0,,,0,0,0,,,,,
6bba_ed9377fd,original_objective_C4,4312,0,,,0,0,0,,,,,
6bba_ed9377fd,D_real,4312,0,0.0,0.0,0,0,0,,,,,True
6bba_ed9377fd,D_synthetic,4312,1,6.0,15.0,0,0,0,,,,,True
6bba_ed9377fd,D_synthetic_C4,4312,126,756.0,1890.0,1,1,1,2.0,0.0,True,0.0,True
6bba_edf14583,C1short,50687,25319,151914.0,379785.0,0,0,0,,,,,
6bba_edf14583,C1,50687,144,864.0,2160.0,0,0,0,,,,,
6bba_edf14583,C1_relinked,50687,144,864.0,2160.0,0,0,0,,,,,True
6bba_edf14583,C2,50687,993,5958.0,14895.0,2,2,2,0.0,0.0,True,0.0,
6bba_edf14583,C3,50687,291,1746.0,4365.0,0,0,0,,,,,
6bba_edf14583,C4,50687,2824,16944.0,42360.0,1,1,1,0.0,0.0,True,0.0,
6bba_edf14583,C4_relinked,50687,2824,16944.0,42360.0,1,1,1,2.0,0.0,True,0.0,True
6bba_edf14583,C4_m2,50687,2824,16944.0,42360.0,3,3,3,1.0,0.0,True,0.0,
6bba_edf14583,C4_m6,50687,2824,16944.0,42360.0,0,0,0,,,,,
6bba_edf14583,C4_Gonly,50687,2824,16944.0,42360.0,55,55,50,85.0,3.0,True,0.0,
6bba_edf14583,C5,50687,2640,15840.0,39600.0,2,2,2,0.0,0.0,True,0.0,
6bba_edf14583,C6,50687,2824,16944.0,42360.0,3,3,3,1.0,0.0,True,0.0,
6bba_edf14583,C0,50687,0,,,0,0,0,,,,,
6bba_edf14583,decoder_only,50687,0,,,0,0,0,,,,,
6bba_edf14583,original_objective_C4,50687,0,,,0,0,0,,,,,
6bba_edf14583,D_real,50687,143,858.0,2145.0,0,0,0,,,,,True
6bba_edf14583,D_synthetic,50687,151,906.0,2265.0,0,0,0,,,,,True
6bba_edf14583,D_synthetic_C4,50687,3181,19086.0,47715.0,1,1,1,2.0,0.0,True,0.0,True
6bba_eebc57a5,C1short,8432,3799,22794.0,56985.0,0,0,0,,,,,
6bba_eebc57a5,C1,8432,11,66.0,165.0,0,0,0,,,,,
6bba_eebc57a5,C1_relinked,8432,11,66.0,165.0,0,0,0,,,,,True
6bba_eebc57a5,C2,8432,180,1080.0,2700.0,4,4,2,2.0,2.0,True,0.0,
6bba_eebc57a5,C3,8432,82,492.0,1230.0,0,0,0,,,,,
6bba_eebc57a5,C4,8432,536,3216.0,8040.0,2,2,1,1.0,1.0,True,0.0,
6bba_eebc57a5,C4_relinked,8432,536,3216.0,8040.0,2,2,2,3.0,0.0,True,0.0,True
6bba_eebc57a5,C4_m2,8432,536,3216.0,8040.0,12,12,9,13.0,2.0,True,0.0,
6bba_eebc57a5,C4_m6,8432,536,3216.0,8040.0,2,2,1,1.0,1.0,True,0.0,
6bba_eebc57a5,C4_Gonly,8432,536,3216.0,8040.0,15,15,13,21.0,2.0,True,0.0,
6bba_eebc57a5,C5,8432,521,3126.0,7815.0,2,2,2,2.0,0.0,True,0.0,
6bba_eebc57a5,C6,8432,536,3216.0,8040.0,2,2,1,1.0,1.0,True,0.0,
6bba_eebc57a5,C0,8432,0,,,0,0,0,,,,,
6bba_eebc57a5,decoder_only,8432,0,,,0,0,0,,,,,
6bba_eebc57a5,original_objective_C4,8432,0,,,0,0,0,,,,,
6bba_eebc57a5,D_real,8432,8,48.0,120.0,0,0,0,,,,,True
6bba_eebc57a5,D_synthetic,8432,10,60.0,150.0,0,0,0,,,,,True
6bba_eebc57a5,D_synthetic_C4,8432,607,3642.0,9105.0,3,3,3,5.0,0.0,True,0.0,True
6bba_ef7b4f7e,C1short,5782,998,5988.0,14970.0,0,0,0,,,,,
6bba_ef7b4f7e,C1,5782,2,12.0,30.0,0,0,0,,,,,
6bba_ef7b4f7e,C1_relinked,5782,2,12.0,30.0,0,0,0,,,,,True
6bba_ef7b4f7e,C2,5782,64,384.0,960.0,3,3,3,3.0,0.0,True,0.0,
6bba_ef7b4f7e,C3,5782,13,78.0,195.0,0,0,0,,,,,
6bba_ef7b4f7e,C4,5782,123,738.0,1845.0,4,4,3,3.0,1.0,True,0.0,
6bba_ef7b4f7e,C4_relinked,5782,123,738.0,1845.0,4,4,4,5.0,0.0,True,0.0,True
6bba_ef7b4f7e,C4_m2,5782,123,738.0,1845.0,6,6,4,4.0,2.0,True,0.0,
6bba_ef7b4f7e,C4_m6,5782,123,738.0,1845.0,1,1,1,1.0,0.0,True,0.0,
6bba_ef7b4f7e,C4_Gonly,5782,123,738.0,1845.0,6,6,4,5.0,2.0,True,0.0,
6bba_ef7b4f7e,C5,5782,81,486.0,1215.0,2,2,2,2.0,0.0,True,0.0,
6bba_ef7b4f7e,C6,5782,123,738.0,1845.0,4,4,3,3.0,1.0,True,0.0,
6bba_ef7b4f7e,C0,5782,0,,,0,0,0,,,,,
6bba_ef7b4f7e,decoder_only,5782,0,,,0,0,0,,,,,
6bba_ef7b4f7e,original_objective_C4,5782,0,,,0,0,0,,,,,
6bba_ef7b4f7e,D_real,5782,3,18.0,45.0,0,0,0,,,,,True
6bba_ef7b4f7e,D_synthetic,5782,1,6.0,15.0,0,0,0,,,,,True
6bba_ef7b4f7e,D_synthetic_C4,5782,139,834.0,2085.0,3,3,3,4.0,0.0,True,0.0,True
6bba_f17befbc,C1short,25730,4899,29394.0,73485.0,0,0,0,,,,,
6bba_f17befbc,C1,25730,37,222.0,555.0,0,0,0,,,,,
6bba_f17befbc,C1_relinked,25730,37,222.0,555.0,0,0,0,,,,,True
6bba_f17befbc,C2,25730,746,4476.0,11190.0,2,2,2,1.0,0.0,True,0.0,
6bba_f17befbc,C3,25730,130,780.0,1950.0,0,0,0,,,,,
6bba_f17befbc,C4,25730,1660,9960.0,24900.0,1,1,1,0.0,0.0,True,0.0,
6bba_f17befbc,C4_relinked,25730,1660,9960.0,24900.0,1,1,1,1.0,0.0,True,0.0,True
6bba_f17befbc,C4_m2,25730,1660,9960.0,24900.0,3,3,3,1.0,0.0,True,0.0,
6bba_f17befbc,C4_m6,25730,1660,9960.0,24900.0,0,0,0,,,,,
6bba_f17befbc,C4_Gonly,25730,1660,9960.0,24900.0,20,20,16,25.0,4.0,True,0.0,
6bba_f17befbc,C5,25730,2342,14052.0,35130.0,0,0,0,,,,,
6bba_f17befbc,C6,25730,1660,9960.0,24900.0,2,2,2,3.0,0.0,True,0.0,
6bba_f17befbc,C0,25730,0,,,0,0,0,,,,,
6bba_f17befbc,decoder_only,25730,0,,,0,0,0,,,,,
6bba_f17befbc,original_objective_C4,25730,0,,,0,0,0,,,,,
6bba_f17befbc,D_real,25730,40,240.0,600.0,0,0,0,,,,,True
6bba_f17befbc,D_synthetic,25730,43,258.0,645.0,0,0,0,,,,,True
6bba_f17befbc,D_synthetic_C4,25730,1827,10962.0,27405.0,0,0,0,,,,,True
6bba_f1fde7e0,C1short,7950,446,2676.0,6690.0,0,0,0,,,,,
6bba_f1fde7e0,C1,7950,11,66.0,165.0,0,0,0,,,,,
6bba_f1fde7e0,C1_relinked,7950,11,66.0,165.0,0,0,0,,,,,True
6bba_f1fde7e0,C2,7950,791,4746.0,11865.0,1,1,1,2.0,0.0,True,0.0,
6bba_f1fde7e0,C3,7950,20,120.0,300.0,0,0,0,,,,,
6bba_f1fde7e0,C4,7950,1371,8226.0,20565.0,1,1,1,2.0,0.0,True,0.0,
6bba_f1fde7e0,C4_relinked,7950,1371,8226.0,20565.0,1,1,1,2.0,0.0,True,0.0,True
6bba_f1fde7e0,C4_m2,7950,1371,8226.0,20565.0,5,5,3,6.0,2.0,True,0.0,
6bba_f1fde7e0,C4_m6,7950,1371,8226.0,20565.0,0,0,0,,,,,
6bba_f1fde7e0,C4_Gonly,7950,1371,8226.0,20565.0,49,49,39,71.0,2.0,True,0.0,
6bba_f1fde7e0,C5,7950,1735,10410.0,26025.0,0,0,0,,,,,
6bba_f1fde7e0,C6,7950,1371,8226.0,20565.0,6,6,5,10.0,1.0,True,0.0,
6bba_f1fde7e0,C0,7950,0,,,0,0,0,,,,,
6bba_f1fde7e0,decoder_only,7950,0,,,0,0,0,,,,,
6bba_f1fde7e0,original_objective_C4,7950,0,,,0,0,0,,,,,
6bba_f1fde7e0,D_real,7950,10,60.0,150.0,0,0,0,,,,,True
6bba_f1fde7e0,D_synthetic,7950,11,66.0,165.0,0,0,0,,,,,True
6bba_f1fde7e0,D_synthetic_C4,7950,1413,8478.0,21195.0,1,1,1,2.0,0.0,True,0.0,True
6bba_f20478e9,C1short,5207,448,2688.0,6720.0,0,0,0,,,,,
6bba_f20478e9,C1,5207,8,48.0,120.0,0,0,0,,,,,
6bba_f20478e9,C1_relinked,5207,8,48.0,120.0,0,0,0,,,,,True
6bba_f20478e9,C2,5207,85,510.0,1275.0,0,0,0,,,,,
6bba_f20478e9,C3,5207,2,12.0,30.0,0,0,0,,,,,
6bba_f20478e9,C4,5207,128,768.0,1920.0,0,0,0,,,,,
6bba_f20478e9,C4_relinked,5207,128,768.0,1920.0,0,0,0,,,,,True
6bba_f20478e9,C4_m2,5207,128,768.0,1920.0,5,5,5,6.0,0.0,True,0.0,
6bba_f20478e9,C4_m6,5207,128,768.0,1920.0,0,0,0,,,,,
6bba_f20478e9,C4_Gonly,5207,128,768.0,1920.0,5,5,5,7.0,0.0,True,0.0,
6bba_f20478e9,C5,5207,182,1092.0,2730.0,0,0,0,,,,,
6bba_f20478e9,C6,5207,128,768.0,1920.0,0,0,0,,,,,
6bba_f20478e9,C0,5207,0,,,0,0,0,,,,,
6bba_f20478e9,decoder_only,5207,0,,,0,0,0,,,,,
6bba_f20478e9,original_objective_C4,5207,0,,,0,0,0,,,,,
6bba_f20478e9,D_real,5207,8,48.0,120.0,0,0,0,,,,,True
6bba_f20478e9,D_synthetic,5207,9,54.0,135.0,0,0,0,,,,,True
6bba_f20478e9,D_synthetic_C4,5207,148,888.0,2220.0,0,0,0,,,,,True
6bba_f4ae811c,C1short,9300,3598,21588.0,53970.0,0,0,0,,,,,
6bba_f4ae811c,C1,9300,17,102.0,255.0,0,0,0,,,,,
6bba_f4ae811c,C1_relinked,9300,17,102.0,255.0,0,0,0,,,,,True
6bba_f4ae811c,C2,9300,600,3600.0,9000.0,1,1,1,1.0,0.0,True,0.0,
6bba_f4ae811c,C3,9300,28,168.0,420.0,0,0,0,,,,,
6bba_f4ae811c,C4,9300,655,3930.0,9825.0,1,1,1,1.0,0.0,True,0.0,
6bba_f4ae811c,C4_relinked,9300,655,3930.0,9825.0,1,1,1,1.0,0.0,True,0.0,True
6bba_f4ae811c,C4_m2,9300,655,3930.0,9825.0,1,1,1,1.0,0.0,True,0.0,
6bba_f4ae811c,C4_m6,9300,655,3930.0,9825.0,1,1,1,1.0,0.0,True,0.0,
6bba_f4ae811c,C4_Gonly,9300,655,3930.0,9825.0,12,12,10,16.0,1.0,True,0.0,
6bba_f4ae811c,C5,9300,590,3540.0,8850.0,1,1,1,1.0,0.0,True,0.0,
6bba_f4ae811c,C6,9300,655,3930.0,9825.0,1,1,1,1.0,0.0,True,0.0,
6bba_f4ae811c,C0,9300,0,,,0,0,0,,,,,
6bba_f4ae811c,decoder_only,9300,0,,,0,0,0,,,,,
6bba_f4ae811c,original_objective_C4,9300,0,,,0,0,0,,,,,
6bba_f4ae811c,D_real,9300,22,132.0,330.0,0,0,0,,,,,True
6bba_f4ae811c,D_synthetic,9300,20,120.0,300.0,0,0,0,,,,,True
6bba_f4ae811c,D_synthetic_C4,9300,775,4650.0,11625.0,1,1,1,1.0,0.0,True,0.0,True
6bba_f8ffd5e7,C1short,31198,12007,72042.0,180105.0,0,0,0,,,,,
6bba_f8ffd5e7,C1,31198,47,282.0,705.0,0,0,0,,,,,
6bba_f8ffd5e7,C1_relinked,31198,47,282.0,705.0,0,0,0,,,,,True
6bba_f8ffd5e7,C2,31198,1422,8532.0,21330.0,0,0,0,,,,,
6bba_f8ffd5e7,C3,31198,87,522.0,1305.0,0,0,0,,,,,
6bba_f8ffd5e7,C4,31198,4409,26454.0,66135.0,0,0,0,,,,,
6bba_f8ffd5e7,C4_relinked,31198,4409,26454.0,66135.0,0,0,0,,,,,True
6bba_f8ffd5e7,C4_m2,31198,4409,26454.0,66135.0,0,0,0,,,,,
6bba_f8ffd5e7,C4_m6,31198,4409,26454.0,66135.0,0,0,0,,,,,
6bba_f8ffd5e7,C4_Gonly,31198,4409,26454.0,66135.0,31,31,25,48.0,4.0,True,0.0,
6bba_f8ffd5e7,C5,31198,3827,22962.0,57405.0,0,0,0,,,,,
6bba_f8ffd5e7,C6,31198,4409,26454.0,66135.0,1,1,1,1.0,0.0,True,0.0,
6bba_f8ffd5e7,C0,31198,0,,,0,0,0,,,,,
6bba_f8ffd5e7,decoder_only,31198,0,,,0,0,0,,,,,
6bba_f8ffd5e7,original_objective_C4,31198,0,,,0,0,0,,,,,
6bba_f8ffd5e7,D_real,31198,44,264.0,660.0,0,0,0,,,,,True
6bba_f8ffd5e7,D_synthetic,31198,40,240.0,600.0,0,0,0,,,,,True
6bba_f8ffd5e7,D_synthetic_C4,31198,4998,29988.0,74970.0,0,0,0,,,,,True
6bba_fbc898dc,C1short,4934,355,2130.0,5325.0,0,0,0,,,,,
6bba_fbc898dc,C1,4934,1,6.0,15.0,0,0,0,,,,,
6bba_fbc898dc,C1_relinked,4934,1,6.0,15.0,0,0,0,,,,,True
6bba_fbc898dc,C2,4934,46,276.0,690.0,0,0,0,,,,,
6bba_fbc898dc,C3,4934,7,42.0,105.0,0,0,0,,,,,
6bba_fbc898dc,C4,4934,89,534.0,1335.0,0,0,0,,,,,
6bba_fbc898dc,C4_relinked,4934,89,534.0,1335.0,0,0,0,,,,,True
6bba_fbc898dc,C4_m2,4934,89,534.0,1335.0,3,3,2,2.0,0.0,True,0.0,
6bba_fbc898dc,C4_m6,4934,89,534.0,1335.0,0,0,0,,,,,
6bba_fbc898dc,C4_Gonly,4934,89,534.0,1335.0,2,2,2,2.0,0.0,True,0.0,
6bba_fbc898dc,C5,4934,112,672.0,1680.0,0,0,0,,,,,
6bba_fbc898dc,C6,4934,89,534.0,1335.0,0,0,0,,,,,
6bba_fbc898dc,C0,4934,0,,,0,0,0,,,,,
6bba_fbc898dc,decoder_only,4934,0,,,0,0,0,,,,,
6bba_fbc898dc,original_objective_C4,4934,0,,,0,0,0,,,,,
6bba_fbc898dc,D_real,4934,0,0.0,0.0,0,0,0,,,,,True
6bba_fbc898dc,D_synthetic,4934,0,0.0,0.0,0,0,0,,,,,True
6bba_fbc898dc,D_synthetic_C4,4934,104,624.0,1560.0,0,0,0,,,,,True
6bba_fc516dc6,C1short,6934,968,5808.0,14520.0,0,0,0,,,,,
6bba_fc516dc6,C1,6934,2,12.0,30.0,0,0,0,,,,,
6bba_fc516dc6,C1_relinked,6934,2,12.0,30.0,0,0,0,,,,,True
6bba_fc516dc6,C2,6934,162,972.0,2430.0,6,6,5,9.0,1.0,True,0.0,
6bba_fc516dc6,C3,6934,14,84.0,210.0,0,0,0,,,,,
6bba_fc516dc6,C4,6934,296,1776.0,4440.0,5,5,5,10.0,0.0,True,0.0,
6bba_fc516dc6,C4_relinked,6934,296,1776.0,4440.0,5,5,4,7.0,0.0,True,0.0,True
6bba_fc516dc6,C4_m2,6934,296,1776.0,4440.0,25,25,17,28.0,3.0,True,0.0,
6bba_fc516dc6,C4_m6,6934,296,1776.0,4440.0,1,1,1,2.0,0.0,True,0.0,
6bba_fc516dc6,C4_Gonly,6934,296,1776.0,4440.0,14,14,12,22.0,0.0,True,0.0,
6bba_fc516dc6,C5,6934,418,2508.0,6270.0,7,7,6,10.0,1.0,True,0.0,
6bba_fc516dc6,C6,6934,296,1776.0,4440.0,4,4,4,8.0,0.0,True,0.0,
6bba_fc516dc6,C0,6934,0,,,0,0,0,,,,,
6bba_fc516dc6,decoder_only,6934,0,,,0,0,0,,,,,
6bba_fc516dc6,original_objective_C4,6934,0,,,0,0,0,,,,,
6bba_fc516dc6,D_real,6934,1,6.0,15.0,0,0,0,,,,,True
6bba_fc516dc6,D_synthetic,6934,2,12.0,30.0,0,0,0,,,,,True
6bba_fc516dc6,D_synthetic_C4,6934,339,2034.0,5085.0,8,8,7,12.0,0.0,True,0.0,True
6bba_fc5f39dc,C1short,17539,6693,40158.0,100395.0,0,0,0,,,,,
6bba_fc5f39dc,C1,17539,38,228.0,570.0,0,0,0,,,,,
6bba_fc5f39dc,C1_relinked,17539,38,228.0,570.0,0,0,0,,,,,True
6bba_fc5f39dc,C2,17539,557,3342.0,8355.0,0,0,0,,,,,
6bba_fc5f39dc,C3,17539,69,414.0,1035.0,0,0,0,,,,,
6bba_fc5f39dc,C4,17539,894,5364.0,13410.0,0,0,0,,,,,
6bba_fc5f39dc,C4_relinked,17539,894,5364.0,13410.0,0,0,0,,,,,True
6bba_fc5f39dc,C4_m2,17539,894,5364.0,13410.0,0,0,0,,,,,
6bba_fc5f39dc,C4_m6,17539,894,5364.0,13410.0,0,0,0,,,,,
6bba_fc5f39dc,C4_Gonly,17539,894,5364.0,13410.0,13,13,10,17.0,2.0,True,0.0,
6bba_fc5f39dc,C5,17539,600,3600.0,9000.0,0,0,0,,,,,
6bba_fc5f39dc,C6,17539,894,5364.0,13410.0,0,0,0,,,,,
6bba_fc5f39dc,C0,17539,0,,,0,0,0,,,,,
6bba_fc5f39dc,decoder_only,17539,0,,,0,0,0,,,,,
6bba_fc5f39dc,original_objective_C4,17539,0,,,0,0,0,,,,,
6bba_fc5f39dc,D_real,17539,25,150.0,375.0,0,0,0,,,,,True
6bba_fc5f39dc,D_synthetic,17539,27,162.0,405.0,0,0,0,,,,,True
6bba_fc5f39dc,D_synthetic_C4,17539,1020,6120.0,15300.0,0,0,0,,,,,True
6bba_fc83837d,C1short,12153,4476,26856.0,67140.0,0,0,0,,,,,
6bba_fc83837d,C1,12153,40,240.0,600.0,0,0,0,,,,,
6bba_fc83837d,C1_relinked,12153,40,240.0,600.0,0,0,0,,,,,True
6bba_fc83837d,C2,12153,803,4818.0,12045.0,2,2,1,2.0,0.0,True,0.0,
6bba_fc83837d,C3,12153,116,696.0,1740.0,0,0,0,,,,,
6bba_fc83837d,C4,12153,1263,7578.0,18945.0,1,1,1,2.0,0.0,True,0.0,
6bba_fc83837d,C4_relinked,12153,1263,7578.0,18945.0,1,1,1,2.0,0.0,True,0.0,True
6bba_fc83837d,C4_m2,12153,1263,7578.0,18945.0,2,2,1,2.0,0.0,True,0.0,
6bba_fc83837d,C4_m6,12153,1263,7578.0,18945.0,0,0,0,,,,,
6bba_fc83837d,C4_Gonly,12153,1263,7578.0,18945.0,19,19,19,31.0,0.0,True,0.0,
6bba_fc83837d,C5,12153,883,5298.0,13245.0,1,1,1,2.0,0.0,True,0.0,
6bba_fc83837d,C6,12153,1263,7578.0,18945.0,1,1,1,2.0,0.0,True,0.0,
6bba_fc83837d,C0,12153,0,,,0,0,0,,,,,
6bba_fc83837d,decoder_only,12153,0,,,0,0,0,,,,,
6bba_fc83837d,original_objective_C4,12153,0,,,0,0,0,,,,,
6bba_fc83837d,D_real,12153,43,258.0,645.0,0,0,0,,,,,True
6bba_fc83837d,D_synthetic,12153,38,228.0,570.0,0,0,0,,,,,True
6bba_fc83837d,D_synthetic_C4,12153,1403,8418.0,21045.0,1,1,1,2.0,0.0,True,0.0,True
6bba_fe670320,C1short,9734,4143,24858.0,62145.0,0,0,0,,,,,
6bba_fe670320,C1,9734,20,120.0,300.0,0,0,0,,,,,
6bba_fe670320,C1_relinked,9734,20,120.0,300.0,0,0,0,,,,,True
6bba_fe670320,C2,9734,546,3276.0,8190.0,1,1,1,2.0,0.0,True,0.0,
6bba_fe670320,C3,9734,34,204.0,510.0,0,0,0,,,,,
6bba_fe670320,C4,9734,991,5946.0,14865.0,2,2,2,4.0,0.0,True,0.0,
6bba_fe670320,C4_relinked,9734,991,5946.0,14865.0,2,2,2,5.0,0.0,True,0.0,True
6bba_fe670320,C4_m2,9734,991,5946.0,14865.0,8,8,6,12.0,2.0,True,0.0,
6bba_fe670320,C4_m6,9734,991,5946.0,14865.0,0,0,0,,,,,
6bba_fe670320,C4_Gonly,9734,991,5946.0,14865.0,40,40,33,55.0,4.0,True,0.0,
6bba_fe670320,C5,9734,968,5808.0,14520.0,1,1,1,2.0,0.0,True,0.0,
6bba_fe670320,C6,9734,991,5946.0,14865.0,6,6,5,9.0,1.0,True,0.0,
6bba_fe670320,C0,9734,0,,,0,0,0,,,,,
6bba_fe670320,decoder_only,9734,0,,,0,0,0,,,,,
6bba_fe670320,original_objective_C4,9734,0,,,0,0,0,,,,,
6bba_fe670320,D_real,9734,20,120.0,300.0,0,0,0,,,,,True
6bba_fe670320,D_synthetic,9734,25,150.0,375.0,0,0,0,,,,,True
6bba_fe670320,D_synthetic_C4,9734,1047,6282.0,15705.0,4,4,4,9.0,0.0,True,0.0,True
44b6_0113de3b,C1_seed2,25426,240,1440.0,3600.0,0,0,0,,,,,
44b6_0b24845f,C1_seed2,20411,226,1356.0,3390.0,0,0,0,,,,,
44b6_0c582fdc,C1_seed2,27377,414,2484.0,6210.0,0,0,0,,,,,
44b6_0db75fae,C1_seed2,17732,172,1032.0,2580.0,0,0,0,,,,,
44b6_12dfb391,C1_seed2,44462,437,2622.0,6555.0,0,0,0,,,,,
44b6_144b256d,C1_seed2,29714,312,1872.0,4680.0,0,0,0,,,,,
44b6_1574802b,C1_seed2,19516,195,1170.0,2925.0,0,0,0,,,,,
44b6_18ced818,C1_seed2,73076,648,3888.0,9720.0,0,0,0,,,,,
44b6_1d530831,C1_seed2,35832,285,1710.0,4275.0,0,0,0,,,,,
44b6_24264f12,C1_seed2,26798,268,1608.0,4020.0,0,0,0,,,,,
44b6_267148e4,C1_seed2,22176,173,1038.0,2595.0,0,0,0,,,,,
44b6_2a2eff9f,C1_seed2,39679,386,2316.0,5790.0,0,0,0,,,,,
44b6_2f31fc2f,C1_seed2,19584,209,1254.0,3135.0,0,0,0,,,,,
44b6_33b596bf,C1_seed2,23792,400,2400.0,6000.0,0,0,0,,,,,
44b6_341df25f,C1_seed2,8327,102,612.0,1530.0,0,0,0,,,,,
44b6_3a861e03,C1_seed2,36353,353,2118.0,5295.0,0,0,0,,,,,
44b6_3bb3690f,C1_seed2,16089,135,810.0,2025.0,0,0,0,,,,,
44b6_40c45f5a,C1_seed2,29672,419,2514.0,6285.0,0,0,0,,,,,
44b6_415c0a3a,C1_seed2,33999,404,2424.0,6060.0,0,0,0,,,,,
44b6_53f95252,C1_seed2,31268,343,2058.0,5145.0,0,0,0,,,,,
44b6_551a5dba,C1_seed2,31465,313,1878.0,4695.0,0,0,0,,,,,
44b6_5740d24b,C1_seed2,11360,117,702.0,1755.0,0,0,0,,,,,
44b6_587a1e22,C1_seed2,18716,177,1062.0,2655.0,0,0,0,,,,,
44b6_5f15d135,C1_seed2,21837,213,1278.0,3195.0,0,0,0,,,,,
44b6_668e0cc7,C1_seed2,33587,233,1398.0,3495.0,0,0,0,,,,,
44b6_66f9292d,C1_seed2,23530,199,1194.0,2985.0,0,0,0,,,,,
44b6_706092f0,C1_seed2,29619,298,1788.0,4470.0,0,0,0,,,,,
44b6_71a4179f,C1_seed2,31756,324,1944.0,4860.0,0,0,0,,,,,
44b6_74d0c52e,C1_seed2,8654,93,558.0,1395.0,0,0,0,,,,,
44b6_7a302da0,C1_seed2,44530,473,2838.0,7095.0,0,0,0,,,,,
44b6_7e557709,C1_seed2,44623,337,2022.0,5055.0,0,0,0,,,,,
44b6_808952d6,C1_seed2,14995,244,1464.0,3660.0,0,0,0,,,,,
44b6_81c256f0,C1_seed2,11200,170,1020.0,2550.0,0,0,0,,,,,
44b6_87bba6c4,C1_seed2,29073,284,1704.0,4260.0,0,0,0,,,,,
44b6_8cc6506c,C1_seed2,18798,149,894.0,2235.0,0,0,0,,,,,
44b6_8f5ab931,C1_seed2,27707,313,1878.0,4695.0,0,0,0,,,,,
44b6_8f9ecab4,C1_seed2,40814,460,2760.0,6900.0,0,0,0,,,,,
44b6_90724892,C1_seed2,23229,254,1524.0,3810.0,0,0,0,,,,,
44b6_949adeb1,C1_seed2,38792,319,1914.0,4785.0,0,0,0,,,,,
44b6_95029e92,C1_seed2,4749,37,222.0,555.0,0,0,0,,,,,
44b6_97725144,C1_seed2,33581,333,1998.0,4995.0,0,0,0,,,,,
44b6_996155de,C1_seed2,9188,69,414.0,1035.0,0,0,0,,,,,
44b6_9be80b04,C1_seed2,25896,249,1494.0,3735.0,0,0,0,,,,,
44b6_9bfa6a0a,C1_seed2,39454,393,2358.0,5895.0,0,0,0,,,,,
44b6_a21120c2,C1_seed2,21890,242,1452.0,3630.0,0,0,0,,,,,
44b6_a2bb48bb,C1_seed2,46562,613,3678.0,9195.0,0,0,0,,,,,
44b6_aaf8b0ea,C1_seed2,15287,150,900.0,2250.0,0,0,0,,,,,
44b6_abf82518,C1_seed2,26297,360,2160.0,5400.0,0,0,0,,,,,
44b6_b2c44266,C1_seed2,37651,416,2496.0,6240.0,0,0,0,,,,,
44b6_c15fded2,C1_seed2,19401,291,1746.0,4365.0,0,0,0,,,,,
44b6_c50204e0,C1_seed2,37831,544,3264.0,8160.0,0,0,0,,,,,
44b6_c771cb04,C1_seed2,29711,268,1608.0,4020.0,0,0,0,,,,,
44b6_c8e2a523,C1_seed2,28589,258,1548.0,3870.0,0,0,0,,,,,
44b6_c96cfa10,C1_seed2,37910,368,2208.0,5520.0,0,0,0,,,,,
44b6_cf2536e8,C1_seed2,22332,219,1314.0,3285.0,0,0,0,,,,,
44b6_cf8fed6b,C1_seed2,41349,397,2382.0,5955.0,0,0,0,,,,,
44b6_d29c9ab2,C1_seed2,36110,264,1584.0,3960.0,0,0,0,,,,,
44b6_d2f34f90,C1_seed2,15298,138,828.0,2070.0,0,0,0,,,,,
44b6_d5e7d891,C1_seed2,42986,488,2928.0,7320.0,0,0,0,,,,,
44b6_d754aa59,C1_seed2,5550,76,456.0,1140.0,0,0,0,,,,,
44b6_d78e09d9,C1_seed2,23451,227,1362.0,3405.0,0,0,0,,,,,
44b6_db3c847b,C1_seed2,15472,259,1554.0,3885.0,0,0,0,,,,,
44b6_ddf577ad,C1_seed2,38002,364,2184.0,5460.0,0,0,0,,,,,
44b6_deabac95,C1_seed2,15633,169,1014.0,2535.0,0,0,0,,,,,
44b6_e28840c6,C1_seed2,27153,258,1548.0,3870.0,0,0,0,,,,,
44b6_e29f0176,C1_seed2,13471,121,726.0,1815.0,0,0,0,,,,,
44b6_e31261b4,C1_seed2,66482,472,2832.0,7080.0,0,0,0,,,,,
44b6_e35b117d,C1_seed2,19733,143,858.0,2145.0,0,0,0,,,,,
44b6_e57ff5c6,C1_seed2,17436,142,852.0,2130.0,0,0,0,,,,,
44b6_eb2880fc,C1_seed2,37069,270,1620.0,4050.0,0,0,0,,,,,
44b6_f28707c6,C1_seed2,21584,346,2076.0,5190.0,0,0,0,,,,,
6bba_05b6850b,C1_seed2,6047,6,36.0,90.0,0,0,0,,,,,
6bba_05db0fb1,C1_seed2,69216,167,1002.0,2505.0,0,0,0,,,,,
6bba_062c8d37,C1_seed2,5843,4,24.0,60.0,0,0,0,,,,,
6bba_07477033,C1_seed2,4567,2,12.0,30.0,0,0,0,,,,,
6bba_07e24132,C1_seed2,28860,40,240.0,600.0,0,0,0,,,,,
6bba_085bf656,C1_seed2,8226,14,84.0,210.0,0,0,0,,,,,
6bba_09961292,C1_seed2,29420,112,672.0,1680.0,0,0,0,,,,,
6bba_0c7fa718,C1_seed2,12445,11,66.0,165.0,0,0,0,,,,,
6bba_0e7c0d07,C1_seed2,22155,16,96.0,240.0,0,0,0,,,,,
6bba_12665c0e,C1_seed2,8053,7,42.0,105.0,0,0,0,,,,,
6bba_13f19531,C1_seed2,5646,16,96.0,240.0,0,0,0,,,,,
6bba_15403b9a,C1_seed2,6268,7,42.0,105.0,0,0,0,,,,,
6bba_1d0d8384,C1_seed2,17190,23,138.0,345.0,0,0,0,,,,,
6bba_1ebfb80d,C1_seed2,11379,61,366.0,915.0,0,0,0,,,,,
6bba_1f58c2f6,C1_seed2,31786,45,270.0,675.0,0,0,0,,,,,
6bba_207c6aaf,C1_seed2,17297,22,132.0,330.0,0,0,0,,,,,
6bba_20852818,C1_seed2,9865,14,84.0,210.0,0,0,0,,,,,
6bba_2312ac41,C1_seed2,12289,18,108.0,270.0,0,0,0,,,,,
6bba_23af9eeb,C1_seed2,4130,2,12.0,30.0,0,0,0,,,,,
6bba_2540cd90,C1_seed2,3451,5,30.0,75.0,0,0,0,,,,,
6bba_2646afc7,C1_seed2,5199,1,6.0,15.0,0,0,0,,,,,
6bba_268e1230,C1_seed2,4559,6,36.0,90.0,0,0,0,,,,,
6bba_2819ca14,C1_seed2,4916,2,12.0,30.0,0,0,0,,,,,
6bba_283bf9f1,C1_seed2,21565,75,450.0,1125.0,0,0,0,,,,,
6bba_312f0dc3,C1_seed2,9330,6,36.0,90.0,0,0,0,,,,,
6bba_32db13fc,C1_seed2,43835,66,396.0,990.0,0,0,0,,,,,
6bba_337b1b3a,C1_seed2,29142,75,450.0,1125.0,0,0,0,,,,,
6bba_372c8cb8,C1_seed2,6517,4,24.0,60.0,0,0,0,,,,,
6bba_3a1849c2,C1_seed2,6526,10,60.0,150.0,0,0,0,,,,,
6bba_3abfe10a,C1_seed2,52659,108,648.0,1620.0,0,0,0,,,,,
6bba_3c5691b6,C1_seed2,6158,8,48.0,120.0,0,0,0,,,,,
6bba_3db54e20,C1_seed2,22646,28,168.0,420.0,0,0,0,,,,,
6bba_3fda6b25,C1_seed2,8241,11,66.0,165.0,0,0,0,,,,,
6bba_43fea39d,C1_seed2,5334,0,0.0,0.0,0,0,0,,,,,
6bba_474be664,C1_seed2,26632,64,384.0,960.0,0,0,0,,,,,
6bba_48816121,C1_seed2,25037,71,426.0,1065.0,0,0,0,,,,,
6bba_4aa14c89,C1_seed2,6998,36,216.0,540.0,0,0,0,,,,,
6bba_4f99ce20,C1_seed2,5337,5,30.0,75.0,0,0,0,,,,,
6bba_4ffd3da3,C1_seed2,19995,43,258.0,645.0,0,0,0,,,,,
6bba_55b7eebe,C1_seed2,4531,12,72.0,180.0,0,0,0,,,,,
6bba_55c70843,C1_seed2,37363,72,432.0,1080.0,0,0,0,,,,,
6bba_57b7cc1e,C1_seed2,75665,185,1110.0,2775.0,0,0,0,,,,,
6bba_5a4d9360,C1_seed2,5511,4,24.0,60.0,0,0,0,,,,,
6bba_5b28472a,C1_seed2,5795,3,18.0,45.0,0,0,0,,,,,
6bba_5c039895,C1_seed2,7856,13,78.0,195.0,0,0,0,,,,,
6bba_5c824876,C1_seed2,25118,8,48.0,120.0,0,0,0,,,,,
6bba_5dfe9ad1,C1_seed2,29423,32,192.0,480.0,0,0,0,,,,,
6bba_5f89039d,C1_seed2,4387,3,18.0,45.0,0,0,0,,,,,
6bba_61dd1e0d,C1_seed2,9421,35,210.0,525.0,0,0,0,,,,,
6bba_61ecbe65,C1_seed2,5485,1,6.0,15.0,0,0,0,,,,,
6bba_6321a359,C1_seed2,4511,15,90.0,225.0,0,0,0,,,,,
6bba_6479435d,C1_seed2,24272,32,192.0,480.0,0,0,0,,,,,
6bba_67ebd073,C1_seed2,15780,13,78.0,195.0,0,0,0,,,,,
6bba_6ca87370,C1_seed2,6301,53,318.0,795.0,0,0,0,,,,,
6bba_6db0e9b4,C1_seed2,25316,46,276.0,690.0,0,0,0,,,,,
6bba_6feb10f0,C1_seed2,11755,26,156.0,390.0,0,0,0,,,,,
6bba_6feeb0b1,C1_seed2,6812,9,54.0,135.0,0,0,0,,,,,
6bba_705ec2c9,C1_seed2,5848,16,96.0,240.0,0,0,0,,,,,
6bba_718b21f9,C1_seed2,4079,1,6.0,15.0,0,0,0,,,,,
6bba_74686d6a,C1_seed2,26327,54,324.0,810.0,0,0,0,,,,,
6bba_767a1e17,C1_seed2,47359,56,336.0,840.0,0,0,0,,,,,
6bba_76db78c1,C1_seed2,4610,4,24.0,60.0,0,0,0,,,,,
6bba_784a78c9,C1_seed2,12656,21,126.0,315.0,0,0,0,,,,,
6bba_786893ac,C1_seed2,58037,134,804.0,2010.0,0,0,0,,,,,
6bba_789f8168,C1_seed2,10643,7,42.0,105.0,0,0,0,,,,,
6bba_78a7bd97,C1_seed2,38755,51,306.0,765.0,0,0,0,,,,,
6bba_7af54fde,C1_seed2,10033,16,96.0,240.0,0,0,0,,,,,
6bba_7b5d3b2c,C1_seed2,5442,2,12.0,30.0,0,0,0,,,,,
6bba_7d3058ae,C1_seed2,7390,3,18.0,45.0,0,0,0,,,,,
6bba_7f87b3d8,C1_seed2,9294,5,30.0,75.0,0,0,0,,,,,
6bba_80d12824,C1_seed2,8371,3,18.0,45.0,0,0,0,,,,,
6bba_825bd1c6,C1_seed2,6803,6,36.0,90.0,0,0,0,,,,,
6bba_87289e13,C1_seed2,13961,10,60.0,150.0,0,0,0,,,,,
6bba_8b7818bf,C1_seed2,5622,10,60.0,150.0,0,0,0,,,,,
6bba_907271db,C1_seed2,6822,16,96.0,240.0,0,0,0,,,,,
6bba_91951b3a,C1_seed2,11370,20,120.0,300.0,0,0,0,,,,,
6bba_96833384,C1_seed2,4723,14,84.0,210.0,0,0,0,,,,,
6bba_969618f6,C1_seed2,15559,27,162.0,405.0,0,0,0,,,,,
6bba_971fa5e0,C1_seed2,4946,0,0.0,0.0,0,0,0,,,,,
6bba_9a41d029,C1_seed2,18248,71,426.0,1065.0,0,0,0,,,,,
6bba_9e23430b,C1_seed2,7391,24,144.0,360.0,0,0,0,,,,,
6bba_a5e926bb,C1_seed2,7931,18,108.0,270.0,0,0,0,,,,,
6bba_a90a0b9c,C1_seed2,31062,49,294.0,735.0,0,0,0,,,,,
6bba_ab78413d,C1_seed2,13437,36,216.0,540.0,0,0,0,,,,,
6bba_acd782a8,C1_seed2,19752,23,138.0,345.0,0,0,0,,,,,
6bba_ae82a791,C1_seed2,7060,9,54.0,135.0,0,0,0,,,,,
6bba_aeee7805,C1_seed2,4909,10,60.0,150.0,0,0,0,,,,,
6bba_af149c94,C1_seed2,7758,22,132.0,330.0,0,0,0,,,,,
6bba_afb141ff,C1_seed2,5528,5,30.0,75.0,0,0,0,,,,,
6bba_b1ae37b9,C1_seed2,22927,60,360.0,900.0,0,0,0,,,,,
6bba_b204cac7,C1_seed2,5356,14,84.0,210.0,0,0,0,,,,,
6bba_b329af44,C1_seed2,64577,157,942.0,2355.0,0,0,0,,,,,
6bba_b693381b,C1_seed2,6090,5,30.0,75.0,0,0,0,,,,,
6bba_bb9f20c3,C1_seed2,22774,56,336.0,840.0,0,0,0,,,,,
6bba_bbb708ca,C1_seed2,6488,18,108.0,270.0,0,0,0,,,,,
6bba_c27cba08,C1_seed2,6331,5,30.0,75.0,0,0,0,,,,,
6bba_c328f2fd,C1_seed2,30836,51,306.0,765.0,0,0,0,,,,,
6bba_c73a1d11,C1_seed2,23959,25,150.0,375.0,0,0,0,,,,,
6bba_cdcfe533,C1_seed2,28082,70,420.0,1050.0,0,0,0,,,,,
6bba_cf35214c,C1_seed2,34744,43,258.0,645.0,0,0,0,,,,,
6bba_cff5865f,C1_seed2,46597,100,600.0,1500.0,0,0,0,,,,,
6bba_d0fc38b5,C1_seed2,5695,18,108.0,270.0,0,0,0,,,,,
6bba_d1acb6ff,C1_seed2,16189,51,306.0,765.0,0,0,0,,,,,
6bba_d2b9fc0c,C1_seed2,18610,7,42.0,105.0,0,0,0,,,,,
6bba_d3da753b,C1_seed2,15911,17,102.0,255.0,0,0,0,,,,,
6bba_d5eae175,C1_seed2,4094,1,6.0,15.0,0,0,0,,,,,
6bba_d6ecebbb,C1_seed2,6000,2,12.0,30.0,0,0,0,,,,,
6bba_d82a4fc6,C1_seed2,28680,63,378.0,945.0,0,0,0,,,,,
6bba_debd7bfa,C1_seed2,11746,24,144.0,360.0,0,0,0,,,,,
6bba_df673a83,C1_seed2,21830,49,294.0,735.0,0,0,0,,,,,
6bba_e16ffc58,C1_seed2,5900,4,24.0,60.0,0,0,0,,,,,
6bba_e5e44988,C1_seed2,5097,2,12.0,30.0,0,0,0,,,,,
6bba_ebdf3b34,C1_seed2,59077,83,498.0,1245.0,0,0,0,,,,,
6bba_ebff6e76,C1_seed2,51400,128,768.0,1920.0,0,0,0,,,,,
6bba_ed9377fd,C1_seed2,4312,2,12.0,30.0,0,0,0,,,,,
6bba_edf14583,C1_seed2,50687,122,732.0,1830.0,0,0,0,,,,,
6bba_eebc57a5,C1_seed2,8432,2,12.0,30.0,0,0,0,,,,,
6bba_ef7b4f7e,C1_seed2,5782,6,36.0,90.0,0,0,0,,,,,
6bba_f17befbc,C1_seed2,25730,52,312.0,780.0,0,0,0,,,,,
6bba_f1fde7e0,C1_seed2,7950,9,54.0,135.0,0,0,0,,,,,
6bba_f20478e9,C1_seed2,5207,2,12.0,30.0,0,0,0,,,,,
6bba_f4ae811c,C1_seed2,9300,44,264.0,660.0,0,0,0,,,,,
6bba_f8ffd5e7,C1_seed2,31198,23,138.0,345.0,0,0,0,,,,,
6bba_fbc898dc,C1_seed2,4934,6,36.0,90.0,0,0,0,,,,,
6bba_fc516dc6,C1_seed2,6934,3,18.0,45.0,0,0,0,,,,,
6bba_fc5f39dc,C1_seed2,17539,27,162.0,405.0,0,0,0,,,,,
6bba_fc83837d,C1_seed2,12153,59,354.0,885.0,0,0,0,,,,,
6bba_fe670320,C1_seed2,9734,15,90.0,225.0,0,0,0,,,,,
44b6_0113de3b,C4_seed2,25426,4838,29028.0,72570.0,23,23,9,18.0,12.0,True,0.0,
44b6_0b24845f,C4_seed2,20411,3856,23136.0,57840.0,1,1,1,2.0,0.0,True,0.0,
44b6_0c582fdc,C4_seed2,27377,6628,39768.0,99420.0,2,2,1,1.0,1.0,True,0.0,
44b6_0db75fae,C4_seed2,17732,4054,24324.0,60810.0,1,1,1,2.0,0.0,True,0.0,
44b6_12dfb391,C4_seed2,44462,5684,34104.0,85260.0,9,9,2,4.0,6.0,True,0.0,
44b6_144b256d,C4_seed2,29714,3594,21564.0,53910.0,2,2,1,2.0,1.0,True,0.0,
44b6_1574802b,C4_seed2,19516,3632,21792.0,54480.0,2,2,1,1.0,1.0,True,0.0,
44b6_18ced818,C4_seed2,73076,11866,71196.0,177990.0,7,7,6,9.0,1.0,True,0.0,
44b6_1d530831,C4_seed2,35832,4878,29268.0,73170.0,2,2,0,,2.0,,,
44b6_24264f12,C4_seed2,26798,5238,31428.0,78570.0,8,8,6,10.0,2.0,True,0.0,
44b6_267148e4,C4_seed2,22176,5759,34554.0,86385.0,2,2,1,3.0,1.0,True,0.0,
44b6_2a2eff9f,C4_seed2,39679,4119,24714.0,61785.0,3,3,2,2.0,1.0,True,0.0,
44b6_2f31fc2f,C4_seed2,19584,5531,33186.0,82965.0,0,0,0,,,,,
44b6_33b596bf,C4_seed2,23792,6058,36348.0,90870.0,18,18,18,35.0,0.0,True,0.0,
44b6_341df25f,C4_seed2,8327,834,5004.0,12510.0,2,2,0,,2.0,,,
44b6_3a861e03,C4_seed2,36353,5038,30228.0,75570.0,12,12,2,3.0,10.0,True,0.0,
44b6_3bb3690f,C4_seed2,16089,1719,10314.0,25785.0,2,2,1,1.0,1.0,True,0.0,
44b6_40c45f5a,C4_seed2,29672,4322,25932.0,64830.0,3,3,1,1.0,2.0,True,0.0,
44b6_415c0a3a,C4_seed2,33999,4797,28782.0,71955.0,0,0,0,,,,,
44b6_53f95252,C4_seed2,31268,5058,30348.0,75870.0,2,2,0,,2.0,,,
44b6_551a5dba,C4_seed2,31465,4312,25872.0,64680.0,11,11,4,5.0,5.0,True,0.0,
44b6_5740d24b,C4_seed2,11360,2045,12270.0,30675.0,0,0,0,,,,,
44b6_587a1e22,C4_seed2,18716,3584,21504.0,53760.0,0,0,0,,,,,
44b6_5f15d135,C4_seed2,21837,3365,20190.0,50475.0,0,0,0,,,,,
44b6_668e0cc7,C4_seed2,33587,5891,35346.0,88365.0,6,6,3,5.0,3.0,True,0.0,
44b6_66f9292d,C4_seed2,23530,2698,16188.0,40470.0,0,0,0,,,,,
44b6_706092f0,C4_seed2,29619,3252,19512.0,48780.0,1,1,0,,1.0,,,
44b6_71a4179f,C4_seed2,31756,3933,23598.0,58995.0,4,4,1,2.0,3.0,True,0.0,
44b6_74d0c52e,C4_seed2,8654,1234,7404.0,18510.0,4,4,2,4.0,1.0,True,0.0,
44b6_7a302da0,C4_seed2,44530,6553,39318.0,98295.0,16,16,3,3.0,13.0,True,0.0,
44b6_7e557709,C4_seed2,44623,4804,28824.0,72060.0,4,4,1,2.0,3.0,True,0.0,
44b6_808952d6,C4_seed2,14995,1990,11940.0,29850.0,3,3,1,1.0,2.0,True,0.0,
44b6_81c256f0,C4_seed2,11200,1493,8958.0,22395.0,3,3,0,,3.0,,,
44b6_87bba6c4,C4_seed2,29073,6259,37554.0,93885.0,8,8,7,12.0,1.0,True,0.0,
44b6_8cc6506c,C4_seed2,18798,2195,13170.0,32925.0,2,2,1,2.0,1.0,True,0.0,
44b6_8f5ab931,C4_seed2,27707,4079,24474.0,61185.0,2,2,0,,2.0,,,
44b6_8f9ecab4,C4_seed2,40814,6381,38286.0,95715.0,8,8,3,5.0,5.0,True,0.0,
44b6_90724892,C4_seed2,23229,4501,27006.0,67515.0,4,4,3,5.0,1.0,True,0.0,
44b6_949adeb1,C4_seed2,38792,5627,33762.0,84405.0,5,5,3,5.0,2.0,True,0.0,
44b6_95029e92,C4_seed2,4749,221,1326.0,3315.0,2,2,0,,2.0,,,
44b6_97725144,C4_seed2,33581,4867,29202.0,73005.0,5,5,5,8.0,0.0,True,0.0,
44b6_996155de,C4_seed2,9188,869,5214.0,13035.0,2,2,0,,2.0,,,
44b6_9be80b04,C4_seed2,25896,2807,16842.0,42105.0,7,7,3,3.0,4.0,True,0.0,
44b6_9bfa6a0a,C4_seed2,39454,5014,30084.0,75210.0,5,5,0,,5.0,,,
44b6_a21120c2,C4_seed2,21890,5296,31776.0,79440.0,12,12,7,14.0,4.0,True,0.0,
44b6_a2bb48bb,C4_seed2,46562,7430,44580.0,111450.0,8,8,4,7.0,4.0,True,0.0,
44b6_aaf8b0ea,C4_seed2,15287,1657,9942.0,24855.0,0,0,0,,,,,
44b6_abf82518,C4_seed2,26297,4232,25392.0,63480.0,1,1,0,,1.0,,,
44b6_b2c44266,C4_seed2,37651,4786,28716.0,71790.0,8,8,1,1.0,7.0,True,0.0,
44b6_c15fded2,C4_seed2,19401,5340,32040.0,80100.0,20,20,14,26.0,4.0,True,0.0,
44b6_c50204e0,C4_seed2,37831,7010,42060.0,105150.0,4,4,1,2.0,3.0,True,0.0,
44b6_c771cb04,C4_seed2,29711,3675,22050.0,55125.0,0,0,0,,,,,
44b6_c8e2a523,C4_seed2,28589,5633,33798.0,84495.0,40,40,32,63.0,4.0,True,0.0,
44b6_c96cfa10,C4_seed2,37910,6228,37368.0,93420.0,6,6,1,2.0,5.0,True,0.0,
44b6_cf2536e8,C4_seed2,22332,2395,14370.0,35925.0,2,2,2,3.0,0.0,True,0.0,
44b6_cf8fed6b,C4_seed2,41349,9017,54102.0,135255.0,7,7,4,8.0,3.0,True,0.0,
44b6_d29c9ab2,C4_seed2,36110,3945,23670.0,59175.0,15,15,7,14.0,8.0,True,0.0,
44b6_d2f34f90,C4_seed2,15298,2050,12300.0,30750.0,0,0,0,,,,,
44b6_d5e7d891,C4_seed2,42986,7363,44178.0,110445.0,3,3,2,2.0,1.0,True,0.0,
44b6_d754aa59,C4_seed2,5550,670,4020.0,10050.0,1,1,0,,1.0,,,
44b6_d78e09d9,C4_seed2,23451,3827,22962.0,57405.0,9,9,8,15.0,1.0,True,0.0,
44b6_db3c847b,C4_seed2,15472,3033,18198.0,45495.0,2,2,0,,2.0,,,
44b6_ddf577ad,C4_seed2,38002,6025,36150.0,90375.0,5,5,1,1.0,4.0,True,0.0,
44b6_deabac95,C4_seed2,15633,1763,10578.0,26445.0,1,1,1,1.0,0.0,True,0.0,
44b6_e28840c6,C4_seed2,27153,3337,20022.0,50055.0,1,1,1,1.0,0.0,True,0.0,
44b6_e29f0176,C4_seed2,13471,3613,21678.0,54195.0,5,5,4,8.0,1.0,True,0.0,
44b6_e31261b4,C4_seed2,66482,8082,48492.0,121230.0,11,11,7,13.0,4.0,True,0.0,
44b6_e35b117d,C4_seed2,19733,2081,12486.0,31215.0,0,0,0,,,,,
44b6_e57ff5c6,C4_seed2,17436,4878,29268.0,73170.0,2,2,2,4.0,0.0,True,0.0,
44b6_eb2880fc,C4_seed2,37069,3895,23370.0,58425.0,8,8,0,,8.0,,,
44b6_f28707c6,C4_seed2,21584,5309,31854.0,79635.0,23,23,16,29.0,3.0,True,0.0,
6bba_05b6850b,C4_seed2,6047,114,684.0,1710.0,1,1,1,1.0,0.0,True,0.0,
6bba_05db0fb1,C4_seed2,69216,2550,15300.0,38250.0,3,3,2,2.0,1.0,True,0.0,
6bba_062c8d37,C4_seed2,5843,605,3630.0,9075.0,6,6,4,5.0,2.0,True,0.0,
6bba_07477033,C4_seed2,4567,205,1230.0,3075.0,0,0,0,,,,,
6bba_07e24132,C4_seed2,28860,696,4176.0,10440.0,0,0,0,,,,,
6bba_085bf656,C4_seed2,8226,233,1398.0,3495.0,1,1,1,2.0,0.0,True,0.0,
6bba_09961292,C4_seed2,29420,1390,8340.0,20850.0,2,2,0,,2.0,,,
6bba_0c7fa718,C4_seed2,12445,5417,32502.0,81255.0,7,7,6,12.0,1.0,True,0.0,
6bba_0e7c0d07,C4_seed2,22155,6418,38508.0,96270.0,2,2,1,0.0,1.0,True,0.0,
6bba_12665c0e,C4_seed2,8053,592,3552.0,8880.0,4,4,2,4.0,1.0,True,0.0,
6bba_13f19531,C4_seed2,5646,273,1638.0,4095.0,0,0,0,,,,,
6bba_15403b9a,C4_seed2,6268,498,2988.0,7470.0,1,1,1,2.0,0.0,True,0.0,
6bba_1d0d8384,C4_seed2,17190,1148,6888.0,17220.0,3,3,1,2.0,2.0,True,0.0,
6bba_1ebfb80d,C4_seed2,11379,1109,6654.0,16635.0,3,3,3,6.0,0.0,True,0.0,
6bba_1f58c2f6,C4_seed2,31786,1132,6792.0,16980.0,1,1,1,1.0,0.0,True,0.0,
6bba_207c6aaf,C4_seed2,17297,2317,13902.0,34755.0,1,1,1,2.0,0.0,True,0.0,
6bba_20852818,C4_seed2,9865,434,2604.0,6510.0,3,3,3,6.0,0.0,True,0.0,
6bba_2312ac41,C4_seed2,12289,395,2370.0,5925.0,1,1,0,,1.0,,,
6bba_23af9eeb,C4_seed2,4130,91,546.0,1365.0,0,0,0,,,,,
6bba_2540cd90,C4_seed2,3451,140,840.0,2100.0,0,0,0,,,,,
6bba_2646afc7,C4_seed2,5199,94,564.0,1410.0,0,0,0,,,,,
6bba_268e1230,C4_seed2,4559,257,1542.0,3855.0,0,0,0,,,,,
6bba_2819ca14,C4_seed2,4916,349,2094.0,5235.0,1,1,1,2.0,0.0,True,0.0,
6bba_283bf9f1,C4_seed2,21565,1897,11382.0,28455.0,1,1,1,2.0,0.0,True,0.0,
6bba_312f0dc3,C4_seed2,9330,1261,7566.0,18915.0,4,4,4,6.0,0.0,True,0.0,
6bba_32db13fc,C4_seed2,43835,2598,15588.0,38970.0,1,1,1,2.0,0.0,True,0.0,
6bba_337b1b3a,C4_seed2,29142,4928,29568.0,73920.0,6,6,5,10.0,0.0,True,0.0,
6bba_372c8cb8,C4_seed2,6517,88,528.0,1320.0,0,0,0,,,,,
6bba_3a1849c2,C4_seed2,6526,206,1236.0,3090.0,1,1,1,2.0,0.0,True,0.0,
6bba_3abfe10a,C4_seed2,52659,5168,31008.0,77520.0,3,3,3,4.0,0.0,True,0.0,
6bba_3c5691b6,C4_seed2,6158,70,420.0,1050.0,1,1,0,,1.0,,,
6bba_3db54e20,C4_seed2,22646,3864,23184.0,57960.0,0,0,0,,,,,
6bba_3fda6b25,C4_seed2,8241,344,2064.0,5160.0,1,1,0,,1.0,,,
6bba_43fea39d,C4_seed2,5334,227,1362.0,3405.0,2,2,0,,2.0,,,
6bba_474be664,C4_seed2,26632,1254,7524.0,18810.0,0,0,0,,,,,
6bba_48816121,C4_seed2,25037,1641,9846.0,24615.0,1,1,0,,1.0,,,
6bba_4aa14c89,C4_seed2,6998,200,1200.0,3000.0,0,0,0,,,,,
6bba_4f99ce20,C4_seed2,5337,356,2136.0,5340.0,2,2,2,4.0,0.0,True,0.0,
6bba_4ffd3da3,C4_seed2,19995,1352,8112.0,20280.0,0,0,0,,,,,
6bba_55b7eebe,C4_seed2,4531,226,1356.0,3390.0,0,0,0,,,,,
6bba_55c70843,C4_seed2,37363,2348,14088.0,35220.0,3,3,2,3.0,1.0,True,0.0,
6bba_57b7cc1e,C4_seed2,75665,3377,20262.0,50655.0,8,8,7,10.0,1.0,True,0.0,
6bba_5a4d9360,C4_seed2,5511,370,2220.0,5550.0,2,2,2,3.0,0.0,True,0.0,
6bba_5b28472a,C4_seed2,5795,76,456.0,1140.0,0,0,0,,,,,
6bba_5c039895,C4_seed2,7856,292,1752.0,4380.0,0,0,0,,,,,
6bba_5c824876,C4_seed2,25118,1376,8256.0,20640.0,0,0,0,,,,,
6bba_5dfe9ad1,C4_seed2,29423,1191,7146.0,17865.0,0,0,0,,,,,
6bba_5f89039d,C4_seed2,4387,62,372.0,930.0,0,0,0,,,,,
6bba_61dd1e0d,C4_seed2,9421,360,2160.0,5400.0,0,0,0,,,,,
6bba_61ecbe65,C4_seed2,5485,335,2010.0,5025.0,3,3,3,5.0,0.0,True,0.0,
6bba_6321a359,C4_seed2,4511,106,636.0,1590.0,0,0,0,,,,,
6bba_6479435d,C4_seed2,24272,1359,8154.0,20385.0,1,1,1,2.0,0.0,True,0.0,
6bba_67ebd073,C4_seed2,15780,648,3888.0,9720.0,0,0,0,,,,,
6bba_6ca87370,C4_seed2,6301,598,3588.0,8970.0,0,0,0,,,,,
6bba_6db0e9b4,C4_seed2,25316,1477,8862.0,22155.0,6,6,6,11.0,0.0,True,0.0,
6bba_6feb10f0,C4_seed2,11755,491,2946.0,7365.0,0,0,0,,,,,
6bba_6feeb0b1,C4_seed2,6812,519,3114.0,7785.0,1,1,1,1.0,0.0,True,0.0,
6bba_705ec2c9,C4_seed2,5848,585,3510.0,8775.0,4,4,2,2.0,2.0,True,0.0,
6bba_718b21f9,C4_seed2,4079,36,216.0,540.0,0,0,0,,,,,
6bba_74686d6a,C4_seed2,26327,1378,8268.0,20670.0,1,1,0,,1.0,,,
6bba_767a1e17,C4_seed2,47359,11014,66084.0,165210.0,7,7,7,13.0,0.0,True,0.0,
6bba_76db78c1,C4_seed2,4610,166,996.0,2490.0,1,1,0,,1.0,,,
6bba_784a78c9,C4_seed2,12656,381,2286.0,5715.0,2,2,1,1.0,1.0,True,0.0,
6bba_786893ac,C4_seed2,58037,2503,15018.0,37545.0,1,1,1,2.0,0.0,True,0.0,
6bba_789f8168,C4_seed2,10643,2290,13740.0,34350.0,10,10,7,13.0,2.0,True,0.0,
6bba_78a7bd97,C4_seed2,38755,6406,38436.0,96090.0,0,0,0,,,,,
6bba_7af54fde,C4_seed2,10033,372,2232.0,5580.0,0,0,0,,,,,
6bba_7b5d3b2c,C4_seed2,5442,201,1206.0,3015.0,0,0,0,,,,,
6bba_7d3058ae,C4_seed2,7390,307,1842.0,4605.0,0,0,0,,,,,
6bba_7f87b3d8,C4_seed2,9294,1711,10266.0,25665.0,5,5,5,10.0,0.0,True,0.0,
6bba_80d12824,C4_seed2,8371,284,1704.0,4260.0,2,2,2,3.0,0.0,True,0.0,
6bba_825bd1c6,C4_seed2,6803,717,4302.0,10755.0,4,4,3,6.0,1.0,True,0.0,
6bba_87289e13,C4_seed2,13961,1664,9984.0,24960.0,12,12,10,19.0,1.0,True,0.0,
6bba_8b7818bf,C4_seed2,5622,157,942.0,2355.0,0,0,0,,,,,
6bba_907271db,C4_seed2,6822,278,1668.0,4170.0,2,2,2,4.0,0.0,True,0.0,
6bba_91951b3a,C4_seed2,11370,844,5064.0,12660.0,4,4,3,5.0,1.0,True,0.0,
6bba_96833384,C4_seed2,4723,96,576.0,1440.0,0,0,0,,,,,
6bba_969618f6,C4_seed2,15559,1093,6558.0,16395.0,0,0,0,,,,,
6bba_971fa5e0,C4_seed2,4946,140,840.0,2100.0,1,1,0,,1.0,,,
6bba_9a41d029,C4_seed2,18248,891,5346.0,13365.0,1,1,0,,1.0,,,
6bba_9e23430b,C4_seed2,7391,432,2592.0,6480.0,0,0,0,,,,,
6bba_a5e926bb,C4_seed2,7931,723,4338.0,10845.0,3,3,3,6.0,0.0,True,0.0,
6bba_a90a0b9c,C4_seed2,31062,812,4872.0,12180.0,1,1,0,,1.0,,,
6bba_ab78413d,C4_seed2,13437,382,2292.0,5730.0,0,0,0,,,,,
6bba_acd782a8,C4_seed2,19752,1381,8286.0,20715.0,4,4,4,7.0,0.0,True,0.0,
6bba_ae82a791,C4_seed2,7060,266,1596.0,3990.0,2,2,0,,2.0,,,
6bba_aeee7805,C4_seed2,4909,53,318.0,795.0,0,0,0,,,,,
6bba_af149c94,C4_seed2,7758,230,1380.0,3450.0,2,2,1,1.0,1.0,True,0.0,
6bba_afb141ff,C4_seed2,5528,342,2052.0,5130.0,1,1,1,1.0,0.0,True,0.0,
6bba_b1ae37b9,C4_seed2,22927,2425,14550.0,36375.0,0,0,0,,,,,
6bba_b204cac7,C4_seed2,5356,62,372.0,930.0,1,1,0,,1.0,,,
6bba_b329af44,C4_seed2,64577,4459,26754.0,66885.0,4,4,4,7.0,0.0,True,0.0,
6bba_b693381b,C4_seed2,6090,723,4338.0,10845.0,4,4,4,8.0,0.0,True,0.0,
6bba_bb9f20c3,C4_seed2,22774,898,5388.0,13470.0,2,2,0,,2.0,,,
6bba_bbb708ca,C4_seed2,6488,275,1650.0,4125.0,8,8,6,10.0,2.0,True,0.0,
6bba_c27cba08,C4_seed2,6331,150,900.0,2250.0,0,0,0,,,,,
6bba_c328f2fd,C4_seed2,30836,1219,7314.0,18285.0,0,0,0,,,,,
6bba_c73a1d11,C4_seed2,23959,2351,14106.0,35265.0,0,0,0,,,,,
6bba_cdcfe533,C4_seed2,28082,4210,25260.0,63150.0,15,15,10,19.0,5.0,True,0.0,
6bba_cf35214c,C4_seed2,34744,1676,10056.0,25140.0,2,2,0,,2.0,,,
6bba_cff5865f,C4_seed2,46597,3172,19032.0,47580.0,9,9,5,9.0,4.0,True,0.0,
6bba_d0fc38b5,C4_seed2,5695,92,552.0,1380.0,0,0,0,,,,,
6bba_d1acb6ff,C4_seed2,16189,1886,11316.0,28290.0,0,0,0,,,,,
6bba_d2b9fc0c,C4_seed2,18610,636,3816.0,9540.0,1,1,0,,1.0,,,
6bba_d3da753b,C4_seed2,15911,1453,8718.0,21795.0,13,13,9,17.0,1.0,True,0.0,
6bba_d5eae175,C4_seed2,4094,64,384.0,960.0,1,1,0,,1.0,,,
6bba_d6ecebbb,C4_seed2,6000,175,1050.0,2625.0,0,0,0,,,,,
6bba_d82a4fc6,C4_seed2,28680,736,4416.0,11040.0,0,0,0,,,,,
6bba_debd7bfa,C4_seed2,11746,1351,8106.0,20265.0,9,9,7,12.0,1.0,True,0.0,
6bba_df673a83,C4_seed2,21830,940,5640.0,14100.0,0,0,0,,,,,
6bba_e16ffc58,C4_seed2,5900,137,822.0,2055.0,0,0,0,,,,,
6bba_e5e44988,C4_seed2,5097,307,1842.0,4605.0,4,4,2,4.0,1.0,True,0.0,
6bba_ebdf3b34,C4_seed2,59077,1784,10704.0,26760.0,2,2,2,4.0,0.0,True,0.0,
6bba_ebff6e76,C4_seed2,51400,1994,11964.0,29910.0,0,0,0,,,,,
6bba_ed9377fd,C4_seed2,4312,109,654.0,1635.0,0,0,0,,,,,
6bba_edf14583,C4_seed2,50687,2532,15192.0,37980.0,0,0,0,,,,,
6bba_eebc57a5,C4_seed2,8432,512,3072.0,7680.0,2,2,1,1.0,1.0,True,0.0,
6bba_ef7b4f7e,C4_seed2,5782,128,768.0,1920.0,3,3,3,3.0,0.0,True,0.0,
6bba_f17befbc,C4_seed2,25730,1894,11364.0,28410.0,1,1,1,2.0,0.0,True,0.0,
6bba_f1fde7e0,C4_seed2,7950,1954,11724.0,29310.0,1,1,1,2.0,0.0,True,0.0,
6bba_f20478e9,C4_seed2,5207,179,1074.0,2685.0,1,1,1,2.0,0.0,True,0.0,
6bba_f4ae811c,C4_seed2,9300,791,4746.0,11865.0,1,1,1,1.0,0.0,True,0.0,
6bba_f8ffd5e7,C4_seed2,31198,4790,28740.0,71850.0,0,0,0,,,,,
6bba_fbc898dc,C4_seed2,4934,188,1128.0,2820.0,0,0,0,,,,,
6bba_fc516dc6,C4_seed2,6934,508,3048.0,7620.0,7,7,5,10.0,0.0,True,0.0,
6bba_fc5f39dc,C4_seed2,17539,869,5214.0,13035.0,0,0,0,,,,,
6bba_fc83837d,C4_seed2,12153,1116,6696.0,16740.0,2,2,1,2.0,0.0,True,0.0,
6bba_fe670320,C4_seed2,9734,1029,6174.0,15435.0,3,3,2,4.0,1.0,True,0.0,
44b6_0113de3b,C7,25426,5814,34884.0,87210.0,20,20,7,14.0,13.0,True,0.0,
44b6_0b24845f,C7,20411,4301,25806.0,64515.0,1,1,1,1.0,0.0,True,0.0,
44b6_0c582fdc,C7,27377,7703,46218.0,115545.0,4,4,2,3.0,1.0,True,0.0,
44b6_0db75fae,C7,17732,4444,26664.0,66660.0,3,3,2,3.0,1.0,True,0.0,
44b6_12dfb391,C7,44462,6315,37890.0,94725.0,8,8,2,4.0,6.0,True,0.0,
44b6_144b256d,C7,29714,3500,21000.0,52500.0,7,7,5,6.0,1.0,True,0.0,
44b6_1574802b,C7,19516,3842,23052.0,57630.0,9,9,4,8.0,4.0,True,0.0,
44b6_18ced818,C7,73076,17154,102924.0,257310.0,8,8,6,10.0,2.0,True,0.0,
44b6_1d530831,C7,35832,5959,35754.0,89385.0,5,5,2,4.0,3.0,True,0.0,
44b6_24264f12,C7,26798,7203,43218.0,108045.0,6,6,3,5.0,3.0,True,0.0,
44b6_267148e4,C7,22176,6031,36186.0,90465.0,5,5,3,5.0,2.0,True,0.0,
44b6_2a2eff9f,C7,39679,5875,35250.0,88125.0,9,9,4,6.0,5.0,True,0.0,
44b6_2f31fc2f,C7,19584,5822,34932.0,87330.0,1,1,1,1.0,0.0,True,0.0,
44b6_33b596bf,C7,23792,7674,46044.0,115110.0,15,15,10,15.0,5.0,True,0.0,
44b6_341df25f,C7,8327,1026,6156.0,15390.0,4,4,0,,4.0,,,
44b6_3a861e03,C7,36353,6291,37746.0,94365.0,24,24,6,9.0,18.0,True,0.0,
44b6_3bb3690f,C7,16089,1749,10494.0,26235.0,5,5,3,5.0,1.0,True,0.0,
44b6_40c45f5a,C7,29672,5148,30888.0,77220.0,6,6,2,2.0,4.0,True,0.0,
44b6_415c0a3a,C7,33999,4775,28650.0,71625.0,2,2,2,2.0,0.0,True,0.0,
44b6_53f95252,C7,31268,5355,32130.0,80325.0,3,3,2,3.0,1.0,True,0.0,
44b6_551a5dba,C7,31465,4978,29868.0,74670.0,12,12,9,10.0,3.0,True,0.0,
44b6_5740d24b,C7,11360,2337,14022.0,35055.0,1,1,0,,1.0,,,
44b6_587a1e22,C7,18716,3357,20142.0,50355.0,2,2,1,2.0,1.0,True,0.0,
44b6_5f15d135,C7,21837,3748,22488.0,56220.0,8,8,6,11.0,0.0,True,0.0,
44b6_668e0cc7,C7,33587,6542,39252.0,98130.0,11,11,6,9.0,5.0,True,0.0,
44b6_66f9292d,C7,23530,2555,15330.0,38325.0,3,3,3,3.0,0.0,True,0.0,
44b6_706092f0,C7,29619,3265,19590.0,48975.0,3,3,2,4.0,1.0,True,0.0,
44b6_71a4179f,C7,31756,3877,23262.0,58155.0,6,6,4,6.0,2.0,True,0.0,
44b6_74d0c52e,C7,8654,1502,9012.0,22530.0,1,1,1,2.0,0.0,True,0.0,
44b6_7a302da0,C7,44530,7535,45210.0,113025.0,13,13,3,2.0,10.0,True,0.0,
44b6_7e557709,C7,44623,5060,30360.0,75900.0,9,9,4,6.0,5.0,True,0.0,
44b6_808952d6,C7,14995,2604,15624.0,39060.0,7,7,5,7.0,2.0,True,0.0,
44b6_81c256f0,C7,11200,1807,10842.0,27105.0,3,3,1,1.0,2.0,True,0.0,
44b6_87bba6c4,C7,29073,7564,45384.0,113460.0,10,10,8,12.0,2.0,True,0.0,
44b6_8cc6506c,C7,18798,2396,14376.0,35940.0,1,1,1,1.0,0.0,True,0.0,
44b6_8f5ab931,C7,27707,4945,29670.0,74175.0,4,4,1,2.0,3.0,True,0.0,
44b6_8f9ecab4,C7,40814,6047,36282.0,90705.0,8,8,3,4.0,5.0,True,0.0,
44b6_90724892,C7,23229,5565,33390.0,83475.0,8,8,6,9.0,2.0,True,0.0,
44b6_949adeb1,C7,38792,6702,40212.0,100530.0,9,9,5,9.0,4.0,True,0.0,
44b6_95029e92,C7,4749,315,1890.0,4725.0,2,2,0,,2.0,,,
44b6_97725144,C7,33581,5854,35124.0,87810.0,12,12,9,16.0,1.0,True,0.0,
44b6_996155de,C7,9188,904,5424.0,13560.0,2,2,2,4.0,0.0,True,0.0,
44b6_9be80b04,C7,25896,3109,18654.0,46635.0,6,6,2,2.0,4.0,True,0.0,
44b6_9bfa6a0a,C7,39454,5055,30330.0,75825.0,3,3,1,1.0,2.0,True,0.0,
44b6_a21120c2,C7,21890,6888,41328.0,103320.0,13,13,7,13.0,5.0,True,0.0,
44b6_a2bb48bb,C7,46562,9314,55884.0,139710.0,18,18,8,15.0,9.0,True,0.0,
44b6_aaf8b0ea,C7,15287,1918,11508.0,28770.0,0,0,0,,,,,
44b6_abf82518,C7,26297,4635,27810.0,69525.0,1,1,0,,1.0,,,
44b6_b2c44266,C7,37651,5234,31404.0,78510.0,7,7,2,3.0,5.0,True,0.0,
44b6_c15fded2,C7,19401,5514,33084.0,82710.0,13,13,8,13.0,5.0,True,0.0,
44b6_c50204e0,C7,37831,8049,48294.0,120735.0,6,6,3,4.0,3.0,True,0.0,
44b6_c771cb04,C7,29711,3966,23796.0,59490.0,1,1,0,,1.0,,,
44b6_c8e2a523,C7,28589,7705,46230.0,115575.0,50,50,37,74.0,5.0,True,0.0,
44b6_c96cfa10,C7,37910,7265,43590.0,108975.0,5,5,2,2.0,3.0,True,0.0,
44b6_cf2536e8,C7,22332,2335,14010.0,35025.0,0,0,0,,,,,
44b6_cf8fed6b,C7,41349,10187,61122.0,152805.0,23,23,15,23.0,6.0,True,0.0,
44b6_d29c9ab2,C7,36110,4679,28074.0,70185.0,26,26,9,16.0,17.0,True,0.0,
44b6_d2f34f90,C7,15298,2223,13338.0,33345.0,0,0,0,,,,,
44b6_d5e7d891,C7,42986,8241,49446.0,123615.0,11,11,8,11.0,3.0,True,0.0,
44b6_d754aa59,C7,5550,884,5304.0,13260.0,3,3,1,2.0,2.0,True,0.0,
44b6_d78e09d9,C7,23451,5550,33300.0,83250.0,14,14,9,18.0,4.0,True,0.0,
44b6_db3c847b,C7,15472,3457,20742.0,51855.0,3,3,1,2.0,2.0,True,0.0,
44b6_ddf577ad,C7,38002,6095,36570.0,91425.0,13,13,5,6.0,8.0,True,0.0,
44b6_deabac95,C7,15633,1924,11544.0,28860.0,7,7,4,7.0,3.0,True,0.0,
44b6_e28840c6,C7,27153,3253,19518.0,48795.0,3,3,3,2.0,0.0,True,0.0,
44b6_e29f0176,C7,13471,2519,15114.0,37785.0,5,5,2,4.0,3.0,True,0.0,
44b6_e31261b4,C7,66482,11462,68772.0,171930.0,8,8,2,3.0,6.0,True,0.0,
44b6_e35b117d,C7,19733,2350,14100.0,35250.0,1,1,0,,1.0,,,
44b6_e57ff5c6,C7,17436,5036,30216.0,75540.0,16,16,13,21.0,2.0,True,0.0,
44b6_eb2880fc,C7,37069,4901,29406.0,73515.0,11,11,1,1.0,10.0,True,0.0,
44b6_f28707c6,C7,21584,5131,30786.0,76965.0,6,6,4,5.0,2.0,True,0.0,
6bba_05b6850b,C7,6047,104,624.0,1560.0,0,0,0,,,,,
6bba_05db0fb1,C7,69216,2411,14466.0,36165.0,1,1,1,2.0,0.0,True,0.0,
6bba_062c8d37,C7,5843,613,3678.0,9195.0,0,0,0,,,,,
6bba_07477033,C7,4567,214,1284.0,3210.0,0,0,0,,,,,
6bba_07e24132,C7,28860,760,4560.0,11400.0,0,0,0,,,,,
6bba_085bf656,C7,8226,201,1206.0,3015.0,2,2,1,2.0,1.0,True,0.0,
6bba_09961292,C7,29420,1229,7374.0,18435.0,4,4,3,4.0,1.0,True,0.0,
6bba_0c7fa718,C7,12445,5701,34206.0,85515.0,8,8,7,12.0,1.0,True,0.0,
6bba_0e7c0d07,C7,22155,7589,45534.0,113835.0,4,4,4,8.0,0.0,True,0.0,
6bba_12665c0e,C7,8053,367,2202.0,5505.0,4,4,3,6.0,1.0,True,0.0,
6bba_13f19531,C7,5646,229,1374.0,3435.0,1,1,1,1.0,0.0,True,0.0,
6bba_15403b9a,C7,6268,364,2184.0,5460.0,0,0,0,,,,,
6bba_1d0d8384,C7,17190,1218,7308.0,18270.0,4,4,3,2.0,1.0,True,0.0,
6bba_1ebfb80d,C7,11379,1442,8652.0,21630.0,3,3,2,3.0,0.0,True,0.0,
6bba_1f58c2f6,C7,31786,980,5880.0,14700.0,0,0,0,,,,,
6bba_207c6aaf,C7,17297,1735,10410.0,26025.0,0,0,0,,,,,
6bba_20852818,C7,9865,320,1920.0,4800.0,3,3,2,4.0,1.0,True,0.0,
6bba_2312ac41,C7,12289,546,3276.0,8190.0,1,1,1,2.0,0.0,True,0.0,
6bba_23af9eeb,C7,4130,48,288.0,720.0,0,0,0,,,,,
6bba_2540cd90,C7,3451,135,810.0,2025.0,0,0,0,,,,,
6bba_2646afc7,C7,5199,68,408.0,1020.0,0,0,0,,,,,
6bba_268e1230,C7,4559,239,1434.0,3585.0,0,0,0,,,,,
6bba_2819ca14,C7,4916,281,1686.0,4215.0,2,2,1,1.0,1.0,True,0.0,
6bba_283bf9f1,C7,21565,1795,10770.0,26925.0,2,2,0,,2.0,,,
6bba_312f0dc3,C7,9330,1383,8298.0,20745.0,7,7,7,13.0,0.0,True,0.0,
6bba_32db13fc,C7,43835,2091,12546.0,31365.0,7,7,4,6.0,3.0,True,0.0,
6bba_337b1b3a,C7,29142,6364,38184.0,95460.0,15,15,9,16.0,3.0,True,0.0,
6bba_372c8cb8,C7,6517,64,384.0,960.0,1,1,1,2.0,0.0,True,0.0,
6bba_3a1849c2,C7,6526,211,1266.0,3165.0,0,0,0,,,,,
6bba_3abfe10a,C7,52659,5871,35226.0,88065.0,2,2,2,2.0,0.0,True,0.0,
6bba_3c5691b6,C7,6158,65,390.0,975.0,0,0,0,,,,,
6bba_3db54e20,C7,22646,3760,22560.0,56400.0,2,2,2,2.0,0.0,True,0.0,
6bba_3fda6b25,C7,8241,325,1950.0,4875.0,2,2,0,,2.0,,,
6bba_43fea39d,C7,5334,191,1146.0,2865.0,0,0,0,,,,,
6bba_474be664,C7,26632,1600,9600.0,24000.0,0,0,0,,,,,
6bba_48816121,C7,25037,2022,12132.0,30330.0,2,2,1,2.0,1.0,True,0.0,
6bba_4aa14c89,C7,6998,216,1296.0,3240.0,0,0,0,,,,,
6bba_4f99ce20,C7,5337,331,1986.0,4965.0,4,4,3,6.0,0.0,True,0.0,
6bba_4ffd3da3,C7,19995,1961,11766.0,29415.0,2,2,1,2.0,1.0,True,0.0,
6bba_55b7eebe,C7,4531,216,1296.0,3240.0,0,0,0,,,,,
6bba_55c70843,C7,37363,2312,13872.0,34680.0,0,0,0,,,,,
6bba_57b7cc1e,C7,75665,3356,20136.0,50340.0,2,2,0,,2.0,,,
6bba_5a4d9360,C7,5511,289,1734.0,4335.0,0,0,0,,,,,
6bba_5b28472a,C7,5795,84,504.0,1260.0,0,0,0,,,,,
6bba_5c039895,C7,7856,283,1698.0,4245.0,2,2,0,,2.0,,,
6bba_5c824876,C7,25118,1179,7074.0,17685.0,1,1,0,,1.0,,,
6bba_5dfe9ad1,C7,29423,1017,6102.0,15255.0,0,0,0,,,,,
6bba_5f89039d,C7,4387,67,402.0,1005.0,0,0,0,,,,,
6bba_61dd1e0d,C7,9421,588,3528.0,8820.0,0,0,0,,,,,
6bba_61ecbe65,C7,5485,267,1602.0,4005.0,0,0,0,,,,,
6bba_6321a359,C7,4511,67,402.0,1005.0,0,0,0,,,,,
6bba_6479435d,C7,24272,999,5994.0,14985.0,2,2,2,4.0,0.0,True,0.0,
6bba_67ebd073,C7,15780,455,2730.0,6825.0,7,7,5,6.0,2.0,True,0.0,
6bba_6ca87370,C7,6301,680,4080.0,10200.0,1,1,1,2.0,0.0,True,0.0,
6bba_6db0e9b4,C7,25316,1266,7596.0,18990.0,10,10,9,14.0,1.0,True,0.0,
6bba_6feb10f0,C7,11755,500,3000.0,7500.0,0,0,0,,,,,
6bba_6feeb0b1,C7,6812,506,3036.0,7590.0,0,0,0,,,,,
6bba_705ec2c9,C7,5848,524,3144.0,7860.0,0,0,0,,,,,
6bba_718b21f9,C7,4079,59,354.0,885.0,0,0,0,,,,,
6bba_74686d6a,C7,26327,1258,7548.0,18870.0,2,2,1,2.0,1.0,True,0.0,
6bba_767a1e17,C7,47359,12607,75642.0,189105.0,5,5,5,7.0,0.0,True,0.0,
6bba_76db78c1,C7,4610,158,948.0,2370.0,1,1,0,,1.0,,,
6bba_784a78c9,C7,12656,549,3294.0,8235.0,2,2,0,,2.0,,,
6bba_786893ac,C7,58037,2497,14982.0,37455.0,3,3,3,3.0,0.0,True,0.0,
6bba_789f8168,C7,10643,2294,13764.0,34410.0,11,11,8,16.0,2.0,True,0.0,
6bba_78a7bd97,C7,38755,6495,38970.0,97425.0,0,0,0,,,,,
6bba_7af54fde,C7,10033,445,2670.0,6675.0,0,0,0,,,,,
6bba_7b5d3b2c,C7,5442,209,1254.0,3135.0,0,0,0,,,,,
6bba_7d3058ae,C7,7390,239,1434.0,3585.0,1,1,0,,1.0,,,
6bba_7f87b3d8,C7,9294,1057,6342.0,15855.0,0,0,0,,,,,
6bba_80d12824,C7,8371,158,948.0,2370.0,2,2,2,4.0,0.0,True,0.0,
6bba_825bd1c6,C7,6803,730,4380.0,10950.0,4,4,4,7.0,0.0,True,0.0,
6bba_87289e13,C7,13961,1041,6246.0,15615.0,5,5,3,5.0,2.0,True,0.0,
6bba_8b7818bf,C7,5622,123,738.0,1845.0,0,0,0,,,,,
6bba_907271db,C7,6822,176,1056.0,2640.0,3,3,3,6.0,0.0,True,0.0,
6bba_91951b3a,C7,11370,1014,6084.0,15210.0,2,2,1,1.0,1.0,True,0.0,
6bba_96833384,C7,4723,77,462.0,1155.0,1,1,0,,1.0,,,
6bba_969618f6,C7,15559,1394,8364.0,20910.0,0,0,0,,,,,
6bba_971fa5e0,C7,4946,93,558.0,1395.0,1,1,0,,1.0,,,
6bba_9a41d029,C7,18248,819,4914.0,12285.0,2,2,0,,2.0,,,
6bba_9e23430b,C7,7391,630,3780.0,9450.0,0,0,0,,,,,
6bba_a5e926bb,C7,7931,426,2556.0,6390.0,4,4,3,6.0,1.0,True,0.0,
6bba_a90a0b9c,C7,31062,798,4788.0,11970.0,2,2,1,2.0,1.0,True,0.0,
6bba_ab78413d,C7,13437,381,2286.0,5715.0,0,0,0,,,,,
6bba_acd782a8,C7,19752,1011,6066.0,15165.0,3,3,2,3.0,1.0,True,0.0,
6bba_ae82a791,C7,7060,260,1560.0,3900.0,1,1,0,,1.0,,,
6bba_aeee7805,C7,4909,44,264.0,660.0,0,0,0,,,,,
6bba_af149c94,C7,7758,221,1326.0,3315.0,2,2,0,,2.0,,,
6bba_afb141ff,C7,5528,225,1350.0,3375.0,4,4,4,5.0,0.0,True,0.0,
6bba_b1ae37b9,C7,22927,1983,11898.0,29745.0,1,1,1,1.0,0.0,True,0.0,
6bba_b204cac7,C7,5356,85,510.0,1275.0,1,1,0,,1.0,,,
6bba_b329af44,C7,64577,4226,25356.0,63390.0,3,3,3,4.0,0.0,True,0.0,
6bba_b693381b,C7,6090,789,4734.0,11835.0,6,6,6,11.0,0.0,True,0.0,
6bba_bb9f20c3,C7,22774,684,4104.0,10260.0,4,4,0,,4.0,,,
6bba_bbb708ca,C7,6488,230,1380.0,3450.0,5,5,3,5.0,2.0,True,0.0,
6bba_c27cba08,C7,6331,115,690.0,1725.0,1,1,0,,1.0,,,
6bba_c328f2fd,C7,30836,1384,8304.0,20760.0,2,2,1,2.0,1.0,True,0.0,
6bba_c73a1d11,C7,23959,1553,9318.0,23295.0,3,3,3,4.0,0.0,True,0.0,
6bba_cdcfe533,C7,28082,5143,30858.0,77145.0,29,29,19,34.0,8.0,True,0.0,
6bba_cf35214c,C7,34744,1672,10032.0,25080.0,5,5,1,2.0,4.0,True,0.0,
6bba_cff5865f,C7,46597,3289,19734.0,49335.0,21,21,8,16.0,13.0,True,0.0,
6bba_d0fc38b5,C7,5695,123,738.0,1845.0,0,0,0,,,,,
6bba_d1acb6ff,C7,16189,2231,13386.0,33465.0,0,0,0,,,,,
6bba_d2b9fc0c,C7,18610,425,2550.0,6375.0,1,1,0,,1.0,,,
6bba_d3da753b,C7,15911,934,5604.0,14010.0,3,3,3,5.0,0.0,True,0.0,
6bba_d5eae175,C7,4094,90,540.0,1350.0,1,1,0,,1.0,,,
6bba_d6ecebbb,C7,6000,132,792.0,1980.0,2,2,2,3.0,0.0,True,0.0,
6bba_d82a4fc6,C7,28680,890,5340.0,13350.0,4,4,2,3.0,2.0,True,0.0,
6bba_debd7bfa,C7,11746,824,4944.0,12360.0,8,8,8,12.0,0.0,True,0.0,
6bba_df673a83,C7,21830,1162,6972.0,17430.0,3,3,2,4.0,1.0,True,0.0,
6bba_e16ffc58,C7,5900,103,618.0,1545.0,0,0,0,,,,,
6bba_e5e44988,C7,5097,314,1884.0,4710.0,3,3,2,4.0,1.0,True,0.0,
6bba_ebdf3b34,C7,59077,1590,9540.0,23850.0,4,4,3,3.0,1.0,True,0.0,
6bba_ebff6e76,C7,51400,1844,11064.0,27660.0,1,1,1,0.0,0.0,True,0.0,
6bba_ed9377fd,C7,4312,128,768.0,1920.0,0,0,0,,,,,
6bba_edf14583,C7,50687,2824,16944.0,42360.0,5,5,5,7.0,0.0,True,0.0,
6bba_eebc57a5,C7,8432,536,3216.0,8040.0,1,1,0,,1.0,,,
6bba_ef7b4f7e,C7,5782,123,738.0,1845.0,3,3,2,2.0,1.0,True,0.0,
6bba_f17befbc,C7,25730,1660,9960.0,24900.0,0,0,0,,,,,
6bba_f1fde7e0,C7,7950,1371,8226.0,20565.0,2,2,2,3.0,0.0,True,0.0,
6bba_f20478e9,C7,5207,128,768.0,1920.0,0,0,0,,,,,
6bba_f4ae811c,C7,9300,655,3930.0,9825.0,1,1,1,1.0,0.0,True,0.0,
6bba_f8ffd5e7,C7,31198,4409,26454.0,66135.0,3,3,2,3.0,1.0,True,0.0,
6bba_fbc898dc,C7,4934,89,534.0,1335.0,0,0,0,,,,,
6bba_fc516dc6,C7,6934,296,1776.0,4440.0,3,3,2,4.0,1.0,True,0.0,
6bba_fc5f39dc,C7,17539,894,5364.0,13410.0,0,0,0,,,,,
6bba_fc83837d,C7,12153,1263,7578.0,18945.0,1,1,1,2.0,0.0,True,0.0,
6bba_fe670320,C7,9734,991,5946.0,14865.0,2,2,2,3.0,0.0,True,0.0,
