model,step,loss,elapsed_seconds,validation_loss,validation_rows,validation_correct,validation_positive,validation_positive_pair_correct,validation_false_pair,validation_pair_recall
D_real_44b6,250,0.2205400193631649,1.6537122181616724,,,,,,,
D_real_44b6,500,0.15532045274972917,3.3494766959920526,,,,,,,
D_real_44b6,750,0.1570583676099777,5.063353875186294,,,,,,,
D_real_44b6,1000,0.15453805550932884,6.580147508066148,,,,,,,
D_real_44b6,1250,0.1562737450003624,8.26497018802911,,,,,,,
D_real_44b6,1500,0.151908102363348,9.916989153251052,,,,,,,
D_real_44b6,1750,0.15237606033682824,11.587965734302998,,,,,,,
D_real_44b6,2000,0.14946935403347014,13.195809912402183,,,,,,,
D_real_44b6,2250,0.15116466051340102,14.862197902053595,,,,,,,
D_real_44b6,2500,0.14811257481575013,16.555793822277337,,,,,,,
D_real_44b6,2750,0.1487241064310074,18.024689074140042,,,,,,,
D_real_44b6,3000,0.14548735463619233,19.72850004537031,,,,,,,
D_real_44b6,3250,0.14611548927426338,21.44512546621263,,,,,,,
D_real_44b6,3500,0.1433329009413719,23.146895304322243,,,,,,,
D_real_44b6,3750,0.14502829712629317,24.827617903240025,,,,,,,
D_real_44b6,4000,0.14260407091677188,26.240631280001253,,,,,,,
D_real_44b6,4250,0.14437008920311928,27.93282615020871,,,,,,,
D_real_44b6,4500,0.14206029105186463,29.61687809508294,,,,,,,
D_real_44b6,4750,0.14388980013132097,31.305596164427698,,,,,,,
D_real_44b6,5000,0.14151388466358183,32.575320485047996,,,,,,,
D_real_44b6,5250,0.14349730384349824,34.27556990738958,,,,,,,
D_real_44b6,5500,0.14124227502942086,35.95382568240166,,,,,,,
D_real_44b6,5750,0.14305381578207016,37.661512236110866,,,,,,,
D_real_44b6,6000,0.14093999916315078,39.34656451502815,,,,,,,
D_real_44b6,6250,0.1425141745209694,40.91563479229808,,,,,,,
D_real_44b6,6500,0.140708948135376,42.40276569919661,,,,,,,
D_real_44b6,6750,0.14202349629998207,44.07256425032392,,,,,,,
D_real_44b6,7000,0.14048775181174278,45.72912157326937,,,,,,,
D_real_44b6,7250,0.14140535607934,47.40364444628358,,,,,,,
D_real_44b6,7500,0.1400988625586033,49.07874473230913,,,,,,,
D_real_44b6,7750,0.14127394491434098,50.740605579223484,,,,,,,
D_real_44b6,8000,0.13967986649274827,52.27924432698637,,,,,,,
D_real_44b6,8250,0.14096009570360185,53.80639101797715,,,,,,,
D_real_44b6,8500,0.13934711229801178,55.16226941999048,,,,,,,
D_real_44b6,8750,0.14087292167544366,56.68635687837377,,,,,,,
D_real_44b6,9000,0.13882948338985443,58.35013766819611,,,,,,,
D_real_44b6,9250,0.1408776765614748,59.66193208005279,,,,,,,
D_real_44b6,9500,0.13832610243558885,61.301485117990524,,,,,,,
D_real_44b6,9750,0.14063992714881898,62.94642310217023,,,,,,,
D_real_44b6,10000,0.13821031698584557,64.56423805421218,,,,,,,
D_real_44b6,10250,0.14021523949503897,66.21080853836611,,,,,,,
D_real_44b6,10500,0.13799024373292923,67.84992715436965,,,,,,,
D_real_44b6,10750,0.14005744329094888,69.43535479716957,,,,,,,
D_real_44b6,11000,0.13759171584248542,70.7377083459869,,,,,,,
D_real_44b6,11250,0.13982110425829888,72.23409755621105,,,,,,,
D_real_44b6,11500,0.13712523832917214,73.47904049232602,,,,,,,
D_real_44b6,11750,0.1394290682077408,74.85270915506408,,,,,,,
D_real_44b6,12000,0.1368630672097206,76.40157514018938,,,,,,,
D_real_44b6_seed2,250,0.21792609006166458,2.2013238770887256,,,,,,,
D_real_44b6_seed2,500,0.15546960404515267,3.895915911067277,,,,,,,
D_real_44b6_seed2,750,0.1574336760044098,5.598429029807448,,,,,,,
D_real_44b6_seed2,1000,0.15475427278876305,7.300946837756783,,,,,,,
D_real_44b6_seed2,1250,0.15699073787033557,8.889748226851225,,,,,,,
D_real_44b6_seed2,1500,0.15417580583691598,10.597654299810529,,,,,,,
D_real_44b6_seed2,1750,0.15435307344794275,12.305107668042183,,,,,,,
D_real_44b6_seed2,2000,0.1506316279321909,14.006944058928639,,,,,,,
D_real_44b6_seed2,2250,0.15209691929817198,15.73290240066126,,,,,,,
D_real_44b6_seed2,2500,0.14953969112038612,17.449021213687956,,,,,,,
D_real_44b6_seed2,2750,0.1508139346241951,18.930447204969823,,,,,,,
D_real_44b6_seed2,3000,0.1465462402701378,20.631579167675227,,,,,,,
D_real_44b6_seed2,3250,0.14697506830096244,22.33714877674356,,,,,,,
D_real_44b6_seed2,3500,0.14390129145234823,23.97682444099337,,,,,,,
D_real_44b6_seed2,3750,0.14548945406079292,25.69644105574116,,,,,,,
D_real_44b6_seed2,4000,0.14265487998723983,27.307942326646298,,,,,,,
D_real_44b6_seed2,4250,0.14450231836736202,28.96788000781089,,,,,,,
D_real_44b6_seed2,4500,0.14193611262738703,30.404953316785395,,,,,,,
D_real_44b6_seed2,4750,0.1437198341488838,31.816495798993856,,,,,,,
D_real_44b6_seed2,5000,0.14152856513857842,33.493834777735174,,,,,,,
D_real_44b6_seed2,5250,0.14305070327222347,35.211677299812436,,,,,,,
D_real_44b6_seed2,5500,0.14125072388350965,36.937151077669114,,,,,,,
D_real_44b6_seed2,5750,0.14269520366191865,38.586507101077586,,,,,,,
D_real_44b6_seed2,6000,0.14083407866954803,39.86889786878601,,,,,,,
D_real_44b6_seed2,6250,0.1425869922041893,41.52371829980984,,,,,,,
D_real_44b6_seed2,6500,0.14047929771244527,43.245157626923174,,,,,,,
D_real_44b6_seed2,6750,0.14246969288587572,44.679247722029686,,,,,,,
D_real_44b6_seed2,7000,0.14016593635082245,46.21196262165904,,,,,,,
D_real_44b6_seed2,7250,0.14222249214351176,47.78301512589678,,,,,,,
D_real_44b6_seed2,7500,0.1397531997784972,49.53719746787101,,,,,,,
D_real_44b6_seed2,7750,0.1420466656088829,51.25379930669442,,,,,,,
D_real_44b6_seed2,8000,0.139420960560441,52.846349206753075,,,,,,,
D_real_44b6_seed2,8250,0.14195845127105713,54.56999850273132,,,,,,,
D_real_44b6_seed2,8500,0.13895732256770135,56.251546535640955,,,,,,,
D_real_44b6_seed2,8750,0.14177193477749825,57.95580597408116,,,,,,,
D_real_44b6_seed2,9000,0.13865116615593434,59.66840004082769,,,,,,,
D_real_44b6_seed2,9250,0.14141606685519217,61.405281263869256,,,,,,,
D_real_44b6_seed2,9500,0.13836714339256287,63.119512939825654,,,,,,,
D_real_44b6_seed2,9750,0.14095498448610305,64.82197641674429,,,,,,,
D_real_44b6_seed2,10000,0.13802162547409536,66.31378198694438,,,,,,,
D_real_44b6_seed2,10250,0.14081424541771412,67.64986306102946,,,,,,,
D_real_44b6_seed2,10500,0.13749167641997337,69.24195265490562,,,,,,,
D_real_44b6_seed2,10750,0.14039027075469493,70.96387710282579,,,,,,,
D_real_44b6_seed2,11000,0.13702803882956505,72.69021184789017,,,,,,,
D_real_44b6_seed2,11250,0.14008428782224655,74.43035214208066,,,,,,,
D_real_44b6_seed2,11500,0.1365642436593771,76.15103201800957,,,,,,,
D_real_44b6_seed2,11750,0.13984018316864968,77.859790971037,,,,,,,
D_real_44b6_seed2,12000,0.13616261257231235,79.66545757185668,,,,,,,
D_real_6bba,250,0.3386618785858154,1.6039455807767808,,,,,,,
D_real_6bba,500,0.28226418405771253,2.7435750141739845,,,,,,,
D_real_6bba,750,0.2818538123369217,4.145379799883813,,,,,,,
D_real_6bba,1000,0.2782650250792503,5.79382940987125,,,,,,,
D_real_6bba,1250,0.27985039019584657,7.453239092137665,,,,,,,
D_real_6bba,1500,0.2769495674371719,9.10876538278535,,,,,,,
D_real_6bba,1750,0.27772768372297285,10.765472235158086,,,,,,,
D_real_6bba,2000,0.2774234766960144,12.417760590091348,,,,,,,
D_real_6bba,2250,0.2756957784295082,14.029932624194771,,,,,,,
D_real_6bba,2500,0.27685454589128494,15.5140974461101,,,,,,,
D_real_6bba,2750,0.27472197079658506,16.858251666184515,,,,,,,
D_real_6bba,3000,0.2746749339699745,18.50681480905041,,,,,,,
D_real_6bba,3250,0.27404575365781786,20.151152019854635,,,,,,,
D_real_6bba,3500,0.2744677028059959,21.798433993943036,,,,,,,
D_real_6bba,3750,0.2738156972527504,23.39059432875365,,,,,,,
D_real_6bba,4000,0.2723355392217636,25.011512916069478,,,,,,,
D_real_6bba,4250,0.2748161099553108,26.65608688397333,,,,,,,
D_real_6bba,4500,0.27097419250011445,28.191840269137174,,,,,,,
D_real_6bba,4750,0.2721752560138702,29.74592564580962,,,,,,,
D_real_6bba,5000,0.2728999935388565,31.301750008948147,,,,,,,
D_real_6bba,5250,0.2705352584719658,32.929450151044875,,,,,,,
D_real_6bba,5500,0.2739062517285347,34.490694164764136,,,,,,,
D_real_6bba,5750,0.27046798664331434,36.14088162779808,,,,,,,
D_real_6bba,6000,0.2724706501960754,37.789938672911376,,,,,,,
D_real_6bba,6250,0.27181575292348864,39.448356761131436,,,,,,,
D_real_6bba,6500,0.2710702870488167,41.101210648193955,,,,,,,
D_real_6bba,6750,0.2715430899858475,42.75569316884503,,,,,,,
D_real_6bba,7000,0.27115314263105394,44.201980906073004,,,,,,,
D_real_6bba,7250,0.2713548323512077,45.86685364600271,,,,,,,
D_real_6bba,7500,0.27066810184717177,47.505241780076176,,,,,,,
D_real_6bba,7750,0.27137149626016616,49.162569543812424,,,,,,,
D_real_6bba,8000,0.27105538892745973,50.81733030593023,,,,,,,
D_real_6bba,8250,0.26986761051416397,52.47955166595057,,,,,,,
D_real_6bba,8500,0.2721301131248474,54.13088489510119,,,,,,,
D_real_6bba,8750,0.26975438991189005,55.73931759689003,,,,,,,
D_real_6bba,9000,0.27025866609811783,57.39506247686222,,,,,,,
D_real_6bba,9250,0.27071443486213687,59.060046148020774,,,,,,,
D_real_6bba,9500,0.2694501336812973,60.72409693617374,,,,,,,
D_real_6bba,9750,0.27160677236318587,62.396200318820775,,,,,,,
D_real_6bba,10000,0.2686262387037277,63.719698353204876,,,,,,,
D_real_6bba,10250,0.27101013278961184,65.05767811276019,,,,,,,
D_real_6bba,10500,0.2699610784649849,66.5995284030214,,,,,,,
D_real_6bba,10750,0.2706075510382652,68.23839188786224,,,,,,,
D_real_6bba,11000,0.27014935165643694,69.54211970418692,,,,,,,
D_real_6bba,11250,0.2685361880660057,70.9216692801565,,,,,,,
D_real_6bba,11500,0.2710630476474762,72.3312204470858,,,,,,,
D_real_6bba,11750,0.26897995138168335,74.00588836008683,,,,,,,
D_real_6bba,12000,0.27016794836521146,75.64609201578423,,,,,,,
D_real_6bba_seed2,250,0.3310078827738762,2.2241681097075343,,,,,,,
D_real_6bba_seed2,500,0.28740342491865156,3.9330849098041654,,,,,,,
D_real_6bba_seed2,750,0.2781019878387451,5.220160767901689,,,,,,,
D_real_6bba_seed2,1000,0.2811524213552475,6.2855228669941425,,,,,,,
D_real_6bba_seed2,1250,0.27802663391828536,7.858087049797177,,,,,,,
D_real_6bba_seed2,1500,0.27597744470834734,9.547848027665168,,,,,,,
D_real_6bba_seed2,1750,0.2789650313258171,11.258796295616776,,,,,,,
D_real_6bba_seed2,2000,0.27430350410938265,12.800848212558776,,,,,,,
D_real_6bba_seed2,2250,0.27962198400497434,14.517151603940874,,,,,,,
D_real_6bba_seed2,2500,0.27598131346702576,16.224765132647008,,,,,,,
D_real_6bba_seed2,2750,0.27547830778360366,17.924155493732542,,,,,,,
D_real_6bba_seed2,3000,0.2777485929131508,19.45617686258629,,,,,,,
D_real_6bba_seed2,3250,0.271509483397007,21.092074010986835,,,,,,,
D_real_6bba_seed2,3500,0.2775862221121788,22.787895525805652,,,,,,,
D_real_6bba_seed2,3750,0.2719731450676918,24.474580274894834,,,,,,,
D_real_6bba_seed2,4000,0.27441338950395583,26.165639298968017,,,,,,,
D_real_6bba_seed2,4250,0.27467705166339873,27.872714469674975,,,,,,,
D_real_6bba_seed2,4500,0.2713752016425133,29.55309696868062,,,,,,,
D_real_6bba_seed2,4750,0.27662648004293444,31.260444975923747,,,,,,,
D_real_6bba_seed2,5000,0.2700976198911667,32.9671681127511,,,,,,,
D_real_6bba_seed2,5250,0.274003670156002,34.68202464096248,,,,,,,
D_real_6bba_seed2,5500,0.2729521083235741,36.389294661581516,,,,,,,
D_real_6bba_seed2,5750,0.27098220467567447,38.09335362073034,,,,,,,
D_real_6bba_seed2,6000,0.2739373997449875,39.791319008916616,,,,,,,
D_real_6bba_seed2,6250,0.26939316964149473,41.502406453713775,,,,,,,
D_real_6bba_seed2,6500,0.2741199947595596,43.2195282257162,,,,,,,
D_real_6bba_seed2,6750,0.2711086941957474,44.63419312564656,,,,,,,
D_real_6bba_seed2,7000,0.2710633107423782,46.21821938455105,,,,,,,
D_real_6bba_seed2,7250,0.27343974202871324,47.93137734988704,,,,,,,
D_real_6bba_seed2,7500,0.2676278505921364,49.68181503470987,,,,,,,
D_real_6bba_seed2,7750,0.27465733695030214,51.37689116271213,,,,,,,
D_real_6bba_seed2,8000,0.2692587413787842,52.665485406760126,,,,,,,
D_real_6bba_seed2,8250,0.27192126989364623,53.98888676473871,,,,,,,
D_real_6bba_seed2,8500,0.27085276210308074,55.700765252579004,,,,,,,
D_real_6bba_seed2,8750,0.2694170081615448,57.417375386692584,,,,,,,
D_real_6bba_seed2,9000,0.27395499479770663,59.122031966689974,,,,,,,
D_real_6bba_seed2,9250,0.2681354302763939,60.854552724864334,,,,,,,
D_real_6bba_seed2,9500,0.272588318169117,62.578414130955935,,,,,,,
D_real_6bba_seed2,9750,0.2702000319957733,64.3072674907744,,,,,,,
D_real_6bba_seed2,10000,0.2691209810376167,66.0210231388919,,,,,,,
D_real_6bba_seed2,10250,0.2719772163629532,67.73617859883234,,,,,,,
D_real_6bba_seed2,10500,0.26746480536460876,69.4726847037673,,,,,,,
D_real_6bba_seed2,10750,0.2731326341032982,71.21708506299183,,,,,,,
D_real_6bba_seed2,11000,0.26921021777391435,72.85053582163528,,,,,,,
D_real_6bba_seed2,11250,0.26975025779008865,74.19153575599194,,,,,,,
D_real_6bba_seed2,11500,0.2716480701565743,75.7067022267729,,,,,,,
D_real_6bba_seed2,11750,0.2665641505122185,77.45974373072386,,,,,,,
D_real_6bba_seed2,12000,0.27383775544166566,79.1747406469658,,,,,,,
D_real_adapt_44b6,250,0.10417634598910809,2.3439849950373173,,,,,,,
D_real_adapt_44b6,500,0.10278334994614124,4.292617867235094,,,,,,,
D_real_adapt_44b6,750,0.10336229518055916,6.867589654400945,,,,,,,
D_real_adapt_44b6,1000,0.10234545989334583,9.831779001280665,,,,,,,
D_real_adapt_44b6,1250,0.10252909643948079,12.76992369024083,,,,,,,
D_real_adapt_44b6,1500,0.10225586058199405,15.697186660021544,,,,,,,
D_real_adapt_44b6,1750,0.10246672748029231,18.15328051801771,,,,,,,
D_real_adapt_44b6,2000,0.10245530754327774,20.946206310298294,,,,,,,
D_real_adapt_44b6,2250,0.10308882620930672,23.925130980089307,,,,,,,
D_real_adapt_44b6,2500,0.10264894612133503,26.855782543309033,,,,,,,
D_real_adapt_44b6,2750,0.10276266203820705,29.794508944265544,,,,,,,
D_real_adapt_44b6,3000,0.10172252801060677,32.482971924357116,,,,,,,
D_real_adapt_44b6,3250,0.10219819633662701,35.43542527034879,,,,,,,
D_real_adapt_44b6,3500,0.10162586578726769,38.33138438407332,,,,,,,
D_real_adapt_44b6,3750,0.10185986857116222,41.234979783184826,,,,,,,
D_real_adapt_44b6,4000,0.1021308222860098,44.11044033896178,,,,,,,
D_real_adapt_44b6,4250,0.10243006375432015,47.01396970497444,,,,,,,
D_real_adapt_44b6,4500,0.10209452697634697,49.92214784398675,,,,,,,
D_real_adapt_44b6,4750,0.10253428581357002,52.8282757489942,,,,,,,
D_real_adapt_44b6,5000,0.10126286962628364,55.725987563375384,,,,,,,
D_real_adapt_44b6,5250,0.10172027878463269,58.57243453525007,,,,,,,
D_real_adapt_44b6,5500,0.10102583983540535,61.433643175289035,,,,,,,
D_real_adapt_44b6,5750,0.10107074597477914,64.34964194335043,,,,,,,
D_real_adapt_44b6,6000,0.1019021762907505,66.96639445237815,,,,,,,
D_real_adapt_44b6,6250,0.10197144266963006,69.79351009335369,,,,,,,
D_real_adapt_44b6,6500,0.10153721331059933,72.67300148727372,,,,,,,
D_real_adapt_44b6,6750,0.1019152545183897,75.5938055710867,,,,,,,
D_real_adapt_44b6,7000,0.10097682097554207,78.47323289234191,,,,,,,
D_real_adapt_44b6,7250,0.1012440223544836,81.31874604010954,,,,,,,
D_real_adapt_44b6,7500,0.10075592768192292,84.19401961099356,,,,,,,
D_real_adapt_44b6,7750,0.10014845871925354,86.87127470131963,,,,,,,
D_real_adapt_44b6,8000,0.10153939920663833,89.75074897101149,,,,,,,
D_real_adapt_6bba,250,0.19968585366010666,2.097626948263496,,,,,,,
D_real_adapt_6bba,500,0.2026173867881298,4.266113485209644,,,,,,,
D_real_adapt_6bba,750,0.20101327285170556,6.814770802855492,,,,,,,
D_real_adapt_6bba,1000,0.20284146946668624,9.261391199193895,,,,,,,
D_real_adapt_6bba,1250,0.20185366028547286,12.258572404272854,,,,,,,
D_real_adapt_6bba,1500,0.20045558017492293,15.234155336860567,,,,,,,
D_real_adapt_6bba,1750,0.20216821321845055,18.018399802036583,,,,,,,
D_real_adapt_6bba,2000,0.20126628059148788,20.995403707027435,,,,,,,
D_real_adapt_6bba,2250,0.20301344990730286,23.71639129985124,,,,,,,
D_real_adapt_6bba,2500,0.19971154949069023,26.578825847245753,,,,,,,
D_real_adapt_6bba,2750,0.20265264984965325,29.577069727238268,,,,,,,
D_real_adapt_6bba,3000,0.20049495720863342,32.57511382596567,,,,,,,
D_real_adapt_6bba,3250,0.2024251700937748,35.57834186498076,,,,,,,
D_real_adapt_6bba,3500,0.20072740066051484,38.57287229411304,,,,,,,
D_real_adapt_6bba,3750,0.20165606728196145,41.600806741043925,,,,,,,
D_real_adapt_6bba,4000,0.20126121228933333,44.37160613108426,,,,,,,
D_real_adapt_6bba,4250,0.20046257662773131,47.364242404233664,,,,,,,
D_real_adapt_6bba,4500,0.2031715507209301,50.36607460025698,,,,,,,
D_real_adapt_6bba,4750,0.20036102029681205,53.202073578257114,,,,,,,
D_real_adapt_6bba,5000,0.20189630734920502,56.20443042786792,,,,,,,
D_real_adapt_6bba,5250,0.20151916739344597,59.08208127692342,,,,,,,
D_real_adapt_6bba,5500,0.20108884966373444,62.08775828499347,,,,,,,
D_real_adapt_6bba,5750,0.2015461006462574,64.54981857910752,,,,,,,
D_real_adapt_6bba,6000,0.20065364533662797,67.55222252523527,,,,,,,
D_real_adapt_6bba,6250,0.202332942456007,70.54665814107284,,,,,,,
D_real_adapt_6bba,6500,0.19977935552597045,73.52568093407899,,,,,,,
D_real_adapt_6bba,6750,0.2022183643579483,76.43530576489866,,,,,,,
D_real_adapt_6bba,7000,0.19923209190368651,79.43195392005146,,,,,,,
D_real_adapt_6bba,7250,0.2032581676542759,82.45339950127527,,,,,,,
D_real_adapt_6bba,7500,0.20042110487818718,84.4804219910875,,,,,,,
D_real_adapt_6bba,7750,0.20097907829284667,87.45569334598258,,,,,,,
D_real_adapt_6bba,8000,0.2013562026619911,90.4352220450528,,,,,,,
D_synthetic,250,0.4441854895353317,2.185162132140249,,,,,,,
D_synthetic,500,0.38866703569889066,3.861763026099652,,,,,,,
D_synthetic,750,0.3760766522884369,5.514492921065539,,,,,,,
D_synthetic,1000,0.3575122675895691,6.896995118819177,0.3507456760853529,2048.0,0.0,0.0,0.0,0.0,
D_synthetic,1250,0.34435543715953826,8.443133596796542,,,,,,,
D_synthetic,1500,0.3478177654743195,10.120445131789893,,,,,,,
D_synthetic,1750,0.34268221163749696,11.793127954006195,,,,,,,
D_synthetic,2000,0.3382290256023407,13.519398342818022,0.3392352107912302,2048.0,0.0,0.0,0.0,0.0,
D_synthetic,2250,0.3401662704348564,15.24138218909502,,,,,,,
D_synthetic,2500,0.3391491866707802,16.90472251083702,,,,,,,
D_synthetic,2750,0.33342219722270966,18.469979130197316,,,,,,,
D_synthetic,3000,0.3320932374596596,20.13146447390318,0.3321530604735017,2048.0,0.0,0.0,0.0,0.0,
D_synthetic,3250,0.3277116768956184,21.852114498149604,,,,,,,
D_synthetic,3500,0.32759966015815734,23.52496043406427,,,,,,,
D_synthetic,3750,0.32457764583826065,25.06595858093351,,,,,,,
D_synthetic,4000,0.31994622784852983,26.49022160889581,0.32225317787379026,2048.0,0.0,0.0,0.0,0.0,
D_synthetic,4250,0.3240845682621002,28.20826072106138,,,,,,,
D_synthetic,4500,0.31987138026952744,29.86205318616703,,,,,,,
D_synthetic,4750,0.31730075150728226,31.52460424322635,,,,,,,
D_synthetic,5000,0.320775764644146,33.229189679026604,0.3198088360950351,2048.0,0.0,0.0,0.0,0.0,
D_synthetic,5250,0.31977516597509387,34.92914083087817,,,,,,,
D_synthetic,5500,0.3173886302709579,36.569266313221306,,,,,,,
D_synthetic,5750,0.3175742682814598,38.22140161693096,,,,,,,
D_synthetic,6000,0.31695110160112383,39.543629648163915,0.31910921540111303,2048.0,0.0,0.0,0.0,0.0,
D_synthetic,6250,0.3184993962645531,41.26525621023029,,,,,,,
D_synthetic,6500,0.31681912767887116,42.91928461100906,,,,,,,
D_synthetic,6750,0.31530898398160934,44.594574170187116,,,,,,,
D_synthetic,7000,0.31793687283992766,46.030774095095694,0.3191001443192363,2048.0,0.0,0.0,0.0,0.0,
D_synthetic,7250,0.3169166250228882,47.748592698946595,,,,,,,
D_synthetic,7500,0.31071010982990266,49.41898750606924,,,,,,,
D_synthetic,7750,0.3191453335285187,51.08843245403841,,,,,,,
D_synthetic,8000,0.3145614324808121,52.59762581484392,0.31670409347862005,2048.0,0.0,0.0,0.0,0.0,
D_synthetic,8250,0.31361294829845426,54.190550095867366,,,,,,,
D_synthetic,8500,0.3153900547623634,55.863651535939425,,,,,,,
D_synthetic,8750,0.3147544169425964,57.543632838875055,,,,,,,
D_synthetic,9000,0.31537544292211533,59.24993111519143,0.3172720316797495,2048.0,0.0,0.0,0.0,0.0,
D_synthetic,9250,0.31360415440797806,60.938489542808384,,,,,,,
D_synthetic,9500,0.313754906475544,62.62165630282834,,,,,,,
D_synthetic,9750,0.3151854949593544,64.27379257418215,,,,,,,
D_synthetic,10000,0.31431439822912216,65.92904258100316,0.3158508837223053,2048.0,0.0,0.0,0.0,0.0,
D_synthetic,10250,0.3100877655744553,67.542064382229,,,,,,,
D_synthetic,10500,0.3158981251716614,69.20356505177915,,,,,,,
D_synthetic,10750,0.31232037258148193,70.8656199988909,,,,,,,
D_synthetic,11000,0.3109213002920151,72.50236917380244,0.31617452716454864,2048.0,0.0,0.0,0.0,0.0,
D_synthetic,11250,0.3145075370669365,74.11651651887223,,,,,,,
D_synthetic,11500,0.3143246176242828,75.85344802122563,,,,,,,
D_synthetic,11750,0.3116106943488121,77.53153730323538,,,,,,,
D_synthetic,12000,0.3127211336493492,79.06632711412385,0.3154318588785827,2048.0,0.0,0.0,0.0,0.0,
D_synthetic_adapt_44b6,250,0.19409694322943688,2.024360836017877,,,,,,,
D_synthetic_adapt_44b6,500,0.188381538271904,4.250949400942773,,,,,,,
D_synthetic_adapt_44b6,750,0.1878749221265316,7.018597971647978,,,,,,,
D_synthetic_adapt_44b6,1000,0.18751726952195166,9.79325859900564,0.3226345591247082,2048.0,0.0,0.0,0.0,0.0,
D_synthetic_adapt_44b6,1250,0.1889815366268158,12.61954394588247,,,,,,,
D_synthetic_adapt_44b6,1500,0.18387311202287673,15.26271794596687,,,,,,,
D_synthetic_adapt_44b6,1750,0.18602278169989586,17.618033749982715,,,,,,,
D_synthetic_adapt_44b6,2000,0.18676373648643493,20.244438697583973,0.32213997980579734,2048.0,0.0,0.0,0.0,0.0,
D_synthetic_adapt_44b6,2250,0.18531461760401727,23.041842157952487,,,,,,,
D_synthetic_adapt_44b6,2500,0.18664203068614005,25.625886861700565,,,,,,,
D_synthetic_adapt_44b6,2750,0.18758717367053032,28.147975225001574,,,,,,,
D_synthetic_adapt_44b6,3000,0.18631465271115302,30.655601128935814,0.3206637967377901,2048.0,0.0,0.0,0.0,0.0,
D_synthetic_adapt_44b6,3250,0.18428644177317619,33.49713776400313,,,,,,,
D_synthetic_adapt_44b6,3500,0.1831492477655411,36.16324450960383,,,,,,,
D_synthetic_adapt_44b6,3750,0.18563550373911858,38.93887453060597,,,,,,,
D_synthetic_adapt_44b6,4000,0.18699500864744187,41.71895140968263,0.32128799706697464,2048.0,0.0,0.0,0.0,0.0,
D_synthetic_adapt_44b6,4250,0.1829414183497429,44.53694155300036,,,,,,,
D_synthetic_adapt_44b6,4500,0.184413216650486,47.30586188379675,,,,,,,
D_synthetic_adapt_44b6,4750,0.18501135116815567,50.08305411087349,,,,,,,
D_synthetic_adapt_44b6,5000,0.18262376353144646,52.92581985099241,0.32015960942953825,2048.0,0.0,0.0,0.0,0.0,
D_synthetic_adapt_44b6,5250,0.18378780871629716,55.783285724930465,,,,,,,
D_synthetic_adapt_44b6,5500,0.18573374098539353,58.40050338162109,,,,,,,
D_synthetic_adapt_44b6,5750,0.18434336674213408,61.187190560624,,,,,,,
D_synthetic_adapt_44b6,6000,0.18390073785185815,63.96752834273502,0.3210529014468193,2048.0,0.0,0.0,0.0,0.0,
D_synthetic_adapt_44b6,6250,0.18249300321936607,66.4373746085912,,,,,,,
D_synthetic_adapt_44b6,6500,0.18408971717953682,68.96458093263209,,,,,,,
D_synthetic_adapt_44b6,6750,0.185670245885849,71.46497631492093,,,,,,,
D_synthetic_adapt_44b6,7000,0.1814857855141163,73.57496610376984,0.32042593974620104,2048.0,0.0,0.0,0.0,0.0,
D_synthetic_adapt_44b6,7250,0.18253752863407136,75.78959924681112,,,,,,,
D_synthetic_adapt_44b6,7500,0.18260979488492013,78.24882881203666,,,,,,,
D_synthetic_adapt_44b6,7750,0.1803561147749424,81.10706137586385,,,,,,,
D_synthetic_adapt_44b6,8000,0.183286763638258,83.89606269169599,0.3202443737536669,2048.0,0.0,0.0,0.0,0.0,
D_synthetic_adapt_6bba,250,0.30234789514541627,2.229078740347177,,,,,,,
D_synthetic_adapt_6bba,500,0.2943601787686348,4.547251328360289,,,,,,,
D_synthetic_adapt_6bba,750,0.2905129128694534,7.468776626046747,,,,,,,
D_synthetic_adapt_6bba,1000,0.29240989965200426,10.40467935334891,0.33820599131286144,2048.0,0.0,0.0,0.0,0.0,
D_synthetic_adapt_6bba,1250,0.2921011155247688,13.285541143268347,,,,,,,
D_synthetic_adapt_6bba,1500,0.2855771949887276,15.951718937139958,,,,,,,
D_synthetic_adapt_6bba,1750,0.2890648591518402,18.723488150164485,,,,,,,
D_synthetic_adapt_6bba,2000,0.28895136415958406,21.500345950946212,0.334810889326036,2048.0,0.0,0.0,0.0,0.0,
D_synthetic_adapt_6bba,2250,0.28791972595453263,24.353656676132232,,,,,,,
D_synthetic_adapt_6bba,2500,0.28679091662168504,26.85274466732517,,,,,,,
D_synthetic_adapt_6bba,2750,0.2903494688272476,29.716529946308583,,,,,,,
D_synthetic_adapt_6bba,3000,0.2878028835058212,32.50967041309923,0.3300606571137905,2048.0,0.0,0.0,0.0,0.0,
D_synthetic_adapt_6bba,3250,0.28718937957286833,34.397006762214005,,,,,,,
D_synthetic_adapt_6bba,3500,0.28471242475509645,37.15785595308989,,,,,,,
D_synthetic_adapt_6bba,3750,0.2880026588439941,39.97214848920703,,,,,,,
D_synthetic_adapt_6bba,4000,0.28890334045886995,42.68469169829041,0.32829736173152924,2048.0,0.0,0.0,0.0,0.0,
D_synthetic_adapt_6bba,4250,0.2833027042150497,45.21420428017154,,,,,,,
D_synthetic_adapt_6bba,4500,0.2875668733119965,47.9959490862675,,,,,,,
D_synthetic_adapt_6bba,4750,0.28541547411680224,50.764654379338026,,,,,,,
D_synthetic_adapt_6bba,5000,0.2854480788111687,53.629024021327496,0.3282164856791496,2048.0,0.0,0.0,0.0,0.0,
D_synthetic_adapt_6bba,5250,0.2855512084960937,56.35105046117678,,,,,,,
D_synthetic_adapt_6bba,5500,0.2879243348836899,59.02607978601009,,,,,,,
D_synthetic_adapt_6bba,5750,0.2870826190710068,61.63009061617777,,,,,,,
D_synthetic_adapt_6bba,6000,0.28491258627176286,64.46457635099068,0.32652945071458817,2048.0,0.0,0.0,0.0,0.0,
D_synthetic_adapt_6bba,6250,0.2850418863296509,67.37702850718051,,,,,,,
D_synthetic_adapt_6bba,6500,0.284579733133316,70.24638347700238,,,,,,,
D_synthetic_adapt_6bba,6750,0.2879365468621254,73.08558165328577,,,,,,,
D_synthetic_adapt_6bba,7000,0.28201999348402024,75.88416832825169,0.3269225815311074,2048.0,0.0,0.0,0.0,0.0,
D_synthetic_adapt_6bba,7250,0.28648558306694033,78.71327020321041,,,,,,,
D_synthetic_adapt_6bba,7500,0.2837875130772591,81.35811935225502,,,,,,,
D_synthetic_adapt_6bba,7750,0.2831103413105011,84.1974590732716,,,,,,,
D_synthetic_adapt_6bba,8000,0.2852981589436531,86.8328102780506,0.3260200321674347,2048.0,0.0,0.0,0.0,0.0,
D_synthetic_seed2,250,0.43690930664539335,2.124068367294967,,,,,,,
D_synthetic_seed2,500,0.3848928761482239,3.840357140172273,,,,,,,
D_synthetic_seed2,750,0.3671024470329285,5.5251071350649,,,,,,,
D_synthetic_seed2,1000,0.35856306201219557,6.565827985294163,0.35170443914830685,2048.0,0.0,0.0,0.0,0.0,
D_synthetic_seed2,1250,0.3506728287935257,7.939742345362902,,,,,,,
D_synthetic_seed2,1500,0.34545327740907666,9.62670223414898,,,,,,,
D_synthetic_seed2,1750,0.3490633161664009,11.325420630164444,,,,,,,
D_synthetic_seed2,2000,0.3407542029619217,12.83420420018956,0.34435823932290077,2048.0,0.0,0.0,0.0,0.0,
D_synthetic_seed2,2250,0.34298325663805007,14.511522023007274,,,,,,,
D_synthetic_seed2,2500,0.3431342666745186,15.782350016292185,,,,,,,
D_synthetic_seed2,2750,0.33603638648986817,17.10481615131721,,,,,,,
D_synthetic_seed2,3000,0.33576856487989426,18.78720031818375,0.3352802935987711,2048.0,0.0,0.0,0.0,0.0,
D_synthetic_seed2,3250,0.3334111465215683,20.462782772257924,,,,,,,
D_synthetic_seed2,3500,0.32568691021203994,22.128141694236547,,,,,,,
D_synthetic_seed2,3750,0.3289971878528595,23.83167507732287,,,,,,,
D_synthetic_seed2,4000,0.32560329681634903,25.272074528969824,0.3247168557718396,2048.0,0.0,0.0,0.0,0.0,
D_synthetic_seed2,4250,0.32176373481750487,26.275549942161888,,,,,,,
D_synthetic_seed2,4500,0.3259095084071159,27.594549010973424,,,,,,,
D_synthetic_seed2,4750,0.3198821089863777,29.316117741167545,,,,,,,
D_synthetic_seed2,5000,0.32176738512516023,30.995832443237305,0.3217602288350463,2048.0,0.0,0.0,0.0,0.0,
D_synthetic_seed2,5250,0.3237427251935005,32.56183854211122,,,,,,,
D_synthetic_seed2,5500,0.3153230947852135,34.114676968194544,,,,,,,
D_synthetic_seed2,5750,0.320710264146328,35.80993809038773,,,,,,,
D_synthetic_seed2,6000,0.3206526361107826,37.498764839954674,0.3217483703047037,2048.0,0.0,0.0,0.0,0.0,
D_synthetic_seed2,6250,0.31631265902519223,39.23582472419366,,,,,,,
D_synthetic_seed2,6500,0.3197369709610939,40.91870517516509,,,,,,,
D_synthetic_seed2,6750,0.3183172613978386,42.3155505633913,,,,,,,
D_synthetic_seed2,7000,0.3160148198008537,43.939947174396366,0.3193444460630417,2048.0,0.0,0.0,0.0,0.0,
D_synthetic_seed2,7250,0.3197096738219261,45.67120916116983,,,,,,,
D_synthetic_seed2,7500,0.31832453948259354,47.35128675820306,,,,,,,
D_synthetic_seed2,7750,0.31445509988069537,49.04934247396886,,,,,,,
D_synthetic_seed2,8000,0.31924888300895693,50.74449260905385,0.31828815024346113,2048.0,0.0,0.0,0.0,0.0,
D_synthetic_seed2,8250,0.3127885357737541,52.487891148310155,,,,,,,
D_synthetic_seed2,8500,0.3154573167562485,54.18048228835687,,,,,,,
D_synthetic_seed2,8750,0.31875463539361953,55.874572415370494,,,,,,,
D_synthetic_seed2,9000,0.31233926117420197,57.523014614358544,0.3182111456990242,2048.0,0.0,0.0,0.0,0.0,
D_synthetic_seed2,9250,0.3160150859951973,59.25985875213519,,,,,,,
D_synthetic_seed2,9500,0.31610300958156584,60.93612391734496,,,,,,,
D_synthetic_seed2,9750,0.31280723959207535,62.68470129696652,,,,,,,
D_synthetic_seed2,10000,0.3163653725981712,64.34554280806333,0.31732839718461037,2048.0,0.0,0.0,0.0,0.0,
D_synthetic_seed2,10250,0.31575944912433623,66.0948039162904,,,,,,,
D_synthetic_seed2,10500,0.3135999498963356,67.79285703506321,,,,,,,
D_synthetic_seed2,10750,0.31649361312389374,69.48209551721811,,,,,,,
D_synthetic_seed2,11000,0.31039992564916613,71.16949135903269,0.3159151002764702,2048.0,0.0,0.0,0.0,0.0,
D_synthetic_seed2,11250,0.3151926243901253,72.71341499313712,,,,,,,
D_synthetic_seed2,11500,0.3162570317387581,74.0848084911704,,,,,,,
D_synthetic_seed2,11750,0.3106781597733498,75.64995450526476,,,,,,,
D_synthetic_seed2,12000,0.3132691383957863,77.26429683202878,0.3157525025308132,2048.0,0.0,0.0,0.0,0.0,
G_C1_44b6,250,0.0010745651751722107,5.282024747226387,,,,,,,
G_C1_44b6,500,0.0008889360726989252,10.61004854599014,,,,,,,
G_C1_44b6,750,0.0008454016629002581,18.356174422893673,,,,,,,
G_C1_44b6,1000,0.0009015661713042392,25.56401993194595,,,,,,,
G_C1_44b6,1250,0.0008042250866801624,32.923239829950035,,,,,,,
G_C1_44b6,1500,0.0007644272731731689,40.12037950893864,,,,,,,
G_C1_44b6,1750,0.0006415020648362315,47.37406735587865,,,,,,,
G_C1_44b6,2000,0.0005615234616150246,54.723010659217834,,,,,,,
G_C1_44b6,2250,0.0006744058284994025,62.07299657398835,,,,,,,
G_C1_44b6,2500,0.0005400088188973768,69.37792670726776,,,,,,,
G_C1_44b6,2750,0.0005477787164234087,76.69590893387794,,,,,,,
G_C1_44b6,3000,0.0004387311666245068,84.00503435591236,,,,,,,
G_C1_44b6,3250,0.00045914260712265787,91.0752217238769,,,,,,,
G_C1_44b6,3500,0.0005066104890494216,98.37416828423738,,,,,,,
G_C1_44b6,3750,0.0003864904199214152,105.35344402305782,,,,,,,
G_C1_44b6,4000,0.00035016662226939845,112.68599591217935,,,,,,,
G_C1_44b6,4250,0.00043771538806294076,120.1200137892738,,,,,,,
G_C1_44b6,4500,0.00044108532078951157,127.48086374485865,,,,,,,
G_C1_44b6,4750,0.0007962692661373581,134.78424538392574,,,,,,,
G_C1_44b6,5000,0.003372979704443878,141.6319058961235,,,,,,,
G_C1_44b6,5250,0.001653633723954499,148.83982650516555,,,,,,,
G_C1_44b6,5500,0.0010360045211152739,156.27842719620094,,,,,,,
G_C1_44b6,5750,0.00033351617476250797,162.9494074578397,,,,,,,
G_C1_44b6,6000,0.0002170300231201736,169.18529241904616,,,,,,,
G_C1_44b6,6250,0.0002173340893100999,176.40562201384455,,,,,,,
G_C1_44b6,6500,0.0002188697815103069,183.06006580404937,,,,,,,
G_C1_44b6,6750,0.0002158250489699185,190.01373342610896,,,,,,,
G_C1_44b6,7000,0.00022030683799448525,197.37297701602802,,,,,,,
G_C1_44b6,7250,0.0001597031074871893,204.65320337424055,,,,,,,
G_C1_44b6,7500,0.00018411672779211586,212.03145099198446,,,,,,,
G_C1_44b6,7750,0.00017539471513171634,219.0022139241919,,,,,,,
G_C1_44b6,8000,0.00019582565596601854,225.92434137314558,,,,,,,
G_C1_6bba,250,0.005555007879273034,4.08934629894793,,,,,,,
G_C1_6bba,500,0.004728161648265086,9.098604685161263,,,,,,,
G_C1_6bba,750,0.0021291945688426493,14.173304740339518,,,,,,,
G_C1_6bba,1000,0.0020358527124044487,21.510541506111622,,,,,,,
G_C1_6bba,1250,0.0015247506583109499,28.16402934398502,,,,,,,
G_C1_6bba,1500,0.0015949475032975898,35.05329465307295,,,,,,,
G_C1_6bba,1750,0.001382423235947499,40.571062504313886,,,,,,,
G_C1_6bba,2000,0.0008639264259836636,47.57895920332521,,,,,,,
G_C1_6bba,2250,0.0012155926506093237,54.611090646125376,,,,,,,
G_C1_6bba,2500,0.0008639159729355015,61.78569992398843,,,,,,,
G_C1_6bba,2750,0.000772815625052317,69.05145301297307,,,,,,,
G_C1_6bba,3000,0.0009479776362568373,75.90124739520252,,,,,,,
G_C1_6bba,3250,0.0006233449546271004,82.75028864108026,,,,,,,
G_C1_6bba,3500,0.0008304020774085075,90.01549552893266,,,,,,,
G_C1_6bba,3750,0.000508613518322818,97.04623751109466,,,,,,,
G_C1_6bba,4000,0.0007596861335769062,104.2621382959187,,,,,,,
G_C1_6bba,4250,0.0005367227088354412,110.80720111727715,,,,,,,
G_C1_6bba,4500,0.000498513029931928,117.62404285511002,,,,,,,
G_C1_6bba,4750,0.0006408654918195679,124.41326707415283,,,,,,,
G_C1_6bba,5000,0.0006025392331139301,129.95264366827905,,,,,,,
G_C1_6bba,5250,0.001145580515374604,135.43427466694266,,,,,,,
G_C1_6bba,5500,0.0012449016188038513,142.53531615016982,,,,,,,
G_C1_6bba,5750,0.0006726561757459422,149.29087976599112,,,,,,,
G_C1_6bba,6000,0.0007459914508508519,156.07894368795678,,,,,,,
G_C1_6bba,6250,0.00044700365055905423,162.4779820861295,,,,,,,
G_C1_6bba,6500,0.0005452482255495852,169.73178788507357,,,,,,,
G_C1_6bba,6750,0.0002591602516040439,176.94891352020204,,,,,,,
G_C1_6bba,7000,0.0009425947267882293,183.8444069251418,,,,,,,
G_C1_6bba,7250,0.0004124679453234421,190.9958336292766,,,,,,,
G_C1_6bba,7500,0.0003070425187106594,197.99010343197733,,,,,,,
G_C1_6bba,7750,0.00041402721017584556,204.89302746299654,,,,,,,
G_C1_6bba,8000,0.00080952763674577,212.20928337424994,,,,,,,
G_C1_seed2_44b6,250,0.0006693546432925359,4.237345937639475,,,,,,,
G_C1_seed2_44b6,500,0.0007129840331581363,7.2104814746417105,,,,,,,
G_C1_seed2_44b6,750,0.0006397871063809361,13.031146771740168,,,,,,,
G_C1_seed2_44b6,1000,0.0005561033372134716,19.714807529002428,,,,,,,
G_C1_seed2_44b6,1250,0.00039564871338689043,27.360820972826332,,,,,,,
G_C1_seed2_44b6,1500,0.0004667931332296575,35.105836995877326,,,,,,,
G_C1_seed2_44b6,1750,0.0004646996788844717,42.55534852063283,,,,,,,
G_C1_seed2_44b6,2000,0.00044115459429553994,49.511058270931244,,,,,,,
G_C1_seed2_44b6,2250,0.00027331450828501144,56.137179870624095,,,,,,,
G_C1_seed2_44b6,2500,0.00037124836303200937,62.596891280729324,,,,,,,
G_C1_seed2_44b6,2750,0.00038429436434671516,69.95187035063282,,,,,,,
G_C1_seed2_44b6,3000,0.0010893190414838045,77.06530458899215,,,,,,,
G_C1_seed2_44b6,3250,0.00522769024023728,82.04335905099288,,,,,,,
G_C1_seed2_44b6,3500,0.0004180908256430484,89.17444968083873,,,,,,,
G_C1_seed2_44b6,3750,0.00033726668844201414,96.53285381477326,,,,,,,
G_C1_seed2_44b6,4000,0.0003103708505286704,103.63146390067413,,,,,,,
G_C1_seed2_44b6,4250,0.0002813740259171027,110.64533310662955,,,,,,,
G_C1_seed2_44b6,4500,0.000225796778900758,116.74832174507901,,,,,,,
G_C1_seed2_44b6,4750,0.00018523375851509628,124.0004674019292,,,,,,,
G_C1_seed2_44b6,5000,0.00020484675385910124,131.30154579272494,,,,,,,
G_C1_seed2_44b6,5250,0.00019827095067580559,138.32665889663622,,,,,,,
G_C1_seed2_44b6,5500,0.000189958998780412,145.71118293982,,,,,,,
G_C1_seed2_44b6,5750,0.00012072909164999146,153.07590747764334,,,,,,,
G_C1_seed2_44b6,6000,0.00014533680689237372,159.7980774450116,,,,,,,
G_C1_seed2_44b6,6250,0.00015352046321447687,165.9833489358425,,,,,,,
G_C1_seed2_44b6,6500,0.0001361521352599766,173.0454325079918,,,,,,,
G_C1_seed2_44b6,6750,0.00011395500790217738,180.26883883262053,,,,,,,
G_C1_seed2_44b6,7000,9.895184358822462e-05,187.31028216378763,,,,,,,
G_C1_seed2_44b6,7250,0.00010581438052338399,192.81576044904068,,,,,,,
G_C1_seed2_44b6,7500,0.00011068742822709509,199.2455460699275,,,,,,,
G_C1_seed2_44b6,7750,0.0006754107699504175,206.59252068493515,,,,,,,
G_C1_seed2_44b6,8000,0.0010892422006550078,213.22441771486774,,,,,,,
G_C1_seed2_6bba,250,0.0029730436751269737,5.527223365847021,,,,,,,
G_C1_seed2_6bba,500,0.0017890287276823074,9.79174680588767,,,,,,,
G_C1_seed2_6bba,750,0.0010629408392705954,16.9687688970007,,,,,,,
G_C1_seed2_6bba,1000,0.0013028484147798735,24.366232328116894,,,,,,,
G_C1_seed2_6bba,1250,0.0008730928150616819,31.61918707890436,,,,,,,
G_C1_seed2_6bba,1500,0.0008667566518415696,38.54281681403518,,,,,,,
G_C1_seed2_6bba,1750,0.000802062995149754,45.165613478049636,,,,,,,
G_C1_seed2_6bba,2000,0.0006898980068799574,52.07692508911714,,,,,,,
G_C1_seed2_6bba,2250,0.000674525648195413,59.34209772199392,,,,,,,
G_C1_seed2_6bba,2500,0.0005493057027488249,66.69627052592114,,,,,,,
G_C1_seed2_6bba,2750,0.0006093280350833083,73.89231520984322,,,,,,,
G_C1_seed2_6bba,3000,0.0005855806207255228,80.95930364821106,,,,,,,
G_C1_seed2_6bba,3250,0.000548790407665365,88.22375379502773,,,,,,,
G_C1_seed2_6bba,3500,0.0004363129602752451,95.56794488290325,,,,,,,
G_C1_seed2_6bba,3750,0.0004474850660044467,102.97421771800146,,,,,,,
G_C1_seed2_6bba,4000,0.0008822606649482623,109.47821333492175,,,,,,,
G_C1_seed2_6bba,4250,0.001001190651080833,116.27804948203266,,,,,,,
G_C1_seed2_6bba,4500,0.0005250050798385928,123.66376048885286,,,,,,,
G_C1_seed2_6bba,4750,0.008160948652206571,131.06966660777107,,,,,,,
G_C1_seed2_6bba,5000,0.0009521892662960454,138.4189041731879,,,,,,,
G_C1_seed2_6bba,5250,0.00048622300844726853,145.62048967415467,,,,,,,
G_C1_seed2_6bba,5500,0.0003854944287231774,152.98442898318172,,,,,,,
G_C1_seed2_6bba,5750,0.00037733023328473793,160.5472147348337,,,,,,,
G_C1_seed2_6bba,6000,0.00028352579770216834,167.96044293418527,,,,,,,
G_C1_seed2_6bba,6250,0.0003033283233889961,174.954306372907,,,,,,,
G_C1_seed2_6bba,6500,0.00026330551530918457,181.3651818470098,,,,,,,
G_C1_seed2_6bba,6750,0.0002646677811862901,187.53381965402514,,,,,,,
G_C1_seed2_6bba,7000,0.00018906066800627742,195.00808029202744,,,,,,,
G_C1_seed2_6bba,7250,0.00022251414006495905,202.24171895487234,,,,,,,
G_C1_seed2_6bba,7500,0.000249659984408936,209.01997153181583,,,,,,,
G_C1_seed2_6bba,7750,0.0001824512512266665,215.6827739761211,,,,,,,
G_C1_seed2_6bba,8000,0.00022762162078470284,222.8254129840061,,,,,,,
G_C1short_44b6,250,1.3205690946578978,5.412985160946846,,,,,,,
G_C1short_44b6,500,0.744994076013565,9.253638222813606,,,,,,,
G_C1short_44b6,750,0.4428649551868439,16.53557899268344,,,,,,,
G_C1short_44b6,1000,0.3134216266274452,23.48678955482319,,,,,,,
G_C1short_44b6,1250,0.2734260355234146,29.8931350489147,,,,,,,
G_C1short_44b6,1500,0.2461710394024849,35.99989728489891,,,,,,,
G_C1short_44b6,1750,0.23373604202270507,43.49039006093517,,,,,,,
G_C1short_44b6,2000,0.22511357444524766,50.554047979880124,,,,,,,
G_C1short_44b6,2250,0.21995671612024306,57.95274806488305,,,,,,,
G_C1short_44b6,2500,0.20798056864738465,65.02363677881658,,,,,,,
G_C1short_44b6,2750,0.20642556023597716,72.27800174755976,,,,,,,
G_C1short_44b6,3000,0.20246426010131835,79.68309884378687,,,,,,,
G_C1short_44b6,3250,0.1976490077972412,87.09981008060277,,,,,,,
G_C1short_44b6,3500,0.193871474981308,94.37670830264688,,,,,,,
G_C1short_44b6,3750,0.18744896352291107,101.59843858657405,,,,,,,
G_C1short_44b6,4000,0.18577571392059325,108.16598854679614,,,,,,,
G_C1short_44b6,4250,0.179222052693367,114.86541689978912,,,,,,,
G_C1short_44b6,4500,0.17648790806531905,121.51038724556565,,,,,,,
G_C1short_44b6,4750,0.17308122956752778,128.1403598356992,,,,,,,
G_C1short_44b6,5000,0.1690121326446533,134.4899200615473,,,,,,,
G_C1short_44b6,5250,0.16734705224633217,141.09533997392282,,,,,,,
G_C1short_44b6,5500,0.16518208676576615,147.21425634762272,,,,,,,
G_C1short_44b6,5750,0.16128288027644158,153.98387437080964,,,,,,,
G_C1short_44b6,6000,0.15782301330566406,160.48058922076598,,,,,,,
G_C1short_44b6,6250,0.1561452913582325,167.19275427190587,,,,,,,
G_C1short_44b6,6500,0.15592713522911072,173.9040637826547,,,,,,,
G_C1short_44b6,6750,0.14960966774821283,181.27866947557777,,,,,,,
G_C1short_44b6,7000,0.1499141281545162,188.45892465673387,,,,,,,
G_C1short_44b6,7250,0.14854636731743812,195.6926080887206,,,,,,,
G_C1short_44b6,7500,0.14705294114351272,202.54262342397124,,,,,,,
G_C1short_44b6,7750,0.14603516086935997,209.6453130096197,,,,,,,
G_C1short_44b6,8000,0.14584069561958313,216.45643931254745,,,,,,,
G_C1short_6bba,250,1.1653879668712617,5.606318049598485,,,,,,,
G_C1short_6bba,500,0.6680229738950729,10.901966109871864,,,,,,,
G_C1short_6bba,750,0.46260537695884707,17.949504964984953,,,,,,,
G_C1short_6bba,1000,0.3689793713092804,24.819501457735896,,,,,,,
G_C1short_6bba,1250,0.32661945098638534,31.98043243167922,,,,,,,
G_C1short_6bba,1500,0.30218600618839264,38.86323196766898,,,,,,,
G_C1short_6bba,1750,0.2787562086582184,45.785800660029054,,,,,,,
G_C1short_6bba,2000,0.26859623378515246,53.02116523263976,,,,,,,
G_C1short_6bba,2250,0.252229128241539,60.40754235070199,,,,,,,
G_C1short_6bba,2500,0.2441003876924515,66.41779403481632,,,,,,,
G_C1short_6bba,2750,0.2304752530157566,72.2244349066168,,,,,,,
G_C1short_6bba,3000,0.23335719627141951,79.09174932166934,,,,,,,
G_C1short_6bba,3250,0.22249939388036727,86.3445831486024,,,,,,,
G_C1short_6bba,3500,0.21677994108200074,93.56941425660625,,,,,,,
G_C1short_6bba,3750,0.2096239415407181,100.73612453881651,,,,,,,
G_C1short_6bba,4000,0.1944410193860531,107.70077873766422,,,,,,,
G_C1short_6bba,4250,0.19617725935578345,114.16423405474052,,,,,,,
G_C1short_6bba,4500,0.1909884175658226,120.98156436393037,,,,,,,
G_C1short_6bba,4750,0.19018144050240518,127.42754427203909,,,,,,,
G_C1short_6bba,5000,0.18694644585251807,134.43779898062348,,,,,,,
G_C1short_6bba,5250,0.16565758284926416,141.62169455504045,,,,,,,
G_C1short_6bba,5500,0.1847921721637249,148.82262961287051,,,,,,,
G_C1short_6bba,5750,0.16521847319602967,156.0290776686743,,,,,,,
G_C1short_6bba,6000,0.17031312853097916,162.77801461098716,,,,,,,
G_C1short_6bba,6250,0.1694139996469021,168.72339163161814,,,,,,,
G_C1short_6bba,6500,0.16285542041063308,175.93723221775144,,,,,,,
G_C1short_6bba,6750,0.165242054104805,183.08762990683317,,,,,,,
G_C1short_6bba,7000,0.15984912264347076,190.08030093973503,,,,,,,
G_C1short_6bba,7250,0.16255529683828354,197.24557992676273,,,,,,,
G_C1short_6bba,7500,0.15165751826763152,204.40941298287362,,,,,,,
G_C1short_6bba,7750,0.16356452614068984,211.5656842389144,,,,,,,
G_C1short_6bba,8000,0.15434827613830565,218.6863726200536,,,,,,,
G_C2_44b6,250,0.6247552697062493,5.297170555219054,,,,,,,
G_C2_44b6,500,0.31499521267414093,10.345564290415496,,,,,,,
G_C2_44b6,750,0.2610505675971508,17.233965704217553,,,,,,,
G_C2_44b6,1000,0.22158940428495408,24.2594782570377,0.2985048536211252,2048.0,1902.0,99.0,83.0,121.0,0.8383838383838383
G_C2_44b6,1250,0.1999259166419506,31.547880827449262,,,,,,,
G_C2_44b6,1500,0.18102302104234697,38.40574234817177,,,,,,,
G_C2_44b6,1750,0.1756262711584568,45.53167343745008,,,,,,,
G_C2_44b6,2000,0.16338445484638214,52.073796089272946,0.23828266467899084,2048.0,1937.0,99.0,82.0,85.0,0.8282828282828283
G_C2_44b6,2250,0.15765374629199505,59.16380028799176,,,,,,,
G_C2_44b6,2500,0.15257967305183412,66.3114366591908,,,,,,,
G_C2_44b6,2750,0.1519108095318079,73.47618237836286,,,,,,,
G_C2_44b6,3000,0.1479119704514742,80.45920176105574,0.2505635875277221,2048.0,1926.0,99.0,83.0,98.0,0.8383838383838383
G_C2_44b6,3250,0.15021058771014215,86.98070462839678,,,,,,,
G_C2_44b6,3500,0.14108407111465932,93.27493330929428,,,,,,,
G_C2_44b6,3750,0.1344749943315983,100.04678794601932,,,,,,,
G_C2_44b6,4000,0.14144828040152788,106.01635305210948,0.31145672034472227,2048.0,1882.0,99.0,82.0,142.0,0.8282828282828283
G_C2_44b6,4250,0.13295778945088388,112.12261009402573,,,,,,,
G_C2_44b6,4500,0.14015623094141483,118.95294367009774,,,,,,,
G_C2_44b6,4750,0.12879490013420583,125.95549913914874,,,,,,,
G_C2_44b6,5000,0.1225906434059143,133.1593747632578,0.27639266243204474,2048.0,1897.0,99.0,81.0,127.0,0.8181818181818182
G_C2_44b6,5250,0.1304596472084522,138.79811696428806,,,,,,,
G_C2_44b6,5500,0.13113376519829034,145.75545169739053,,,,,,,
G_C2_44b6,5750,0.13147978995740414,152.92980150924996,,,,,,,
G_C2_44b6,6000,0.12250714515894652,159.65525265503675,0.2639868459664285,2048.0,1907.0,99.0,83.0,117.0,0.8383838383838383
G_C2_44b6,6250,0.11958208345621825,166.08383764419705,,,,,,,
G_C2_44b6,6500,0.12106081473827363,172.70296776201576,,,,,,,
G_C2_44b6,6750,0.11981236623227597,178.83762105507776,,,,,,,
G_C2_44b6,7000,0.12395534536987543,185.38351912237704,0.23188923299312592,2048.0,1934.0,99.0,80.0,87.0,0.8080808080808081
G_C2_44b6,7250,0.11936544036120177,192.06350287422538,,,,,,,
G_C2_44b6,7500,0.11733213058114052,199.24514669412747,,,,,,,
G_C2_44b6,7750,0.1208367502912879,205.96703398227692,,,,,,,
G_C2_44b6,8000,0.1249433935508132,211.03857260243967,0.23580621695145965,2048.0,1916.0,99.0,80.0,105.0,0.8080808080808081
G_C2_6bba,250,0.6577057579755783,4.8138591619208455,,,,,,,
G_C2_6bba,500,0.36342358100414274,9.434881540946662,,,,,,,
G_C2_6bba,750,0.3045575159788132,16.19501862488687,,,,,,,
G_C2_6bba,1000,0.2734411630034447,23.088285929057747,0.40171554312109947,2048.0,1860.0,99.0,87.0,165.0,0.8787878787878788
G_C2_6bba,1250,0.24763246440887451,30.063018151093274,,,,,,,
G_C2_6bba,1500,0.22907963144779206,36.97803228907287,,,,,,,
G_C2_6bba,1750,0.22206739142537116,43.45633967081085,,,,,,,
G_C2_6bba,2000,0.20695176434516907,49.4240110241808,0.35530512128025293,2048.0,1885.0,99.0,83.0,140.0,0.8383838383838383
G_C2_6bba,2250,0.19955794364213944,56.411610768176615,,,,,,,
G_C2_6bba,2500,0.1938876605629921,63.04064477421343,,,,,,,
G_C2_6bba,2750,0.19234039875864983,69.8391183721833,,,,,,,
G_C2_6bba,3000,0.18608219386637212,76.6798886070028,0.32030693581327796,2048.0,1891.0,99.0,86.0,135.0,0.8686868686868687
G_C2_6bba,3250,0.18142210417985916,83.53379226010293,,,,,,,
G_C2_6bba,3500,0.17452854880690574,90.60304470499977,,,,,,,
G_C2_6bba,3750,0.16959561048448085,97.14361207699403,,,,,,,
G_C2_6bba,4000,0.17502246113121508,103.35215737810358,0.30335449893027544,2048.0,1888.0,99.0,83.0,136.0,0.8383838383838383
G_C2_6bba,4250,0.1572404472231865,110.3697530021891,,,,,,,
G_C2_6bba,4500,0.16134415505826474,116.50276053277776,,,,,,,
G_C2_6bba,4750,0.15150708995759488,122.97115327091888,,,,,,,
G_C2_6bba,5000,0.1411161554902792,128.78595412010327,0.3045197818428278,2048.0,1889.0,99.0,85.0,137.0,0.8585858585858586
G_C2_6bba,5250,0.1484265360981226,135.73396435985342,,,,,,,
G_C2_6bba,5500,0.1501714925467968,142.55286132683977,,,,,,,
G_C2_6bba,5750,0.1537557975947857,149.42764728097245,,,,,,,
G_C2_6bba,6000,0.14037034924328326,156.5660994858481,0.2771786944940686,2048.0,1906.0,99.0,86.0,118.0,0.8686868686868687
G_C2_6bba,6250,0.13262023440003395,163.68053539423272,,,,,,,
G_C2_6bba,6500,0.1379037329852581,170.84274331806228,,,,,,,
G_C2_6bba,6750,0.1358556489944458,177.989266123157,,,,,,,
G_C2_6bba,7000,0.13744812738895415,184.63479120610282,0.2661658367142081,2048.0,1919.0,99.0,84.0,103.0,0.8484848484848485
G_C2_6bba,7250,0.1287078436613083,190.90818998590112,,,,,,,
G_C2_6bba,7500,0.13138698831945658,198.00447195582092,,,,,,,
G_C2_6bba,7750,0.13345375844091176,204.83161375904456,,,,,,,
G_C2_6bba,8000,0.1353725632429123,210.8283173078671,0.24880626145750284,2048.0,1915.0,99.0,84.0,107.0,0.8484848484848485
G_C3_44b6,250,0.25826537719368936,5.5945207872428,,,,,,,
G_C3_44b6,500,0.07675548906624317,10.45537473494187,,,,,,,
G_C3_44b6,750,0.04099697146564722,17.636374437250197,,,,,,,
G_C3_44b6,1000,0.024377403412014245,24.62691225996241,,,,,,,
G_C3_44b6,1250,0.01708647695556283,31.945803456008434,,,,,,,
G_C3_44b6,1500,0.013677684064023197,39.19347982015461,,,,,,,
G_C3_44b6,1750,0.01128393724374473,46.376435874029994,,,,,,,
G_C3_44b6,2000,0.009986632623709739,53.55659900093451,,,,,,,
G_C3_44b6,2250,0.009164026285056024,60.99837539717555,,,,,,,
G_C3_44b6,2500,0.00761900957999751,67.98629982303828,,,,,,,
G_C3_44b6,2750,0.007114308106712997,74.98703330522403,,,,,,,
G_C3_44b6,3000,0.006243276871507987,81.88345035305247,,,,,,,
G_C3_44b6,3250,0.005860172790940851,89.40905367815867,,,,,,,
G_C3_44b6,3500,0.005501348787685856,95.64040481625125,,,,,,,
G_C3_44b6,3750,0.0050194006278179585,102.9825568641536,,,,,,,
G_C3_44b6,4000,0.00428035762917716,110.33969553513452,,,,,,,
G_C3_44b6,4250,0.004200973548577167,117.68198252795264,,,,,,,
G_C3_44b6,4500,0.0040447962154867125,124.81940613826737,,,,,,,
G_C3_44b6,4750,0.003692072705249302,131.86836309311911,,,,,,,
G_C3_44b6,5000,0.0033808000312419606,138.65186954196543,,,,,,,
G_C3_44b6,5250,0.003193961169803515,145.84065674990416,,,,,,,
G_C3_44b6,5500,0.0028563179232878612,152.8030415000394,,,,,,,
G_C3_44b6,5750,0.0026696867718710563,159.70377683406696,,,,,,,
G_C3_44b6,6000,0.0026571440607658587,166.7155999331735,,,,,,,
G_C3_44b6,6250,0.0023693270329385994,173.7553109843284,,,,,,,
G_C3_44b6,6500,0.0022677967280033046,180.22640070598572,,,,,,,
G_C3_44b6,6750,0.002097414208110422,187.6157162343152,,,,,,,
G_C3_44b6,7000,0.0019663944033090955,195.1447950839065,,,,,,,
G_C3_44b6,7250,0.0019227309399866498,202.35040880506858,,,,,,,
G_C3_44b6,7500,0.001694469869544264,209.93079443229362,,,,,,,
G_C3_44b6,7750,0.0015039518270059489,217.1764715919271,,,,,,,
G_C3_44b6,8000,0.001505987233715132,223.2866631289944,,,,,,,
G_C3_6bba,250,0.2974519788324833,5.511130555998534,,,,,,,
G_C3_6bba,500,0.12790146677196026,10.406786737963557,,,,,,,
G_C3_6bba,750,0.09989272810518741,17.439574498683214,,,,,,,
G_C3_6bba,1000,0.07905122804641723,24.73038646997884,,,,,,,
G_C3_6bba,1250,0.0681105205193162,32.05073525197804,,,,,,,
G_C3_6bba,1500,0.05649218468368054,38.76134977862239,,,,,,,
G_C3_6bba,1750,0.047785695515573025,45.09260242478922,,,,,,,
G_C3_6bba,2000,0.04092513975128532,52.16988753667101,,,,,,,
G_C3_6bba,2250,0.03550156766548753,59.54254373488948,,,,,,,
G_C3_6bba,2500,0.03369955455511808,66.89182217558846,,,,,,,
G_C3_6bba,2750,0.03456133589707315,74.25497679272667,,,,,,,
G_C3_6bba,3000,0.026958117906004192,81.35943223163486,,,,,,,
G_C3_6bba,3250,0.024099222835153342,88.60026029963046,,,,,,,
G_C3_6bba,3500,0.0238292880859226,95.98160784877837,,,,,,,
G_C3_6bba,3750,0.01930438513122499,102.95552832679823,,,,,,,
G_C3_6bba,4000,0.017493847945705056,110.35104331094772,,,,,,,
G_C3_6bba,4250,0.017065967679955066,117.73998997686431,,,,,,,
G_C3_6bba,4500,0.01507895475346595,124.14474095171317,,,,,,,
G_C3_6bba,4750,0.013804997713305057,131.01663271756843,,,,,,,
G_C3_6bba,5000,0.012982833412475884,138.12596782576293,,,,,,,
G_C3_6bba,5250,0.012081018987111747,145.44586301781237,,,,,,,
G_C3_6bba,5500,0.010554222495295107,152.63252468174323,,,,,,,
G_C3_6bba,5750,0.009522963934578,159.96887108078226,,,,,,,
G_C3_6bba,6000,0.010065492052119224,167.49719337560236,,,,,,,
G_C3_6bba,6250,0.008141151738818735,174.7568151205778,,,,,,,
G_C3_6bba,6500,0.008019948075059801,182.05187183665112,,,,,,,
G_C3_6bba,6750,0.0074466642197221515,188.80035959882662,,,,,,,
G_C3_6bba,7000,0.007377495946595446,194.59862480778247,,,,,,,
G_C3_6bba,7250,0.0058179512433707715,201.88280155695975,,,,,,,
G_C3_6bba,7500,0.0056686904532834885,209.02675008866936,,,,,,,
G_C3_6bba,7750,0.005930830086115748,216.3208644837141,,,,,,,
G_C3_6bba,8000,0.004918528142618016,223.62870024563745,,,,,,,
G_C4_44b6,250,0.6704693193435669,4.970496536698192,,,,,,,
G_C4_44b6,500,0.4503272333145142,9.739851865917444,,,,,,,
G_C4_44b6,750,0.4089232609272003,15.993791989982128,,,,,,,
G_C4_44b6,1000,0.37969518506526945,22.67467023199424,0.4321481231600046,2048.0,1862.0,99.0,80.0,161.0,0.8080808080808081
G_C4_44b6,1250,0.3561544731259346,29.853776657022536,,,,,,,
G_C4_44b6,1500,0.3339302586317062,34.972964321728796,,,,,,,
G_C4_44b6,1750,0.3254789935350418,40.74647990381345,,,,,,,
G_C4_44b6,2000,0.3242133027613163,47.8877322296612,0.39970929455012083,2048.0,1881.0,99.0,79.0,140.0,0.797979797979798
G_C4_44b6,2250,0.2983698892891407,54.93699854193255,,,,,,,
G_C4_44b6,2500,0.29875216755270956,61.99780108081177,,,,,,,
G_C4_44b6,2750,0.2907775568664074,68.25131876394153,,,,,,,
G_C4_44b6,3000,0.2935278377532959,75.39455402782187,0.43606428522616625,2048.0,1844.0,99.0,79.0,179.0,0.797979797979798
G_C4_44b6,3250,0.27779309737682345,82.19994314294308,,,,,,,
G_C4_44b6,3500,0.27846048259735107,88.73284086305648,,,,,,,
G_C4_44b6,3750,0.27521320632100105,95.17413802212104,,,,,,,
G_C4_44b6,4000,0.2709039871096611,102.21364045375958,0.383722061291337,2048.0,1854.0,99.0,79.0,170.0,0.797979797979798
G_C4_44b6,4250,0.2759989998340607,108.46818631980568,,,,,,,
G_C4_44b6,4500,0.27179668244719507,114.65637860493734,,,,,,,
G_C4_44b6,4750,0.2595508099496365,121.0648537799716,,,,,,,
G_C4_44b6,5000,0.25627034637331964,127.58468446787447,0.383361775893718,2048.0,1839.0,99.0,81.0,186.0,0.8181818181818182
G_C4_44b6,5250,0.2609158451259136,134.2355944691226,,,,,,,
G_C4_44b6,5500,0.2664824392944574,141.13281193375587,,,,,,,
G_C4_44b6,5750,0.2617561721205711,147.26384832290933,,,,,,,
G_C4_44b6,6000,0.2604554895609617,154.3393401997164,0.38319737324491143,2048.0,1851.0,99.0,80.0,173.0,0.8080808080808081
G_C4_44b6,6250,0.2598436724692583,161.31230545789003,,,,,,,
G_C4_44b6,6500,0.25862511226534846,168.41603781701997,,,,,,,
G_C4_44b6,6750,0.26157013143599034,175.49771297583356,,,,,,,
G_C4_44b6,7000,0.2542887138426304,182.63735902681947,0.36031372053548694,2048.0,1858.0,99.0,78.0,163.0,0.7878787878787878
G_C4_44b6,7250,0.24832378017902373,189.81063013803214,,,,,,,
G_C4_44b6,7500,0.2490947652310133,196.59323042212054,,,,,,,
G_C4_44b6,7750,0.24555770149827003,203.52298771496862,,,,,,,
G_C4_44b6,8000,0.2615669473111629,210.45402803784236,0.30888411263003945,2048.0,1902.0,99.0,79.0,119.0,0.797979797979798
G_C4_6bba,250,0.6914482825994491,5.265296486672014,,,,,,,
G_C4_6bba,500,0.4851013494729996,9.878174698911607,,,,,,,
G_C4_6bba,750,0.4333259875178337,16.293167463038117,,,,,,,
G_C4_6bba,1000,0.4008705487847328,23.07467641402036,0.5123648690059781,2048.0,1823.0,99.0,82.0,201.0,0.8282828282828283
G_C4_6bba,1250,0.3824739577770233,30.0166895207949,,,,,,,
G_C4_6bba,1500,0.36098000580072404,37.035680716857314,,,,,,,
G_C4_6bba,1750,0.3537570276260376,44.11779839079827,,,,,,,
G_C4_6bba,2000,0.35145452117919923,51.015467810910195,0.5040943725034595,2048.0,1797.0,99.0,80.0,226.0,0.8080808080808081
G_C4_6bba,2250,0.3274140709340572,57.76034544873983,,,,,,,
G_C4_6bba,2500,0.3280210890173912,64.43954136781394,,,,,,,
G_C4_6bba,2750,0.3235624148249626,71.47149134101346,,,,,,,
G_C4_6bba,3000,0.32432959696650504,77.47008676175028,0.5151486033573747,2048.0,1809.0,99.0,82.0,216.0,0.8282828282828283
G_C4_6bba,3250,0.30711725932359696,84.24214392900467,,,,,,,
G_C4_6bba,3500,0.30511101284623143,90.46621629782021,,,,,,,
G_C4_6bba,3750,0.31203926032781604,96.25668590003625,,,,,,,
G_C4_6bba,4000,0.2972127079069614,103.31484533566982,0.43203708343207836,2048.0,1851.0,99.0,80.0,171.0,0.8080808080808081
G_C4_6bba,4250,0.30776853749155997,110.46388886496425,,,,,,,
G_C4_6bba,4500,0.2999553767442703,117.21041059168056,,,,,,,
G_C4_6bba,4750,0.28916232082247734,123.80436774389818,,,,,,,
G_C4_6bba,5000,0.28547805079817773,130.78868483006954,0.44816703721880913,2048.0,1818.0,99.0,80.0,205.0,0.8080808080808081
G_C4_6bba,5250,0.285357059687376,137.31404174678028,,,,,,,
G_C4_6bba,5500,0.29236990568041804,144.12220693798736,,,,,,,
G_C4_6bba,5750,0.2837519729733467,150.54637309769168,,,,,,,
G_C4_6bba,6000,0.2882505113184452,157.74373740097508,0.43219619104638696,2048.0,1854.0,99.0,83.0,169.0,0.8383838383838383
G_C4_6bba,6250,0.2815414116084576,164.62861571088433,,,,,,,
G_C4_6bba,6500,0.2778690117001533,170.9907725979574,,,,,,,
G_C4_6bba,6750,0.2860115557909012,177.4749294007197,,,,,,,
G_C4_6bba,7000,0.273154597222805,184.18268216680735,0.4383428478613496,2048.0,1824.0,99.0,81.0,199.0,0.8181818181818182
G_C4_6bba,7250,0.2680314822793007,190.705533020664,,,,,,,
G_C4_6bba,7500,0.2635956773757935,196.4722073180601,,,,,,,
G_C4_6bba,7750,0.2668045437335968,203.10967289377004,,,,,,,
G_C4_6bba,8000,0.2749182890355587,209.54268779605627,0.39788902131840587,2048.0,1860.0,99.0,81.0,164.0,0.8181818181818182
G_C4_seed2_44b6,250,0.654274672627449,4.2517152721993625,,,,,,,
G_C4_seed2_44b6,500,0.43442649352550505,8.876698303036392,,,,,,,
G_C4_seed2_44b6,750,0.38793466526269915,15.358441313263029,,,,,,,
G_C4_seed2_44b6,1000,0.35517428976297377,22.229233050253242,0.47146372497081757,2048.0,1843.0,99.0,82.0,182.0,0.8282828282828283
G_C4_seed2_44b6,1250,0.333939804404974,29.5871767019853,,,,,,,
G_C4_seed2_44b6,1500,0.32608874660730364,36.01044275518507,,,,,,,
G_C4_seed2_44b6,1750,0.3193224366009235,42.99205644009635,,,,,,,
G_C4_seed2_44b6,2000,0.30301427680253984,50.06391820823774,0.39691879227757454,2048.0,1871.0,99.0,79.0,151.0,0.797979797979798
G_C4_seed2_44b6,2250,0.30053936782479285,56.93803865136579,,,,,,,
G_C4_seed2_44b6,2500,0.2961697275042534,64.15775932837278,,,,,,,
G_C4_seed2_44b6,2750,0.2883378797471523,70.75494312029332,,,,,,,
G_C4_seed2_44b6,3000,0.2914168708026409,76.7362288753502,0.4124720012769103,2048.0,1853.0,99.0,81.0,171.0,0.8181818181818182
G_C4_seed2_44b6,3250,0.27653556525707246,83.94971585832536,,,,,,,
G_C4_seed2_44b6,3500,0.275245802462101,90.65513420430943,,,,,,,
G_C4_seed2_44b6,3750,0.2675101576000452,97.52871284401044,,,,,,,
G_C4_seed2_44b6,4000,0.2669124914109707,104.07576213730499,0.369664566591382,2048.0,1865.0,99.0,79.0,160.0,0.797979797979798
G_C4_seed2_44b6,4250,0.27213835427165034,111.27951690834016,,,,,,,
G_C4_seed2_44b6,4500,0.26123775786161424,118.35199346533045,,,,,,,
G_C4_seed2_44b6,4750,0.2591728819012642,125.00626413105056,,,,,,,
G_C4_seed2_44b6,5000,0.2598887852579355,131.63413451006636,0.3348784544505179,2048.0,1885.0,99.0,80.0,137.0,0.8080808080808081
G_C4_seed2_44b6,5250,0.26745965614914896,137.69534292723984,,,,,,,
G_C4_seed2_44b6,5500,0.2670530201792717,144.49038170231506,,,,,,,
G_C4_seed2_44b6,5750,0.2584724847972393,150.1896227481775,,,,,,,
G_C4_seed2_44b6,6000,0.2570529434680939,156.68902171636,0.37073376728221774,2048.0,1853.0,99.0,82.0,173.0,0.8282828282828283
G_C4_seed2_44b6,6250,0.25071226954460146,162.5996760400012,,,,,,,
G_C4_seed2_44b6,6500,0.24728825244307517,169.30331203434616,,,,,,,
G_C4_seed2_44b6,6750,0.2505193739831448,176.29362693428993,,,,,,,
G_C4_seed2_44b6,7000,0.255893068343401,183.10368090309203,0.3654156979173422,2048.0,1850.0,99.0,83.0,176.0,0.8383838383838383
G_C4_seed2_44b6,7250,0.24186117479205133,190.01920553203672,,,,,,,
G_C4_seed2_44b6,7500,0.24896974489092827,196.90381643734872,,,,,,,
G_C4_seed2_44b6,7750,0.2543452284187078,202.95314580202103,,,,,,,
G_C4_seed2_44b6,8000,0.2503205724954605,209.46019984595478,0.3511630422435701,2048.0,1865.0,99.0,80.0,157.0,0.8080808080808081
G_C4_seed2_6bba,250,0.6847229558229446,5.367372140288353,,,,,,,
G_C4_seed2_6bba,500,0.4757027602791786,9.787802117411047,,,,,,,
G_C4_seed2_6bba,750,0.4277618077993393,16.253134706057608,,,,,,,
G_C4_seed2_6bba,1000,0.3953965377807617,22.304107137024403,0.5447861980646849,2048.0,1805.0,99.0,82.0,218.0,0.8282828282828283
G_C4_seed2_6bba,1250,0.37093149906396866,27.21317436126992,,,,,,,
G_C4_seed2_6bba,1500,0.35779796516895296,33.2821076749824,,,,,,,
G_C4_seed2_6bba,1750,0.3520394834280014,40.31720926007256,,,,,,,
G_C4_seed2_6bba,2000,0.3388845844864845,46.87804071512073,0.474135372787714,2048.0,1840.0,99.0,80.0,181.0,0.8080808080808081
G_C4_seed2_6bba,2250,0.327120899438858,53.97183201601729,,,,,,,
G_C4_seed2_6bba,2500,0.32499442392587663,61.10286192409694,,,,,,,
G_C4_seed2_6bba,2750,0.31419957146048544,66.65547943720594,,,,,,,
G_C4_seed2_6bba,3000,0.32014255702495575,73.69066123524681,0.4681101171299815,2048.0,1842.0,99.0,82.0,182.0,0.8282828282828283
G_C4_seed2_6bba,3250,0.3032874963581562,80.743498894386,,,,,,,
G_C4_seed2_6bba,3500,0.30239397412538527,87.4600328640081,,,,,,,
G_C4_seed2_6bba,3750,0.296717126250267,93.85605922201648,,,,,,,
G_C4_seed2_6bba,4000,0.2890312840938568,99.57316161505878,0.4424705933779478,2048.0,1839.0,99.0,80.0,184.0,0.8080808080808081
G_C4_seed2_6bba,4250,0.29823645183444025,106.16097545716912,,,,,,,
G_C4_seed2_6bba,4500,0.28541089472174647,113.31982739409432,,,,,,,
G_C4_seed2_6bba,4750,0.2847453569173813,120.39748859638348,,,,,,,
G_C4_seed2_6bba,5000,0.2815386987030506,127.16719139833003,0.4267276730388403,2048.0,1862.0,99.0,82.0,161.0,0.8282828282828283
G_C4_seed2_6bba,5250,0.2822099390625954,133.6346255489625,,,,,,,
G_C4_seed2_6bba,5500,0.2855645484030247,140.20067705214024,,,,,,,
G_C4_seed2_6bba,5750,0.27295194613933565,147.15211297897622,,,,,,,
G_C4_seed2_6bba,6000,0.27763161551952364,154.3537866449915,0.4605506733059883,2048.0,1827.0,99.0,81.0,196.0,0.8181818181818182
G_C4_seed2_6bba,6250,0.2658443559557199,161.17555356910452,,,,,,,
G_C4_seed2_6bba,6500,0.2655031000673771,167.6171261202544,,,,,,,
G_C4_seed2_6bba,6750,0.2638938984274864,174.22098266519606,,,,,,,
G_C4_seed2_6bba,7000,0.2681257266998291,181.03326509520411,0.4023701469413936,2048.0,1859.0,99.0,81.0,166.0,0.8181818181818182
G_C4_seed2_6bba,7250,0.25675453820824623,187.82616694038734,,,,,,,
G_C4_seed2_6bba,7500,0.25893875285983087,193.61285663908347,,,,,,,
G_C4_seed2_6bba,7750,0.26795306128263474,200.27139713102952,,,,,,,
G_C4_seed2_6bba,8000,0.2584433378428221,206.55203710030764,0.41280457004904747,2048.0,1846.0,99.0,81.0,177.0,0.8181818181818182
G_C5_44b6,250,0.6426851503849029,4.5557736731134355,,,,,,,
G_C5_44b6,500,0.3766988026499748,9.417892535217106,,,,,,,
G_C5_44b6,750,0.34211185413599016,16.55642832396552,,,,,,,
G_C5_44b6,1000,0.3104348421096802,23.215445739217103,0.4350939514115453,2048.0,1866.0,99.0,83.0,159.0,0.8383838383838383
G_C5_44b6,1250,0.2906887370347977,29.052877163980156,,,,,,,
G_C5_44b6,1500,0.27535963559150695,35.96666585514322,,,,,,,
G_C5_44b6,1750,0.2643224605023861,42.60884007997811,,,,,,,
G_C5_44b6,2000,0.2573491923213005,49.7236411459744,0.40525898849591613,2048.0,1855.0,99.0,83.0,167.0,0.8383838383838383
G_C5_44b6,2250,0.2446502929329872,55.50297603523359,,,,,,,
G_C5_44b6,2500,0.24085488007962705,62.28876229003072,,,,,,,
G_C5_44b6,2750,0.237041988953948,68.83146461006254,,,,,,,
G_C5_44b6,3000,0.23853004103899003,75.76461324095726,0.4407667703926563,2048.0,1849.0,99.0,83.0,175.0,0.8383838383838383
G_C5_44b6,3250,0.22225021751224994,82.58937172126025,,,,,,,
G_C5_44b6,3500,0.2257028498798609,89.22951531410217,,,,,,,
G_C5_44b6,3750,0.22516637276113033,95.94990849820897,,,,,,,
G_C5_44b6,4000,0.21924709576368331,102.63361075799912,0.3925234554335475,2048.0,1865.0,99.0,83.0,158.0,0.8383838383838383
G_C5_44b6,4250,0.22012821063399315,109.2269868250005,,,,,,,
G_C5_44b6,4500,0.21922868123650552,116.11062719486654,,,,,,,
G_C5_44b6,4750,0.20884631429612638,122.66379137989134,,,,,,,
G_C5_44b6,5000,0.20871289571374654,129.6932215988636,0.41820404026657343,2048.0,1834.0,99.0,86.0,192.0,0.8686868686868687
G_C5_44b6,5250,0.20960743929445744,136.7358826668933,,,,,,,
G_C5_44b6,5500,0.21917295802384615,143.66004835208878,,,,,,,
G_C5_44b6,5750,0.21350787065923213,150.76426538312808,,,,,,,
G_C5_44b6,6000,0.2084035760834813,157.8529022829607,0.41038329992443323,2048.0,1824.0,99.0,87.0,203.0,0.8787878787878788
G_C5_44b6,6250,0.2122160695642233,164.8694573249668,,,,,,,
G_C5_44b6,6500,0.21046676096320152,171.97380361985415,,,,,,,
G_C5_44b6,6750,0.20896460580080747,179.00897526787594,,,,,,,
G_C5_44b6,7000,0.2007128484249115,186.107550336048,0.3520404831506312,2048.0,1875.0,99.0,86.0,149.0,0.8686868686868687
G_C5_44b6,7250,0.20438423229753971,193.01708775898442,,,,,,,
G_C5_44b6,7500,0.19604380360245705,199.67799911787733,,,,,,,
G_C5_44b6,7750,0.2002991714179516,206.86388148600236,,,,,,,
G_C5_44b6,8000,0.20946224496513605,213.48068758985028,0.33159529231488705,2048.0,1883.0,99.0,81.0,138.0,0.8181818181818182
G_C5_6bba,250,0.6341273891925812,5.410799145232886,,,,,,,
G_C5_6bba,500,0.3966519120335579,10.2057219222188,,,,,,,
G_C5_6bba,750,0.343702830016613,15.96251429291442,,,,,,,
G_C5_6bba,1000,0.3188323785364628,22.641147640068084,0.5002716891467571,2048.0,1839.0,99.0,84.0,187.0,0.8484848484848485
G_C5_6bba,1250,0.30542494070529935,29.54074648814276,,,,,,,
G_C5_6bba,1500,0.2901654465198517,36.56863941485062,,,,,,,
G_C5_6bba,1750,0.2850102378129959,43.794100482948124,,,,,,,
G_C5_6bba,2000,0.2802525335252285,50.801152132917196,0.47827177215367556,2048.0,1851.0,99.0,82.0,172.0,0.8282828282828283
G_C5_6bba,2250,0.26371483954787256,57.57010098313913,,,,,,,
G_C5_6bba,2500,0.2664276932775974,64.77797939814627,,,,,,,
G_C5_6bba,2750,0.26474610272049903,70.93014466203749,,,,,,,
G_C5_6bba,3000,0.26214089985191824,78.02640380105004,0.5120638385415077,2048.0,1826.0,99.0,83.0,198.0,0.8383838383838383
G_C5_6bba,3250,0.24783600386977195,85.0208711088635,,,,,,,
G_C5_6bba,3500,0.24623156604170798,91.99931146623567,,,,,,,
G_C5_6bba,3750,0.25288993544876576,99.08588872803375,,,,,,,
G_C5_6bba,4000,0.23729928481578827,106.09539801906794,0.4586575170978904,2048.0,1851.0,99.0,80.0,172.0,0.8080808080808081
G_C5_6bba,4250,0.24489977261424065,113.03287872485816,,,,,,,
G_C5_6bba,4500,0.2409981016665697,120.19828579528257,,,,,,,
G_C5_6bba,4750,0.2326835689097643,127.30519209103659,,,,,,,
G_C5_6bba,5000,0.23443594798445702,133.34570260718465,0.4306479962542653,2048.0,1856.0,99.0,85.0,169.0,0.8585858585858586
G_C5_6bba,5250,0.22498675920069217,140.5800587600097,,,,,,,
G_C5_6bba,5500,0.23911724430322648,147.0117560941726,,,,,,,
G_C5_6bba,5750,0.23015092475712298,154.07907103886828,,,,,,,
G_C5_6bba,6000,0.22847569824755193,161.11279363697395,0.4561172826215625,2048.0,1837.0,99.0,87.0,190.0,0.8787878787878788
G_C5_6bba,6250,0.23100255638360978,168.061861876864,,,,,,,
G_C5_6bba,6500,0.22408458757400512,175.04659634130076,,,,,,,
G_C5_6bba,6750,0.2277176475971937,182.07512068003416,,,,,,,
G_C5_6bba,7000,0.21256769979000092,189.09975968208164,0.408422963693738,2048.0,1859.0,99.0,85.0,166.0,0.8585858585858586
G_C5_6bba,7250,0.21767848624289035,196.1802142271772,,,,,,,
G_C5_6bba,7500,0.20942771281301975,203.25029036030173,,,,,,,
G_C5_6bba,7750,0.21598266524076462,210.33804779313505,,,,,,,
G_C5_6bba,8000,0.22372250589728354,217.44107761792839,0.40890359692275524,2048.0,1863.0,99.0,82.0,159.0,0.8282828282828283
G_C6_44b6,250,0.6704693193435669,4.566719941329211,,,,,,,
G_C6_44b6,500,0.4503272333145142,9.361749090254307,,,,,,,
G_C6_44b6,750,0.4089232609272003,16.597112172283232,,,,,,,
G_C6_44b6,1000,0.37969518506526945,23.372184074949473,0.4321481231600046,2048.0,1862.0,99.0,80.0,161.0,0.8080808080808081
G_C6_44b6,1250,0.3561544731259346,30.580303606111556,,,,,,,
G_C6_44b6,1500,0.3339302586317062,36.99165660422295,,,,,,,
G_C6_44b6,1750,0.3254789935350418,43.951461089309305,,,,,,,
G_C6_44b6,2000,0.3242133027613163,50.333720637951046,0.39970929455012083,2048.0,1881.0,99.0,79.0,140.0,0.797979797979798
G_C6_44b6,2250,0.2983698892891407,57.31971151335165,,,,,,,
G_C6_44b6,2500,0.29875216755270956,63.57705202139914,,,,,,,
G_C6_44b6,2750,0.2907775568664074,70.69766238704324,,,,,,,
G_C6_44b6,3000,0.2935278377532959,77.27040050597861,0.43606428522616625,2048.0,1844.0,99.0,79.0,179.0,0.797979797979798
G_C6_44b6,3250,0.27779309737682345,83.20178593834862,,,,,,,
G_C6_44b6,3500,0.27846048259735107,89.9164562751539,,,,,,,
G_C6_44b6,3750,0.27521320632100105,95.97571517014876,,,,,,,
G_C6_44b6,4000,0.2709039871096611,102.81763418018818,0.383722061291337,2048.0,1854.0,99.0,79.0,170.0,0.797979797979798
G_C6_44b6,4250,0.2759989998340607,109.9348773532547,,,,,,,
G_C6_44b6,4500,0.27179668244719507,116.94253787910566,,,,,,,
G_C6_44b6,4750,0.2595508099496365,123.73780051898211,,,,,,,
G_C6_44b6,5000,0.25627034637331964,130.53799788095057,0.383361775893718,2048.0,1839.0,99.0,81.0,186.0,0.8181818181818182
G_C6_44b6,5250,0.2609158451259136,137.61650137696415,,,,,,,
G_C6_44b6,5500,0.2664824392944574,144.76592999696732,,,,,,,
G_C6_44b6,5750,0.2617561721205711,151.84715478820726,,,,,,,
G_C6_44b6,6000,0.2604554895609617,158.9011186962016,0.38319737324491143,2048.0,1851.0,99.0,80.0,173.0,0.8080808080808081
G_C6_44b6,6250,0.2598436724692583,165.87800448108464,,,,,,,
G_C6_44b6,6500,0.25862511226534846,172.40324212424457,,,,,,,
G_C6_44b6,6750,0.26157013143599034,178.70371848810464,,,,,,,
G_C6_44b6,7000,0.2542887138426304,184.86955769034103,0.36031372053548694,2048.0,1858.0,99.0,78.0,163.0,0.7878787878787878
G_C6_44b6,7250,0.24832378017902373,192.0731722889468,,,,,,,
G_C6_44b6,7500,0.2490947652310133,198.64213270833716,,,,,,,
G_C6_44b6,7750,0.24555770149827003,205.1999373701401,,,,,,,
G_C6_44b6,8000,0.2615669473111629,211.98664179816842,0.30888411263003945,2048.0,1902.0,99.0,79.0,119.0,0.797979797979798
G_C6_6bba,250,0.6914482825994491,5.342010465916246,,,,,,,
G_C6_6bba,500,0.4851013494729996,10.332042894791812,,,,,,,
G_C6_6bba,750,0.4333259875178337,17.021927623078227,,,,,,,
G_C6_6bba,1000,0.4008705487847328,23.195587089750916,0.5123648690059781,2048.0,1823.0,99.0,82.0,201.0,0.8282828282828283
G_C6_6bba,1250,0.3824739577770233,29.78169194376096,,,,,,,
G_C6_6bba,1500,0.36098000580072404,36.278169909026474,,,,,,,
G_C6_6bba,1750,0.3537570276260376,42.94398939283565,,,,,,,
G_C6_6bba,2000,0.35145452117919923,48.872798236086965,0.5040943725034595,2048.0,1797.0,99.0,80.0,226.0,0.8080808080808081
G_C6_6bba,2250,0.3274140709340572,55.821223300881684,,,,,,,
G_C6_6bba,2500,0.3280210890173912,62.233348928857595,,,,,,,
G_C6_6bba,2750,0.3235624148249626,69.02666507475078,,,,,,,
G_C6_6bba,3000,0.32432959696650504,76.17209812393412,0.5151486033573747,2048.0,1809.0,99.0,82.0,216.0,0.8282828282828283
G_C6_6bba,3250,0.30711725932359696,83.47043699305505,,,,,,,
G_C6_6bba,3500,0.30511101284623143,89.56869146507233,,,,,,,
G_C6_6bba,3750,0.31203926032781604,96.5732582071796,,,,,,,
G_C6_6bba,4000,0.2972127079069614,102.34364978317171,0.43203708343207836,2048.0,1851.0,99.0,80.0,171.0,0.8080808080808081
G_C6_6bba,4250,0.30776853749155997,109.60647578816861,,,,,,,
G_C6_6bba,4500,0.2999553767442703,116.72900449903682,,,,,,,
G_C6_6bba,4750,0.28916232082247734,123.52513110311702,,,,,,,
G_C6_6bba,5000,0.28547805079817773,130.3194591361098,0.44816703721880913,2048.0,1818.0,99.0,80.0,205.0,0.8080808080808081
G_C6_6bba,5250,0.285357059687376,137.0159622929059,,,,,,,
G_C6_6bba,5500,0.29236990568041804,144.2415173421614,,,,,,,
G_C6_6bba,5750,0.2837519729733467,149.82238285476342,,,,,,,
G_C6_6bba,6000,0.2882505113184452,156.49871092988178,0.43219619104638696,2048.0,1854.0,99.0,83.0,169.0,0.8383838383838383
G_C6_6bba,6250,0.2815414116084576,163.0617528827861,,,,,,,
G_C6_6bba,6500,0.2778690117001533,169.8957879259251,,,,,,,
G_C6_6bba,6750,0.2860115557909012,177.0261044288054,,,,,,,
G_C6_6bba,7000,0.273154597222805,183.55831919703633,0.4383428478613496,2048.0,1824.0,99.0,81.0,199.0,0.8181818181818182
G_C6_6bba,7250,0.2680314822793007,190.71119375387207,,,,,,,
G_C6_6bba,7500,0.2635956773757935,197.7618187139742,,,,,,,
G_C6_6bba,7750,0.2668045437335968,202.46153480606154,,,,,,,
G_C6_6bba,8000,0.2749182890355587,208.87747585913166,0.39788902131840587,2048.0,1860.0,99.0,81.0,164.0,0.8181818181818182
G_C7_44b6,250,0.6704693193435669,5.253869308158755,,,,,,,
G_C7_44b6,500,0.4503272333145142,10.234779745806009,,,,,,,
G_C7_44b6,750,0.4089232609272003,17.36464176606387,,,,,,,
G_C7_44b6,1000,0.37969518506526945,24.499111941084266,0.4321481231600046,2048.0,1862.0,99.0,80.0,161.0,0.8080808080808081
G_C7_44b6,1250,0.3561544731259346,31.657251291908324,,,,,,,
G_C7_44b6,1500,0.3339302586317062,37.43725031008944,,,,,,,
G_C7_44b6,1750,0.3254789935350418,44.56499062478542,,,,,,,
G_C7_44b6,2000,0.3242133027613163,51.67288217600435,0.39970929455012083,2048.0,1881.0,99.0,79.0,140.0,0.797979797979798
G_C7_44b6,2250,0.2983698892891407,58.9236817038618,,,,,,,
G_C7_44b6,2500,0.29875216755270956,66.07309600198641,,,,,,,
G_C7_44b6,2750,0.2907775568664074,73.2129907719791,,,,,,,
G_C7_44b6,3000,0.2935278377532959,80.36774449888617,0.43606428522616625,2048.0,1844.0,99.0,79.0,179.0,0.797979797979798
G_C7_44b6,3250,0.27779309737682345,87.6010267068632,,,,,,,
G_C7_44b6,3500,0.27846048259735107,94.72755273710936,,,,,,,
G_C7_44b6,3750,0.27521320632100105,101.1341188182123,,,,,,,
G_C7_44b6,4000,0.2709039871096611,108.01016298402101,0.383722061291337,2048.0,1854.0,99.0,79.0,170.0,0.797979797979798
G_C7_44b6,4250,0.2759989998340607,115.128664562013,,,,,,,
G_C7_44b6,4500,0.27179668244719507,120.96967394510284,,,,,,,
G_C7_44b6,4750,0.2595508099496365,127.92050153622404,,,,,,,
G_C7_44b6,5000,0.25627034637331964,133.58288936689496,0.383361775893718,2048.0,1839.0,99.0,81.0,186.0,0.8181818181818182
G_C7_44b6,5250,0.2609158451259136,140.62282405421138,,,,,,,
G_C7_44b6,5500,0.2664824392944574,147.70273564895615,,,,,,,
G_C7_44b6,5750,0.2617561721205711,155.23412036290392,,,,,,,
G_C7_44b6,6000,0.2604554895609617,162.04244643077254,0.38319737324491143,2048.0,1851.0,99.0,80.0,173.0,0.8080808080808081
G_C7_44b6,6250,0.2598436724692583,168.38915217109025,,,,,,,
G_C7_44b6,6500,0.25862511226534846,175.19661009218544,,,,,,,
G_C7_44b6,6750,0.26157013143599034,181.98805940989405,,,,,,,
G_C7_44b6,7000,0.2542887138426304,188.53599492413923,0.36031372053548694,2048.0,1858.0,99.0,78.0,163.0,0.7878787878787878
G_C7_44b6,7250,0.24832378017902373,195.03504617,,,,,,,
G_C7_44b6,7500,0.2490947652310133,201.80502276308835,,,,,,,
G_C7_44b6,7750,0.24555770149827003,208.8444540258497,,,,,,,
G_C7_44b6,8000,0.2615669473111629,215.5691696847789,0.30888411263003945,2048.0,1902.0,99.0,79.0,119.0,0.797979797979798
G_C7_6bba,250,0.6914482825994491,4.727373227942735,,,,,,,
G_C7_6bba,500,0.4851013494729996,9.767105418257415,,,,,,,
G_C7_6bba,750,0.4333259875178337,16.808360169176012,,,,,,,
G_C7_6bba,1000,0.4008705487847328,24.01032726932317,0.5123648690059781,2048.0,1823.0,99.0,82.0,201.0,0.8282828282828283
G_C7_6bba,1250,0.3824739577770233,31.312356357928365,,,,,,,
G_C7_6bba,1500,0.36098000580072404,38.49825520301238,,,,,,,
G_C7_6bba,1750,0.3537570276260376,45.706528001930565,,,,,,,
G_C7_6bba,2000,0.35145452117919923,52.95156568894163,0.5040943725034595,2048.0,1797.0,99.0,80.0,226.0,0.8080808080808081
G_C7_6bba,2250,0.3274140709340572,59.80484590725973,,,,,,,
G_C7_6bba,2500,0.3280210890173912,66.57453094422817,,,,,,,
G_C7_6bba,2750,0.3235624148249626,72.93611343810335,,,,,,,
G_C7_6bba,3000,0.32432959696650504,79.92816851427779,0.5151486033573747,2048.0,1809.0,99.0,82.0,216.0,0.8282828282828283
G_C7_6bba,3250,0.30711725932359696,86.62871593702585,,,,,,,
G_C7_6bba,3500,0.30511101284623143,91.58630310418084,,,,,,,
G_C7_6bba,3750,0.31203926032781604,98.15395683515817,,,,,,,
G_C7_6bba,4000,0.2972127079069614,105.24458484491333,0.43203708343207836,2048.0,1851.0,99.0,80.0,171.0,0.8080808080808081
G_C7_6bba,4250,0.30776853749155997,110.85300513729453,,,,,,,
G_C7_6bba,4500,0.2999553767442703,117.37140994798392,,,,,,,
G_C7_6bba,4750,0.28916232082247734,124.41897154413164,,,,,,,
G_C7_6bba,5000,0.28547805079817773,131.12683729920536,0.44816703721880913,2048.0,1818.0,99.0,80.0,205.0,0.8080808080808081
G_C7_6bba,5250,0.285357059687376,138.05261847237125,,,,,,,
G_C7_6bba,5500,0.29236990568041804,145.15825760737062,,,,,,,
G_C7_6bba,5750,0.2837519729733467,152.25097408518195,,,,,,,
G_C7_6bba,6000,0.2882505113184452,159.36245541414246,0.43219619104638696,2048.0,1854.0,99.0,83.0,169.0,0.8383838383838383
G_C7_6bba,6250,0.2815414116084576,165.3304842361249,,,,,,,
G_C7_6bba,6500,0.2778690117001533,172.50142817711458,,,,,,,
G_C7_6bba,6750,0.2860115557909012,179.49303133413196,,,,,,,
G_C7_6bba,7000,0.273154597222805,186.62786064017564,0.4383428478613496,2048.0,1824.0,99.0,81.0,199.0,0.8181818181818182
G_C7_6bba,7250,0.2680314822793007,193.58328113891184,,,,,,,
G_C7_6bba,7500,0.2635956773757935,200.0789312380366,,,,,,,
G_C7_6bba,7750,0.2668045437335968,207.37541303224862,,,,,,,
G_C7_6bba,8000,0.2749182890355587,214.6817830069922,0.39788902131840587,2048.0,1860.0,99.0,81.0,164.0,0.8181818181818182
G_combined,250,1.3683848977088928,4.119267528876662,,,,,,,
G_combined,500,1.093865381717682,7.72030078433454,,,,,,,
G_combined,750,1.040944346189499,11.024986886885017,,,,,,,
G_combined,1000,1.0331636884212494,14.905735452193767,0.9148467853665352,2048.0,1550.0,99.0,76.0,476.0,0.7676767676767676
G_combined,1250,1.0229516294002532,18.944697575177997,,,,,,,
G_combined,1500,1.016117169380188,22.641977976076305,,,,,,,
G_combined,1750,1.0104553663730622,26.73695173021406,,,,,,,
G_combined,2000,1.0032961757183074,30.241136008873582,0.8627072609961033,2048.0,1592.0,99.0,78.0,434.0,0.7878787878787878
G_combined,2250,1.0027812948226928,33.3973121503368,,,,,,,
G_combined,2500,0.9730640223026276,37.12400818290189,,,,,,,
G_combined,2750,0.9612107059955597,40.875726730097085,,,,,,,
G_combined,3000,0.9607319688796997,44.71076348097995,0.6991860270500183,2048.0,1722.0,99.0,82.0,303.0,0.8282828282828283
G_combined,3250,0.9272442305088043,48.29231621325016,,,,,,,
G_combined,3500,0.9146850347518921,51.88863969221711,,,,,,,
G_combined,3750,0.8890166355371475,55.28401367506012,,,,,,,
G_combined,4000,0.8719301121234894,58.72031568409875,0.6666186647489667,2048.0,1786.0,99.0,83.0,240.0,0.8383838383838383
G_combined,4250,0.8698848109245301,61.77542824810371,,,,,,,
G_combined,4500,0.868076068520546,65.61351245827973,,,,,,,
G_combined,4750,0.8753257290124893,69.1355612273328,,,,,,,
G_combined,5000,0.8464932972192765,72.99625230627134,0.5279138283804059,2048.0,1803.0,99.0,81.0,218.0,0.8181818181818182
G_combined,5250,0.8410468671321869,76.9483967712149,,,,,,,
G_combined,5500,0.8523581137657166,80.70367183629423,,,,,,,
G_combined,5750,0.8457043917179108,84.58677767030895,,,,,,,
G_combined,6000,0.8437267376184463,87.75877855019644,0.6056132493540645,2048.0,1754.0,99.0,83.0,272.0,0.8383838383838383
G_combined,6250,0.8439477652311325,91.42902072099969,,,,,,,
G_combined,6500,0.8281728181838989,95.21432343730703,,,,,,,
G_combined,6750,0.8356460245847702,99.13353433925658,,,,,,,
G_combined,7000,0.8275412447452545,102.35274167032912,0.666730422526598,2048.0,1678.0,99.0,82.0,347.0,0.8282828282828283
G_combined,7250,0.8364387522935868,106.3475473690778,,,,,,,
G_combined,7500,0.8267552766799927,109.94762038625777,,,,,,,
G_combined,7750,0.8020583239793777,113.66113241808489,,,,,,,
G_combined,8000,0.8233663518428802,117.48406628007069,0.6251788837835193,2048.0,1724.0,99.0,81.0,301.0,0.8181818181818182
G_combined,8250,0.8134432935714722,121.28973195003346,,,,,,,
G_combined,8500,0.8149411816596985,124.2181279012002,,,,,,,
G_combined,8750,0.8159566175937653,127.57921494916081,,,,,,,
G_combined,9000,0.8066401927471161,131.46387003129348,0.50740812625736,2048.0,1807.0,99.0,82.0,218.0,0.8282828282828283
G_combined,9250,0.806965817451477,135.5960279093124,,,,,,,
G_combined,9500,0.7925600334405899,139.290166196879,,,,,,,
G_combined,9750,0.8139691356420516,142.52018584823236,,,,,,,
G_combined,10000,0.8055856125354767,145.7947306749411,0.4983807345852256,2048.0,1810.0,99.0,82.0,216.0,0.8282828282828283
G_combined,10250,0.7835079731941224,149.1749697481282,,,,,,,
G_combined,10500,0.7916592104434967,152.73092380026355,,,,,,,
G_combined,10750,0.7942717273235321,156.3822339279577,,,,,,,
G_combined,11000,0.7960788621902466,159.86245801206678,0.47832293529063463,2048.0,1792.0,99.0,81.0,231.0,0.8181818181818182
G_combined,11250,0.7869274915456772,163.83176133502275,,,,,,,
G_combined,11500,0.7917680144309998,167.92062707198784,,,,,,,
G_combined,11750,0.7898561760187149,171.74144052993506,,,,,,,
G_combined,12000,0.7811989302635193,175.7699986048974,0.48668939992785454,2048.0,1797.0,99.0,84.0,231.0,0.8484848484848485
G_combined,12250,0.7964451706409454,179.71331715909764,,,,,,,
G_combined,12500,0.783889939904213,183.250076002907,,,,,,,
G_combined,12750,0.7785478072166443,187.07593224896118,,,,,,,
G_combined,13000,0.7674604283571244,191.08763899700716,0.445373703725636,2048.0,1834.0,99.0,82.0,193.0,0.8282828282828283
G_combined,13250,0.7811760631799698,195.2630110620521,,,,,,,
G_combined,13500,0.7825449200868606,199.3536362000741,,,,,,,
G_combined,13750,0.7668205807209015,202.75415133917704,,,,,,,
G_combined,14000,0.7767035119533539,206.61778071522713,0.5173874655738473,2048.0,1785.0,99.0,82.0,243.0,0.8282828282828283
G_combined,14250,0.776861564040184,210.81762581923977,,,,,,,
G_combined,14500,0.7655888185501099,214.87415565596893,,,,,,,
G_combined,14750,0.7812671594619751,218.77790240431204,,,,,,,
G_combined,15000,0.7682845129966736,222.5771691640839,0.44508489314466715,2048.0,1792.0,99.0,82.0,235.0,0.8282828282828283
G_combined,15250,0.7702025547027588,225.71522742696106,,,,,,,
G_combined,15500,0.7607971486449242,228.05324562219903,,,,,,,
G_combined,15750,0.7615941182374955,230.84517442109063,,,,,,,
G_combined,16000,0.7683938249349594,234.44309796299785,0.4716184977442026,2048.0,1802.0,99.0,82.0,223.0,0.8282828282828283
G_combined,16250,0.7582470248937607,238.30336861126125,,,,,,,
G_combined,16500,0.7586254475712776,242.13370677409694,,,,,,,
G_combined,16750,0.7590746717453003,245.98674081917852,,,,,,,
G_combined,17000,0.7534696353673935,249.306504948996,0.4911792688071728,2048.0,1787.0,99.0,81.0,240.0,0.8181818181818182
G_combined,17250,0.7646261805295944,253.06967776920646,,,,,,,
G_combined,17500,0.754239853143692,256.62753938604146,,,,,,,
G_combined,17750,0.7674491024017334,260.34799424698576,,,,,,,
G_combined,18000,0.7371972830891609,263.72331922501326,0.5136480331420898,2048.0,1774.0,99.0,85.0,253.0,0.8585858585858586
G_combined,18250,0.7491375643014908,267.61388685321435,,,,,,,
G_combined,18500,0.7614309952259064,271.1823178892955,,,,,,,
G_combined,18750,0.7459645440578461,274.96927109733224,,,,,,,
G_combined,19000,0.7434982935190201,278.8233894202858,0.43824001029133797,2048.0,1824.0,99.0,84.0,204.0,0.8484848484848485
G_combined,19250,0.739701826930046,282.58946729497984,,,,,,,
G_combined,19500,0.7485179426670074,286.26202774001285,,,,,,,
G_combined,19750,0.7581509165763854,290.05771040031686,,,,,,,
G_combined,20000,0.7423310185670853,293.85909544629976,0.4413339402526617,2048.0,1817.0,99.0,84.0,210.0,0.8484848484848485
G_external_seed2,250,1.4014479355812073,3.6323202438652515,,,,,,,
G_external_seed2,500,1.110574931383133,7.34171252977103,,,,,,,
G_external_seed2,750,1.0391515820026398,10.673957864753902,,,,,,,
G_external_seed2,1000,1.02709316945076,14.575529670808464,0.7903867028653622,2048.0,1617.0,99.0,76.0,408.0,0.7676767676767676
G_external_seed2,1250,1.0163496541976929,18.37985296593979,,,,,,,
G_external_seed2,1500,1.0166240468025207,22.064109122846276,,,,,,,
G_external_seed2,1750,1.0066749246120452,25.527472803834826,,,,,,,
G_external_seed2,2000,0.9954331314563751,29.430435684043914,0.8094608169049025,2048.0,1633.0,99.0,77.0,392.0,0.7777777777777778
G_external_seed2,2250,0.9958299701213836,33.528522585053,,,,,,,
G_external_seed2,2500,0.9856394302845001,37.08757852902636,,,,,,,
G_external_seed2,2750,0.9834623034000397,40.259682510979474,,,,,,,
G_external_seed2,3000,0.9547890660762787,44.05533391889185,0.6665943302214146,2048.0,1747.0,99.0,83.0,277.0,0.8383838383838383
G_external_seed2,3250,0.9275643455982209,47.88873828621581,,,,,,,
G_external_seed2,3500,0.9287895474433899,51.758929681032896,,,,,,,
G_external_seed2,3750,0.9271236593723298,55.64658519718796,,,,,,,
G_external_seed2,4000,0.9271025240421296,59.3321286868304,0.6567851789295673,2048.0,1770.0,99.0,82.0,250.0,0.8282828282828283
G_external_seed2,4250,0.9253331737518311,63.259675830136985,,,,,,,
G_external_seed2,4500,0.9022735493183136,67.08958284882829,,,,,,,
G_external_seed2,4750,0.9102760045528412,70.67736409418285,,,,,,,
G_external_seed2,5000,0.9013339499235153,73.83498812792823,0.7195816077291965,2048.0,1676.0,99.0,80.0,347.0,0.8080808080808081
G_external_seed2,5250,0.904329164981842,76.89871012419462,,,,,,,
G_external_seed2,5500,0.8781428974866867,79.80740580987185,,,,,,,
G_external_seed2,5750,0.8497188701629639,82.92343631200492,,,,,,,
G_external_seed2,6000,0.8469189544916153,86.5416354010813,0.5741037046536803,2048.0,1778.0,99.0,80.0,244.0,0.8080808080808081
G_external_seed2,6250,0.8416207238435746,90.51047449884936,,,,,,,
G_external_seed2,6500,0.8327069925069809,94.38085797475651,,,,,,,
G_external_seed2,6750,0.834449107170105,98.2598170931451,,,,,,,
G_external_seed2,7000,0.8252369123697281,102.09161301096901,0.5720519591122866,2048.0,1749.0,99.0,81.0,276.0,0.8181818181818182
G_external_seed2,7250,0.8287500327825547,105.71760614588857,,,,,,,
G_external_seed2,7500,0.8176952459812165,109.40342934196815,,,,,,,
G_external_seed2,7750,0.830016617178917,113.03477601800114,,,,,,,
G_external_seed2,8000,0.8182469083070755,116.79685156419873,0.5677820118144155,2048.0,1754.0,99.0,84.0,273.0,0.8484848484848485
G_external_seed2,8250,0.807786213517189,120.68734386703,,,,,,,
G_external_seed2,8500,0.8096296389102936,124.25114795705304,,,,,,,
G_external_seed2,8750,0.8023291797637939,128.219854072202,,,,,,,
G_external_seed2,9000,0.8123694831132888,131.9344730041921,0.5151470480486751,2048.0,1800.0,99.0,82.0,225.0,0.8282828282828283
G_external_seed2,9250,0.7977669537067413,135.61614412395284,,,,,,,
G_external_seed2,9500,0.7990622322559356,139.4450182300061,,,,,,,
G_external_seed2,9750,0.808705925822258,143.3465461321175,,,,,,,
G_external_seed2,10000,0.7936756640672684,147.04006268875673,0.5124624650925398,2048.0,1794.0,99.0,80.0,226.0,0.8080808080808081
G_external_seed2,10250,0.8015188378095627,150.61060093296692,,,,,,,
G_external_seed2,10500,0.7984816055297852,153.73816849803552,,,,,,,
G_external_seed2,10750,0.7923592587709427,157.24931995896623,,,,,,,
G_external_seed2,11000,0.7820442546606063,160.92245348310098,0.5630880370736122,2048.0,1730.0,99.0,81.0,297.0,0.8181818181818182
G_external_seed2,11250,0.7852355638742446,164.63557105418295,,,,,,,
G_external_seed2,11500,0.7947984983921051,167.87535584205762,,,,,,,
G_external_seed2,11750,0.7785483561158181,171.59759517293423,,,,,,,
G_external_seed2,12000,0.7907144780158997,175.3369886460714,0.4875757796689868,2048.0,1790.0,99.0,83.0,236.0,0.8383838383838383
G_external_seed2,12250,0.7761262570619583,179.00001423992217,,,,,,,
G_external_seed2,12500,0.7837647188901902,182.87497369619086,,,,,,,
G_external_seed2,12750,0.7944371001720428,186.24568996718153,,,,,,,
G_external_seed2,13000,0.7862547299861908,189.91269471077248,0.5153378266841173,2048.0,1776.0,99.0,86.0,251.0,0.8686868686868687
G_external_seed2,13250,0.7764174617528915,193.32650072779506,,,,,,,
G_external_seed2,13500,0.7648496698141098,197.20152086392045,,,,,,,
G_external_seed2,13750,0.7677127202749252,201.05233243014663,,,,,,,
G_external_seed2,14000,0.777493314743042,204.64571824576706,0.5206338632851839,2048.0,1769.0,99.0,84.0,257.0,0.8484848484848485
G_external_seed2,14250,0.7621182345151901,208.42265688301995,,,,,,,
G_external_seed2,14500,0.7649174770116806,212.0676597361453,,,,,,,
G_external_seed2,14750,0.7629796291589737,215.98763490282,,,,,,,
G_external_seed2,15000,0.7829401557445526,219.48239411506802,0.5053122323006392,2048.0,1809.0,99.0,82.0,216.0,0.8282828282828283
G_external_seed2,15250,0.774163213133812,222.97063542483374,,,,,,,
G_external_seed2,15500,0.7647361597418785,226.60243093781173,,,,,,,
G_external_seed2,15750,0.7679098308086395,230.4592607668601,,,,,,,
G_external_seed2,16000,0.7660860693454743,234.3342754491605,0.46993105113506317,2048.0,1803.0,99.0,81.0,223.0,0.8181818181818182
G_external_seed2,16250,0.7508477320671082,238.0750658228062,,,,,,,
G_external_seed2,16500,0.7653866530656814,241.13259773887694,,,,,,,
G_external_seed2,16750,0.746860555768013,244.98730178689584,,,,,,,
G_external_seed2,17000,0.7513975833654404,248.8270936179906,0.481583003886044,2048.0,1789.0,99.0,82.0,237.0,0.8282828282828283
G_external_seed2,17250,0.7527202583551407,252.6245613899082,,,,,,,
G_external_seed2,17500,0.7527079191207886,256.4665759941563,,,,,,,
G_external_seed2,17750,0.7701584239006043,260.3077064221725,,,,,,,
G_external_seed2,18000,0.7548022336959839,264.00767311407253,0.4350407486781478,2048.0,1829.0,99.0,82.0,197.0,0.8282828282828283
G_external_seed2,18250,0.7530876207351684,267.84658726491034,,,,,,,
G_external_seed2,18500,0.7568304393291473,271.4552148869261,,,,,,,
G_external_seed2,18750,0.7424325267076493,275.19979630503803,,,,,,,
G_external_seed2,19000,0.766813340306282,279.0678979381919,0.4899091590195894,2048.0,1792.0,99.0,81.0,232.0,0.8181818181818182
G_external_seed2,19250,0.7398566509485245,282.84557005017996,,,,,,,
G_external_seed2,19500,0.7255133240222931,286.71721099782735,,,,,,,
G_external_seed2,19750,0.742323890209198,290.5899882731028,,,,,,,
G_external_seed2,20000,0.7420961227416992,294.2266000439413,0.44417764618992805,2048.0,1812.0,99.0,83.0,215.0,0.8383838383838383
G_fish,250,1.3626267340183258,3.7585300062783062,,,,,,,
G_fish,500,1.0855691239833831,7.186620788183063,,,,,,,
G_fish,750,1.0632598078250886,10.912754896096885,,,,,,,
G_fish,1000,1.047650470972061,14.712104044854641,1.004540452733636,2048.0,1184.0,886.0,654.0,506.0,0.7381489841986456
G_fish,1250,1.0478324859142303,18.472938776016235,,,,,,,
G_fish,1500,1.039647322654724,21.913348651956767,,,,,,,
G_fish,1750,1.0316086270809173,25.73612148826942,,,,,,,
G_fish,2000,1.0298848783969878,29.693103279918432,0.9746443349868059,2048.0,1194.0,886.0,678.0,518.0,0.7652370203160271
G_fish,2250,1.0180470323562623,33.06918441085145,,,,,,,
G_fish,2500,1.0147808740139008,35.88766299095005,,,,,,,
G_fish,2750,1.0121323931217194,39.056966957170516,,,,,,,
G_fish,3000,1.0030675320625304,42.820744805037975,0.9871961418539286,2048.0,1248.0,886.0,607.0,366.0,0.6851015801354402
G_fish,3250,1.0002038168907166,46.851732578128576,,,,,,,
G_fish,3500,0.9986138632297515,50.57880424289033,,,,,,,
G_fish,3750,0.9979484281539917,54.440695404075086,,,,,,,
G_fish,4000,0.9963750529289246,58.225156924221665,0.9436541981995106,2048.0,1215.0,886.0,672.0,485.0,0.7584650112866818
G_fish,4250,0.9916311621665954,61.90448422823101,,,,,,,
G_fish,4500,0.9884202022552491,64.26140832714736,,,,,,,
G_fish,4750,0.9870572094917297,67.83584433188662,,,,,,,
G_fish,5000,0.9886947576999664,71.6542627341114,0.9455184675753117,2048.0,1168.0,886.0,692.0,559.0,0.781038374717833
G_fish,5250,0.9864111423492432,75.58043494494632,,,,,,,
G_fish,5500,0.9834488868713379,79.41395298531279,,,,,,,
G_fish,5750,0.9804258351325988,83.18715273309499,,,,,,,
G_fish,6000,0.9741697375774383,86.81565262190998,0.9460124913603067,2048.0,1241.0,886.0,648.0,426.0,0.7313769751693002
G_fish,6250,0.9806163613796234,90.5678516519256,,,,,,,
G_fish,6500,0.9774881281852722,93.77626048726961,,,,,,,
G_fish,6750,0.9736006669998168,97.29812770429999,,,,,,,
G_fish,7000,0.9714055752754212,101.39926727488637,0.9451925735920668,2048.0,1225.0,886.0,670.0,469.0,0.7562076749435666
G_fish,7250,0.9639375894069672,105.65612183697522,,,,,,,
G_fish,7500,0.9737090845108032,109.74582847720012,,,,,,,
G_fish,7750,0.9677205979824066,113.72493879217654,,,,,,,
G_fish,8000,0.9628898582458496,117.56628492195159,0.9453626200556755,2048.0,1214.0,886.0,667.0,482.0,0.7528216704288939
G_fish,8250,0.9634456503391265,121.3288731998764,,,,,,,
G_fish,8500,0.9549275200366973,125.34720253804699,,,,,,,
G_fish,8750,0.9634983932971954,129.46001728717238,,,,,,,
G_fish,9000,0.9558240976333618,133.41963776294142,0.9470374826341867,2048.0,1206.0,886.0,671.0,496.0,0.7573363431151241
G_fish,9250,0.9598051867485047,136.78037889115512,,,,,,,
G_fish,9500,0.9577694394588471,140.14651080500335,,,,,,,
G_fish,9750,0.9440870611667633,143.7754323980771,,,,,,,
G_fish,10000,0.9572169330120087,147.64743174100295,0.9186303745955229,2048.0,1223.0,886.0,665.0,472.0,0.7505643340857788
G_fish,10250,0.9459078378677368,151.2372032860294,,,,,,,
G_fish,10500,0.9521693558692932,154.82055478310212,,,,,,,
G_fish,10750,0.9529888746738434,157.1558373151347,,,,,,,
G_fish,11000,0.9370773704051971,159.95750011503696,0.9261730015277863,2048.0,1232.0,886.0,662.0,457.0,0.7471783295711061
G_fish,11250,0.9501312272548675,163.70861993730068,,,,,,,
G_fish,11500,0.9369977815151215,167.28299616929144,,,,,,,
G_fish,11750,0.9433661518096924,170.33631933527067,,,,,,,
G_fish,12000,0.9430385980606079,174.20097188604996,0.9281256068497896,2048.0,1238.0,886.0,654.0,440.0,0.7381489841986456
G_fish,12250,0.9291998293399811,177.91228544013575,,,,,,,
G_fish,12500,0.9391016519069671,181.76845521992072,,,,,,,
G_fish,12750,0.9315676259994506,185.61318132700399,,,,,,,
G_fish,13000,0.9346590285301208,189.28702097618952,0.919886926189065,2048.0,1223.0,886.0,675.0,475.0,0.7618510158013544
G_fish,13250,0.9307565593719482,193.1692921849899,,,,,,,
G_fish,13500,0.9214574470520019,197.0462432000786,,,,,,,
G_fish,13750,0.930108184337616,200.92022079322487,,,,,,,
G_fish,14000,0.9232642624378204,204.50612873816863,0.921582804992795,2048.0,1196.0,886.0,675.0,511.0,0.7618510158013544
G_fish,14250,0.9204570572376252,208.63296876614913,,,,,,,
G_fish,14500,0.9156910080909729,212.4891108511947,,,,,,,
G_fish,14750,0.9125507805347443,216.17775900103152,,,,,,,
G_fish,15000,0.91642112326622,219.93498329119757,0.9166134689003229,2048.0,1238.0,886.0,646.0,435.0,0.7291196388261851
G_fish,15250,0.9068958508968353,223.81149039696902,,,,,,,
G_fish,15500,0.903768349647522,227.64839035924524,,,,,,,
G_fish,15750,0.8992721848487853,231.1662039551884,,,,,,,
G_fish,16000,0.8965242130756378,234.90369457704946,0.9164570979773998,2048.0,1213.0,886.0,667.0,474.0,0.7528216704288939
G_fish,16250,0.9016264455318451,238.50412379624322,,,,,,,
G_fish,16500,0.8873003582954406,242.19084213115275,,,,,,,
G_fish,16750,0.8851106536388397,246.1268696100451,,,,,,,
G_fish,17000,0.8758128533363342,250.0348491719924,0.9116398748010397,2048.0,1238.0,886.0,653.0,437.0,0.7370203160270881
G_fish,17250,0.8769277663230896,253.96398039907217,,,,,,,
G_fish,17500,0.8778953666687012,256.5132263819687,,,,,,,
G_fish,17750,0.8639655256271362,260.1773282010108,,,,,,,
G_fish,18000,0.8631904418468476,263.25184518424794,0.9199096672236919,2048.0,1215.0,886.0,674.0,482.0,0.7607223476297968
G_fish,18250,0.8510633504390717,267.30442889686674,,,,,,,
G_fish,18500,0.8517342391014099,271.11449530813843,,,,,,,
G_fish,18750,0.8548827850818634,274.8737126579508,,,,,,,
G_fish,19000,0.8368118526935577,277.6690400959924,0.9208052288740873,2048.0,1235.0,886.0,643.0,429.0,0.7257336343115124
G_fish,19250,0.840572674036026,281.6517164609395,,,,,,,
G_fish,19500,0.8197569515705109,284.82370729791,,,,,,,
G_fish,19750,0.8263088052272797,288.61198314791545,,,,,,,
G_fish,20000,0.8239978854656219,292.05080966092646,0.945625914260745,2048.0,1221.0,886.0,635.0,442.0,0.7167042889390519
G_multispecies,250,1.3258945355415344,4.286168674007058,,,,,,,
G_multispecies,500,1.0527544269561768,8.037693555932492,,,,,,,
G_multispecies,750,0.9911124856472016,11.541378065943718,,,,,,,
G_multispecies,1000,0.9807602245807647,15.149603324010968,0.835210770368576,2048.0,1616.0,99.0,75.0,410.0,0.7575757575757576
G_multispecies,1250,0.9753138611316681,19.178591758944094,,,,,,,
G_multispecies,1500,0.9590949394702911,22.73277555126697,,,,,,,
G_multispecies,1750,0.9640471482276917,26.657975152134895,,,,,,,
G_multispecies,2000,0.9249310904741287,30.40939400624484,0.8626264408230782,2048.0,1608.0,99.0,78.0,418.0,0.7878787878787878
G_multispecies,2250,0.897737512588501,34.20413243025541,,,,,,,
G_multispecies,2500,0.8835557497739792,38.07407194701955,,,,,,,
G_multispecies,2750,0.8434284814596176,41.22257946431637,,,,,,,
G_multispecies,3000,0.8470841701030731,45.10596782807261,0.6985760927200317,2048.0,1702.0,99.0,76.0,320.0,0.7676767676767676
G_multispecies,3250,0.7976699670553208,48.36847781622782,,,,,,,
G_multispecies,3500,0.8149719119071961,50.80856224196032,,,,,,,
G_multispecies,3750,0.8241716845035553,54.65173037722707,,,,,,,
G_multispecies,4000,0.8177368239164352,58.48051439737901,0.7349801734089851,2048.0,1645.0,99.0,84.0,380.0,0.8484848484848485
G_multispecies,4250,0.8102489033937454,62.55424268497154,,,,,,,
G_multispecies,4500,0.7463702352046967,66.3775950493291,,,,,,,
G_multispecies,4750,0.7857318041324616,70.22585432417691,,,,,,,
G_multispecies,5000,0.7787626805305481,74.10560683300719,0.49611357133835554,2048.0,1771.0,99.0,82.0,250.0,0.8282828282828283
G_multispecies,5250,0.7622327409386634,78.0464230380021,,,,,,,
G_multispecies,5500,0.7762801662683487,81.86017771018669,,,,,,,
G_multispecies,5750,0.7799567602872849,85.69732020515949,,,,,,,
G_multispecies,6000,0.7453782386779785,89.5603511100635,0.7840097974985838,2048.0,1631.0,99.0,82.0,391.0,0.8282828282828283
G_multispecies,6250,0.747319331407547,93.67626017704606,,,,,,,
G_multispecies,6500,0.7502323369979859,97.56554590631276,,,,,,,
G_multispecies,6750,0.7485520268082618,101.45289514493197,,,,,,,
G_multispecies,7000,0.7416526882648468,105.36203609826043,0.6636943910270929,2048.0,1690.0,99.0,82.0,334.0,0.8282828282828283
G_multispecies,7250,0.715004675924778,109.29304147697985,,,,,,,
G_multispecies,7500,0.7464876096844674,112.9881616299972,,,,,,,
G_multispecies,7750,0.7077628573775292,116.84542872337624,,,,,,,
G_multispecies,8000,0.7668228589892387,120.6940558901988,0.5693382294848561,2048.0,1724.0,99.0,81.0,300.0,0.8181818181818182
G_multispecies,8250,0.7320828852057457,124.02344443835318,,,,,,,
G_multispecies,8500,0.7377034173607826,127.90822802297771,,,,,,,
G_multispecies,8750,0.7388253746628761,131.60985557129607,,,,,,,
G_multispecies,9000,0.7335135567188263,135.1775292721577,0.5944379912689328,2048.0,1746.0,99.0,83.0,278.0,0.8383838383838383
G_multispecies,9250,0.7223309462070465,138.73419856326655,,,,,,,
G_multispecies,9500,0.6844342388510704,142.33427523635328,,,,,,,
G_multispecies,9750,0.6927196261286735,146.1731801982969,,,,,,,
G_multispecies,10000,0.6937082610726356,149.88129945006222,0.6165258716791868,2048.0,1712.0,99.0,85.0,312.0,0.8585858585858586
G_multispecies,10250,0.6813001322746277,153.77109980536625,,,,,,,
G_multispecies,10500,0.713878078520298,157.31630494538695,,,,,,,
G_multispecies,10750,0.7134183279275894,161.18241511005908,,,,,,,
G_multispecies,11000,0.6856545645594597,165.04805885115638,0.5764618525281549,2048.0,1767.0,99.0,84.0,258.0,0.8484848484848485
G_multispecies,11250,0.7080162156820298,169.04927290137857,,,,,,,
G_multispecies,11500,0.6925974239110947,172.91162530193105,,,,,,,
G_multispecies,11750,0.6836314739584923,176.40166160138324,,,,,,,
G_multispecies,12000,0.6988151690959931,180.28424276830629,0.5499675599858165,2048.0,1754.0,99.0,85.0,272.0,0.8585858585858586
G_multispecies,12250,0.6572939509749413,184.11791930533946,,,,,,,
G_multispecies,12500,0.6770125969052315,187.95821988815442,,,,,,,
G_multispecies,12750,0.6755878158807754,191.79699900420383,,,,,,,
G_multispecies,13000,0.6874266471862793,195.65571919595823,0.5988281229510903,2048.0,1743.0,99.0,85.0,284.0,0.8585858585858586
G_multispecies,13250,0.6726580539345741,199.6326292413287,,,,,,,
G_multispecies,13500,0.678797257065773,203.42778506223112,,,,,,,
G_multispecies,13750,0.678484748840332,207.30652079498395,,,,,,,
G_multispecies,14000,0.6894824804067612,211.18498820019886,0.5452416762709618,2048.0,1767.0,99.0,82.0,259.0,0.8282828282828283
G_multispecies,14250,0.6896779090166092,215.19892688235268,,,,,,,
G_multispecies,14500,0.664275807917118,219.0688462839462,,,,,,,
G_multispecies,14750,0.6679905270338058,222.7966041052714,,,,,,,
G_multispecies,15000,0.6574908866882324,226.67025080416352,0.5794057752937078,2048.0,1709.0,99.0,77.0,315.0,0.7777777777777778
G_multispecies,15250,0.6560728781223297,230.39201244199648,,,,,,,
G_multispecies,15500,0.6454582513868808,233.93685165327042,,,,,,,
G_multispecies,15750,0.6697226486802101,237.82263874914497,,,,,,,
G_multispecies,16000,0.6628822662830353,241.74239352624863,0.4615288805216551,2048.0,1820.0,99.0,83.0,205.0,0.8383838383838383
G_multispecies,16250,0.6644629527330399,245.67622480727732,,,,,,,
G_multispecies,16500,0.6047657348513603,249.07636047992855,,,,,,,
G_multispecies,16750,0.6635575685799122,251.96233900729567,,,,,,,
G_multispecies,17000,0.675719956099987,255.65741726430133,0.5024659605696797,2048.0,1792.0,99.0,83.0,234.0,0.8383838383838383
G_multispecies,17250,0.6239898158311844,259.61714640818536,,,,,,,
G_multispecies,17500,0.6420749548375606,263.5033738622442,,,,,,,
G_multispecies,17750,0.6473653021454812,267.075644955039,,,,,,,
G_multispecies,18000,0.6564896818101406,270.98134163115174,0.5039196042343974,2048.0,1773.0,99.0,84.0,255.0,0.8484848484848485
G_multispecies,18250,0.6395236632227898,275.1575077143498,,,,,,,
G_multispecies,18500,0.6638387475013733,279.16097813332453,,,,,,,
G_multispecies,18750,0.642475950986147,282.9648805563338,,,,,,,
G_multispecies,19000,0.6618466727733612,286.8029947662726,0.519496806897223,2048.0,1770.0,99.0,85.0,258.0,0.8585858585858586
G_multispecies,19250,0.6331898917853832,289.2102724071592,,,,,,,
G_multispecies,19500,0.6245346259474754,292.92061768099666,,,,,,,
G_multispecies,19750,0.6347328977882862,295.97677289135754,,,,,,,
G_multispecies,20000,0.6192954421341419,299.78347043320537,0.47889242321252823,2048.0,1795.0,99.0,85.0,233.0,0.8585858585858586
G_real_44b6,250,1.2960621423721312,3.4286792101338506,,,,,,,
G_real_44b6,500,0.5987482144832611,7.12904288014397,,,,,,,
G_real_44b6,750,0.3319626967906952,10.963548985309899,,,,,,,
G_real_44b6,1000,0.22988908207416534,14.734260150231421,,,,,,,
G_real_44b6,1250,0.17024611189961433,17.420699899084866,,,,,,,
G_real_44b6,1500,0.13229242756962775,21.171706858091056,,,,,,,
G_real_44b6,1750,0.09901328379660845,25.00107109732926,,,,,,,
G_real_44b6,2000,0.09547224282473325,28.756644947919995,,,,,,,
G_real_44b6,2250,0.0848146321401,32.593459679279476,,,,,,,
G_real_44b6,2500,0.06152374529838562,36.27863899804652,,,,,,,
G_real_44b6,2750,0.12084005086869001,40.07375484332442,,,,,,,
G_real_44b6,3000,0.052643045775592326,43.31347328517586,,,,,,,
G_real_44b6,3250,0.04712862491980195,46.33589435694739,,,,,,,
G_real_44b6,3500,0.056541998451575634,49.54373594513163,,,,,,,
G_real_44b6,3750,0.04501236592978239,53.52981836209074,,,,,,,
G_real_44b6,4000,0.03351680425554514,57.18913207622245,,,,,,,
G_real_44b6,4250,0.040036894519813356,60.91117130918428,,,,,,,
G_real_44b6,4500,0.0466789917955175,64.50392931932583,,,,,,,
G_real_44b6,4750,0.02903332030493766,68.32146979309618,,,,,,,
G_real_44b6,5000,0.039144067544490097,72.11686176387593,,,,,,,
G_real_44b6,5250,0.04405453984811902,75.93938802415505,,,,,,,
G_real_44b6,5500,0.027908983573317527,79.63146844599396,,,,,,,
G_real_44b6,5750,0.01967321853199974,83.42153292428702,,,,,,,
G_real_44b6,6000,0.023254895501770078,87.23170036496595,,,,,,,
G_real_44b6,6250,0.01917896854598075,91.10227027209476,,,,,,,
G_real_44b6,6500,0.020479513219557703,94.78883266588673,,,,,,,
G_real_44b6,6750,0.017430880641099065,98.47836570302024,,,,,,,
G_real_44b6,7000,0.04903766760649159,102.26021661190316,,,,,,,
G_real_44b6,7250,0.015452155987266451,106.26639621099457,,,,,,,
G_real_44b6,7500,0.013378862132318318,109.81102541415021,,,,,,,
G_real_44b6,7750,0.01207014351291582,113.55822123493999,,,,,,,
G_real_44b6,8000,0.011186095561366528,116.83884950401261,,,,,,,
G_real_44b6,8250,0.01489330894849263,120.60985141200945,,,,,,,
G_real_44b6,8500,0.017718138630734757,124.44629684230313,,,,,,,
G_real_44b6,8750,0.024877215506508947,128.18240611301735,,,,,,,
G_real_44b6,9000,0.009699483151081949,131.51640992425382,,,,,,,
G_real_44b6,9250,0.008788127327803522,135.32765734707937,,,,,,,
G_real_44b6,9500,0.014428784675546922,139.20235966192558,,,,,,,
G_real_44b6,9750,0.007788689731038176,143.0543506462127,,,,,,,
G_real_44b6,10000,0.009910739211481995,146.91181015921757,,,,,,,
G_real_44b6,10250,0.00919376943167299,150.37881070096046,,,,,,,
G_real_44b6,10500,0.011406706804293208,153.55116430204362,,,,,,,
G_real_44b6,10750,0.007381696755008306,156.92943997401744,,,,,,,
G_real_44b6,11000,0.006872104578185827,160.75595297524706,,,,,,,
G_real_44b6,11250,0.0060320199030102235,164.1622332832776,,,,,,,
G_real_44b6,11500,0.04368742853880394,167.9330031829886,,,,,,,
G_real_44b6,11750,0.008802844531252048,171.64445356093347,,,,,,,
G_real_44b6,12000,0.005248119009542279,175.2037764089182,,,,,,,
G_real_44b6,12250,0.004650125098065473,179.0923431692645,,,,,,,
G_real_44b6,12500,0.0043314684903016315,182.24886816507205,,,,,,,
G_real_44b6,12750,0.004210033268027474,185.59909776598215,,,,,,,
G_real_44b6,13000,0.003953635008627316,189.24205939099193,,,,,,,
G_real_44b6,13250,0.004820083273225464,193.0943410228938,,,,,,,
G_real_44b6,13500,0.027859666571428535,196.90917927911505,,,,,,,
G_real_44b6,13750,0.009321963188122027,200.61136819515377,,,,,,,
G_real_44b6,14000,0.004481013080541743,204.4463221342303,,,,,,,
G_real_44b6,14250,0.004084771931986324,208.23497067391872,,,,,,,
G_real_44b6,14500,0.003548310059384676,212.11231942428276,,,,,,,
G_real_44b6,14750,0.00347988062974764,215.89811486611143,,,,,,,
G_real_44b6,15000,0.0035884380077332028,219.84177328599617,,,,,,,
G_real_44b6,15250,0.003450344509183196,222.7200741712004,,,,,,,
G_real_44b6,15500,0.003107900676972349,226.59369606897235,,,,,,,
G_real_44b6,15750,0.004916990372134024,230.07056041806936,,,,,,,
G_real_44b6,16000,0.02607153057807591,233.84405427332968,,,,,,,
G_real_44b6,16250,0.00488705057016341,237.62537612998858,,,,,,,
G_real_44b6,16500,0.003335125715471804,241.51184540707618,,,,,,,
G_real_44b6,16750,0.002753175689475029,245.39461706019938,,,,,,,
G_real_44b6,17000,0.002564417816727655,249.28871152410284,,,,,,,
G_real_44b6,17250,0.002415982185368193,253.20019171526656,,,,,,,
G_real_44b6,17500,0.0022508311578567372,256.8388622980565,,,,,,,
G_real_44b6,17750,0.0021775410251393622,260.3677991712466,,,,,,,
G_real_44b6,18000,0.0020674458592839073,264.1467217481695,,,,,,,
G_real_44b6,18250,0.02854398991366179,267.8372907261364,,,,,,,
G_real_44b6,18500,0.00553179911134066,271.715777290985,,,,,,,
G_real_44b6,18750,0.002523368616355583,275.5993638332002,,,,,,,
G_real_44b6,19000,0.0024664756571364703,279.41584164323285,,,,,,,
G_real_44b6,19250,0.0025079716220570846,283.30218372214586,,,,,,,
G_real_44b6,19500,0.001897391805468942,286.96767512802035,,,,,,,
G_real_44b6,19750,0.0015794574597748578,290.77246923791245,,,,,,,
G_real_44b6,20000,0.001553934599760396,294.2161924932152,,,,,,,
G_real_44b6_seed2,250,1.3073100008964538,4.043728695716709,,,,,,,
G_real_44b6_seed2,500,0.5818037937879562,7.6833329647779465,,,,,,,
G_real_44b6_seed2,750,0.32682906806468964,11.613068698905408,,,,,,,
G_real_44b6_seed2,1000,0.2042812646627426,15.336301461793482,,,,,,,
G_real_44b6_seed2,1250,0.14044733117520808,19.199548442848027,,,,,,,
G_real_44b6_seed2,1500,0.10566923258453607,22.750767243094742,,,,,,,
G_real_44b6_seed2,1750,0.09826851123571397,26.34875273797661,,,,,,,
G_real_44b6_seed2,2000,0.11432063096761703,30.085011546034366,,,,,,,
G_real_44b6_seed2,2250,0.06547526412457227,34.062479917891324,,,,,,,
G_real_44b6_seed2,2500,0.062379720896482464,37.994101993739605,,,,,,,
G_real_44b6_seed2,2750,0.08081291412562132,41.74293627170846,,,,,,,
G_real_44b6_seed2,3000,0.050732163386419414,45.61350789293647,,,,,,,
G_real_44b6_seed2,3250,0.05218959527462721,49.401977726724,,,,,,,
G_real_44b6_seed2,3500,0.055098772071301934,52.995184048078954,,,,,,,
G_real_44b6_seed2,3750,0.03516004754975438,56.86763396766037,,,,,,,
G_real_44b6_seed2,4000,0.04906312311440706,60.742489432916045,,,,,,,
G_real_44b6_seed2,4250,0.034954676480032504,64.65463148988783,,,,,,,
G_real_44b6_seed2,4500,0.02779466947168112,68.39977462776005,,,,,,,
G_real_44b6_seed2,4750,0.03484855921007693,72.2708506276831,,,,,,,
G_real_44b6_seed2,5000,0.023780985480174422,76.04874868597835,,,,,,,
G_real_44b6_seed2,5250,0.025817181459628046,79.5893936958164,,,,,,,
G_real_44b6_seed2,5500,0.029059348250739275,83.2955857119523,,,,,,,
G_real_44b6_seed2,5750,0.03849189274385571,87.18566179974005,,,,,,,
G_real_44b6_seed2,6000,0.024741699263453484,90.94987817993388,,,,,,,
G_real_44b6_seed2,6250,0.017397156400606035,94.35196483973414,,,,,,,
G_real_44b6_seed2,6500,0.016842766156885774,97.76014739787206,,,,,,,
G_real_44b6_seed2,6750,0.025440446780994535,101.62288277409971,,,,,,,
G_real_44b6_seed2,7000,0.02043702378962189,104.40834649978206,,,,,,,
G_real_44b6_seed2,7250,0.018782393192173914,108.29954540496692,,,,,,,
G_real_44b6_seed2,7500,0.014302520107943565,111.95470913685858,,,,,,,
G_real_44b6_seed2,7750,0.015841664474573917,115.83786624483764,,,,,,,
G_real_44b6_seed2,8000,0.012490190006792546,119.63311226665974,,,,,,,
G_real_44b6_seed2,8250,0.04241014601988718,123.5549562019296,,,,,,,
G_real_44b6_seed2,8500,0.010883814736851492,127.4966863207519,,,,,,,
G_real_44b6_seed2,8750,0.010551050473586655,131.04808899899945,,,,,,,
G_real_44b6_seed2,9000,0.008795528799295425,134.50550768291578,,,,,,,
G_real_44b6_seed2,9250,0.013812329579610377,137.44782968889922,,,,,,,
G_real_44b6_seed2,9500,0.013568637522868812,141.28704911191016,,,,,,,
G_real_44b6_seed2,9750,0.015144565252878238,145.174960100092,,,,,,,
G_real_44b6_seed2,10000,0.009800827647908591,149.0638149078004,,,,,,,
G_real_44b6_seed2,10250,0.006667886342154815,152.97660006582737,,,,,,,
G_real_44b6_seed2,10500,0.006366632299439516,156.8563117920421,,,,,,,
G_real_44b6_seed2,10750,0.005944039472611621,160.75619732169434,,,,,,,
G_real_44b6_seed2,11000,0.01149123360455269,164.6018035649322,,,,,,,
G_real_44b6_seed2,11250,0.04734025711892173,168.39110342878848,,,,,,,
G_real_44b6_seed2,11500,0.0060215436824946665,172.2796397889033,,,,,,,
G_real_44b6_seed2,11750,0.004861530769907404,176.05250873509794,,,,,,,
G_real_44b6_seed2,12000,0.004527270624414086,179.69954339275137,,,,,,,
G_real_44b6_seed2,12250,0.004098594167269766,183.1581708989106,,,,,,,
G_real_44b6_seed2,12500,0.0038447210284648465,187.09486820874736,,,,,,,
G_real_44b6_seed2,12750,0.003845372604468139,190.17872571386397,,,,,,,
G_real_44b6_seed2,13000,0.003437898510164814,193.5059688598849,,,,,,,
G_real_44b6_seed2,13250,0.0032515295957564376,196.8483965457417,,,,,,,
G_real_44b6_seed2,13500,0.0030590075017680645,200.54015447804704,,,,,,,
G_real_44b6_seed2,13750,0.002931251127898577,204.59500737069175,,,,,,,
G_real_44b6_seed2,14000,0.002836027858502348,208.48866236396134,,,,,,,
G_real_44b6_seed2,14250,0.0027603526347302247,212.5001956387423,,,,,,,
G_real_44b6_seed2,14500,0.04143907472508727,216.08107326598838,,,,,,,
G_real_44b6_seed2,14750,0.003998695311456686,219.8780355709605,,,,,,,
G_real_44b6_seed2,15000,0.002871862246043747,223.51230392884463,,,,,,,
G_real_44b6_seed2,15250,0.0025154452562710502,227.26166383270174,,,,,,,
G_real_44b6_seed2,15500,0.002301892214178224,231.21554087894037,,,,,,,
G_real_44b6_seed2,15750,0.0021059402903483714,235.24793703109026,,,,,,,
G_real_44b6_seed2,16000,0.0019793120612885103,238.9641760736704,,,,,,,
G_real_44b6_seed2,16250,0.0018821946904427024,242.8186919298023,,,,,,,
G_real_44b6_seed2,16500,0.0018857321272807894,246.79351529385895,,,,,,,
G_real_44b6_seed2,16750,0.001719157341380196,250.82991082174703,,,,,,,
G_real_44b6_seed2,17000,0.04094641960122681,254.75549785466865,,,,,,,
G_real_44b6_seed2,17250,0.006764086767274421,258.82934737065807,,,,,,,
G_real_44b6_seed2,17500,0.003336636771360645,262.84823491889983,,,,,,,
G_real_44b6_seed2,17750,0.002901590868641506,266.69614632287994,,,,,,,
G_real_44b6_seed2,18000,0.002737147773081233,270.6493560806848,,,,,,,
G_real_44b6_seed2,18250,0.0018797407454476341,274.17962298868224,,,,,,,
G_real_44b6_seed2,18500,0.0015492346390747116,277.5750961196609,,,,,,,
G_real_44b6_seed2,18750,0.0013217087523808005,281.07283615274355,,,,,,,
G_real_44b6_seed2,19000,0.0012062878584547434,284.43108023377135,,,,,,,
G_real_44b6_seed2,19250,0.0011568346865424245,288.0723821236752,,,,,,,
G_real_44b6_seed2,19500,0.0010657057932839961,291.6630634497851,,,,,,,
G_real_44b6_seed2,19750,0.0010582890025580126,295.4665375328623,,,,,,,
G_real_44b6_seed2,20000,0.0009512058921191056,299.4118350390345,,,,,,,
G_real_6bba,250,1.032927778482437,4.451065572910011,,,,,,,
G_real_6bba,500,0.6462407778501511,8.478619640693069,,,,,,,
G_real_6bba,750,0.5741151006221771,12.658531566616148,,,,,,,
G_real_6bba,1000,0.4474351416826248,16.640772895887494,,,,,,,
G_real_6bba,1250,0.37614135015010836,20.630482895765454,,,,,,,
G_real_6bba,1500,0.32546879225969316,24.51847932394594,,,,,,,
G_real_6bba,1750,0.2858532652258873,28.375860366038978,,,,,,,
G_real_6bba,2000,0.2608841173052788,31.92447397764772,,,,,,,
G_real_6bba,2250,0.21669712188839912,35.78561406675726,,,,,,,
G_real_6bba,2500,0.20093742886185645,39.534886080771685,,,,,,,
G_real_6bba,2750,0.17847724786400795,43.477766626980156,,,,,,,
G_real_6bba,3000,0.18595051237940788,47.341389304958284,,,,,,,
G_real_6bba,3250,0.14785477563738822,51.01400076970458,,,,,,,
G_real_6bba,3500,0.1399997418373823,54.76284786174074,,,,,,,
G_real_6bba,3750,0.1308428321033716,57.93653662176803,,,,,,,
G_real_6bba,4000,0.11582342445850373,61.60672047175467,,,,,,,
G_real_6bba,4250,0.1062567797601223,65.19767930684611,,,,,,,
G_real_6bba,4500,0.1019356045871973,68.96239636093378,,,,,,,
G_real_6bba,4750,0.0899173188507557,72.21570917172357,,,,,,,
G_real_6bba,5000,0.08778029628098011,75.86297111772001,,,,,,,
G_real_6bba,5250,0.07568112014234066,79.80273876199499,,,,,,,
G_real_6bba,5500,0.07590725538134575,83.36626691091806,,,,,,,
G_real_6bba,5750,0.06861299842596054,87.13962101377547,,,,,,,
G_real_6bba,6000,0.0675584012567997,90.93311361968517,,,,,,,
G_real_6bba,6250,0.052937563024461266,94.8760276529938,,,,,,,
G_real_6bba,6500,0.07174624887108803,98.15797742269933,,,,,,,
G_real_6bba,6750,0.04180397245660424,101.52744528604671,,,,,,,
G_real_6bba,7000,0.04867695097438991,104.96854931395501,,,,,,,
G_real_6bba,7250,0.04393769584223628,108.67413052590564,,,,,,,
G_real_6bba,7500,0.032108900107443335,112.48874856671318,,,,,,,
G_real_6bba,7750,0.04535089654289186,116.31234323605895,,,,,,,
G_real_6bba,8000,0.03677371878735721,120.1681701107882,,,,,,,
G_real_6bba,8250,0.028581622768193482,123.66685807099566,,,,,,,
G_real_6bba,8500,0.03047317420504987,127.04418668989092,,,,,,,
G_real_6bba,8750,0.05153161020576954,130.85686410265043,,,,,,,
G_real_6bba,9000,0.03694286558963358,134.71922001196072,,,,,,,
G_real_6bba,9250,0.019776853025890887,138.70876870164648,,,,,,,
G_real_6bba,9500,0.017875913645140826,142.5157526000403,,,,,,,
G_real_6bba,9750,0.016212813790887595,146.24268913501874,,,,,,,
G_real_6bba,10000,0.02065397777967155,150.19413747871295,,,,,,,
G_real_6bba,10250,0.04918543150369078,153.85921608377248,,,,,,,
G_real_6bba,10500,0.02959744084533304,157.70983387203887,,,,,,,
G_real_6bba,10750,0.01609307210287079,161.40060546062887,,,,,,,
G_real_6bba,11000,0.015703617135062815,164.36940438766032,,,,,,,
G_real_6bba,11250,0.013068146803416312,166.99536737101153,,,,,,,
G_real_6bba,11500,0.011872496854513883,170.74214549176395,,,,,,,
G_real_6bba,11750,0.018317459406796844,174.20605389075354,,,,,,,
G_real_6bba,12000,0.04143206654861569,177.93458231864497,,,,,,,
G_real_6bba,12250,0.01972450328990817,181.84182966966182,,,,,,,
G_real_6bba,12500,0.01025519037200138,185.32826741598547,,,,,,,
G_real_6bba,12750,0.010266218000091613,189.2632768158801,,,,,,,
G_real_6bba,13000,0.009905096755363047,193.15319062164053,,,,,,,
G_real_6bba,13250,0.01374372556200251,197.2113424576819,,,,,,,
G_real_6bba,13500,0.023036236265674234,200.92692933790386,,,,,,,
G_real_6bba,13750,0.011460833268705756,204.884567248635,,,,,,,
G_real_6bba,14000,0.008860876416554675,208.24364696070552,,,,,,,
G_real_6bba,14250,0.006778610625769943,211.97910897573456,,,,,,,
G_real_6bba,14500,0.007214521949645131,215.89581925282255,,,,,,,
G_real_6bba,14750,0.008086860054172576,219.81972418166697,,,,,,,
G_real_6bba,15000,0.05018032526411116,223.80563340801746,,,,,,,
G_real_6bba,15250,0.00917859911452979,227.5655057700351,,,,,,,
G_real_6bba,15500,0.009742058373056353,231.48960473574698,,,,,,,
G_real_6bba,15750,0.006918540603714064,235.3933650739491,,,,,,,
G_real_6bba,16000,0.004415845159091987,238.3920011590235,,,,,,,
G_real_6bba,16250,0.005042919892584905,242.21047461265698,,,,,,,
G_real_6bba,16500,0.0038770279608434065,246.1370616769418,,,,,,,
G_real_6bba,16750,0.0040607917408342475,250.05037053162232,,,,,,,
G_real_6bba,17000,0.004086727893562056,253.96655082562938,,,,,,,
G_real_6bba,17250,0.04321650347393006,257.87853205995634,,,,,,,
G_real_6bba,17500,0.01599089306499809,261.7947381748818,,,,,,,
G_real_6bba,17750,0.010772146535338834,265.7054590410553,,,,,,,
G_real_6bba,18000,0.0038754835966974496,269.6046718219295,,,,,,,
G_real_6bba,18250,0.002832527172518894,273.1168437707238,,,,,,,
G_real_6bba,18500,0.0030109383017988874,276.84468573564664,,,,,,,
G_real_6bba,18750,0.002087341003702022,280.74058330478147,,,,,,,
G_real_6bba,19000,0.002325904307421297,284.47910673962906,,,,,,,
G_real_6bba,19250,0.0021462149849394334,288.16849349671975,,,,,,,
G_real_6bba,19500,0.0021298003657138904,291.42040407285094,,,,,,,
G_real_6bba,19750,0.0035923560368828476,295.11483457591385,,,,,,,
G_real_6bba,20000,0.03997419584274758,298.71151702897623,,,,,,,
G_real_6bba_seed2,250,1.0368230814933777,3.9703391706570983,,,,,,,
G_real_6bba_seed2,500,0.6548089334964752,7.365140924695879,,,,,,,
G_real_6bba_seed2,750,0.5738970715999603,11.441040558740497,,,,,,,
G_real_6bba_seed2,1000,0.45655358707904814,14.716532885096967,,,,,,,
G_real_6bba_seed2,1250,0.38036203825473786,18.23320820601657,,,,,,,
G_real_6bba_seed2,1500,0.3648194254040718,22.131675916723907,,,,,,,
G_real_6bba_seed2,1750,0.2750029883384705,26.179235466755927,,,,,,,
G_real_6bba_seed2,2000,0.25669543957710267,29.894332580734044,,,,,,,
G_real_6bba_seed2,2250,0.22783978053927423,33.4782935930416,,,,,,,
G_real_6bba_seed2,2500,0.1991452861428261,36.91685299994424,,,,,,,
G_real_6bba_seed2,2750,0.17595980608463288,40.870433665812016,,,,,,,
G_real_6bba_seed2,3000,0.1676773015856743,44.786802782677114,,,,,,,
G_real_6bba_seed2,3250,0.15754878017306329,48.60619443189353,,,,,,,
G_real_6bba_seed2,3500,0.1291778816729784,52.11386835668236,,,,,,,
G_real_6bba_seed2,3750,0.13744063787162303,55.18071444705129,,,,,,,
G_real_6bba_seed2,4000,0.11649980026483536,58.6126408809796,,,,,,,
G_real_6bba_seed2,4250,0.1191113820374012,62.49114780779928,,,,,,,
G_real_6bba_seed2,4500,0.10070924536138773,66.3976036189124,,,,,,,
G_real_6bba_seed2,4750,0.0933842935860157,70.27597155282274,,,,,,,
G_real_6bba_seed2,5000,0.09777114459127188,74.16678968071938,,,,,,,
G_real_6bba_seed2,5250,0.07634870786964894,78.1035279398784,,,,,,,
G_real_6bba_seed2,5500,0.08103998668491841,81.96163628809154,,,,,,,
G_real_6bba_seed2,5750,0.07324716824293137,85.82252925168723,,,,,,,
G_real_6bba_seed2,6000,0.06055329850688577,89.6888643046841,,,,,,,
G_real_6bba_seed2,6250,0.06629243531823158,93.3709609140642,,,,,,,
G_real_6bba_seed2,6500,0.0508265608176589,97.29517615586519,,,,,,,
G_real_6bba_seed2,6750,0.0671697228141129,100.52490296307951,,,,,,,
G_real_6bba_seed2,7000,0.042768310276791455,104.1823672009632,,,,,,,
G_real_6bba_seed2,7250,0.05317349901050329,107.2172115049325,,,,,,,
G_real_6bba_seed2,7500,0.048899620911106466,110.70072856685147,,,,,,,
G_real_6bba_seed2,7750,0.03781247737444937,113.84860008396208,,,,,,,
G_real_6bba_seed2,8000,0.041088031312450764,117.56180204590783,,,,,,,
G_real_6bba_seed2,8250,0.04024507993645966,121.41246380610391,,,,,,,
G_real_6bba_seed2,8500,0.023904928378760813,125.2295637098141,,,,,,,
G_real_6bba_seed2,8750,0.024975980188697577,128.8380726557225,,,,,,,
G_real_6bba_seed2,9000,0.02120544699113816,132.68849399872124,,,,,,,
G_real_6bba_seed2,9250,0.0183845806773752,136.66423982707784,,,,,,,
G_real_6bba_seed2,9500,0.019806267221458257,140.78915800573304,,,,,,,
G_real_6bba_seed2,9750,0.06761927256081253,144.70075698103756,,,,,,,
G_real_6bba_seed2,10000,0.022367778831161558,148.58004728797823,,,,,,,
G_real_6bba_seed2,10250,0.01401247863844037,152.23260209709406,,,,,,,
G_real_6bba_seed2,10500,0.013622832411900163,155.7274338309653,,,,,,,
G_real_6bba_seed2,10750,0.011100038732402027,159.6058541717939,,,,,,,
G_real_6bba_seed2,11000,0.012260952935088425,163.09754537977278,,,,,,,
G_real_6bba_seed2,11250,0.05115001051593572,167.00781964603812,,,,,,,
G_real_6bba_seed2,11500,0.011514219713862985,171.00790884764865,,,,,,,
G_real_6bba_seed2,11750,0.01067855225643143,174.88866083184257,,,,,,,
G_real_6bba_seed2,12000,0.009807163020130247,178.757014432922,,,,,,,
G_real_6bba_seed2,12250,0.009267495349049568,182.61853597173467,,,,,,,
G_real_6bba_seed2,12500,0.0079080612717662,186.4919095686637,,,,,,,
G_real_6bba_seed2,12750,0.037197064627427605,190.36330723389983,,,,,,,
G_real_6bba_seed2,13000,0.029673028667923065,193.976934841834,,,,,,,
G_real_6bba_seed2,13250,0.012051908349385486,197.96449236897752,,,,,,,
G_real_6bba_seed2,13500,0.006555544380331412,201.81377201108262,,,,,,,
G_real_6bba_seed2,13750,0.00558495595282875,205.65959156677127,,,,,,,
G_real_6bba_seed2,14000,0.005733004721347242,209.4977587168105,,,,,,,
G_real_6bba_seed2,14250,0.004648376591852866,213.36543334787712,,,,,,,
G_real_6bba_seed2,14500,0.0045760086994851,217.214508744888,,,,,,,
G_real_6bba_seed2,14750,0.04194838805636391,221.05747495265678,,,,,,,
G_real_6bba_seed2,15000,0.011880245617590844,224.8878358118236,,,,,,,
G_real_6bba_seed2,15250,0.009037047715857624,228.61556909885257,,,,,,,
G_real_6bba_seed2,15500,0.005288422980462201,232.47769180964679,,,,,,,
G_real_6bba_seed2,15750,0.003997882254305296,236.357296010945,,,,,,,
G_real_6bba_seed2,16000,0.0030754255492938683,240.21712489193305,,,,,,,
G_real_6bba_seed2,16250,0.0034226252587977795,244.09318877384067,,,,,,,
G_real_6bba_seed2,16500,0.002766764129395597,247.838061011862,,,,,,,
G_real_6bba_seed2,16750,0.0026049445303506216,251.7119604377076,,,,,,,
G_real_6bba_seed2,17000,0.002140652988979127,255.47746535297483,,,,,,,
G_real_6bba_seed2,17250,0.002176351425005123,259.1914895377122,,,,,,,
G_real_6bba_seed2,17500,0.0018507080725976266,262.586330734659,,,,,,,
G_real_6bba_seed2,17750,0.06789478099354893,266.3923285426572,,,,,,,
G_real_6bba_seed2,18000,0.008074542474467308,269.71622725902125,,,,,,,
G_real_6bba_seed2,18250,0.0029957469593500717,273.4531102296896,,,,,,,
G_real_6bba_seed2,18500,0.003119883521168958,276.6548054087907,,,,,,,
G_real_6bba_seed2,18750,0.0030050810002721848,280.5801049247384,,,,,,,
G_real_6bba_seed2,19000,0.0024741807762766257,283.77756889304146,,,,,,,
G_real_6bba_seed2,19250,0.0017234701830311679,287.570931290742,,,,,,,
G_real_6bba_seed2,19500,0.0015805318081402219,291.35836606565863,,,,,,,
G_real_6bba_seed2,19750,0.013033002347801812,295.2306618350558,,,,,,,
G_real_6bba_seed2,20000,0.020905570906819777,299.1099055488594,,,,,,,
G_synthetic,250,1.1731776361465454,3.9887852598913014,,,,,,,
G_synthetic,500,0.8375003452301025,7.508878979831934,,,,,,,
G_synthetic,750,0.7900770194530488,10.804525647778064,,,,,,,
G_synthetic,1000,0.7697428345680237,14.65583512885496,0.5662898356094956,2048.0,1794.0,99.0,81.0,233.0,0.8181818181818182
G_synthetic,1250,0.6950452501773834,18.499660617671907,,,,,,,
G_synthetic,1500,0.6551116353273392,22.331119949929416,,,,,,,
G_synthetic,1750,0.6176412004232407,26.13497080700472,,,,,,,
G_synthetic,2000,0.6079078532457352,29.971447963733226,0.46363117080181837,2048.0,1861.0,99.0,84.0,166.0,0.8484848484848485
G_synthetic,2250,0.5968420335054397,33.95833947462961,,,,,,,
G_synthetic,2500,0.590591917514801,37.7057741866447,,,,,,,
G_synthetic,2750,0.5794972488880158,41.37392632197589,,,,,,,
G_synthetic,3000,0.5319601669311523,44.779035235755146,0.3590152794495225,2048.0,1890.0,99.0,85.0,137.0,0.8585858585858586
G_synthetic,3250,0.5063940932750702,48.87130977585912,,,,,,,
G_synthetic,3500,0.48630677253007887,52.76621268782765,,,,,,,
G_synthetic,3750,0.4798018854856491,56.547282283660024,,,,,,,
G_synthetic,4000,0.4632203137874603,60.52738430676982,0.3637724397704005,2048.0,1891.0,99.0,87.0,137.0,0.8787878787878788
G_synthetic,4250,0.4624662767648697,64.36136632459238,,,,,,,
G_synthetic,4500,0.46488867926597593,67.72723899269477,,,,,,,
G_synthetic,4750,0.45675430589914323,71.55194684164599,,,,,,,
G_synthetic,5000,0.45186351221799853,75.22461692197248,0.2837200150825083,2048.0,1906.0,99.0,84.0,118.0,0.8484848484848485
G_synthetic,5250,0.43558797442913055,79.07330349087715,,,,,,,
G_synthetic,5500,0.44076750308275225,82.93699771165848,,,,,,,
G_synthetic,5750,0.44064127159118655,86.81103769363835,,,,,,,
G_synthetic,6000,0.4410944995880127,90.72014038963243,0.3009131718426943,2048.0,1895.0,99.0,84.0,132.0,0.8484848484848485
G_synthetic,6250,0.44026099663972856,94.29592827381566,,,,,,,
G_synthetic,6500,0.41692893707752227,98.27618215000257,,,,,,,
G_synthetic,6750,0.4307593412399292,102.23263099091128,,,,,,,
G_synthetic,7000,0.41613986730575564,105.574979565572,0.31242587324231863,2048.0,1900.0,99.0,85.0,125.0,0.8585858585858586
G_synthetic,7250,0.4295964816212654,109.47375164972618,,,,,,,
G_synthetic,7500,0.42928127086162565,113.40672335261479,,,,,,,
G_synthetic,7750,0.4186348820924759,117.2379925637506,,,,,,,
G_synthetic,8000,0.41733064758777616,121.24520639097318,0.28485058853402734,2048.0,1889.0,99.0,84.0,139.0,0.8484848484848485
G_synthetic,8250,0.41185364180803297,125.37338115181774,,,,,,,
G_synthetic,8500,0.41130844163894653,129.4119091439061,,,,,,,
G_synthetic,8750,0.4144765302538872,133.1605798145756,,,,,,,
G_synthetic,9000,0.4126331200003624,136.90789856156334,0.3106706473045051,2048.0,1882.0,99.0,82.0,142.0,0.8282828282828283
G_synthetic,9250,0.4121423382163048,140.79425624664873,,,,,,,
G_synthetic,9500,0.39723598724603654,144.38382955593988,,,,,,,
G_synthetic,9750,0.40734311455488204,147.95460886368528,,,,,,,
G_synthetic,10000,0.40524920922517776,151.33230449678376,0.2708872454240918,2048.0,1885.0,99.0,82.0,140.0,0.8282828282828283
G_synthetic,10250,0.41228247129917145,155.06477955076844,,,,,,,
G_synthetic,10500,0.40137424117326737,158.4093731236644,,,,,,,
G_synthetic,10750,0.4004871048927307,162.35593571467325,,,,,,,
G_synthetic,11000,0.398531477034092,165.95994666172192,0.22346171224489808,2048.0,1931.0,99.0,84.0,93.0,0.8484848484848485
G_synthetic,11250,0.40263848918676376,169.54296159092337,,,,,,,
G_synthetic,11500,0.4062788787484169,172.98864372074604,,,,,,,
G_synthetic,11750,0.3932918179035187,177.11491465196013,,,,,,,
G_synthetic,12000,0.4021309044957161,181.11404870497063,0.2591631058603525,2048.0,1909.0,99.0,81.0,115.0,0.8181818181818182
G_synthetic,12250,0.39482582366466523,184.75619364064187,,,,,,,
G_synthetic,12500,0.39699330532550814,188.4981982158497,,,,,,,
G_synthetic,12750,0.39068082308769225,192.29089693771675,,,,,,,
G_synthetic,13000,0.39364245915412904,196.14973147260025,0.2610614416189492,2048.0,1900.0,99.0,81.0,124.0,0.8181818181818182
G_synthetic,13250,0.39629257076978686,200.10847767069936,,,,,,,
G_synthetic,13500,0.39394955265522,203.96246012160555,,,,,,,
G_synthetic,13750,0.39235192078351977,207.82230999693274,,,,,,,
G_synthetic,14000,0.3909215981960297,211.68662527156994,0.26569179771468043,2048.0,1898.0,99.0,83.0,127.0,0.8383838383838383
G_synthetic,14250,0.37830147314071655,215.52248485386372,,,,,,,
G_synthetic,14500,0.40013365483283997,219.28859811276197,,,,,,,
G_synthetic,14750,0.3900714343190193,223.15119591262192,,,,,,,
G_synthetic,15000,0.3900853422880173,227.02408841997385,0.30985016049817204,2048.0,1886.0,99.0,84.0,139.0,0.8484848484848485
G_synthetic,15250,0.38691090542078016,230.9839089596644,,,,,,,
G_synthetic,15500,0.37715136009454725,234.83527639694512,,,,,,,
G_synthetic,15750,0.38660686552524565,238.69960036175326,,,,,,,
G_synthetic,16000,0.3882175423502922,242.621822132729,0.2667797515168786,2048.0,1893.0,99.0,85.0,133.0,0.8585858585858586
G_synthetic,16250,0.384849536806345,245.80536142457277,,,,,,,
G_synthetic,16500,0.386844404399395,249.33455108385533,,,,,,,
G_synthetic,16750,0.38523074352741243,252.98476840555668,,,,,,,
G_synthetic,17000,0.37481107914447787,256.93454526690766,0.26370392623357475,2048.0,1904.0,99.0,84.0,122.0,0.8484848484848485
G_synthetic,17250,0.375620389521122,260.90862320782617,,,,,,,
G_synthetic,17500,0.38045604127645494,264.7741388878785,,,,,,,
G_synthetic,17750,0.3851107822060585,268.65898696891963,,,,,,,
G_synthetic,18000,0.3824259032011032,272.55139279179275,0.2678756781388074,2048.0,1903.0,99.0,83.0,123.0,0.8383838383838383
G_synthetic,18250,0.3725900931954384,276.50618459889665,,,,,,,
G_synthetic,18500,0.36874566519260404,280.3456891486421,,,,,,,
G_synthetic,18750,0.3717834992110729,284.2485433216207,,,,,,,
G_synthetic,19000,0.37466214525699615,288.13591250870377,0.2523160169366747,2048.0,1906.0,99.0,81.0,118.0,0.8181818181818182
G_synthetic,19250,0.3779176856279373,291.96824035281315,,,,,,,
G_synthetic,19500,0.3652122376561165,295.76569681381807,,,,,,,
G_synthetic,19750,0.3722032004594803,299.6505705267191,,,,,,,
G_synthetic,20000,0.35896080952882764,303.485862120986,0.2509765839204192,2048.0,1909.0,99.0,82.0,115.0,0.8282828282828283
I_C1_44b6,250,0.00684992221435823,6.69417591765523,,,,,,,
I_C1_44b6,500,0.012718383251740305,13.174957390874624,,,,,,,
I_C1_44b6,750,0.007984064393069274,20.980877816677094,,,,,,,
I_C1_44b6,1000,0.007526004223609562,27.97207336779684,,,,,,,
I_C1_44b6,1250,0.007546128173966281,34.83649407187477,,,,,,,
I_C1_44b6,1500,0.005002368437479163,41.058395663741976,,,,,,,
I_C1_44b6,1750,0.00759073979034838,47.71668942691758,,,,,,,
I_C1_44b6,2000,0.0044616632382194436,54.841168680693954,,,,,,,
I_C1_44b6,2250,0.005869398014498074,62.37838571285829,,,,,,,
I_C1_44b6,2500,0.004992422111894484,69.18967657675967,,,,,,,
I_C1_44b6,2750,0.004617461335748885,75.46772349672392,,,,,,,
I_C1_44b6,3000,0.005125076009997428,82.22127324482426,,,,,,,
I_C1_44b6,3250,0.005726265047650486,89.15307463472709,,,,,,,
I_C1_44b6,3500,0.0071411664494626164,95.49090554378927,,,,,,,
I_C1_44b6,3750,0.005483293474337188,102.69763714401051,,,,,,,
I_C1_44b6,4000,0.004020231113996488,109.82359895668924,,,,,,,
I_C1_44b6,4250,0.0031366970059239067,117.59373173397034,,,,,,,
I_C1_44b6,4500,0.0036220598811341916,124.5317728286609,,,,,,,
I_C1_44b6,4750,0.004030929139442606,132.30095900781453,,,,,,,
I_C1_44b6,5000,0.004280137273933178,140.06910174479708,,,,,,,
I_C1_44b6,5250,0.002727915877771011,147.2527508228086,,,,,,,
I_C1_44b6,5500,0.005477789165554441,154.83512468868867,,,,,,,
I_C1_44b6,5750,0.0025256756450771716,162.4510796717368,,,,,,,
I_C1_44b6,6000,0.0032890263994561336,170.05132539058104,,,,,,,
I_C1_44b6,6250,0.005835968795679946,177.6044600326568,,,,,,,
I_C1_44b6,6500,0.004185031432592041,185.1609856695868,,,,,,,
I_C1_44b6,6750,0.0031963409267400495,192.39536708965898,,,,,,,
I_C1_44b6,7000,0.003453862461807148,199.14513255888596,,,,,,,
I_C1_44b6,7250,0.0032017708996881994,206.14867487363517,,,,,,,
I_C1_44b6,7500,0.0038238340156567575,213.84272529464215,,,,,,,
I_C1_44b6,7750,0.002841181381439583,219.83205459685996,,,,,,,
I_C1_44b6,8000,0.004694608752181011,227.41791140381247,,,,,,,
I_C1_6bba,250,0.022312821040512062,7.211381860077381,,,,,,,
I_C1_6bba,500,0.02156654984247871,13.94452730519697,,,,,,,
I_C1_6bba,750,0.018107838439755143,21.34919757116586,,,,,,,
I_C1_6bba,1000,0.016728090551681816,28.706015318166465,,,,,,,
I_C1_6bba,1250,0.020240324441809208,36.352974876295775,,,,,,,
I_C1_6bba,1500,0.016192009842721747,44.15748889744282,,,,,,,
I_C1_6bba,1750,0.016262561257812193,50.298132656142116,,,,,,,
I_C1_6bba,2000,0.015822118252515793,57.650753097143024,,,,,,,
I_C1_6bba,2250,0.02343062847200781,64.89392523327842,,,,,,,
I_C1_6bba,2500,0.017729219655971976,72.18367675738409,,,,,,,
I_C1_6bba,2750,0.016503699011169375,79.47043996816501,,,,,,,
I_C1_6bba,3000,0.019029020902700724,86.81303794123232,,,,,,,
I_C1_6bba,3250,0.014386980965500697,93.81691305013373,,,,,,,
I_C1_6bba,3500,0.017504889927105978,101.23076677042991,,,,,,,
I_C1_6bba,3750,0.015641950519755483,108.33491890644655,,,,,,,
I_C1_6bba,4000,0.012848175152437762,115.92687458125874,,,,,,,
I_C1_6bba,4250,0.0160495883153053,123.78341554617509,,,,,,,
I_C1_6bba,4500,0.017060863795340993,130.78877028729767,,,,,,,
I_C1_6bba,4750,0.019643985339731444,137.59309799503535,,,,,,,
I_C1_6bba,5000,0.018801832140190527,143.0690145343542,,,,,,,
I_C1_6bba,5250,0.015699884837609715,149.62712251907215,,,,,,,
I_C1_6bba,5500,0.015470705466112122,156.72597495839,,,,,,,
I_C1_6bba,5750,0.012019943658495322,163.15114316903055,,,,,,,
I_C1_6bba,6000,0.01673028207884636,170.41066018817946,,,,,,,
I_C1_6bba,6250,0.012268150587915442,177.40431438712403,,,,,,,
I_C1_6bba,6500,0.012986487945192493,183.67528845136985,,,,,,,
I_C1_6bba,6750,0.013986791040806565,191.0362883619964,,,,,,,
I_C1_6bba,7000,0.01908245064294897,198.2369469651021,,,,,,,
I_C1_6bba,7250,0.016413614054443314,205.0331970420666,,,,,,,
I_C1_6bba,7500,0.013603235219838097,211.89534991327673,,,,,,,
I_C1_6bba,7750,0.014097075669793412,219.32493133703247,,,,,,,
I_C1_6bba,8000,0.011769242583191954,226.88732901215553,,,,,,,
I_C1_seed2_44b6,250,0.007677644987506937,5.576628339011222,,,,,,,
I_C1_seed2_44b6,500,0.005993920737480039,10.986785907298326,,,,,,,
I_C1_seed2_44b6,750,0.0062841837156984185,18.390580127947032,,,,,,,
I_C1_seed2_44b6,1000,0.008690577559144003,25.174715388100594,,,,,,,
I_C1_seed2_44b6,1250,0.006056529849258368,32.755466212984174,,,,,,,
I_C1_seed2_44b6,1500,0.0072950136950821615,40.131587768904865,,,,,,,
I_C1_seed2_44b6,1750,0.005133726735637538,47.395688326098025,,,,,,,
I_C1_seed2_44b6,2000,0.006889762677026738,54.615571417845786,,,,,,,
I_C1_seed2_44b6,2250,0.004303469847873203,61.042679971084,,,,,,,
I_C1_seed2_44b6,2500,0.003825816396414666,68.3515448202379,,,,,,,
I_C1_seed2_44b6,2750,0.008405906557967682,75.38107153726742,,,,,,,
I_C1_seed2_44b6,3000,0.006385918852314717,82.89423744007945,,,,,,,
I_C1_seed2_44b6,3250,0.002823097833520478,90.12289563892409,,,,,,,
I_C1_seed2_44b6,3500,0.002993357758153252,96.31795966392383,,,,,,,
I_C1_seed2_44b6,3750,0.00576654876363591,103.92956380499527,,,,,,,
I_C1_seed2_44b6,4000,0.0046063384697372384,111.630603635218,,,,,,,
I_C1_seed2_44b6,4250,0.0033836055542324174,119.26670917589217,,,,,,,
I_C1_seed2_44b6,4500,0.004166488194442991,126.08738553291187,,,,,,,
I_C1_seed2_44b6,4750,0.009715662453070763,133.73200691025704,,,,,,,
I_C1_seed2_44b6,5000,0.0023528219601626006,140.90629818709567,,,,,,,
I_C1_seed2_44b6,5250,0.00538775232736225,148.44019121024758,,,,,,,
I_C1_seed2_44b6,5500,0.002363202475572507,154.89102783892304,,,,,,,
I_C1_seed2_44b6,5750,0.0022050299620996155,160.77033889014274,,,,,,,
I_C1_seed2_44b6,6000,0.003572155558877057,168.12588659813628,,,,,,,
I_C1_seed2_44b6,6250,0.003325592801955622,173.95508762914687,,,,,,,
I_C1_seed2_44b6,6500,0.004576109885665574,180.99100812990218,,,,,,,
I_C1_seed2_44b6,6750,0.004364983530749214,187.97984869917855,,,,,,,
I_C1_seed2_44b6,7000,0.0016323792401699393,194.6419907999225,,,,,,,
I_C1_seed2_44b6,7250,0.003370720398074013,202.03061797702685,,,,,,,
I_C1_seed2_44b6,7500,0.0035351397132801594,209.4258280089125,,,,,,,
I_C1_seed2_44b6,7750,0.003355146186215279,216.5931330230087,,,,,,,
I_C1_seed2_44b6,8000,0.0028358459656483317,224.07573502603918,,,,,,,
I_C1_seed2_6bba,250,0.02088135867542587,6.554518767166883,,,,,,,
I_C1_seed2_6bba,500,0.019188015423249452,13.245126523077488,,,,,,,
I_C1_seed2_6bba,750,0.023955930032767355,20.877165380399674,,,,,,,
I_C1_seed2_6bba,1000,0.019923039485234766,28.32204195810482,,,,,,,
I_C1_seed2_6bba,1250,0.018842781867831945,35.053981523029506,,,,,,,
I_C1_seed2_6bba,1500,0.01874781173793599,40.95917859999463,,,,,,,
I_C1_seed2_6bba,1750,0.02260841526510194,45.99629122810438,,,,,,,
I_C1_seed2_6bba,2000,0.024808870317414404,53.509247119072825,,,,,,,
I_C1_seed2_6bba,2250,0.021154856882058082,60.61547980317846,,,,,,,
I_C1_seed2_6bba,2500,0.019377845780923962,67.97650799807161,,,,,,,
I_C1_seed2_6bba,2750,0.025346832003677263,74.85591644141823,,,,,,,
I_C1_seed2_6bba,3000,0.013695097998017445,81.62948982603848,,,,,,,
I_C1_seed2_6bba,3250,0.01781884240335785,88.27091055503115,,,,,,,
I_C1_seed2_6bba,3500,0.019811233806656673,95.79627402825281,,,,,,,
I_C1_seed2_6bba,3750,0.013887067357776686,103.41862266417593,,,,,,,
I_C1_seed2_6bba,4000,0.016221406839205883,110.76119369827211,,,,,,,
I_C1_seed2_6bba,4250,0.023707938130479306,118.42663193214685,,,,,,,
I_C1_seed2_6bba,4500,0.018405272055882962,126.04205801105127,,,,,,,
I_C1_seed2_6bba,4750,0.020253279696800745,133.64882563520223,,,,,,,
I_C1_seed2_6bba,5000,0.028135299421846865,140.34992083115503,,,,,,,
I_C1_seed2_6bba,5250,0.013308149276650512,147.16057105408981,,,,,,,
I_C1_seed2_6bba,5500,0.01454840759281069,154.81521105999127,,,,,,,
I_C1_seed2_6bba,5750,0.017252601159270853,161.8106232304126,,,,,,,
I_C1_seed2_6bba,6000,0.017051291550975293,169.24137283302844,,,,,,,
I_C1_seed2_6bba,6250,0.014983015372417868,175.91673207702115,,,,,,,
I_C1_seed2_6bba,6500,0.01834652004064992,182.44834502832964,,,,,,,
I_C1_seed2_6bba,6750,0.01834255541593302,189.64078256906942,,,,,,,
I_C1_seed2_6bba,7000,0.01565631393750664,197.10718626435846,,,,,,,
I_C1_seed2_6bba,7250,0.01649874140555039,204.1211751983501,,,,,,,
I_C1_seed2_6bba,7500,0.017751166995847598,210.44612082419917,,,,,,,
I_C1_seed2_6bba,7750,0.012718044809880667,218.0211798301898,,,,,,,
I_C1_seed2_6bba,8000,0.017344146388641093,224.59033051831648,,,,,,,
I_C1short_44b6,250,1.9299836025238037,6.964610293973237,,,,,,,
I_C1short_44b6,500,1.7821162786483764,13.159934516064823,,,,,,,
I_C1short_44b6,750,1.4358693501949311,19.610034890007228,,,,,,,
I_C1short_44b6,1000,0.9897732872962952,25.772041900083423,,,,,,,
I_C1short_44b6,1250,0.8213743155002594,31.641778056975454,,,,,,,
I_C1short_44b6,1500,0.7115012718439102,38.86174101801589,,,,,,,
I_C1short_44b6,1750,0.6306419812440872,46.53608284983784,,,,,,,
I_C1short_44b6,2000,0.5938579726219178,53.589707819744945,,,,,,,
I_C1short_44b6,2250,0.555366281747818,59.26939715864137,,,,,,,
I_C1short_44b6,2500,0.5074290220737457,65.63495878083631,,,,,,,
I_C1short_44b6,2750,0.5173327016830445,72.72431650804356,,,,,,,
I_C1short_44b6,3000,0.44818162524700167,79.68528459081426,,,,,,,
I_C1short_44b6,3250,0.45419083297252655,85.90874984906986,,,,,,,
I_C1short_44b6,3500,0.44861361062526706,93.05038790171966,,,,,,,
I_C1short_44b6,3750,0.4140560040473938,99.83021722501144,,,,,,,
I_C1short_44b6,4000,0.3990071337223053,106.37736369809136,,,,,,,
I_C1short_44b6,4250,0.34588065630197523,113.82547903480008,,,,,,,
I_C1short_44b6,4500,0.36372451823949814,120.30928835971281,,,,,,,
I_C1short_44b6,4750,0.45404481357336046,127.70036228606477,,,,,,,
I_C1short_44b6,5000,0.38406146067380903,135.32817844906822,,,,,,,
I_C1short_44b6,5250,0.327342785358429,142.50757898390293,,,,,,,
I_C1short_44b6,5500,0.29076229298114775,149.83693512668833,,,,,,,
I_C1short_44b6,5750,0.32517021358013154,157.03950933087617,,,,,,,
I_C1short_44b6,6000,0.2916237656474113,164.52798981964588,,,,,,,
I_C1short_44b6,6250,0.28157517167925833,171.82414693385363,,,,,,,
I_C1short_44b6,6500,0.2989370983839035,178.9465016280301,,,,,,,
I_C1short_44b6,6750,0.2744640336036682,186.05086061591282,,,,,,,
I_C1short_44b6,7000,0.2597596054971218,193.2801556470804,,,,,,,
I_C1short_44b6,7250,0.2654113922417164,200.58473976608366,,,,,,,
I_C1short_44b6,7500,0.25001474180817607,207.59019138291478,,,,,,,
I_C1short_44b6,7750,0.27721227991580966,214.67100718291476,,,,,,,
I_C1short_44b6,8000,0.24634437492489814,222.15950443875045,,,,,,,
I_C1short_6bba,250,1.9302288837432862,6.845610131043941,,,,,,,
I_C1short_6bba,500,1.766579248905182,12.877511307131499,,,,,,,
I_C1short_6bba,750,1.6848306932449342,20.30635863635689,,,,,,,
I_C1short_6bba,1000,1.6170022988319397,27.431750345043838,,,,,,,
I_C1short_6bba,1250,1.5679582104682923,34.708576364442706,,,,,,,
I_C1short_6bba,1500,1.5232476358413696,41.92040221206844,,,,,,,
I_C1short_6bba,1750,1.4787634191513062,49.33824506215751,,,,,,,
I_C1short_6bba,2000,1.4436452565193176,56.818222334142774,,,,,,,
I_C1short_6bba,2250,1.4110456092357635,64.21262253122404,,,,,,,
I_C1short_6bba,2500,1.373589013814926,71.65040934504941,,,,,,,
I_C1short_6bba,2750,1.3275162267684937,79.30492444103584,,,,,,,
I_C1short_6bba,3000,1.2679387695789337,85.3606495410204,,,,,,,
I_C1short_6bba,3250,1.2074249775409698,92.86390065122396,,,,,,,
I_C1short_6bba,3500,1.1563092577457428,100.12810545228422,,,,,,,
I_C1short_6bba,3750,1.0966778328418731,107.60692410403863,,,,,,,
I_C1short_6bba,4000,1.0307252962589264,114.96493412414566,,,,,,,
I_C1short_6bba,4250,0.9939909765720367,122.19393189903349,,,,,,,
I_C1short_6bba,4500,0.9643564212322235,129.52108428720385,,,,,,,
I_C1short_6bba,4750,0.9353984711170197,137.15872298926115,,,,,,,
I_C1short_6bba,5000,0.9131724634170533,144.9101987774484,,,,,,,
I_C1short_6bba,5250,0.8733113687038422,152.40646395320073,,,,,,,
I_C1short_6bba,5500,0.8631637864112854,159.8563362872228,,,,,,,
I_C1short_6bba,5750,0.8586247584819794,167.3603014391847,,,,,,,
I_C1short_6bba,6000,0.8644153813123703,174.87127293040976,,,,,,,
I_C1short_6bba,6250,0.8104291030168533,182.32368079712614,,,,,,,
I_C1short_6bba,6500,0.8477389636039734,189.78629113920033,,,,,,,
I_C1short_6bba,6750,0.7953502024412156,197.2799863703549,,,,,,,
I_C1short_6bba,7000,0.7641039731502532,204.73469393327832,,,,,,,
I_C1short_6bba,7250,0.7580486788749695,212.1476665204391,,,,,,,
I_C1short_6bba,7500,0.7229994993209838,219.57083922903985,,,,,,,
I_C1short_6bba,7750,0.7314278740882874,226.2729139351286,,,,,,,
I_C1short_6bba,8000,0.7294797023534775,233.49257472716272,,,,,,,
I_C2_44b6,250,0.6963496496677398,6.8593071843497455,,,,,,,
I_C2_44b6,500,0.38072309482097627,13.177834562025964,,,,,,,
I_C2_44b6,750,0.32479110920429227,19.788302103988826,,,,,,,
I_C2_44b6,1000,0.28227118277549745,26.991745077073574,0.39389915857464075,2048.0,1930.0,99.0,79.0,89.0,0.797979797979798
I_C2_44b6,1250,0.25971868497133255,34.193108967039734,,,,,,,
I_C2_44b6,1500,0.27340071310102937,40.89902416197583,,,,,,,
I_C2_44b6,1750,0.25292932070791724,48.11116740619764,,,,,,,
I_C2_44b6,2000,0.23873579371720552,55.153431178070605,0.40292678243713453,2048.0,1891.0,99.0,76.0,130.0,0.7676767676767676
I_C2_44b6,2250,0.2330558669269085,61.9268679022789,,,,,,,
I_C2_44b6,2500,0.20496882396936417,69.11478922795504,,,,,,,
I_C2_44b6,2750,0.21418242651969194,76.070737473201,,,,,,,
I_C2_44b6,3000,0.21327471514046192,83.4993485212326,0.5777339268825017,2048.0,1772.0,99.0,76.0,251.0,0.7676767676767676
I_C2_44b6,3250,0.22410376638919116,91.27970989327878,,,,,,,
I_C2_44b6,3500,0.20597756806015968,98.49312932929024,,,,,,,
I_C2_44b6,3750,0.20391751689463855,105.76120052533224,,,,,,,
I_C2_44b6,4000,0.21546922227740287,112.95335361594334,0.7621305976063013,2048.0,1674.0,99.0,83.0,353.0,0.8383838383838383
I_C2_44b6,4250,0.20550114881247283,120.80190341826528,,,,,,,
I_C2_44b6,4500,0.21418061171472072,127.76300702616572,,,,,,,
I_C2_44b6,4750,0.20052022451162338,134.83611146826297,,,,,,,
I_C2_44b6,5000,0.19376095256209375,140.76306617818773,0.4738805213710293,2048.0,1841.0,99.0,84.0,183.0,0.8484848484848485
I_C2_44b6,5250,0.20253466695547104,148.33227133611217,,,,,,,
I_C2_44b6,5500,0.19290708531439305,155.61681843502447,,,,,,,
I_C2_44b6,5750,0.19004641346633433,162.73378661414608,,,,,,,
I_C2_44b6,6000,0.18711155897378923,170.02884811814874,0.34037681482732296,2048.0,1921.0,99.0,70.0,93.0,0.7070707070707071
I_C2_44b6,6250,0.18853772651404144,177.69577393913642,,,,,,,
I_C2_44b6,6500,0.18117406169325112,184.57089274236932,,,,,,,
I_C2_44b6,6750,0.20336309629678725,191.73467016033828,,,,,,,
I_C2_44b6,7000,0.19184427078813315,198.8294159541838,0.5253444253467023,2048.0,1826.0,99.0,86.0,200.0,0.8686868686868687
I_C2_44b6,7250,0.19936245465278626,206.6065297233872,,,,,,,
I_C2_44b6,7500,0.1741348876953125,212.74214491713792,,,,,,,
I_C2_44b6,7750,0.1877667345032096,219.99616464599967,,,,,,,
I_C2_44b6,8000,0.18197981268912553,226.97377325035632,0.4126066094613634,2048.0,1872.0,99.0,82.0,152.0,0.8282828282828283
I_C2_6bba,250,0.9595663779973984,6.531406620051712,,,,,,,
I_C2_6bba,500,0.5383989211916923,12.684622459113598,,,,,,,
I_C2_6bba,750,0.44291669702529907,19.67179695609957,,,,,,,
I_C2_6bba,1000,0.38079345619678495,26.753831271082163,0.4405464007286355,2048.0,1896.0,99.0,80.0,125.0,0.8080808080808081
I_C2_6bba,1250,0.3646792203783989,34.13036851072684,,,,,,,
I_C2_6bba,1500,0.3557994742691517,41.29211523011327,,,,,,,
I_C2_6bba,1750,0.32356259882450106,47.07808616198599,,,,,,,
I_C2_6bba,2000,0.3292022347152233,54.28083108784631,0.6448330350685865,2048.0,1806.0,99.0,83.0,221.0,0.8383838383838383
I_C2_6bba,2250,0.3407448402941227,62.2222967017442,,,,,,,
I_C2_6bba,2500,0.2936847458779812,68.14106588577852,,,,,,,
I_C2_6bba,2750,0.28765656891465186,74.46798020973802,,,,,,,
I_C2_6bba,3000,0.2929806195497513,80.02995168277994,0.5456823189742863,2048.0,1808.0,99.0,79.0,216.0,0.797979797979798
I_C2_6bba,3250,0.28641831697523595,87.62027218891308,,,,,,,
I_C2_6bba,3500,0.26898827201128006,94.8705213200301,,,,,,,
I_C2_6bba,3750,0.2652595300078392,100.94150301069021,,,,,,,
I_C2_6bba,4000,0.26717382930219175,107.75070071173832,0.6083139077527449,2048.0,1770.0,99.0,82.0,257.0,0.8282828282828283
I_C2_6bba,4250,0.26176632079482076,114.6592542170547,,,,,,,
I_C2_6bba,4500,0.27518754595518113,120.49388977093622,,,,,,,
I_C2_6bba,4750,0.2663148995190859,127.89754187408835,,,,,,,
I_C2_6bba,5000,0.2534636466056108,134.9060463886708,0.4353566975914873,2048.0,1876.0,99.0,77.0,145.0,0.7777777777777778
I_C2_6bba,5250,0.2582095350474119,141.0957588488236,,,,,,,
I_C2_6bba,5500,0.23762800697982311,148.37910170806572,,,,,,,
I_C2_6bba,5750,0.22594350065290927,155.63543917099014,,,,,,,
I_C2_6bba,6000,0.23536925879120826,162.32203071005642,0.3509443666553125,2048.0,1937.0,99.0,75.0,80.0,0.7575757575757576
I_C2_6bba,6250,0.22273272355645896,169.77314275503159,,,,,,,
I_C2_6bba,6500,0.21381271906197072,177.0146275977604,,,,,,,
I_C2_6bba,6750,0.24428780332952738,184.2673131339252,,,,,,,
I_C2_6bba,7000,0.2331731996834278,191.1960166268982,0.5015153061249293,2048.0,1857.0,99.0,83.0,169.0,0.8383838383838383
I_C2_6bba,7250,0.2457030844092369,198.65053261769935,,,,,,,
I_C2_6bba,7500,0.20932010830938816,205.0282993130386,,,,,,,
I_C2_6bba,7750,0.2225392228513956,211.78133649379015,,,,,,,
I_C2_6bba,8000,0.21353726787865163,218.74247277667746,0.37812761386157945,2048.0,1886.0,99.0,77.0,134.0,0.7777777777777778
I_C3_44b6,250,0.00684992221435823,6.100647463928908,,,,,,,
I_C3_44b6,500,0.012718383251740305,12.351756368763745,,,,,,,
I_C3_44b6,750,0.007983855558311916,19.501104643102735,,,,,,,
I_C3_44b6,1000,0.009543921329333897,26.053057389799505,,,,,,,
I_C3_44b6,1250,0.006485868333256804,33.58537119394168,,,,,,,
I_C3_44b6,1500,0.006973883841725183,40.8457686919719,,,,,,,
I_C3_44b6,1750,0.009549282659130312,47.53469202294946,,,,,,,
I_C3_44b6,2000,0.004691821840879129,54.539920202922076,,,,,,,
I_C3_44b6,2250,0.006802856176447676,61.85145729314536,,,,,,,
I_C3_44b6,2500,0.004096942999956809,68.69811758212745,,,,,,,
I_C3_44b6,2750,0.005924045924179154,76.22283320315182,,,,,,,
I_C3_44b6,3000,0.005611535781597923,83.54464209778234,,,,,,,
I_C3_44b6,3250,0.005037392207075754,91.09950944175944,,,,,,,
I_C3_44b6,3500,0.0036215906821812495,98.19363772170618,,,,,,,
I_C3_44b6,3750,0.0054698280886268545,105.69395759981126,,,,,,,
I_C3_44b6,4000,0.004123284902438172,113.02092718007043,,,,,,,
I_C3_44b6,4250,0.0037818632369180706,120.24540267977864,,,,,,,
I_C3_44b6,4500,0.004502655487207448,126.77260059583932,,,,,,,
I_C3_44b6,4750,0.002618019732140965,133.1849639909342,,,,,,,
I_C3_44b6,5000,0.004054739544146969,139.62284114584327,,,,,,,
I_C3_44b6,5250,0.004259894806684315,146.20640780497342,,,,,,,
I_C3_44b6,5500,0.003954278022184099,153.65726179582998,,,,,,,
I_C3_44b6,5750,0.0026572557731560664,161.3046714430675,,,,,,,
I_C3_44b6,6000,0.002311788603700734,168.92522683087736,,,,,,,
I_C3_44b6,6250,0.003560653646874698,176.33420919673517,,,,,,,
I_C3_44b6,6500,0.0034555417348747144,183.59428674075752,,,,,,,
I_C3_44b6,6750,0.0039461690499523455,191.10464603314176,,,,,,,
I_C3_44b6,7000,0.0027280654168935145,198.27616345882416,,,,,,,
I_C3_44b6,7250,0.0030924926064367355,205.5591518417932,,,,,,,
I_C3_44b6,7500,0.005257005425351053,212.72245029592887,,,,,,,
I_C3_44b6,7750,0.003625313143362291,220.16881843097508,,,,,,,
I_C3_44b6,8000,0.0026169202220012264,227.45026155700907,,,,,,,
I_C3_6bba,250,0.022312821040512062,7.128582069650292,,,,,,,
I_C3_6bba,500,0.02156654984247871,13.187514121644199,,,,,,,
I_C3_6bba,750,0.018108102740254255,19.66051596775651,,,,,,,
I_C3_6bba,1000,0.01672814491018653,27.187778100837022,,,,,,,
I_C3_6bba,1250,0.020197379005374386,34.42551655555144,,,,,,,
I_C3_6bba,1500,0.016433850212488322,41.61537233600393,,,,,,,
I_C3_6bba,1750,0.015556288463063539,48.180155417881906,,,,,,,
I_C3_6bba,2000,0.015944805321865714,55.54946082085371,,,,,,,
I_C3_6bba,2250,0.022942149201175197,62.683400097768754,,,,,,,
I_C3_6bba,2500,0.019744557976257057,69.42501977365464,,,,,,,
I_C3_6bba,2750,0.015445214398088864,77.0950342649594,,,,,,,
I_C3_6bba,3000,0.019685913152294232,84.32709395885468,,,,,,,
I_C3_6bba,3250,0.013824162287637592,91.34517581481487,,,,,,,
I_C3_6bba,3500,0.022570851426105945,98.23951731668785,,,,,,,
I_C3_6bba,3750,0.015626363134011625,105.4682701639831,,,,,,,
I_C3_6bba,4000,0.01443866845034063,112.503991400823,,,,,,,
I_C3_6bba,4250,0.014330744780483656,119.87099103070796,,,,,,,
I_C3_6bba,4500,0.016440203239559196,127.1241736705415,,,,,,,
I_C3_6bba,4750,0.016719998006825335,134.51614685961977,,,,,,,
I_C3_6bba,5000,0.01835267180809751,142.01266298163682,,,,,,,
I_C3_6bba,5250,0.01776839606021531,147.89219871768728,,,,,,,
I_C3_6bba,5500,0.014459281911840663,154.93682580580935,,,,,,,
I_C3_6bba,5750,0.01289756465726532,161.82580167567357,,,,,,,
I_C3_6bba,6000,0.014947890594601632,167.8349252366461,,,,,,,
I_C3_6bba,6250,0.011562275290081744,174.60923451092094,,,,,,,
I_C3_6bba,6500,0.017663458522059954,181.83989542955533,,,,,,,
I_C3_6bba,6750,0.013771768088801765,189.47602272359654,,,,,,,
I_C3_6bba,7000,0.01653384170611389,196.6047544288449,,,,,,,
I_C3_6bba,7250,0.017987451431923547,204.19573028665036,,,,,,,
I_C3_6bba,7500,0.01388181033800356,211.62391566392034,,,,,,,
I_C3_6bba,7750,0.014164496052777394,219.1655407738872,,,,,,,
I_C3_6bba,8000,0.012621868766844273,226.10652065556496,,,,,,,
I_C4_44b6,250,0.6963496496677398,6.684281948022544,,,,,,,
I_C4_44b6,500,0.38072309482097627,12.713236877229065,,,,,,,
I_C4_44b6,750,0.32478931871056554,20.02737045614049,,,,,,,
I_C4_44b6,1000,0.28227393232285974,27.461168744135648,0.39358944864943624,2048.0,1930.0,99.0,79.0,89.0,0.797979797979798
I_C4_44b6,1250,0.2596554209589958,33.919297800865024,,,,,,,
I_C4_44b6,1500,0.27350485634803773,41.11017721099779,,,,,,,
I_C4_44b6,1750,0.2531275106817484,48.146576744969934,,,,,,,
I_C4_44b6,2000,0.23869244822859764,55.30459852004424,0.4006664315238595,2048.0,1895.0,99.0,76.0,126.0,0.7676767676767676
I_C4_44b6,2250,0.23299266028404236,62.758689834270626,,,,,,,
I_C4_44b6,2500,0.20495474737137556,70.29872363898903,,,,,,,
I_C4_44b6,2750,0.21443924170732498,77.56199044827372,,,,,,,
I_C4_44b6,3000,0.2133314054608345,84.97751518525183,0.5725161868613213,2048.0,1779.0,99.0,76.0,244.0,0.7676767676767676
I_C4_44b6,3250,0.22375026880204676,92.4634382580407,,,,,,,
I_C4_44b6,3500,0.206261254273355,99.62412027595565,,,,,,,
I_C4_44b6,3750,0.2032973607927561,106.64079080382362,,,,,,,
I_C4_44b6,4000,0.21566695338487626,113.57695675222203,0.7650450689252466,2048.0,1673.0,99.0,83.0,354.0,0.8383838383838383
I_C4_44b6,4250,0.2052375866174698,121.24861100781709,,,,,,,
I_C4_44b6,4500,0.21342496474087239,128.21713513787836,,,,,,,
I_C4_44b6,4750,0.2005973093211651,134.5986117888242,,,,,,,
I_C4_44b6,5000,0.19324161546677351,141.66938117984682,0.47410838841460645,2048.0,1846.0,99.0,84.0,178.0,0.8484848484848485
I_C4_44b6,5250,0.20279345016926528,148.97963213408366,,,,,,,
I_C4_44b6,5500,0.19285249111428857,155.13225831184536,,,,,,,
I_C4_44b6,5750,0.19006952435150742,160.20409477502108,,,,,,,
I_C4_44b6,6000,0.18749219108372928,166.12423341488466,0.3322685684543103,2048.0,1924.0,99.0,70.0,89.0,0.7070707070707071
I_C4_44b6,6250,0.1887826619297266,172.49912353418767,,,,,,,
I_C4_44b6,6500,0.18095957522839307,179.85469747101888,,,,,,,
I_C4_44b6,6750,0.203181207947433,187.25168677791953,,,,,,,
I_C4_44b6,7000,0.19180832982063292,194.08541066292673,0.5276861059246585,2048.0,1824.0,99.0,86.0,202.0,0.8686868686868687
I_C4_44b6,7250,0.19885592864453794,200.97351527912542,,,,,,,
I_C4_44b6,7500,0.17349459829181432,207.11734750587493,,,,,,,
I_C4_44b6,7750,0.18771020259708165,214.154641054105,,,,,,,
I_C4_44b6,8000,0.18268755478411913,221.4427302358672,0.40618318470660597,2048.0,1872.0,99.0,81.0,152.0,0.8181818181818182
I_C4_6bba,250,0.9595663779973984,6.251082274131477,,,,,,,
I_C4_6bba,500,0.5383989211916923,12.882807143963873,,,,,,,
I_C4_6bba,750,0.44291602593660356,18.76500762300566,,,,,,,
I_C4_6bba,1000,0.38077771908044816,25.78004341898486,0.44063513865694404,2048.0,1896.0,99.0,80.0,125.0,0.8080808080808081
I_C4_6bba,1250,0.36470642033219336,32.85178188839927,,,,,,,
I_C4_6bba,1500,0.3557789969742298,40.13904188293964,,,,,,,
I_C4_6bba,1750,0.3233370347619057,46.70331048499793,,,,,,,
I_C4_6bba,2000,0.3288454384505749,53.55343772517517,0.642111134249717,2048.0,1811.0,99.0,84.0,216.0,0.8484848484848485
I_C4_6bba,2250,0.3414478572010994,60.90637076739222,,,,,,,
I_C4_6bba,2500,0.29439405995607376,68.13779705297202,,,,,,,
I_C4_6bba,2750,0.2876139604151249,73.98168813623488,,,,,,,
I_C4_6bba,3000,0.2932368311434984,80.7663913643919,0.5462596967117861,2048.0,1810.0,99.0,79.0,214.0,0.797979797979798
I_C4_6bba,3250,0.28630005514621737,86.83191503118724,,,,,,,
I_C4_6bba,3500,0.2698206927478313,93.57903322437778,,,,,,,
I_C4_6bba,3750,0.26506755529344084,99.9165878649801,,,,,,,
I_C4_6bba,4000,0.2659103253185749,105.33132717339322,0.6104812455596402,2048.0,1764.0,99.0,82.0,263.0,0.8282828282828283
I_C4_6bba,4250,0.2610828137397766,112.58248443901539,,,,,,,
I_C4_6bba,4500,0.2764855665117502,119.66310860402882,,,,,,,
I_C4_6bba,4750,0.2662280380576849,126.87756530521438,,,,,,,
I_C4_6bba,5000,0.2512040223032236,134.16331456135958,0.4363175146863796,2048.0,1872.0,99.0,77.0,149.0,0.7777777777777778
I_C4_6bba,5250,0.25818974228203295,141.33949701301754,,,,,,,
I_C4_6bba,5500,0.23719884042441844,147.387061198242,,,,,,,
I_C4_6bba,5750,0.22489037987589836,154.27191565325484,,,,,,,
I_C4_6bba,6000,0.2344670609086752,161.57781617436558,0.34739854402141646,2048.0,1940.0,99.0,76.0,78.0,0.7676767676767676
I_C4_6bba,6250,0.2223998334556818,168.86263829795644,,,,,,,
I_C4_6bba,6500,0.21411686109006406,175.36672820616513,,,,,,,
I_C4_6bba,6750,0.24418887312710286,182.0714509342797,,,,,,,
I_C4_6bba,7000,0.23350440841168166,189.1219570231624,0.494846023269929,2048.0,1860.0,99.0,83.0,166.0,0.8383838383838383
I_C4_6bba,7250,0.24279142121970654,196.24705286836252,,,,,,,
I_C4_6bba,7500,0.2116663376837969,203.11144738830626,,,,,,,
I_C4_6bba,7750,0.22745087218284607,210.23609326407313,,,,,,,
I_C4_6bba,8000,0.212894763186574,216.68763205735013,0.3799286822322756,2048.0,1885.0,99.0,79.0,135.0,0.797979797979798
I_C4_seed2_44b6,250,0.5961964945793152,6.28963798424229,,,,,,,
I_C4_seed2_44b6,500,0.33248259109258654,12.157303983345628,,,,,,,
I_C4_seed2_44b6,750,0.2944217180013657,19.55529095698148,,,,,,,
I_C4_seed2_44b6,1000,0.26570374612510206,26.889595044311136,0.4258487122133374,2048.0,1890.0,99.0,75.0,129.0,0.7575757575757576
I_C4_seed2_44b6,1250,0.26242012155056,34.70186022622511,,,,,,,
I_C4_seed2_44b6,1500,0.24840741148591042,40.64356837840751,,,,,,,
I_C4_seed2_44b6,1750,0.23307413697242738,47.865214696154,,,,,,,
I_C4_seed2_44b6,2000,0.2006024120002985,55.268942694179714,0.4713083007372916,2048.0,1871.0,99.0,79.0,153.0,0.797979797979798
I_C4_seed2_44b6,2250,0.22915369838476182,63.16927531501278,,,,,,,
I_C4_seed2_44b6,2500,0.22332952593266964,69.92917278409004,,,,,,,
I_C4_seed2_44b6,2750,0.21452927187085152,76.25674995034933,,,,,,,
I_C4_seed2_44b6,3000,0.1974241058602929,82.89583230717108,0.3479488998418674,2048.0,1916.0,99.0,74.0,102.0,0.7474747474747475
I_C4_seed2_44b6,3250,0.19826037307083608,90.56480293907225,,,,,,,
I_C4_seed2_44b6,3500,0.20677105447649954,96.91515880217776,,,,,,,
I_C4_seed2_44b6,3750,0.1944448776245117,103.77892794739455,,,,,,,
I_C4_seed2_44b6,4000,0.19216722539812325,111.10356492130086,0.5400667939102277,2048.0,1849.0,99.0,77.0,175.0,0.7777777777777778
I_C4_seed2_44b6,4250,0.18253190391510726,118.7233021822758,,,,,,,
I_C4_seed2_44b6,4500,0.19025134716182948,125.28755635628477,,,,,,,
I_C4_seed2_44b6,4750,0.17811610427498817,132.42928910907358,,,,,,,
I_C4_seed2_44b6,5000,0.20032473155856131,139.7782608550042,0.43432316405232996,2048.0,1881.0,99.0,76.0,140.0,0.7676767676767676
I_C4_seed2_44b6,5250,0.19694638830423356,146.91527629224584,,,,,,,
I_C4_seed2_44b6,5500,0.18642244777083397,153.61172371311113,,,,,,,
I_C4_seed2_44b6,5750,0.1751636442542076,160.0868535139598,,,,,,,
I_C4_seed2_44b6,6000,0.1689095974341035,167.24310495425016,0.453487170743756,2048.0,1871.0,99.0,77.0,153.0,0.7777777777777778
I_C4_seed2_44b6,6250,0.21077454544603824,174.90017850603908,,,,,,,
I_C4_seed2_44b6,6500,0.17311851932853461,181.87763220025226,,,,,,,
I_C4_seed2_44b6,6750,0.19003576900810004,188.846620996017,,,,,,,
I_C4_seed2_44b6,7000,0.1874140081703663,196.28492231527343,0.3662278769770637,2048.0,1929.0,99.0,76.0,91.0,0.7676767676767676
I_C4_seed2_44b6,7250,0.16403642221540213,203.28040369832888,,,,,,,
I_C4_seed2_44b6,7500,0.15780668940767645,210.22196625499055,,,,,,,
I_C4_seed2_44b6,7750,0.16874406790733337,217.2365531544201,,,,,,,
I_C4_seed2_44b6,8000,0.19465121663361787,223.46826067613438,0.47285672405268997,2048.0,1840.0,99.0,80.0,186.0,0.8080808080808081
I_C4_seed2_6bba,250,0.9325411100387573,6.447590979747474,,,,,,,
I_C4_seed2_6bba,500,0.519224128305912,12.497619560919702,,,,,,,
I_C4_seed2_6bba,750,0.4358671388030052,18.85234986571595,,,,,,,
I_C4_seed2_6bba,1000,0.40676806086301803,25.93004120187834,0.5384454728337005,2048.0,1849.0,99.0,85.0,176.0,0.8585858585858586
I_C4_seed2_6bba,1250,0.37440812626481057,33.59539523301646,,,,,,,
I_C4_seed2_6bba,1500,0.36091950967907904,40.91846900107339,,,,,,,
I_C4_seed2_6bba,1750,0.3330045203268528,48.2180612180382,,,,,,,
I_C4_seed2_6bba,2000,0.3090549926459789,55.44021546980366,0.49213404254987836,2048.0,1864.0,99.0,78.0,160.0,0.7878787878787878
I_C4_seed2_6bba,2250,0.330481558829546,62.359936717897654,,,,,,,
I_C4_seed2_6bba,2500,0.3143781380951405,69.70572813693434,,,,,,,
I_C4_seed2_6bba,2750,0.29901225262880327,75.78023348608986,,,,,,,
I_C4_seed2_6bba,3000,0.2581570592224598,83.05687996512279,0.40324876504018903,2048.0,1903.0,99.0,77.0,116.0,0.7777777777777778
I_C4_seed2_6bba,3250,0.2828438421934843,90.60976618807763,,,,,,,
I_C4_seed2_6bba,3500,0.2800463033914566,96.97822594782338,,,,,,,
I_C4_seed2_6bba,3750,0.2513817807883024,104.3538982947357,,,,,,,
I_C4_seed2_6bba,4000,0.26112053498625754,111.01365053700283,0.518803094397299,2048.0,1876.0,99.0,76.0,144.0,0.7676767676767676
I_C4_seed2_6bba,4250,0.2544007363766432,118.13119033677503,,,,,,,
I_C4_seed2_6bba,4500,0.24901150920987128,125.32912392914295,,,,,,,
I_C4_seed2_6bba,4750,0.2403990000486374,132.0210480070673,,,,,,,
I_C4_seed2_6bba,5000,0.2716623675525188,138.74446384003386,0.3832993477699347,2048.0,1909.0,99.0,75.0,112.0,0.7575757575757576
I_C4_seed2_6bba,5250,0.24823726691305636,146.30442153289914,,,,,,,
I_C4_seed2_6bba,5500,0.24284942600131035,152.57090462790802,,,,,,,
I_C4_seed2_6bba,5750,0.2257504443824291,158.95501632383093,,,,,,,
I_C4_seed2_6bba,6000,0.21988164611160754,165.39113736804575,0.4170998867484741,2048.0,1895.0,99.0,77.0,128.0,0.7777777777777778
I_C4_seed2_6bba,6250,0.24907555262744427,173.04629942402244,,,,,,,
I_C4_seed2_6bba,6500,0.2207276756539941,180.24327289685607,,,,,,,
I_C4_seed2_6bba,6750,0.2274789357483387,187.24959672475234,,,,,,,
I_C4_seed2_6bba,7000,0.2360517002493143,194.38592430204153,0.39435919700190425,2048.0,1917.0,99.0,79.0,103.0,0.797979797979798
I_C4_seed2_6bba,7250,0.21570151829719544,201.50092337513342,,,,,,,
I_C4_seed2_6bba,7500,0.20027768789231779,208.42874386906624,,,,,,,
I_C4_seed2_6bba,7750,0.21452064310759306,215.54474008269608,,,,,,,
I_C4_seed2_6bba,8000,0.23596604835987092,222.28776315785944,0.45963021722855046,2048.0,1872.0,99.0,77.0,151.0,0.7777777777777778
I_C5_44b6,250,0.6963496496677398,6.317186716012657,,,,,,,
I_C5_44b6,500,0.38072309482097627,11.9767423318699,,,,,,,
I_C5_44b6,750,0.32479513627290724,19.015431123785675,,,,,,,
I_C5_44b6,1000,0.28230712611973285,26.267937207128853,0.39314754225779325,2048.0,1930.0,99.0,79.0,89.0,0.797979797979798
I_C5_44b6,1250,0.25966634798049926,33.8894782778807,,,,,,,
I_C5_44b6,1500,0.2734960601180792,40.786567834205925,,,,,,,
I_C5_44b6,1750,0.253077488720417,47.95979257579893,,,,,,,
I_C5_44b6,2000,0.2387963479012251,55.100670747924596,0.40218172827735543,2048.0,1892.0,99.0,76.0,129.0,0.7676767676767676
I_C5_44b6,2250,0.2330792248696089,62.58649686491117,,,,,,,
I_C5_44b6,2500,0.20481463481485843,69.18709422508255,,,,,,,
I_C5_44b6,2750,0.2143915985301137,76.45083145610988,,,,,,,
I_C5_44b6,3000,0.2134794420003891,83.9906925437972,0.5824128474341705,2048.0,1768.0,99.0,76.0,255.0,0.7676767676767676
I_C5_44b6,3250,0.22360710501670839,91.89833474298939,,,,,,,
I_C5_44b6,3500,0.20637388444691895,99.38226363202557,,,,,,,
I_C5_44b6,3750,0.2035802493914962,106.14396825293079,,,,,,,
I_C5_44b6,4000,0.2158947644159198,113.41767544299364,0.7665539844892919,2048.0,1664.0,99.0,84.0,363.0,0.8484848484848485
I_C5_44b6,4250,0.2053443073183298,121.50435024686158,,,,,,,
I_C5_44b6,4500,0.21365484318137168,128.82764688087627,,,,,,,
I_C5_44b6,4750,0.20066081656515597,135.84284318005666,,,,,,,
I_C5_44b6,5000,0.1933778643682599,142.3321144990623,0.47733010340016335,2048.0,1837.0,99.0,83.0,187.0,0.8383838383838383
I_C5_44b6,5250,0.2026976498439908,149.63346919510514,,,,,,,
I_C5_44b6,5500,0.19280655007064343,156.80297143524513,,,,,,,
I_C5_44b6,5750,0.19013906384259463,163.98847966082394,,,,,,,
I_C5_44b6,6000,0.18691826633363962,170.92122064111754,0.3319750906666741,2048.0,1921.0,99.0,70.0,92.0,0.7070707070707071
I_C5_44b6,6250,0.1888643961623311,178.8267144751735,,,,,,,
I_C5_44b6,6500,0.18063886692374945,185.77346375910565,,,,,,,
I_C5_44b6,6750,0.2036000803783536,191.89213642291725,,,,,,,
I_C5_44b6,7000,0.19178287917375564,199.31403210712597,0.5273503195494413,2048.0,1823.0,99.0,86.0,203.0,0.8686868686868687
I_C5_44b6,7250,0.19970373037457467,207.07910649105906,,,,,,,
I_C5_44b6,7500,0.17348757173120977,214.09786864509806,,,,,,,
I_C5_44b6,7750,0.18731141053885222,221.6818039920181,,,,,,,
I_C5_44b6,8000,0.18220300451666116,228.84099511709064,0.4166920251445845,2048.0,1870.0,99.0,82.0,154.0,0.8282828282828283
I_C5_6bba,250,0.9595663779973984,6.064773785416037,,,,,,,
I_C5_6bba,500,0.5383989211916923,12.037127057090402,,,,,,,
I_C5_6bba,750,0.44293592047691344,17.626724189147353,,,,,,,
I_C5_6bba,1000,0.3808424212932587,24.536045462358743,0.4406436955323443,2048.0,1896.0,99.0,80.0,125.0,0.8080808080808081
I_C5_6bba,1250,0.3646584351658821,32.325420557986945,,,,,,,
I_C5_6bba,1500,0.3558519112765789,38.37712483620271,,,,,,,
I_C5_6bba,1750,0.3235969178378582,45.233701531309634,,,,,,,
I_C5_6bba,2000,0.3288283121585846,51.929015757050365,0.645280901924707,2048.0,1806.0,99.0,84.0,221.0,0.8484848484848485
I_C5_6bba,2250,0.3413090562224388,59.246022653300315,,,,,,,
I_C5_6bba,2500,0.2941487689316273,66.0028883642517,,,,,,,
I_C5_6bba,2750,0.2873674421608448,72.29243414709345,,,,,,,
I_C5_6bba,3000,0.2926214600205421,79.42944235540926,0.5452171886572614,2048.0,1809.0,99.0,80.0,215.0,0.8080808080808081
I_C5_6bba,3250,0.28629907849431036,86.85736025031656,,,,,,,
I_C5_6bba,3500,0.26863869930803774,93.86578342039138,,,,,,,
I_C5_6bba,3750,0.26467577706277373,100.04285597521812,,,,,,,
I_C5_6bba,4000,0.26546663013100624,106.07051224214956,0.6112063493346795,2048.0,1765.0,99.0,83.0,263.0,0.8383838383838383
I_C5_6bba,4250,0.25895183727145193,112.67222560336813,,,,,,,
I_C5_6bba,4500,0.2760180822759867,119.65335091901943,,,,,,,
I_C5_6bba,4750,0.2684265699088573,126.47525647422299,,,,,,,
I_C5_6bba,5000,0.2554447757154703,133.64949849620461,0.43544710730202496,2048.0,1871.0,99.0,78.0,150.0,0.7878787878787878
I_C5_6bba,5250,0.2596333865523338,141.21825548633933,,,,,,,
I_C5_6bba,5500,0.2376289823204279,148.38148276042193,,,,,,,
I_C5_6bba,5750,0.22648573282361031,155.49856692925096,,,,,,,
I_C5_6bba,6000,0.23461880390346052,162.67422915110365,0.35750152717810124,2048.0,1932.0,99.0,76.0,87.0,0.7676767676767676
I_C5_6bba,6250,0.22266748892515897,170.26023914432153,,,,,,,
I_C5_6bba,6500,0.2130912547558546,177.40698197018355,,,,,,,
I_C5_6bba,6750,0.24787768690288067,184.2166679990478,,,,,,,
I_C5_6bba,7000,0.23471797773241998,190.93467313237488,0.5133496940834448,2048.0,1848.0,99.0,83.0,177.0,0.8383838383838383
I_C5_6bba,7250,0.2380024373307824,198.53379252320156,,,,,,,
I_C5_6bba,7500,0.21375523188710213,205.33822746342048,,,,,,,
I_C5_6bba,7750,0.22195091776549816,211.63799404725432,,,,,,,
I_C5_6bba,8000,0.21631289836764336,218.5711284512654,0.3931158256600611,2048.0,1879.0,99.0,79.0,143.0,0.797979797979798
I_C6_44b6,250,0.7124881182312965,7.128993623889983,,,,,,,
I_C6_44b6,500,0.4103430591225624,13.784963564947248,,,,,,,
I_C6_44b6,750,0.34544189089536664,21.099267268087715,,,,,,,
I_C6_44b6,1000,0.3001231165826321,28.366249728947878,0.3310170634649694,2048.0,1951.0,99.0,69.0,56.0,0.696969696969697
I_C6_44b6,1250,0.2808926058411598,36.28842261619866,,,,,,,
I_C6_44b6,1500,0.29292369109392163,43.600687216967344,,,,,,,
I_C6_44b6,1750,0.2795138626694679,49.86783669795841,,,,,,,
I_C6_44b6,2000,0.26364862854778764,56.92278943490237,0.5902970290044323,2048.0,1799.0,99.0,76.0,228.0,0.7676767676767676
I_C6_44b6,2250,0.25665203447639945,64.85665549430996,,,,,,,
I_C6_44b6,2500,0.226041480101645,72.24276613909751,,,,,,,
I_C6_44b6,2750,0.23018360990285874,79.78689705906436,,,,,,,
I_C6_44b6,3000,0.23436947610974312,87.12895710207522,0.5278994994005188,2048.0,1797.0,99.0,75.0,225.0,0.7575757575757576
I_C6_44b6,3250,0.2444383158236742,95.08572605904192,,,,,,,
I_C6_44b6,3500,0.22191543301194908,102.09205252304673,,,,,,,
I_C6_44b6,3750,0.23816751053929328,109.32671418692917,,,,,,,
I_C6_44b6,4000,0.23519444049149751,116.82039507897571,0.7966339975828305,2048.0,1645.0,99.0,83.0,384.0,0.8383838383838383
I_C6_44b6,4250,0.2275063521564007,125.0795694659464,,,,,,,
I_C6_44b6,4500,0.23502516111731528,132.68456239020452,,,,,,,
I_C6_44b6,4750,0.2166818792298436,138.75777601730078,,,,,,,
I_C6_44b6,5000,0.21486581313610076,145.8103458918631,0.44929359876550734,2048.0,1834.0,99.0,80.0,191.0,0.8080808080808081
I_C6_44b6,5250,0.22709407417476177,153.49823336908594,,,,,,,
I_C6_44b6,5500,0.21215286155790092,159.28880389919505,,,,,,,
I_C6_44b6,5750,0.213138338573277,166.58956834720448,,,,,,,
I_C6_44b6,6000,0.21271475926786662,173.64423464797437,0.35056660405825824,2048.0,1927.0,99.0,73.0,90.0,0.7373737373737373
I_C6_44b6,6250,0.2025724307447672,181.2916006022133,,,,,,,
I_C6_44b6,6500,0.19805563360452652,188.32645111810416,,,,,,,
I_C6_44b6,6750,0.22763003177195787,193.98566891485825,,,,,,,
I_C6_44b6,7000,0.21512785640358925,200.8611727859825,0.4970596198691055,2048.0,1845.0,99.0,81.0,182.0,0.8181818181818182
I_C6_44b6,7250,0.20599054747074844,207.86136082792655,,,,,,,
I_C6_44b6,7500,0.18730088143795728,215.15256324410439,,,,,,,
I_C6_44b6,7750,0.20408364667743445,222.01577886519954,,,,,,,
I_C6_44b6,8000,0.20427667657285928,229.25947456993163,0.42697998508810997,2048.0,1854.0,99.0,82.0,171.0,0.8282828282828283
I_C6_6bba,250,1.0324714461565017,6.420224680099636,,,,,,,
I_C6_6bba,500,0.6716889593601226,12.570660583209246,,,,,,,
I_C6_6bba,750,0.5461860466003418,19.33833635505289,,,,,,,
I_C6_6bba,1000,0.46161387437582013,26.552027063909918,0.4976252588676289,2048.0,1853.0,99.0,80.0,169.0,0.8080808080808081
I_C6_6bba,1250,0.4292951405644417,34.21540739014745,,,,,,,
I_C6_6bba,1500,0.4182578188180923,41.65533102117479,,,,,,,
I_C6_6bba,1750,0.38573905745148657,48.772558168973774,,,,,,,
I_C6_6bba,2000,0.37570296981930734,56.31882941024378,0.6828908968018368,2048.0,1764.0,99.0,83.0,264.0,0.8383838383838383
I_C6_6bba,2250,0.3883852877020836,64.11404595011845,,,,,,,
I_C6_6bba,2500,0.3390689834654331,70.83893763506785,,,,,,,
I_C6_6bba,2750,0.3246408410668373,77.47411487298086,,,,,,,
I_C6_6bba,3000,0.3309279179275036,83.81670426297933,0.4221321665099822,2048.0,1891.0,99.0,78.0,132.0,0.7878787878787878
I_C6_6bba,3250,0.3265773939788342,91.76336838118732,,,,,,,
I_C6_6bba,3500,0.3114909292012453,98.57117693405598,,,,,,,
I_C6_6bba,3750,0.3144059100151062,105.87140065710992,,,,,,,
I_C6_6bba,4000,0.3080253461897373,113.31206691032276,0.7637272528372705,2048.0,1659.0,99.0,84.0,371.0,0.8484848484848485
I_C6_6bba,4250,0.29571808558702467,120.97126102214679,,,,,,,
I_C6_6bba,4500,0.30712006852030754,127.91206660633907,,,,,,,
I_C6_6bba,4750,0.2940311732143164,134.97526582609862,,,,,,,
I_C6_6bba,5000,0.289989014044404,141.8447243901901,0.44092567975167185,2048.0,1854.0,99.0,73.0,169.0,0.7373737373737373
I_C6_6bba,5250,0.2961632289737463,149.7999500031583,,,,,,,
I_C6_6bba,5500,0.2823860408216715,156.2369874753058,,,,,,,
I_C6_6bba,5750,0.2729542543888092,163.01955045294017,,,,,,,
I_C6_6bba,6000,0.274610389277339,170.34332443214953,0.42476817802526057,2048.0,1896.0,99.0,73.0,123.0,0.7373737373737373
I_C6_6bba,6250,0.25933613429963587,178.1507296799682,,,,,,,
I_C6_6bba,6500,0.2531097456663847,185.45306049007922,,,,,,,
I_C6_6bba,6750,0.2806792452931404,192.76779273711145,,,,,,,
I_C6_6bba,7000,0.2736762201189995,200.29528007190675,0.4063199371448718,2048.0,1884.0,99.0,79.0,138.0,0.797979797979798
I_C6_6bba,7250,0.27802734573185445,208.20812971098348,,,,,,,
I_C6_6bba,7500,0.25197703133523464,215.64022902399302,,,,,,,
I_C6_6bba,7750,0.26055736707150934,222.9274658979848,,,,,,,
I_C6_6bba,8000,0.23992113748192787,230.21002868935466,0.35261916916351765,2048.0,1920.0,99.0,76.0,98.0,0.7676767676767676
I_C7_44b6,250,0.6119604045450687,6.850447735749185,,,,,,,
I_C7_44b6,500,0.4177200233638287,13.444387359078974,,,,,,,
I_C7_44b6,750,0.36102467142045497,20.81753014586866,,,,,,,
I_C7_44b6,1000,0.32210477015376093,28.133218254894018,0.559635097743012,2048.0,1822.0,99.0,74.0,200.0,0.7474747474747475
I_C7_44b6,1250,0.35455433094501493,35.9041954530403,,,,,,,
I_C7_44b6,1500,0.32596463853120805,43.267915214877576,,,,,,,
I_C7_44b6,1750,0.31151154518127444,50.90447789384052,,,,,,,
I_C7_44b6,2000,0.29510781361162663,57.7226765579544,0.5740932348417118,2048.0,1798.0,99.0,77.0,227.0,0.7777777777777778
I_C7_44b6,2250,0.30442685742676256,64.69786432292312,,,,,,,
I_C7_44b6,2500,0.28962505865097044,70.50060972897336,,,,,,,
I_C7_44b6,2750,0.29817867144942284,77.43426296673715,,,,,,,
I_C7_44b6,3000,0.28569599056243894,84.4485850147903,0.43426926143001765,2048.0,1885.0,99.0,64.0,125.0,0.6464646464646465
I_C7_44b6,3250,0.28351558330655097,92.13838725211099,,,,,,,
I_C7_44b6,3500,0.295237740367651,99.30553122004494,,,,,,,
I_C7_44b6,3750,0.2990638550072908,106.53055289993063,,,,,,,
I_C7_44b6,4000,0.29095140816271303,113.61285054916516,0.90618916740641,2048.0,1605.0,99.0,78.0,423.0,0.7878787878787878
I_C7_44b6,4250,0.27335171060264113,120.24710329715163,,,,,,,
I_C7_44b6,4500,0.25527670766413213,127.29224098613486,,,,,,,
I_C7_44b6,4750,0.2712949175834656,134.01695864181966,,,,,,,
I_C7_44b6,5000,0.2585859639495611,140.7111957189627,0.5594071429222822,2048.0,1809.0,99.0,76.0,215.0,0.7676767676767676
I_C7_44b6,5250,0.27400223752856256,148.30514560174197,,,,,,,
I_C7_44b6,5500,0.26557255633175375,154.59616722911596,,,,,,,
I_C7_44b6,5750,0.25904438231885435,161.23352956678718,,,,,,,
I_C7_44b6,6000,0.24288699284940957,167.98381057800725,0.6091804205207154,2048.0,1782.0,99.0,79.0,241.0,0.797979797979798
I_C7_44b6,6250,0.24936491458117963,175.52682713000104,,,,,,,
I_C7_44b6,6500,0.25765716603398325,182.76069029187784,,,,,,,
I_C7_44b6,6750,0.2544325788617134,190.13266230095178,,,,,,,
I_C7_44b6,7000,0.25327270429581406,196.44364962773398,0.6380437386687845,2048.0,1811.0,99.0,75.0,210.0,0.7575757575757576
I_C7_44b6,7250,0.2383397708684206,203.8819379247725,,,,,,,
I_C7_44b6,7500,0.25444581393152477,210.82551129208878,,,,,,,
I_C7_44b6,7750,0.2622023854255676,217.6127780098468,,,,,,,
I_C7_44b6,8000,0.2713006990328431,224.7710588448681,0.646434367634356,2048.0,1719.0,99.0,78.0,304.0,0.7878787878787878
I_C7_6bba,250,0.9889213247299194,6.563292449340224,,,,,,,
I_C7_6bba,500,0.5953761149048805,12.870935132261366,,,,,,,
I_C7_6bba,750,0.4923851615190506,19.021537823136896,,,,,,,
I_C7_6bba,1000,0.4320432272851467,25.93922038609162,0.5555958405602723,2048.0,1842.0,99.0,77.0,175.0,0.7777777777777778
I_C7_6bba,1250,0.42684055027365686,33.16279368614778,,,,,,,
I_C7_6bba,1500,0.4106282136440277,40.038736446294934,,,,,,,
I_C7_6bba,1750,0.3722869054079056,47.404489702079445,,,,,,,
I_C7_6bba,2000,0.38431864270567895,54.66251557832584,0.7151297256350517,2048.0,1756.0,99.0,80.0,269.0,0.8080808080808081
I_C7_6bba,2250,0.38247045686841014,62.343848566990346,,,,,,,
I_C7_6bba,2500,0.35434114810824396,69.59962415322661,,,,,,,
I_C7_6bba,2750,0.3508077267408371,76.90859339432791,,,,,,,
I_C7_6bba,3000,0.34292848320305347,84.20138147519901,0.5247453117044643,2048.0,1850.0,99.0,79.0,169.0,0.797979797979798
I_C7_6bba,3250,0.3266449740231037,91.22667520912364,,,,,,,
I_C7_6bba,3500,0.36728069400787355,98.38975604902953,,,,,,,
I_C7_6bba,3750,0.34396981397271154,105.40828373003751,,,,,,,
I_C7_6bba,4000,0.3328563882112503,112.3478875583969,0.6221867135027424,2048.0,1779.0,99.0,84.0,247.0,0.8484848484848485
I_C7_6bba,4250,0.3160683287084103,120.49288341309875,,,,,,,
I_C7_6bba,4500,0.32371627652645113,127.84662512503564,,,,,,,
I_C7_6bba,4750,0.3152664431929588,134.87229960318655,,,,,,,
I_C7_6bba,5000,0.29985294610261914,141.72688750596717,0.4778900627279654,2048.0,1864.0,99.0,67.0,152.0,0.6767676767676768
I_C7_6bba,5250,0.31503171601891516,148.47340151807293,,,,,,,
I_C7_6bba,5500,0.2958336179405451,155.64458394609392,,,,,,,
I_C7_6bba,5750,0.30161680959165094,161.96795452199876,,,,,,,
I_C7_6bba,6000,0.2997287271618843,167.8386082490906,0.5515870474046096,2048.0,1837.0,99.0,78.0,185.0,0.7878787878787878
I_C7_6bba,6250,0.272319558724761,175.54743620939553,,,,,,,
I_C7_6bba,6500,0.284204028993845,183.30008935928345,,,,,,,
I_C7_6bba,6750,0.28247526606917384,190.76490168040618,,,,,,,
I_C7_6bba,7000,0.3030151792019606,196.83740089135244,0.541700747795403,2048.0,1827.0,99.0,75.0,192.0,0.7575757575757576
I_C7_6bba,7250,0.28196689745783804,203.69111106032506,,,,,,,
I_C7_6bba,7500,0.3000654432028532,210.608943506144,,,,,,,
I_C7_6bba,7750,0.29700399495661256,217.4088016799651,,,,,,,
I_C7_6bba,8000,0.30157591472566125,224.3279037582688,0.43246083229314536,2048.0,1874.0,99.0,78.0,148.0,0.7878787878787878
I_external_seed2,250,2.2523580198287965,3.876398859079927,,,,,,,
I_external_seed2,500,1.8016894469261169,7.922957163769752,,,,,,,
I_external_seed2,750,1.62365860414505,11.09629921009764,,,,,,,
I_external_seed2,1000,1.4965970997810363,14.809586273971945,0.7947604777291417,2048.0,1744.0,99.0,46.0,260.0,0.46464646464646464
I_external_seed2,1250,1.3416624577045442,18.917952897958457,,,,,,,
I_external_seed2,1500,1.2644354982376098,22.76952632004395,,,,,,,
I_external_seed2,1750,1.2462844004631042,26.685366773046553,,,,,,,
I_external_seed2,2000,1.155110253930092,30.311375645920634,0.7388290062081069,2048.0,1756.0,99.0,60.0,256.0,0.6060606060606061
I_external_seed2,2250,1.126616871237755,34.55636736191809,,,,,,,
I_external_seed2,2500,1.0892202376127242,38.285660453140736,,,,,,,
I_external_seed2,2750,1.0425488852262497,41.98859465913847,,,,,,,
I_external_seed2,3000,0.9933947832584381,45.849247470963746,0.7350129017140716,2048.0,1714.0,99.0,66.0,308.0,0.6666666666666666
I_external_seed2,3250,0.9745122092962265,49.99644857598469,,,,,,,
I_external_seed2,3500,0.9589603788852692,53.809749255888164,,,,,,,
I_external_seed2,3750,0.9588017264604568,57.708376857917756,,,,,,,
I_external_seed2,4000,0.9101825835704803,61.567462500184774,0.7520977440290153,2048.0,1695.0,99.0,69.0,330.0,0.696969696969697
I_external_seed2,4250,0.93374192237854,65.3713658619672,,,,,,,
I_external_seed2,4500,0.9033579494953156,69.2443225751631,,,,,,,
I_external_seed2,4750,0.8818406252861023,72.76865773787722,,,,,,,
I_external_seed2,5000,0.8676509120464325,76.65196676086634,0.5436301400186494,2048.0,1809.0,99.0,68.0,212.0,0.6868686868686869
I_external_seed2,5250,0.9098513514995575,80.67840220173821,,,,,,,
I_external_seed2,5500,0.8593944200277328,84.38532047718763,,,,,,,
I_external_seed2,5750,0.8542774376869202,88.25891614099964,,,,,,,
I_external_seed2,6000,0.8336251456737518,91.54901565611362,0.6132597746327519,2048.0,1768.0,99.0,73.0,258.0,0.7373737373737373
I_external_seed2,6250,0.8068609341382981,95.29356809984893,,,,,,,
I_external_seed2,6500,0.8112908619642257,98.14181694574654,,,,,,,
I_external_seed2,6750,0.7955595632791519,101.80728068901226,,,,,,,
I_external_seed2,7000,0.7703332291841507,105.78325052885339,0.45210800785571337,2048.0,1852.0,99.0,74.0,170.0,0.7474747474747475
I_external_seed2,7250,0.7935606974363327,110.15364607516676,,,,,,,
I_external_seed2,7500,0.7818186483383178,113.91795024974272,,,,,,,
I_external_seed2,7750,0.77742341786623,117.63026572298259,,,,,,,
I_external_seed2,8000,0.7687766684889793,121.68578985193744,0.37387676152866334,2048.0,1910.0,99.0,73.0,109.0,0.7373737373737373
I_external_seed2,8250,0.7173194750547409,125.3758779708296,,,,,,,
I_external_seed2,8500,0.7393887194395066,129.30504544405267,,,,,,,
I_external_seed2,8750,0.7321664523482323,132.70253483206034,,,,,,,
I_external_seed2,9000,0.7648486045002937,136.55074905604124,0.6432275988627225,2048.0,1755.0,99.0,75.0,273.0,0.7575757575757576
I_external_seed2,9250,0.734282184958458,140.74729848606512,,,,,,,
I_external_seed2,9500,0.7240947731733323,144.55530882114545,,,,,,,
I_external_seed2,9750,0.7157071309089661,148.18438596418127,,,,,,,
I_external_seed2,10000,0.7395899063944816,151.34326768200845,0.4395952229388058,2048.0,1869.0,99.0,80.0,158.0,0.8080808080808081
I_external_seed2,10250,0.7151385480165482,155.85679267300293,,,,,,,
I_external_seed2,10500,0.7353827413320542,159.6919284868054,,,,,,,
I_external_seed2,10750,0.7244062325954437,163.6776773459278,,,,,,,
I_external_seed2,11000,0.7018391693234444,167.69070914480835,0.4037606029305607,2048.0,1873.0,99.0,78.0,150.0,0.7878787878787878
I_external_seed2,11250,0.6960524365901947,171.5323683801107,,,,,,,
I_external_seed2,11500,0.6697493561506271,175.35479118209332,,,,,,,
I_external_seed2,11750,0.6980941474437714,178.94215581798926,,,,,,,
I_external_seed2,12000,0.6933525153398514,182.93187432177365,0.47702094027772546,2048.0,1859.0,99.0,78.0,166.0,0.7878787878787878
I_external_seed2,12250,0.6769730487465858,186.86717851785943,,,,,,,
I_external_seed2,12500,0.6801246606111526,190.66550371982157,,,,,,,
I_external_seed2,12750,0.6712385641932488,193.62049496686086,,,,,,,
I_external_seed2,13000,0.665830552816391,197.46850708406419,0.4710442334180698,2048.0,1858.0,99.0,78.0,169.0,0.7878787878787878
I_external_seed2,13250,0.6810577317476273,201.3742432068102,,,,,,,
I_external_seed2,13500,0.6344805138707161,204.90245501417667,,,,,,,
I_external_seed2,13750,0.6605435100793838,208.72501941677183,,,,,,,
I_external_seed2,14000,0.6512580308914184,212.51824974780902,0.49776713957544416,2048.0,1849.0,99.0,78.0,176.0,0.7878787878787878
I_external_seed2,14250,0.6742677302956581,216.67012841580436,,,,,,,
I_external_seed2,14500,0.6241823245286942,220.44903451111168,,,,,,,
I_external_seed2,14750,0.6588085372447967,224.1280502770096,,,,,,,
I_external_seed2,15000,0.6372084633111954,227.97714443178847,0.465105980518274,2048.0,1854.0,99.0,79.0,171.0,0.797979797979798
I_external_seed2,15250,0.6478257417082787,232.05813035788015,,,,,,,
I_external_seed2,15500,0.668203920006752,235.62071374990046,,,,,,,
I_external_seed2,15750,0.64044259172678,239.31659407308325,,,,,,,
I_external_seed2,16000,0.6466815983653068,243.06579789379612,0.43651288631372154,2048.0,1861.0,99.0,79.0,161.0,0.797979797979798
I_external_seed2,16250,0.6122946881651878,247.15149355493486,,,,,,,
I_external_seed2,16500,0.6152147926688194,251.09676358290017,,,,,,,
I_external_seed2,16750,0.6049697895050049,254.97735319891945,,,,,,,
I_external_seed2,17000,0.6320455464124679,258.7711301781237,0.4097999050281942,2048.0,1899.0,99.0,78.0,125.0,0.7878787878787878
I_external_seed2,17250,0.6283495041131973,262.60820874990895,,,,,,,
I_external_seed2,17500,0.6100523849129676,266.2893224488944,,,,,,,
I_external_seed2,17750,0.6141822155714035,270.1916939560324,,,,,,,
I_external_seed2,18000,0.6124395437240601,273.9395650178194,0.588648121454753,2048.0,1783.0,99.0,81.0,247.0,0.8181818181818182
I_external_seed2,18250,0.6110631130337715,278.23846359504387,,,,,,,
I_external_seed2,18500,0.6189720209240913,282.1305443341844,,,,,,,
I_external_seed2,18750,0.5600741042494773,286.02829769207165,,,,,,,
I_external_seed2,19000,0.599948203265667,289.94356167316437,0.40470808860845864,2048.0,1878.0,99.0,79.0,147.0,0.797979797979798
I_external_seed2,19250,0.6138627938628197,294.1622835858725,,,,,,,
I_external_seed2,19500,0.5954673948287964,297.5059385881759,,,,,,,
I_external_seed2,19750,0.5798657175898552,300.19293113285676,,,,,,,
I_external_seed2,20000,0.5958097213506699,303.5191032169387,0.49457887292373925,2048.0,1819.0,99.0,78.0,210.0,0.7878787878787878
I_randomized_44b6,250,2.262744517803192,3.5681745558977127,,,,,,,
I_randomized_44b6,500,1.80799902677536,7.512385587673634,,,,,,,
I_randomized_44b6,750,1.640802280664444,11.445539752021432,,,,,,,
I_randomized_44b6,1000,1.5259841163158416,15.098661229014397,0.938864906784147,2048.0,1749.0,99.0,52.0,262.0,0.5252525252525253
I_randomized_44b6,1250,1.435766278028488,19.26787356706336,,,,,,,
I_randomized_44b6,1500,1.3632632060050964,22.470381546765566,,,,,,,
I_randomized_44b6,1750,1.3084211332798004,25.063369632698596,,,,,,,
I_randomized_44b6,2000,1.2443716509342193,27.95901478594169,0.43163150059990585,2048.0,1922.0,99.0,46.0,71.0,0.46464646464646464
I_randomized_44b6,2250,1.2134503252506257,31.64276146981865,,,,,,,
I_randomized_44b6,2500,1.18216721367836,35.498644704930484,,,,,,,
I_randomized_44b6,2750,1.1301197445392608,39.34586505871266,,,,,,,
I_randomized_44b6,3000,1.0814075484275818,43.04876769287512,0.7489304987248033,2048.0,1733.0,99.0,64.0,287.0,0.6464646464646465
I_randomized_44b6,3250,1.0945834908485412,47.30093176662922,,,,,,,
I_randomized_44b6,3500,1.0674626445770263,51.07426969567314,,,,,,,
I_randomized_44b6,3750,1.0274769588708879,54.39189073862508,,,,,,,
I_randomized_44b6,4000,1.0384656890630721,58.007971956860274,0.5197050730930641,2048.0,1825.0,99.0,63.0,186.0,0.6363636363636364
I_randomized_44b6,4250,0.9889998887777328,62.12602045992389,,,,,,,
I_randomized_44b6,4500,0.9990447610616684,66.01948194066063,,,,,,,
I_randomized_44b6,4750,0.9578022533655166,69.73385720793158,,,,,,,
I_randomized_44b6,5000,0.9564167217016221,73.26799006480724,0.49280445848125964,2048.0,1862.0,99.0,67.0,152.0,0.6767676767676768
I_randomized_44b6,5250,0.934339230298996,76.80978144379333,,,,,,,
I_randomized_44b6,5500,0.9417723256349564,80.7549883169122,,,,,,,
I_randomized_44b6,5750,0.9157644218206406,84.62486908398569,,,,,,,
I_randomized_44b6,6000,0.923167342543602,87.67085794592276,0.5341506843687966,2048.0,1868.0,99.0,64.0,147.0,0.6464646464646465
I_randomized_44b6,6250,0.9053710576295853,91.88524632388726,,,,,,,
I_randomized_44b6,6500,0.9011879141330719,95.87285116594285,,,,,,,
I_randomized_44b6,6750,0.8446348749399185,99.47220218367875,,,,,,,
I_randomized_44b6,7000,0.8795939975380898,102.66769195301458,0.40362005250062793,2048.0,1881.0,99.0,66.0,132.0,0.6666666666666666
I_randomized_44b6,7250,0.887133523106575,106.71910100476816,,,,,,,
I_randomized_44b6,7500,0.8460778452157974,110.33564920676872,,,,,,,
I_randomized_44b6,7750,0.8637640478610993,114.24475075863302,,,,,,,
I_randomized_44b6,8000,0.806719817519188,117.88179730670527,0.4099723674589768,2048.0,1888.0,99.0,71.0,129.0,0.7171717171717171
I_randomized_44b6,8250,0.8342309583425522,121.7549710390158,,,,,,,
I_randomized_44b6,8500,0.8328883708715439,125.66203317092732,,,,,,,
I_randomized_44b6,8750,0.809610843539238,129.57919570989907,,,,,,,
I_randomized_44b6,9000,0.7895153812170028,133.5093524158001,0.5853934909682721,2048.0,1798.0,99.0,72.0,224.0,0.7272727272727273
I_randomized_44b6,9250,0.8079524369239807,137.6418845388107,,,,,,,
I_randomized_44b6,9500,0.7913714993000031,141.58734841598198,,,,,,,
I_randomized_44b6,9750,0.8197790831327438,145.1800953107886,,,,,,,
I_randomized_44b6,10000,0.8046017351150513,148.92229286860675,0.5363002790836617,2048.0,1823.0,99.0,79.0,201.0,0.797979797979798
I_randomized_44b6,10250,0.7729217821359634,152.73169355886057,,,,,,,
I_randomized_44b6,10500,0.7830705882310868,156.36144713684916,,,,,,,
I_randomized_44b6,10750,0.7723702257871627,159.97759620379657,,,,,,,
I_randomized_44b6,11000,0.7472271090149879,163.72898130770773,0.37446501484373584,2048.0,1907.0,99.0,74.0,111.0,0.7474747474747475
I_randomized_44b6,11250,0.7653948458433151,167.65240797866136,,,,,,,
I_randomized_44b6,11500,0.7560005111694336,171.5282167736441,,,,,,,
I_randomized_44b6,11750,0.761613610625267,175.39724949002266,,,,,,,
I_randomized_44b6,12000,0.7443564451932907,179.27759153069928,0.45023783564101905,2048.0,1877.0,99.0,78.0,145.0,0.7878787878787878
I_randomized_44b6,12250,0.7391911228895187,183.43643312063068,,,,,,,
I_randomized_44b6,12500,0.7509631533026695,187.16192971961573,,,,,,,
I_randomized_44b6,12750,0.7346847487688064,191.09688621293753,,,,,,,
I_randomized_44b6,13000,0.737625456392765,194.31274635298178,0.5523886842420325,2048.0,1823.0,99.0,83.0,206.0,0.8383838383838383
I_randomized_44b6,13250,0.7422826327085496,198.30870216572657,,,,,,,
I_randomized_44b6,13500,0.7118882926702499,201.90251947473735,,,,,,,
I_randomized_44b6,13750,0.7392058846950531,205.61380925495178,,,,,,,
I_randomized_44b6,14000,0.7009856059551239,208.9750151289627,0.37362425308674574,2048.0,1933.0,99.0,79.0,87.0,0.797979797979798
I_randomized_44b6,14250,0.7192424553632736,212.3681394639425,,,,,,,
I_randomized_44b6,14500,0.7122474273443222,215.25661813095212,,,,,,,
I_randomized_44b6,14750,0.6893488292098046,218.4072157246992,,,,,,,
I_randomized_44b6,15000,0.7014414582848549,222.34966759895906,0.7072866498492658,2048.0,1752.0,99.0,83.0,277.0,0.8383838383838383
I_randomized_44b6,15250,0.7045081133842468,226.64935159590095,,,,,,,
I_randomized_44b6,15500,0.6735601147413254,229.83464870601892,,,,,,,
I_randomized_44b6,15750,0.7240326917171478,233.2706509437412,,,,,,,
I_randomized_44b6,16000,0.692325170814991,237.02312605269253,0.47193756932392716,2048.0,1859.0,99.0,79.0,166.0,0.797979797979798
I_randomized_44b6,16250,0.6632765855193138,240.97717033466324,,,,,,,
I_randomized_44b6,16500,0.6707813141942024,244.88723108591512,,,,,,,
I_randomized_44b6,16750,0.7027953081130981,247.89333196775988,,,,,,,
I_randomized_44b6,17000,0.647373266518116,251.25622081570327,0.4843017063103616,2048.0,1838.0,99.0,88.0,193.0,0.8888888888888888
I_randomized_44b6,17250,0.6920474336743355,254.93939018202946,,,,,,,
I_randomized_44b6,17500,0.6804599457383156,258.3857753537595,,,,,,,
I_randomized_44b6,17750,0.6971753004789353,262.0388496275991,,,,,,,
I_randomized_44b6,18000,0.6623791687488556,265.4387840810232,0.5214007755275816,2048.0,1831.0,99.0,83.0,197.0,0.8383838383838383
I_randomized_44b6,18250,0.6477489039897919,269.66375763202086,,,,,,,
I_randomized_44b6,18500,0.6593368499875069,273.2127208909951,,,,,,,
I_randomized_44b6,18750,0.6839565778374672,276.7605640790425,,,,,,,
I_randomized_44b6,19000,0.6821974976658821,280.42544165160507,0.39117078587878495,2048.0,1901.0,99.0,82.0,123.0,0.8282828282828283
I_randomized_44b6,19250,0.6703728254437447,284.18650513794273,,,,,,,
I_randomized_44b6,19500,0.6570942903161049,287.93501801788807,,,,,,,
I_randomized_44b6,19750,0.6319959166646004,291.82197667704895,,,,,,,
I_randomized_44b6,20000,0.656418750345707,295.73960729688406,0.4640258461004123,2048.0,1857.0,99.0,83.0,170.0,0.8383838383838383
I_randomized_6bba,250,2.2626271514892577,3.818435010034591,,,,,,,
I_randomized_6bba,500,1.8077902698516846,7.527924149762839,,,,,,,
I_randomized_6bba,750,1.639028823375702,11.517090728972107,,,,,,,
I_randomized_6bba,1000,1.5252913835048676,15.166151286102831,0.9403514717705548,2048.0,1737.0,99.0,50.0,272.0,0.5050505050505051
I_randomized_6bba,1250,1.4343017165660858,19.162855301983654,,,,,,,
I_randomized_6bba,1500,1.3621453492641449,22.675247895065695,,,,,,,
I_randomized_6bba,1750,1.3059351570606232,26.607415979728103,,,,,,,
I_randomized_6bba,2000,1.2425881986618041,30.577346845064312,0.4262126275571063,2048.0,1922.0,99.0,45.0,70.0,0.45454545454545453
I_randomized_6bba,2250,1.2116489944458009,35.0397668518126,,,,,,,
I_randomized_6bba,2500,1.1799417066574096,38.873535288032144,,,,,,,
I_randomized_6bba,2750,1.1299352107048035,42.13880245713517,,,,,,,
I_randomized_6bba,3000,1.084387068629265,46.014853672124445,0.7641129137482494,2048.0,1722.0,99.0,62.0,299.0,0.6262626262626263
I_randomized_6bba,3250,1.0995634331703186,50.09114421484992,,,,,,,
I_randomized_6bba,3500,1.0689090642929078,54.07127524679527,,,,,,,
I_randomized_6bba,3750,1.0276158373355866,57.79417795408517,,,,,,,
I_randomized_6bba,4000,1.0378889338970185,61.461839901749045,0.5176587484311312,2048.0,1824.0,99.0,62.0,185.0,0.6262626262626263
I_randomized_6bba,4250,0.9901570148468017,65.73901113215834,,,,,,,
I_randomized_6bba,4500,0.9980058720111847,69.70537351397797,,,,,,,
I_randomized_6bba,4750,0.9585263612270355,73.40726187685505,,,,,,,
I_randomized_6bba,5000,0.9566471784114837,77.02210357179865,0.5014623291790485,2048.0,1857.0,99.0,66.0,156.0,0.6666666666666666
I_randomized_6bba,5250,0.9379925323724747,81.32398984814063,,,,,,,
I_randomized_6bba,5500,0.9409966288805008,85.31966433674097,,,,,,,
I_randomized_6bba,5750,0.917932703256607,88.51457995083183,,,,,,,
I_randomized_6bba,6000,0.9230766140222549,92.43928876100108,0.5319912622217089,2048.0,1870.0,99.0,64.0,145.0,0.6464646464646465
I_randomized_6bba,6250,0.9030531984567642,96.29998150886968,,,,,,,
I_randomized_6bba,6500,0.9014871751070023,99.93896138900891,,,,,,,
I_randomized_6bba,6750,0.844643641114235,103.90024489583448,,,,,,,
I_randomized_6bba,7000,0.8813439753651618,107.90076235914603,0.40432835079263896,2048.0,1885.0,99.0,65.0,126.0,0.6565656565656566
I_randomized_6bba,7250,0.8867087684869767,112.18803722597659,,,,,,,
I_randomized_6bba,7500,0.8467858999967575,116.13148343982175,,,,,,,
I_randomized_6bba,7750,0.8661318848133087,120.06362061016262,,,,,,,
I_randomized_6bba,8000,0.805340115904808,124.00774317979813,0.41534861270338297,2048.0,1886.0,99.0,71.0,131.0,0.7171717171717171
I_randomized_6bba,8250,0.8376036847233772,128.18842597398907,,,,,,,
I_randomized_6bba,8500,0.8318072986602784,132.1079827947542,,,,,,,
I_randomized_6bba,8750,0.8083174401521682,136.02805742109194,,,,,,,
I_randomized_6bba,9000,0.7930534235239028,139.9508221168071,0.5890647305641323,2048.0,1785.0,99.0,72.0,238.0,0.7272727272727273
I_randomized_6bba,9250,0.8093147320151329,144.19144957978278,,,,,,,
I_randomized_6bba,9500,0.7916473138332367,148.10184750612825,,,,,,,
I_randomized_6bba,9750,0.8216687252521515,151.6371175707318,,,,,,,
I_randomized_6bba,10000,0.8066465414762497,155.58868392976,0.547943152836524,2048.0,1807.0,99.0,76.0,215.0,0.7676767676767676
I_randomized_6bba,10250,0.7721694341897964,159.86761219101027,,,,,,,
I_randomized_6bba,10500,0.7882840852737427,163.81837530992925,,,,,,,
I_randomized_6bba,10750,0.773706641793251,167.75605840003118,,,,,,,
I_randomized_6bba,11000,0.749296854019165,171.7296728938818,0.36106718803057447,2048.0,1913.0,99.0,72.0,104.0,0.7272727272727273
I_randomized_6bba,11250,0.7646334438323975,176.26794140506536,,,,,,,
I_randomized_6bba,11500,0.7541952466964722,179.85309238173068,,,,,,,
I_randomized_6bba,11750,0.7644423827528953,183.70929541205987,,,,,,,
I_randomized_6bba,12000,0.7407963572740555,187.83997199079022,0.4473715490894392,2048.0,1877.0,99.0,75.0,143.0,0.7575757575757576
I_randomized_6bba,12250,0.738646062552929,191.86875379411504,,,,,,,
I_randomized_6bba,12500,0.747200287938118,195.2507731760852,,,,,,,
I_randomized_6bba,12750,0.7363077477216721,199.20152178313583,,,,,,,
I_randomized_6bba,13000,0.7379547230601311,203.18415781576186,0.5639697605511174,2048.0,1805.0,99.0,81.0,223.0,0.8181818181818182
I_randomized_6bba,13250,0.7419810580015183,207.4804458427243,,,,,,,
I_randomized_6bba,13500,0.7133075610399247,211.41707291314378,,,,,,,
I_randomized_6bba,13750,0.7391149271726608,215.38119665393606,,,,,,,
I_randomized_6bba,14000,0.6954259160757065,219.35515713877976,0.37319901608861983,2048.0,1929.0,99.0,79.0,91.0,0.797979797979798
I_randomized_6bba,14250,0.7200364899635315,223.59948628302664,,,,,,,
I_randomized_6bba,14500,0.7133183968067169,227.54030141280964,,,,,,,
I_randomized_6bba,14750,0.6939234533309937,231.51905765011907,,,,,,,
I_randomized_6bba,15000,0.7027524605393409,235.5815422721207,0.6946327472105622,2048.0,1754.0,99.0,83.0,274.0,0.8383838383838383
I_randomized_6bba,15250,0.7032954282760621,239.72922201594338,,,,,,,
I_randomized_6bba,15500,0.674899433016777,243.619859830942,,,,,,,
I_randomized_6bba,15750,0.7245661126375198,247.67095116199926,,,,,,,
I_randomized_6bba,16000,0.6986394140124321,251.22865567915142,0.47323311446234584,2048.0,1856.0,99.0,78.0,166.0,0.7878787878787878
I_randomized_6bba,16250,0.6626761230230331,255.5990314250812,,,,,,,
I_randomized_6bba,16500,0.6674046106338501,259.4923797948286,,,,,,,
I_randomized_6bba,16750,0.6995160294771194,263.5034929169342,,,,,,,
I_randomized_6bba,17000,0.6494353332519531,267.2525462349877,0.46757990133482963,2048.0,1832.0,99.0,84.0,198.0,0.8484848484848485
I_randomized_6bba,17250,0.690657401561737,271.4285164778121,,,,,,,
I_randomized_6bba,17500,0.6789113209247589,275.3252660948783,,,,,,,
I_randomized_6bba,17750,0.6923902578353882,278.9013364179991,,,,,,,
I_randomized_6bba,18000,0.662895128428936,282.8572153560817,0.5234544024569914,2048.0,1836.0,99.0,84.0,192.0,0.8484848484848485
I_randomized_6bba,18250,0.6440868418216705,287.03244344796985,,,,,,,
I_randomized_6bba,18500,0.6602710679769516,291.021444499027,,,,,,,
I_randomized_6bba,18750,0.6843393375873565,295.0236217067577,,,,,,,
I_randomized_6bba,19000,0.6782888848781585,298.82391407806426,0.3863410003250465,2048.0,1907.0,99.0,84.0,119.0,0.8484848484848485
I_randomized_6bba,19250,0.6684666427969933,303.1016810028814,,,,,,,
I_randomized_6bba,19500,0.6567351680994034,307.1496258350089,,,,,,,
I_randomized_6bba,19750,0.6304295553565026,311.14243449410424,,,,,,,
I_randomized_6bba,20000,0.654886026263237,314.4471819321625,0.482369216857478,2048.0,1854.0,99.0,82.0,172.0,0.8282828282828283
I_real_44b6,250,1.3785414732694625,4.327944725751877,,,,,,,
I_real_44b6,500,0.22486343383789062,7.6878896239213645,,,,,,,
I_real_44b6,750,0.13067320849001407,11.520857456605881,,,,,,,
I_real_44b6,1000,0.10838321747630834,15.180915058590472,,,,,,,
I_real_44b6,1250,0.09759995441138744,18.520882569719106,,,,,,,
I_real_44b6,1500,0.07679462159052491,22.58232133463025,,,,,,,
I_real_44b6,1750,0.057542011031880974,26.642141769640148,,,,,,,
I_real_44b6,2000,0.08046849389001727,30.607183237560093,,,,,,,
I_real_44b6,2250,0.069736304840073,34.22587807383388,,,,,,,
I_real_44b6,2500,0.03829397857747972,38.153106113895774,,,,,,,
I_real_44b6,2750,0.04491726057231426,42.054167174734175,,,,,,,
I_real_44b6,3000,0.03714547103084624,45.595625925809145,,,,,,,
I_real_44b6,3250,0.05530136627703905,49.46960630174726,,,,,,,
I_real_44b6,3500,0.028499838149175047,53.166574478615075,,,,,,,
I_real_44b6,3750,0.04841656483709812,57.1429002978839,,,,,,,
I_real_44b6,4000,0.02697032262478024,60.77256239578128,,,,,,,
I_real_44b6,4250,0.05049015703983605,64.43265876499936,,,,,,,
I_real_44b6,4500,0.021997166777495296,67.89857408357784,,,,,,,
I_real_44b6,4750,0.0291882599638775,71.48659870680422,,,,,,,
I_real_44b6,5000,0.041956253831274805,74.78530520992354,,,,,,,
I_real_44b6,5250,0.022463877086527646,78.63944432372227,,,,,,,
I_real_44b6,5500,0.019498451231513173,82.49734477791935,,,,,,,
I_real_44b6,5750,0.02372101472876966,86.2680720477365,,,,,,,
I_real_44b6,6000,0.049237335487268864,90.09564551478252,,,,,,,
I_real_44b6,6250,0.029615827319212258,93.59924914175645,,,,,,,
I_real_44b6,6500,0.018714857457205653,97.3159089316614,,,,,,,
I_real_44b6,6750,0.02424977131932974,100.25126635981724,,,,,,,
I_real_44b6,7000,0.02547872536559589,104.0928860725835,,,,,,,
I_real_44b6,7250,0.018872020146111026,108.05448434269056,,,,,,,
I_real_44b6,7500,0.01979720094264485,111.9852415015921,,,,,,,
I_real_44b6,7750,0.024370061669265853,115.06620922964066,,,,,,,
I_real_44b6,8000,0.014065247199847362,118.57961996179074,,,,,,,
I_real_44b6,8250,0.01859543804905843,122.13248146371916,,,,,,,
I_real_44b6,8500,0.015328995262505486,126.29539683787152,,,,,,,
I_real_44b6,8750,0.01504656682861969,130.60218822862953,,,,,,,
I_real_44b6,9000,0.013646521334652788,134.56874106591567,,,,,,,
I_real_44b6,9250,0.017888170120539143,138.22971646068618,,,,,,,
I_real_44b6,9500,0.035488682577153666,142.44517013058066,,,,,,,
I_real_44b6,9750,0.01591873493604362,146.7126757586375,,,,,,,
I_real_44b6,10000,0.01378215163963614,150.81185525655746,,,,,,,
I_real_44b6,10250,0.010883655653335154,155.21125877276063,,,,,,,
I_real_44b6,10500,0.013919020063476638,159.01762793166563,,,,,,,
I_real_44b6,10750,0.011315120409999508,162.49734428757802,,,,,,,
I_real_44b6,11000,0.013739641692256555,165.9425599668175,,,,,,,
I_real_44b6,11250,0.02818040940735955,169.98528181156144,,,,,,,
I_real_44b6,11500,0.01387296600244008,173.4534125807695,,,,,,,
I_real_44b6,11750,0.009491648067894858,177.24927223660052,,,,,,,
I_real_44b6,12000,0.019968251307087483,180.48245561495423,,,,,,,
I_real_44b6,12250,0.009456975624372716,184.37280750274658,,,,,,,
I_real_44b6,12500,0.011430697293835692,188.29982920363545,,,,,,,
I_real_44b6,12750,0.019331577940261923,192.2199166705832,,,,,,,
I_real_44b6,13000,0.00986900278617395,195.84402609197423,,,,,,,
I_real_44b6,13250,0.008224745249026454,199.28349254699424,,,,,,,
I_real_44b6,13500,0.010287702246860136,203.26873361878097,,,,,,,
I_real_44b6,13750,0.006939727344259154,207.20840984256938,,,,,,,
I_real_44b6,14000,0.010026928581821266,211.1182717657648,,,,,,,
I_real_44b6,14250,0.009035372620564886,214.040198167786,,,,,,,
I_real_44b6,14500,0.014065660910040606,217.6294247317128,,,,,,,
I_real_44b6,14750,0.012770519286801573,220.9196788975969,,,,,,,
I_real_44b6,15000,0.008742260305501987,224.79664852563292,,,,,,,
I_real_44b6,15250,0.01802524191699922,228.6890329197049,,,,,,,
I_real_44b6,15500,0.006379847606440308,232.58197287283838,,,,,,,
I_real_44b6,15750,0.0076612240107788235,236.48944397456944,,,,,,,
I_real_44b6,16000,0.005121618896722794,240.33187599666417,,,,,,,
I_real_44b6,16250,0.007248620889527956,244.09061389276758,,,,,,,
I_real_44b6,16500,0.006799142876887345,248.01826238865033,,,,,,,
I_real_44b6,16750,0.010026567511857138,251.95941141294315,,,,,,,
I_real_44b6,17000,0.0052010020873422035,255.90021792659536,,,,,,,
I_real_44b6,17250,0.007192559423594503,259.835093467962,,,,,,,
I_real_44b6,17500,0.005300496038991696,263.2474703695625,,,,,,,
I_real_44b6,17750,0.00850261019183381,267.1191077269614,,,,,,,
I_real_44b6,18000,0.006541082065697992,271.021868315991,,,,,,,
I_real_44b6,18250,0.006890158135924139,274.94835939863697,,,,,,,
I_real_44b6,18500,0.007216744106328406,278.78811009181663,,,,,,,
I_real_44b6,18750,0.0038353625626914435,282.52036953158677,,,,,,,
I_real_44b6,19000,0.004225328599801287,286.10339367063716,,,,,,,
I_real_44b6,19250,0.0035513539752064388,289.9556791516952,,,,,,,
I_real_44b6,19500,0.005357968168435036,293.8281619269401,,,,,,,
I_real_44b6,19750,0.007754433684048308,296.8484257427044,,,,,,,
I_real_44b6,20000,0.0036829200651845896,300.086659276858,,,,,,,
I_real_44b6_seed2,250,1.3622894465327262,3.7047541718930006,,,,,,,
I_real_44b6_seed2,500,0.18692948532104492,7.3762604971416295,,,,,,,
I_real_44b6_seed2,750,0.12518875588476658,11.341181349009275,,,,,,,
I_real_44b6_seed2,1000,0.11052221321314573,15.07365068886429,,,,,,,
I_real_44b6_seed2,1250,0.08223588605225086,18.627500961069018,,,,,,,
I_real_44b6_seed2,1500,0.06207475145533681,22.387379358988255,,,,,,,
I_real_44b6_seed2,1750,0.048927136920392515,25.993782864883542,,,,,,,
I_real_44b6_seed2,2000,0.08781313869915902,29.919672613032162,,,,,,,
I_real_44b6_seed2,2250,0.042325226297602055,33.03229708177969,,,,,,,
I_real_44b6_seed2,2500,0.041214103987440465,36.70701565081254,,,,,,,
I_real_44b6_seed2,2750,0.03809925973601639,40.65831909608096,,,,,,,
I_real_44b6_seed2,3000,0.047145571805536746,44.436808961909264,,,,,,,
I_real_44b6_seed2,3250,0.04013862088602036,48.25880546309054,,,,,,,
I_real_44b6_seed2,3500,0.03903675018530339,51.051478687208146,,,,,,,
I_real_44b6_seed2,3750,0.03851265611406416,55.01208721194416,,,,,,,
I_real_44b6_seed2,4000,0.04899524040706456,58.796725950203836,,,,,,,
I_real_44b6_seed2,4250,0.0283037203643471,62.69974627578631,,,,,,,
I_real_44b6_seed2,4500,0.03510202924348414,66.7692374358885,,,,,,,
I_real_44b6_seed2,4750,0.03504431956261397,70.30300456192344,,,,,,,
I_real_44b6_seed2,5000,0.032673666887450964,74.29637658176944,,,,,,,
I_real_44b6_seed2,5250,0.026515738738235085,77.55840178206563,,,,,,,
I_real_44b6_seed2,5500,0.03277230669464916,81.27763834176585,,,,,,,
I_real_44b6_seed2,5750,0.03233053329307586,84.69744426896796,,,,,,,
I_real_44b6_seed2,6000,0.044256424302235246,88.58308720076457,,,,,,,
I_real_44b6_seed2,6250,0.03204444282921031,92.37901736190543,,,,,,,
I_real_44b6_seed2,6500,0.025188837993424387,95.87077325303108,,,,,,,
I_real_44b6_seed2,6750,0.026445941899437456,99.37928989296779,,,,,,,
I_real_44b6_seed2,7000,0.020717192159034312,103.19919616589323,,,,,,,
I_real_44b6_seed2,7250,0.03420547079201788,106.81400780100375,,,,,,,
I_real_44b6_seed2,7500,0.02133925400301814,110.47095327917486,,,,,,,
I_real_44b6_seed2,7750,0.025621426047058776,114.1717093908228,,,,,,,
I_real_44b6_seed2,8000,0.024660331784980373,118.07153075514361,,,,,,,
I_real_44b6_seed2,8250,0.02793021375965327,121.96073136199266,,,,,,,
I_real_44b6_seed2,8500,0.020378105313982816,125.80803262395784,,,,,,,
I_real_44b6_seed2,8750,0.020895641846582293,129.61913013691083,,,,,,,
I_real_44b6_seed2,9000,0.02084694617218338,132.24412476690486,,,,,,,
I_real_44b6_seed2,9250,0.02442911826679483,136.22201324580237,,,,,,,
I_real_44b6_seed2,9500,0.01820196068985388,140.04604751989245,,,,,,,
I_real_44b6_seed2,9750,0.01725670145719778,144.15574739314616,,,,,,,
I_real_44b6_seed2,10000,0.016966934118187053,148.0998527589254,,,,,,,
I_real_44b6_seed2,10250,0.022190079861786217,151.40626410814002,,,,,,,
I_real_44b6_seed2,10500,0.024032625622698107,155.0928292358294,,,,,,,
I_real_44b6_seed2,10750,0.014851067731622607,158.98488677479327,,,,,,,
I_real_44b6_seed2,11000,0.015869996316847393,163.09546686708927,,,,,,,
I_real_44b6_seed2,11250,0.016733034073142333,167.07595684891567,,,,,,,
I_real_44b6_seed2,11500,0.015276523304870351,170.6862396108918,,,,,,,
I_real_44b6_seed2,11750,0.01386576486704871,174.42774519883096,,,,,,,
I_real_44b6_seed2,12000,0.013971200646017678,178.35433460678905,,,,,,,
I_real_44b6_seed2,12250,0.014527920602005907,181.9639359577559,,,,,,,
I_real_44b6_seed2,12500,0.02367378200404346,185.87504201801494,,,,,,,
I_real_44b6_seed2,12750,0.011623585079156328,189.56917711393908,,,,,,,
I_real_44b6_seed2,13000,0.011666020311706233,193.31149776792154,,,,,,,
I_real_44b6_seed2,13250,0.011310131143778563,197.30242637591437,,,,,,,
I_real_44b6_seed2,13500,0.012264322997361887,201.18470038613304,,,,,,,
I_real_44b6_seed2,13750,0.010886990445345872,205.1875270428136,,,,,,,
I_real_44b6_seed2,14000,0.014372277343994938,208.99100512918085,,,,,,,
I_real_44b6_seed2,14250,0.010204325057391543,212.93363651586697,,,,,,,
I_real_44b6_seed2,14500,0.014046175758121535,216.83529532700777,,,,,,,
I_real_44b6_seed2,14750,0.008374809266009834,220.76261841179803,,,,,,,
I_real_44b6_seed2,15000,0.016597247472498567,224.08978904876858,,,,,,,
I_real_44b6_seed2,15250,0.01971084731418523,227.63896506791934,,,,,,,
I_real_44b6_seed2,15500,0.018984004128462403,231.37511768518016,,,,,,,
I_real_44b6_seed2,15750,0.008400109814203461,235.26874297019094,,,,,,,
I_real_44b6_seed2,16000,0.009167541125032585,239.19048373401165,,,,,,,
I_real_44b6_seed2,16250,0.00973834707280912,243.14877014700323,,,,,,,
I_real_44b6_seed2,16500,0.008771938967838651,247.08597218990326,,,,,,,
I_real_44b6_seed2,16750,0.006042930322582834,251.0161084542051,,,,,,,
I_real_44b6_seed2,17000,0.014202509181690403,254.89489259105176,,,,,,,
I_real_44b6_seed2,17250,0.008601422681065741,258.8250528569333,,,,,,,
I_real_44b6_seed2,17500,0.007144894140277756,262.6012822659686,,,,,,,
I_real_44b6_seed2,17750,0.006238242922605422,266.33859118213877,,,,,,,
I_real_44b6_seed2,18000,0.006435212746779143,270.2567718080245,,,,,,,
I_real_44b6_seed2,18250,0.008544695343196509,274.1895018350333,,,,,,,
I_real_44b6_seed2,18500,0.014937274861207698,277.7456453819759,,,,,,,
I_real_44b6_seed2,18750,0.007684385946049588,281.565965144895,,,,,,,
I_real_44b6_seed2,19000,0.010977652887173462,285.4896268020384,,,,,,,
I_real_44b6_seed2,19250,0.008003034031076823,289.2610133839771,,,,,,,
I_real_44b6_seed2,19500,0.0052038236717125985,292.92053535813466,,,,,,,
I_real_44b6_seed2,19750,0.0050362287512980405,296.61927770311013,,,,,,,
I_real_44b6_seed2,20000,0.0059955571468744895,299.18340774206445,,,,,,,
I_real_6bba,250,2.110847495317459,4.409707550890744,,,,,,,
I_real_6bba,500,0.8968993717432022,8.194483346771449,,,,,,,
I_real_6bba,750,0.5306897716522216,11.980423559900373,,,,,,,
I_real_6bba,1000,0.3813808115720749,15.818739430978894,,,,,,,
I_real_6bba,1250,0.3249833732843399,19.543767510913312,,,,,,,
I_real_6bba,1500,0.2765173298716545,23.004694789648056,,,,,,,
I_real_6bba,1750,0.25756841599941255,26.8098243358545,,,,,,,
I_real_6bba,2000,0.2295108421444893,30.76530298963189,,,,,,,
I_real_6bba,2250,0.18781791463494302,34.50687275175005,,,,,,,
I_real_6bba,2500,0.16191628634929656,38.36132514383644,,,,,,,
I_real_6bba,2750,0.19036629484593867,42.33682018797845,,,,,,,
I_real_6bba,3000,0.12575258281826973,46.247747115790844,,,,,,,
I_real_6bba,3250,0.12600379954278468,49.99297471297905,,,,,,,
I_real_6bba,3500,0.14738289767503737,53.38401736272499,,,,,,,
I_real_6bba,3750,0.11917155554890632,56.86544941691682,,,,,,,
I_real_6bba,4000,0.10329495786130428,60.250885953661054,,,,,,,
I_real_6bba,4250,0.09078395499289035,64.1505615459755,,,,,,,
I_real_6bba,4500,0.12737227906286716,68.18330816971138,,,,,,,
I_real_6bba,4750,0.0847920705191791,72.17461487464607,,,,,,,
I_real_6bba,5000,0.07415957180783153,75.16555749997497,,,,,,,
I_real_6bba,5250,0.08614932144805788,78.95300469361246,,,,,,,
I_real_6bba,5500,0.09472477344796061,82.24373326497152,,,,,,,
I_real_6bba,5750,0.06863843657076359,86.1086209625937,,,,,,,
I_real_6bba,6000,0.056769937951117753,90.12883617170155,,,,,,,
I_real_6bba,6250,0.13338635478913785,93.88435569964349,,,,,,,
I_real_6bba,6500,0.05823532179184258,97.5644158758223,,,,,,,
I_real_6bba,6750,0.05906779116205871,101.67705255188048,,,,,,,
I_real_6bba,7000,0.05461579728871584,105.56997793773189,,,,,,,
I_real_6bba,7250,0.06880990333296358,109.56993084168062,,,,,,,
I_real_6bba,7500,0.05255073419213295,113.6339919376187,,,,,,,
I_real_6bba,7750,0.04702001284621656,117.35959652299061,,,,,,,
I_real_6bba,8000,0.06016847682744265,121.3437071479857,,,,,,,
I_real_6bba,8250,0.07879355727694928,125.28979359799996,,,,,,,
I_real_6bba,8500,0.05082838075235486,129.1763980598189,,,,,,,
I_real_6bba,8750,0.054648669000715015,133.13550487160683,,,,,,,
I_real_6bba,9000,0.054834942918270825,137.16972341760993,,,,,,,
I_real_6bba,9250,0.0481318081188947,141.14574741385877,,,,,,,
I_real_6bba,9500,0.03779338525794446,144.91382073285058,,,,,,,
I_real_6bba,9750,0.047956118656322363,148.54832635400817,,,,,,,
I_real_6bba,10000,0.03582451926358044,152.37744107982144,,,,,,,
I_real_6bba,10250,0.035928939600475135,155.5656328657642,,,,,,,
I_real_6bba,10500,0.06629110151156783,159.4676534170285,,,,,,,
I_real_6bba,10750,0.050068607531487945,163.2522935490124,,,,,,,
I_real_6bba,11000,0.037691849250346424,167.148277932778,,,,,,,
I_real_6bba,11250,0.03891813474241644,171.04719728790224,,,,,,,
I_real_6bba,11500,0.03889021469280124,174.91057479474694,,,,,,,
I_real_6bba,11750,0.03259494286589325,178.79654853092507,,,,,,,
I_real_6bba,12000,0.041609686036594214,182.68939342768863,,,,,,,
I_real_6bba,12250,0.04778018011245876,186.4274857225828,,,,,,,
I_real_6bba,12500,0.03904564873408526,190.08587780501693,,,,,,,
I_real_6bba,12750,0.03585176690388471,193.9905370976776,,,,,,,
I_real_6bba,13000,0.03331562064029276,197.86155261285603,,,,,,,
I_real_6bba,13250,0.029853919879533352,201.7768524857238,,,,,,,
I_real_6bba,13500,0.04236728203948587,205.6749685779214,,,,,,,
I_real_6bba,13750,0.02689676094893366,209.57491077668965,,,,,,,
I_real_6bba,14000,0.05203917886409908,213.47878300677985,,,,,,,
I_real_6bba,14250,0.0312890890808776,217.3140088156797,,,,,,,
I_real_6bba,14500,0.03090654374612495,220.67092431988567,,,,,,,
I_real_6bba,14750,0.03307144120614976,224.57708002161235,,,,,,,
I_real_6bba,15000,0.02465798474708572,228.28047685557976,,,,,,,
I_real_6bba,15250,0.02406793184299022,232.12093810690567,,,,,,,
I_real_6bba,15500,0.024462335858028383,236.02959660673514,,,,,,,
I_real_6bba,15750,0.049398409756831824,239.8994456366636,,,,,,,
I_real_6bba,16000,0.055606387074105444,243.55925529496744,,,,,,,
I_real_6bba,16250,0.03402802844066173,247.25577238667756,,,,,,,
I_real_6bba,16500,0.024930497786495833,251.10675319470465,,,,,,,
I_real_6bba,16750,0.02262652741326019,254.66192780900747,,,,,,,
I_real_6bba,17000,0.022512981057167054,258.3627877556719,,,,,,,
I_real_6bba,17250,0.02215335755608976,262.06885670358315,,,,,,,
I_real_6bba,17500,0.049271156881935896,265.9611553288996,,,,,,,
I_real_6bba,17750,0.02759342917148024,269.64066257700324,,,,,,,
I_real_6bba,18000,0.025338507206179202,273.42648026160896,,,,,,,
I_real_6bba,18250,0.027084734670817852,276.29608586477116,,,,,,,
I_real_6bba,18500,0.021845224049407988,280.10923273395747,,,,,,,
I_real_6bba,18750,0.02290081712882966,283.5586970807053,,,,,,,
I_real_6bba,19000,0.03001952507789247,287.21180686401203,,,,,,,
I_real_6bba,19250,0.023286434076260774,291.01768936868757,,,,,,,
I_real_6bba,19500,0.024011633336544037,294.9119255859405,,,,,,,
I_real_6bba,19750,0.037551257086917755,298.8106498718262,,,,,,,
I_real_6bba,20000,0.028094006256666033,302.67985148495063,,,,,,,
I_real_6bba_seed2,250,2.242008105278015,4.591067017056048,,,,,,,
I_real_6bba_seed2,500,1.026848549246788,8.312399232760072,,,,,,,
I_real_6bba_seed2,750,0.6013850274085999,12.244639818090945,,,,,,,
I_real_6bba_seed2,1000,0.41332271283864974,16.122594584710896,,,,,,,
I_real_6bba_seed2,1250,0.37049182242155076,20.184688173700124,,,,,,,
I_real_6bba_seed2,1500,0.32657668519020083,24.085538818966597,,,,,,,
I_real_6bba_seed2,1750,0.278972054541111,27.646699936129153,,,,,,,
I_real_6bba_seed2,2000,0.2697810307741165,31.538930635899305,,,,,,,
I_real_6bba_seed2,2250,0.22288510027527808,35.44799760589376,,,,,,,
I_real_6bba_seed2,2500,0.21469464749097825,39.32865778915584,,,,,,,
I_real_6bba_seed2,2750,0.17705161136388778,43.22093969071284,,,,,,,
I_real_6bba_seed2,3000,0.18096028591692448,46.55511862272397,,,,,,,
I_real_6bba_seed2,3250,0.17266228352487087,49.99497901275754,,,,,,,
I_real_6bba_seed2,3500,0.14412874978780746,53.66316806897521,,,,,,,
I_real_6bba_seed2,3750,0.16347387117147447,57.56878983415663,,,,,,,
I_real_6bba_seed2,4000,0.1191409143358469,61.420654049143195,,,,,,,
I_real_6bba_seed2,4250,0.13014929784834384,65.35330436006188,,,,,,,
I_real_6bba_seed2,4500,0.11545737383514643,69.22200086480007,,,,,,,
I_real_6bba_seed2,4750,0.10775947876274586,72.86597037408501,,,,,,,
I_real_6bba_seed2,5000,0.12748825458437205,76.88149096770212,,,,,,,
I_real_6bba_seed2,5250,0.13593623953685163,80.55177108105272,,,,,,,
I_real_6bba_seed2,5500,0.12146782333403826,84.25445305602625,,,,,,,
I_real_6bba_seed2,5750,0.09503411071747542,87.14453266374767,,,,,,,
I_real_6bba_seed2,6000,0.08109132251888514,91.02025481779128,,,,,,,
I_real_6bba_seed2,6250,0.07677102056145668,94.92853550799191,,,,,,,
I_real_6bba_seed2,6500,0.11400505704060197,98.8185606840998,,,,,,,
I_real_6bba_seed2,6750,0.0918663830794394,102.56202695099637,,,,,,,
I_real_6bba_seed2,7000,0.10414481482282281,106.24259934294969,,,,,,,
I_real_6bba_seed2,7250,0.07489904897287487,109.78285635914654,,,,,,,
I_real_6bba_seed2,7500,0.06371999883651733,113.67529554106295,,,,,,,
I_real_6bba_seed2,7750,0.06646668670699,117.57402219669893,,,,,,,
I_real_6bba_seed2,8000,0.06063507730141282,121.25153384590521,,,,,,,
I_real_6bba_seed2,8250,0.05602518066391349,125.15883029811084,,,,,,,
I_real_6bba_seed2,8500,0.0777762541435659,129.02689238684252,,,,,,,
I_real_6bba_seed2,8750,0.06563440072908998,132.86540613276884,,,,,,,
I_real_6bba_seed2,9000,0.05292213781550527,136.73927884176373,,,,,,,
I_real_6bba_seed2,9250,0.048150238500908014,139.9693667027168,,,,,,,
I_real_6bba_seed2,9500,0.055706912675872446,143.78665721276775,,,,,,,
I_real_6bba_seed2,9750,0.051445055006071924,147.34919934999198,,,,,,,
I_real_6bba_seed2,10000,0.04753182516153902,151.25120251998305,,,,,,,
I_real_6bba_seed2,10250,0.0570499203754589,155.12666493002325,,,,,,,
I_real_6bba_seed2,10500,0.04890978379175067,159.0387671920471,,,,,,,
I_real_6bba_seed2,10750,0.05077877140790224,162.643573645968,,,,,,,
I_real_6bba_seed2,11000,0.040400264812633396,166.27042804192752,,,,,,,
I_real_6bba_seed2,11250,0.057165870809927584,169.63320491509512,,,,,,,
I_real_6bba_seed2,11500,0.03309204909205437,173.5167055237107,,,,,,,
I_real_6bba_seed2,11750,0.0456693500354886,176.86420340603217,,,,,,,
I_real_6bba_seed2,12000,0.061083470337092875,180.7903183819726,,,,,,,
I_real_6bba_seed2,12250,0.045979402736760676,184.7821337999776,,,,,,,
I_real_6bba_seed2,12500,0.039509820002131164,188.5025672800839,,,,,,,
I_real_6bba_seed2,12750,0.043792272388935086,192.4510856489651,,,,,,,
I_real_6bba_seed2,13000,0.03682881815545261,196.38171965675429,,,,,,,
I_real_6bba_seed2,13250,0.04187230660300702,200.31885270494968,,,,,,,
I_real_6bba_seed2,13500,0.03644831906817853,204.2132238219492,,,,,,,
I_real_6bba_seed2,13750,0.039372694629244503,208.11257199198008,,,,,,,
I_real_6bba_seed2,14000,0.04463140504714101,212.02180241886526,,,,,,,
I_real_6bba_seed2,14250,0.05492279480677098,215.95022364892066,,,,,,,
I_real_6bba_seed2,14500,0.03101767612155527,219.63143657706678,,,,,,,
I_real_6bba_seed2,14750,0.033489660733845086,223.41234938800335,,,,,,,
I_real_6bba_seed2,15000,0.027609630078077315,227.18495181202888,,,,,,,
I_real_6bba_seed2,15250,0.025111399991437793,230.7540407651104,,,,,,,
I_real_6bba_seed2,15500,0.03693012268282473,234.09356882283464,,,,,,,
I_real_6bba_seed2,15750,0.04972913265321404,237.99605298181996,,,,,,,
I_real_6bba_seed2,16000,0.03300446307007223,241.71942668501288,,,,,,,
I_real_6bba_seed2,16250,0.032556565637700256,245.28147638076916,,,,,,,
I_real_6bba_seed2,16500,0.03536734579363838,248.90147849870846,,,,,,,
I_real_6bba_seed2,16750,0.032230691905133425,252.6648432179354,,,,,,,
I_real_6bba_seed2,17000,0.02296495899744332,256.5140391611494,,,,,,,
I_real_6bba_seed2,17250,0.032078148839529606,259.9167882739566,,,,,,,
I_real_6bba_seed2,17500,0.03153022836474702,263.80753245111555,,,,,,,
I_real_6bba_seed2,17750,0.033771883410401646,267.1067397939041,,,,,,,
I_real_6bba_seed2,18000,0.03942509866459295,270.2072685547173,,,,,,,
I_real_6bba_seed2,18250,0.02393235868960619,273.90291618183255,,,,,,,
I_real_6bba_seed2,18500,0.028211371649522334,277.75342347705737,,,,,,,
I_real_6bba_seed2,18750,0.03403299415577203,281.68159549171105,,,,,,,
I_real_6bba_seed2,19000,0.028538660869468005,285.3728011827916,,,,,,,
I_real_6bba_seed2,19250,0.02861795333167538,289.1825103168376,,,,,,,
I_real_6bba_seed2,19500,0.027465933260042222,293.05746360775083,,,,,,,
I_real_6bba_seed2,19750,0.024626690084580332,296.8839884819463,,,,,,,
I_real_6bba_seed2,20000,0.024996647029183805,300.54694184008986,,,,,,,
I_rendered_44b6,250,2.453943943500519,4.16239711176604,,,,,,,
I_rendered_44b6,500,2.13834929561615,7.986524488776922,,,,,,,
I_rendered_44b6,750,1.9084336910247803,11.835480098146945,,,,,,,
I_rendered_44b6,1000,1.8203734121322632,15.398283082060516,1.146537069696933,2048.0,1581.0,99.0,40.0,431.0,0.40404040404040403
I_rendered_44b6,1250,1.709598287820816,19.333716833032668,,,,,,,
I_rendered_44b6,1500,1.6073717229366302,23.13675237679854,,,,,,,
I_rendered_44b6,1750,1.5512832055091859,26.960898695979267,,,,,,,
I_rendered_44b6,2000,1.4807805027961731,30.590940936934203,1.0032777900341898,2048.0,1615.0,99.0,54.0,404.0,0.5454545454545454
I_rendered_44b6,2250,1.419372097015381,34.55221023177728,,,,,,,
I_rendered_44b6,2500,1.398614863395691,38.15720403473824,,,,,,,
I_rendered_44b6,2750,1.374938704252243,41.82206031307578,,,,,,,
I_rendered_44b6,3000,1.34874005651474,45.72996676899493,0.53828812437132,2048.0,1875.0,99.0,42.0,115.0,0.42424242424242425
I_rendered_44b6,3250,1.2952219440937043,50.03240355011076,,,,,,,
I_rendered_44b6,3500,1.295027541399002,53.924799289088696,,,,,,,
I_rendered_44b6,3750,1.2627501692771912,57.78501090500504,,,,,,,
I_rendered_44b6,4000,1.2994272367954254,61.63750847801566,0.6415756035130471,2048.0,1784.0,99.0,56.0,228.0,0.5656565656565656
I_rendered_44b6,4250,1.2764447379112243,65.34241221705452,,,,,,,
I_rendered_44b6,4500,1.1816292749643327,68.97097037313506,,,,,,,
I_rendered_44b6,4750,1.2289237407445908,72.72284258110449,,,,,,,
I_rendered_44b6,5000,1.1693585568666458,76.02999917417765,0.8179521034471691,2048.0,1698.0,99.0,64.0,326.0,0.6464646464646465
I_rendered_44b6,5250,1.1483454295396804,80.04987385496497,,,,,,,
I_rendered_44b6,5500,1.1677093114852906,83.3891080180183,,,,,,,
I_rendered_44b6,5750,1.127401796579361,87.37753950012848,,,,,,,
I_rendered_44b6,6000,1.129301834821701,90.97892542276531,0.7152851396240294,2048.0,1763.0,99.0,62.0,252.0,0.6262626262626263
I_rendered_44b6,6250,1.145253179192543,94.7785875047557,,,,,,,
I_rendered_44b6,6500,1.109385964155197,98.65402760310099,,,,,,,
I_rendered_44b6,6750,1.1226930675506592,101.9137824550271,,,,,,,
I_rendered_44b6,7000,1.0836709778308868,105.74109847797081,0.7540804271120578,2048.0,1708.0,99.0,75.0,318.0,0.7575757575757576
I_rendered_44b6,7250,1.0471975272893905,109.78178572608158,,,,,,,
I_rendered_44b6,7500,1.1022088412046434,113.50282376585528,,,,,,,
I_rendered_44b6,7750,1.0661420695781707,117.33598662400618,,,,,,,
I_rendered_44b6,8000,1.0665389654636384,120.80846570106223,0.6905285161919892,2048.0,1743.0,99.0,77.0,284.0,0.7777777777777778
I_rendered_44b6,8250,1.0376333976984025,125.04375926405191,,,,,,,
I_rendered_44b6,8500,0.9986198649406434,128.60090616578236,,,,,,,
I_rendered_44b6,8750,1.0227092514038085,132.43230052897707,,,,,,,
I_rendered_44b6,9000,1.0964591238498689,136.2608229117468,0.600451085017994,2048.0,1785.0,99.0,73.0,235.0,0.7373737373737373
I_rendered_44b6,9250,1.0334852312803269,140.26337079098448,,,,,,,
I_rendered_44b6,9500,0.9805407114028931,144.04491965612397,,,,,,,
I_rendered_44b6,9750,0.9995490046739578,147.7153438939713,,,,,,,
I_rendered_44b6,10000,0.9652450985908508,151.5024713948369,0.616661264328286,2048.0,1762.0,99.0,68.0,259.0,0.6868686868686869
I_rendered_44b6,10250,0.9520306652188301,154.38917528977618,,,,,,,
I_rendered_44b6,10500,1.0098587472438811,158.1548315351829,,,,,,,
I_rendered_44b6,10750,1.0184787493944167,160.95779002504423,,,,,,,
I_rendered_44b6,11000,0.9834631230831147,164.3384933359921,0.4987740133656189,2048.0,1830.0,99.0,69.0,185.0,0.696969696969697
I_rendered_44b6,11250,0.9517494058609008,168.45829398697242,,,,,,,
I_rendered_44b6,11500,0.9451001201868057,172.11030408600345,,,,,,,
I_rendered_44b6,11750,0.9386923943758011,175.6974653559737,,,,,,,
I_rendered_44b6,12000,0.9700064666867256,179.42349987477064,0.5864308895543218,2048.0,1818.0,99.0,76.0,207.0,0.7676767676767676
I_rendered_44b6,12250,0.9327295839786529,183.49737514089793,,,,,,,
I_rendered_44b6,12500,0.9442425122261048,187.0288303270936,,,,,,,
I_rendered_44b6,12750,0.9331271802186966,190.67469209386036,,,,,,,
I_rendered_44b6,13000,0.9081096248626709,193.796806728933,0.8525315937586129,2048.0,1631.0,99.0,83.0,399.0,0.8383838383838383
I_rendered_44b6,13250,0.8912280986309051,197.9108077790588,,,,,,,
I_rendered_44b6,13500,0.8937237311005592,201.82804686715826,,,,,,,
I_rendered_44b6,13750,0.9055680902004242,205.57638604892418,,,,,,,
I_rendered_44b6,14000,0.95698945748806,208.7695093890652,0.4401852427981794,2048.0,1894.0,99.0,71.0,120.0,0.7171717171717171
I_rendered_44b6,14250,0.9185957402586937,212.62342504411936,,,,,,,
I_rendered_44b6,14500,0.9026363067626954,216.11271371506155,,,,,,,
I_rendered_44b6,14750,0.8859269844293595,219.80844833189622,,,,,,,
I_rendered_44b6,15000,0.8592580599784851,223.14524245401844,0.5811982462182641,2048.0,1805.0,99.0,75.0,223.0,0.7575757575757576
I_rendered_44b6,15250,0.8821538654565811,227.33182856906205,,,,,,,
I_rendered_44b6,15500,0.8600390421152115,230.7992536718957,,,,,,,
I_rendered_44b6,15750,0.8494094620943069,234.64904904877767,,,,,,,
I_rendered_44b6,16000,0.8579726257324218,238.44132365472615,0.49079346959479153,2048.0,1852.0,99.0,80.0,171.0,0.8080808080808081
I_rendered_44b6,16250,0.8885722122192383,242.46850770479068,,,,,,,
I_rendered_44b6,16500,0.8299245167970657,246.36472653318197,,,,,,,
I_rendered_44b6,16750,0.8532195249795914,250.01312593184412,,,,,,,
I_rendered_44b6,17000,0.8664944665431976,253.6857396038249,0.6041868736501783,2048.0,1779.0,99.0,77.0,245.0,0.7777777777777778
I_rendered_44b6,17250,0.844787721991539,257.77042099274695,,,,,,,
I_rendered_44b6,17500,0.8315400397777557,261.22964020911604,,,,,,,
I_rendered_44b6,17750,0.8319769476652146,265.10281282290816,,,,,,,
I_rendered_44b6,18000,0.8181760748624801,268.5722969020717,0.5418204208835959,2048.0,1823.0,99.0,80.0,202.0,0.8080808080808081
I_rendered_44b6,18250,0.8108530866503716,272.19557658117265,,,,,,,
I_rendered_44b6,18500,0.804785205900669,275.28290989389643,,,,,,,
I_rendered_44b6,18750,0.811543714761734,279.1843984890729,,,,,,,
I_rendered_44b6,19000,0.8446972645521164,282.8773348107934,0.6261972644133493,2048.0,1763.0,99.0,81.0,264.0,0.8181818181818182
I_rendered_44b6,19250,0.857742921769619,287.20509366178885,,,,,,,
I_rendered_44b6,19500,0.8170521331429481,291.1393942097202,,,,,,,
I_rendered_44b6,19750,0.8029626214504242,294.4282628861256,,,,,,,
I_rendered_44b6,20000,0.8256910926103592,298.23004874400795,0.4676951199071482,2048.0,1861.0,99.0,82.0,163.0,0.8282828282828283
I_rendered_6bba,250,2.4185276613235476,4.2476141839288175,,,,,,,
I_rendered_6bba,500,2.1219957537651064,8.239751447923481,,,,,,,
I_rendered_6bba,750,1.9016283965110778,12.153963960241526,,,,,,,
I_rendered_6bba,1000,1.8075396025180817,15.639448050875217,1.1170979929156601,2048.0,1574.0,99.0,47.0,440.0,0.47474747474747475
I_rendered_6bba,1250,1.6638360092639923,19.300755586009473,,,,,,,
I_rendered_6bba,1500,1.5398220689296722,22.62180933309719,,,,,,,
I_rendered_6bba,1750,1.504544110059738,26.41641470324248,,,,,,,
I_rendered_6bba,2000,1.447290819644928,30.21554127521813,1.0304205946158618,2048.0,1590.0,99.0,55.0,430.0,0.5555555555555556
I_rendered_6bba,2250,1.4022219169139862,34.529276250861585,,,,,,,
I_rendered_6bba,2500,1.370366070985794,38.44716387987137,,,,,,,
I_rendered_6bba,2750,1.356197808265686,42.34144833823666,,,,,,,
I_rendered_6bba,3000,1.3249184045791627,46.20274826698005,0.5713315240573138,2048.0,1871.0,99.0,46.0,122.0,0.46464646464646464
I_rendered_6bba,3250,1.2667525222301483,50.039313678164035,,,,,,,
I_rendered_6bba,3500,1.2793495507240296,53.82309953914955,,,,,,,
I_rendered_6bba,3750,1.2446365733146667,56.823634322267026,,,,,,,
I_rendered_6bba,4000,1.2872373774051666,60.61236102785915,0.5796740548685193,2048.0,1819.0,99.0,57.0,190.0,0.5757575757575758
I_rendered_6bba,4250,1.2681384389400483,64.44602258922532,,,,,,,
I_rendered_6bba,4500,1.15741712141037,68.27255863603204,,,,,,,
I_rendered_6bba,4750,1.2114085206985474,72.09804654028267,,,,,,,
I_rendered_6bba,5000,1.1490444769859314,74.93736030999571,0.7886264978442341,2048.0,1699.0,99.0,68.0,324.0,0.6868686868686869
I_rendered_6bba,5250,1.1403071599006653,79.00176451308653,,,,,,,
I_rendered_6bba,5500,1.1445871200561524,82.74194514285773,,,,,,,
I_rendered_6bba,5750,1.1099716296195985,86.61475206585601,,,,,,,
I_rendered_6bba,6000,1.1294133131504058,90.10376877291128,0.8152911553625017,2048.0,1699.0,99.0,69.0,322.0,0.696969696969697
I_rendered_6bba,6250,1.1068261246681212,93.80682584503666,,,,,,,
I_rendered_6bba,6500,1.0706957130432129,97.5975921782665,,,,,,,
I_rendered_6bba,6750,1.1137941765785218,100.86574741499498,,,,,,,
I_rendered_6bba,7000,1.0645497566461564,104.54429194610566,0.5842282815137878,2048.0,1780.0,99.0,62.0,238.0,0.6262626262626263
I_rendered_6bba,7250,1.0163457959890365,108.07706402009353,,,,,,,
I_rendered_6bba,7500,1.0733787242174149,111.75652348110452,,,,,,,
I_rendered_6bba,7750,1.0375892918109895,114.95212672511116,,,,,,,
I_rendered_6bba,8000,1.035002561688423,118.73965600691736,0.5818579404149204,2048.0,1794.0,99.0,68.0,227.0,0.6868686868686869
I_rendered_6bba,8250,1.0034471926689148,122.10882590292022,,,,,,,
I_rendered_6bba,8500,0.9734720422029495,125.99983181199059,,,,,,,
I_rendered_6bba,8750,1.0072890532016754,129.55766739603132,,,,,,,
I_rendered_6bba,9000,1.0712761886119841,133.40744142699987,0.46528467058669776,2048.0,1869.0,99.0,62.0,147.0,0.6262626262626263
I_rendered_6bba,9250,1.0161907806396484,137.33212910592556,,,,,,,
I_rendered_6bba,9500,0.9584566603899002,140.78084819717333,,,,,,,
I_rendered_6bba,9750,0.9809948687553406,144.6685351622291,,,,,,,
I_rendered_6bba,10000,0.94771202647686,147.95430656522512,0.5550557946553454,2048.0,1802.0,99.0,73.0,217.0,0.7373737373737373
I_rendered_6bba,10250,0.9345625432729721,151.82977268612012,,,,,,,
I_rendered_6bba,10500,0.9738796820640564,155.4547090032138,,,,,,,
I_rendered_6bba,10750,0.9884609373807907,159.11322990711778,,,,,,,
I_rendered_6bba,11000,0.9581990724802018,162.69402596494183,0.5603888233890757,2048.0,1804.0,99.0,71.0,213.0,0.7171717171717171
I_rendered_6bba,11250,0.9475803670883178,167.01411246787757,,,,,,,
I_rendered_6bba,11500,0.9094073289632797,170.84373318823054,,,,,,,
I_rendered_6bba,11750,0.9166368497014046,174.78600020194426,,,,,,,
I_rendered_6bba,12000,0.9440272176265716,178.73652199609205,0.58000567718409,2048.0,1800.0,99.0,71.0,222.0,0.7171717171717171
I_rendered_6bba,12250,0.9086436942815781,182.4490894121118,,,,,,,
I_rendered_6bba,12500,0.9189507197141648,186.32620595628396,,,,,,,
I_rendered_6bba,12750,0.9182327702045441,190.16314205620438,,,,,,,
I_rendered_6bba,13000,0.8873149807453156,193.96722908318043,0.8859718337189406,2048.0,1613.0,99.0,80.0,416.0,0.8080808080808081
I_rendered_6bba,13250,0.8622423619031906,198.14388147415593,,,,,,,
I_rendered_6bba,13500,0.8698268358707428,201.7671507410705,,,,,,,
I_rendered_6bba,13750,0.9055291564464569,205.4009963502176,,,,,,,
I_rendered_6bba,14000,0.9292598750591278,208.880114170257,0.4602222121320665,2048.0,1869.0,99.0,75.0,152.0,0.7575757575757576
I_rendered_6bba,14250,0.9077777932882309,213.0835447749123,,,,,,,
I_rendered_6bba,14500,0.8771190129518509,216.93688956322148,,,,,,,
I_rendered_6bba,14750,0.8761213586330414,220.63298699213192,,,,,,,
I_rendered_6bba,15000,0.8394133727550507,224.41451543895528,0.6441207044990733,2048.0,1762.0,99.0,79.0,266.0,0.797979797979798
I_rendered_6bba,15250,0.8506063728332519,228.7438858281821,,,,,,,
I_rendered_6bba,15500,0.8394122478961945,232.6845811260864,,,,,,,
I_rendered_6bba,15750,0.8339854249954224,236.4698756132275,,,,,,,
I_rendered_6bba,16000,0.859183188199997,239.763019381091,0.48595534614287317,2048.0,1847.0,99.0,79.0,179.0,0.797979797979798
I_rendered_6bba,16250,0.8794848800897598,243.44986703014,,,,,,,
I_rendered_6bba,16500,0.8097356439828872,247.3182284119539,,,,,,,
I_rendered_6bba,16750,0.8230322490930557,251.0726303071715,,,,,,,
I_rendered_6bba,17000,0.8491105508208275,254.95222900202498,0.568821955122985,2048.0,1804.0,99.0,75.0,219.0,0.7575757575757576
I_rendered_6bba,17250,0.8260925321578979,259.0274896649644,,,,,,,
I_rendered_6bba,17500,0.8065084744691848,262.6824474912137,,,,,,,
I_rendered_6bba,17750,0.8165993891954422,266.67917138291523,,,,,,,
I_rendered_6bba,18000,0.7991164996623993,270.0455971788615,0.5035438580671325,2048.0,1861.0,99.0,78.0,164.0,0.7878787878787878
I_rendered_6bba,18250,0.7835881447196007,274.05763683328405,,,,,,,
I_rendered_6bba,18500,0.7870939130783081,276.9882238130085,,,,,,,
I_rendered_6bba,18750,0.8302825795412063,280.88493133801967,,,,,,,
I_rendered_6bba,19000,0.8330314664840698,284.71786038484424,0.6072256810730323,2048.0,1798.0,99.0,83.0,230.0,0.8383838383838383
I_rendered_6bba,19250,0.8409680455923081,288.7307801581919,,,,,,,
I_rendered_6bba,19500,0.8112480652332306,292.33442367985845,,,,,,,
I_rendered_6bba,19750,0.7911220061779022,295.62199376523495,,,,,,,
I_rendered_6bba,20000,0.7994310566782952,299.4772681868635,0.43060031917411834,2048.0,1879.0,99.0,80.0,145.0,0.8080808080808081
I_synthetic,250,2.2078235573768614,3.8721867883577943,,,,,,,
I_synthetic,500,1.7281228547096252,7.677023477386683,,,,,,,
I_synthetic,750,1.5756805369853972,11.568158109206706,,,,,,,
I_synthetic,1000,1.4448264577388763,15.49419394414872,0.9373385636135936,2048.0,1732.0,99.0,57.0,283.0,0.5757575757575758
I_synthetic,1250,1.361624000310898,19.751426331233233,,,,,,,
I_synthetic,1500,1.2970574507713317,23.634545498061925,,,,,,,
I_synthetic,1750,1.2298003692626953,27.40030788909644,,,,,,,
I_synthetic,2000,1.1691553156375885,31.28760330704972,0.467298915842548,2048.0,1904.0,99.0,45.0,91.0,0.45454545454545453
I_synthetic,2250,1.1619158470630646,35.5397647600621,,,,,,,
I_synthetic,2500,1.1185723453760148,39.00760107534006,,,,,,,
I_synthetic,2750,1.0575766216516496,42.77354900399223,,,,,,,
I_synthetic,3000,1.0433277035951614,46.582705141976476,0.8154337659943849,2048.0,1697.0,99.0,63.0,325.0,0.6363636363636364
I_synthetic,3250,1.042980460524559,50.64718624902889,,,,,,,
I_synthetic,3500,1.0088591287136077,54.425663955044,,,,,,,
I_synthetic,3750,0.9680593422651291,58.22025968739763,,,,,,,
I_synthetic,4000,0.9796377974748611,62.10083655221388,0.5394248533993959,2048.0,1816.0,99.0,67.0,200.0,0.6767676767676768
I_synthetic,4250,0.9429173415899277,66.31388973910362,,,,,,,
I_synthetic,4500,0.95446739757061,70.15655324328691,,,,,,,
I_synthetic,4750,0.8956470011472702,73.9454836230725,,,,,,,
I_synthetic,5000,0.8974007089138031,77.81033341540024,0.5361037208931521,2048.0,1836.0,99.0,69.0,183.0,0.696969696969697
I_synthetic,5250,0.8916543219089508,82.0180374593474,,,,,,,
I_synthetic,5500,0.8988384435176849,85.7286436073482,,,,,,,
I_synthetic,5750,0.8709767664074898,89.05864687124267,,,,,,,
I_synthetic,6000,0.87061955088377,92.85046835429966,0.5908837663009763,2048.0,1822.0,99.0,69.0,199.0,0.696969696969697
I_synthetic,6250,0.8601994706392289,97.0925670270808,,,,,,,
I_synthetic,6500,0.8621374660730362,101.02326842118055,,,,,,,
I_synthetic,6750,0.803233485519886,104.82901063840836,,,,,,,
I_synthetic,7000,0.8388114976882934,108.66462088143453,0.4503692863509059,2048.0,1876.0,99.0,68.0,143.0,0.6868686868686869
I_synthetic,7250,0.844642949461937,112.6690183612518,,,,,,,
I_synthetic,7500,0.8041243187189102,116.49541540024802,,,,,,,
I_synthetic,7750,0.8178309915065766,120.34932153997943,,,,,,,
I_synthetic,8000,0.7673223532438278,124.17578602442518,0.38637428416404873,2048.0,1918.0,99.0,70.0,100.0,0.7070707070707071
I_synthetic,8250,0.7981992083787918,128.29724636208266,,,,,,,
I_synthetic,8500,0.7839981481432915,132.1824445943348,,,,,,,
I_synthetic,8750,0.7641155482530594,136.0639560292475,,,,,,,
I_synthetic,9000,0.7539433059692383,139.92352291522548,0.4841378127457574,2048.0,1871.0,99.0,72.0,149.0,0.7272727272727273
I_synthetic,9250,0.7720740485191345,143.87766532227397,,,,,,,
I_synthetic,9500,0.7466950821876526,147.58391293231398,,,,,,,
I_synthetic,9750,0.7693529279232025,151.45675817038864,,,,,,,
I_synthetic,10000,0.757402196764946,155.3313154350035,0.5049072402762249,2048.0,1854.0,99.0,81.0,173.0,0.8181818181818182
I_synthetic,10250,0.733233136355877,159.5220848051831,,,,,,,
I_synthetic,10500,0.7583580949902534,163.27410584827885,,,,,,,
I_synthetic,10750,0.7281679420471191,167.19043800327927,,,,,,,
I_synthetic,11000,0.7003327689170837,171.0824543950148,0.35378561133984476,2048.0,1911.0,99.0,73.0,107.0,0.7373737373737373
I_synthetic,11250,0.7378175866603851,175.2909480324015,,,,,,,
I_synthetic,11500,0.7208692994117737,179.17182001424953,,,,,,,
I_synthetic,11750,0.7186895033121109,182.97727110004053,,,,,,,
I_synthetic,12000,0.7076531354188919,186.78342090221122,0.47743936523329467,2048.0,1872.0,99.0,76.0,149.0,0.7676767676767676
I_synthetic,12250,0.7070167853832244,190.8672025371343,,,,,,,
I_synthetic,12500,0.7152537512779236,194.66636916715652,,,,,,,
I_synthetic,12750,0.6988776488304138,198.46553876297548,,,,,,,
I_synthetic,13000,0.6953288371562958,202.29075411334634,0.545261099236086,2048.0,1829.0,99.0,82.0,202.0,0.8282828282828283
I_synthetic,13250,0.6986007343530655,206.38263074029237,,,,,,,
I_synthetic,13500,0.6746302383542061,210.18469307525083,,,,,,,
I_synthetic,13750,0.6974485978484154,213.98104966524988,,,,,,,
I_synthetic,14000,0.6579088495373726,216.94576865015551,0.4316379652591422,2048.0,1892.0,99.0,75.0,128.0,0.7575757575757576
I_synthetic,14250,0.6798538762927056,220.93787238933146,,,,,,,
I_synthetic,14500,0.6721410976052284,224.7203373122029,,,,,,,
I_synthetic,14750,0.6604665647149086,228.5161458463408,,,,,,,
I_synthetic,15000,0.6614128835797309,232.35952371917665,0.6371189941419289,2048.0,1796.0,99.0,86.0,234.0,0.8686868686868687
I_synthetic,15250,0.662854285120964,236.60226448904723,,,,,,,
I_synthetic,15500,0.6329393603205681,240.3170371213928,,,,,,,
I_synthetic,15750,0.6938101950287819,244.13450754107907,,,,,,,
I_synthetic,16000,0.6505333847999573,248.0043496522121,0.4865599465556443,2048.0,1857.0,99.0,84.0,172.0,0.8484848484848485
I_synthetic,16250,0.6196698004603386,252.28944986499846,,,,,,,
I_synthetic,16500,0.6382709621787072,256.1555677601136,,,,,,,
I_synthetic,16750,0.6557643254399299,259.96676327008754,,,,,,,
I_synthetic,17000,0.6084116119146347,263.7700545191765,0.4975674832239747,2048.0,1824.0,99.0,84.0,205.0,0.8484848484848485
I_synthetic,17250,0.6376874325871468,267.9431529212743,,,,,,,
I_synthetic,17500,0.6360875108838081,271.8598331301473,,,,,,,
I_synthetic,17750,0.6509778703451157,275.75074789999053,,,,,,,
I_synthetic,18000,0.6364594885706901,279.64550026040524,0.4626951201353222,2048.0,1872.0,99.0,85.0,157.0,0.8585858585858586
I_synthetic,18250,0.610223819732666,283.87004237808287,,,,,,,
I_synthetic,18500,0.6187390606999398,287.68296796130016,,,,,,,
I_synthetic,18750,0.6336526816487312,291.3800918762572,,,,,,,
I_synthetic,19000,0.631676295697689,295.18322194041684,0.39568331686314195,2048.0,1892.0,99.0,81.0,135.0,0.8181818181818182
I_synthetic,19250,0.6217931796908378,299.27167837740853,,,,,,,
I_synthetic,19500,0.6145587426126004,303.0787318442017,,,,,,,
I_synthetic,19750,0.5954845625758171,306.9981480371207,,,,,,,
I_synthetic,20000,0.6182862983345986,310.8525877231732,0.46454978128895164,2048.0,1870.0,99.0,85.0,158.0,0.8585858585858586
