arm,embryo,dimension,stratum,metric,count,status
A10,44b6,close_cells,isolated,division_fn,15,measured
A10,44b6,close_cells,isolated,division_fp,18,measured
A10,44b6,close_cells,isolated,division_tp,5,measured
A10,44b6,close_cells,isolated,edge_fn,635,measured
A10,44b6,close_cells,isolated,edge_fp,657,measured
A10,44b6,close_cells,isolated,edge_tp,14381,measured
A10,44b6,close_cells,within_7um_competitor,division_fn,4,measured
A10,44b6,close_cells,within_7um_competitor,division_fp,4,measured
A10,44b6,close_cells,within_7um_competitor,division_tp,2,measured
A10,44b6,close_cells,within_7um_competitor,edge_fn,308,measured
A10,44b6,close_cells,within_7um_competitor,edge_fp,434,measured
A10,44b6,close_cells,within_7um_competitor,edge_tp,4502,measured
A10,44b6,density10,high,division_fn,4,measured
A10,44b6,density10,high,division_fp,4,measured
A10,44b6,density10,high,division_tp,4,measured
A10,44b6,density10,high,edge_fn,318,measured
A10,44b6,density10,high,edge_fp,454,measured
A10,44b6,density10,high,edge_tp,5660,measured
A10,44b6,density10,low,division_fn,3,measured
A10,44b6,density10,low,division_fp,5,measured
A10,44b6,density10,low,division_tp,3,measured
A10,44b6,density10,low,edge_fn,54,measured
A10,44b6,density10,low,edge_fp,85,measured
A10,44b6,density10,low,edge_tp,3115,measured
A10,44b6,density10,middle,division_fn,12,measured
A10,44b6,density10,middle,division_fp,13,measured
A10,44b6,density10,middle,edge_fn,356,measured
A10,44b6,density10,middle,edge_fp,552,measured
A10,44b6,density10,middle,edge_tp,10108,measured
A10,44b6,density10,no_assigned_observation,edge_fn,215,measured
A10,44b6,depth,high,division_fn,6,measured
A10,44b6,depth,high,division_fp,5,measured
A10,44b6,depth,high,division_tp,1,measured
A10,44b6,depth,high,edge_fn,265,measured
A10,44b6,depth,high,edge_fp,315,measured
A10,44b6,depth,high,edge_tp,4487,measured
A10,44b6,depth,low,division_fn,4,measured
A10,44b6,depth,low,division_fp,3,measured
A10,44b6,depth,low,division_tp,1,measured
A10,44b6,depth,low,edge_fn,239,measured
A10,44b6,depth,low,edge_fp,237,measured
A10,44b6,depth,low,edge_tp,4489,measured
A10,44b6,depth,middle,division_fn,9,measured
A10,44b6,depth,middle,division_fp,14,measured
A10,44b6,depth,middle,division_tp,5,measured
A10,44b6,depth,middle,edge_fn,439,measured
A10,44b6,depth,middle,edge_fp,539,measured
A10,44b6,depth,middle,edge_tp,9907,measured
A10,44b6,event_support,division_extra,division_fp,22,measured
A10,44b6,event_support,division_no_fork,division_fn,17,measured
A10,44b6,event_support,division_observation,division_fn,2,measured
A10,44b6,intensity,high,division_fn,4,measured
A10,44b6,intensity,high,division_fp,7,measured
A10,44b6,intensity,high,division_tp,2,measured
A10,44b6,intensity,high,edge_fn,248,measured
A10,44b6,intensity,high,edge_fp,385,measured
A10,44b6,intensity,high,edge_tp,5871,measured
A10,44b6,intensity,low,division_fn,3,measured
A10,44b6,intensity,low,division_fp,1,measured
A10,44b6,intensity,low,division_tp,3,measured
A10,44b6,intensity,low,edge_fn,87,measured
A10,44b6,intensity,low,edge_fp,139,measured
A10,44b6,intensity,low,edge_tp,2566,measured
A10,44b6,intensity,middle,division_fn,12,measured
A10,44b6,intensity,middle,division_fp,14,measured
A10,44b6,intensity,middle,division_tp,2,measured
A10,44b6,intensity,middle,edge_fn,393,measured
A10,44b6,intensity,middle,edge_fp,567,measured
A10,44b6,intensity,middle,edge_tp,10446,measured
A10,44b6,intensity,no_assigned_observation,edge_fn,215,measured
A10,44b6,local_contrast,high,division_fn,5,measured
A10,44b6,local_contrast,high,division_fp,8,measured
A10,44b6,local_contrast,high,division_tp,3,measured
A10,44b6,local_contrast,high,edge_fn,163,measured
A10,44b6,local_contrast,high,edge_fp,258,measured
A10,44b6,local_contrast,high,edge_tp,6692,measured
A10,44b6,local_contrast,low,division_fn,3,measured
A10,44b6,local_contrast,low,division_fp,1,measured
A10,44b6,local_contrast,low,division_tp,2,measured
A10,44b6,local_contrast,low,edge_fn,110,measured
A10,44b6,local_contrast,low,edge_fp,180,measured
A10,44b6,local_contrast,low,edge_tp,1949,measured
A10,44b6,local_contrast,middle,division_fn,11,measured
A10,44b6,local_contrast,middle,division_fp,13,measured
A10,44b6,local_contrast,middle,division_tp,2,measured
A10,44b6,local_contrast,middle,edge_fn,455,measured
A10,44b6,local_contrast,middle,edge_fp,653,measured
A10,44b6,local_contrast,middle,edge_tp,10242,measured
A10,44b6,local_contrast,no_assigned_observation,edge_fn,215,measured
A10,44b6,spatial_boundary,interior,division_fn,17,measured
A10,44b6,spatial_boundary,interior,division_fp,18,measured
A10,44b6,spatial_boundary,interior,division_tp,5,measured
A10,44b6,spatial_boundary,interior,edge_fn,745,measured
A10,44b6,spatial_boundary,interior,edge_fp,900,measured
A10,44b6,spatial_boundary,interior,edge_tp,15701,measured
A10,44b6,spatial_boundary,within_7um,division_fn,2,measured
A10,44b6,spatial_boundary,within_7um,division_fp,4,measured
A10,44b6,spatial_boundary,within_7um,division_tp,2,measured
A10,44b6,spatial_boundary,within_7um,edge_fn,198,measured
A10,44b6,spatial_boundary,within_7um,edge_fp,191,measured
A10,44b6,spatial_boundary,within_7um,edge_tp,3182,measured
A10,44b6,temporal_boundary,boundary,edge_fn,71,measured
A10,44b6,temporal_boundary,boundary,edge_fp,44,measured
A10,44b6,temporal_boundary,boundary,edge_tp,728,measured
A10,44b6,temporal_boundary,interior,division_fn,19,measured
A10,44b6,temporal_boundary,interior,division_fp,22,measured
A10,44b6,temporal_boundary,interior,division_tp,7,measured
A10,44b6,temporal_boundary,interior,edge_fn,872,measured
A10,44b6,temporal_boundary,interior,edge_fp,1047,measured
A10,44b6,temporal_boundary,interior,edge_tp,18155,measured
A10,6bba,close_cells,isolated,division_fn,92,measured
A10,6bba,close_cells,isolated,division_fp,64,measured
A10,6bba,close_cells,isolated,division_tp,20,measured
A10,6bba,close_cells,isolated,edge_fn,4052,measured
A10,6bba,close_cells,isolated,edge_fp,2914,measured
A10,6bba,close_cells,isolated,edge_tp,97895,measured
A10,6bba,close_cells,within_7um_competitor,division_fn,11,measured
A10,6bba,close_cells,within_7um_competitor,division_fp,6,measured
A10,6bba,close_cells,within_7um_competitor,division_tp,2,measured
A10,6bba,close_cells,within_7um_competitor,edge_fn,698,measured
A10,6bba,close_cells,within_7um_competitor,edge_fp,1000,measured
A10,6bba,close_cells,within_7um_competitor,edge_tp,6412,measured
A10,6bba,density10,high,division_fn,9,measured
A10,6bba,density10,high,division_fp,7,measured
A10,6bba,density10,high,division_tp,1,measured
A10,6bba,density10,high,edge_fn,705,measured
A10,6bba,density10,high,edge_fp,1026,measured
A10,6bba,density10,high,edge_tp,7945,measured
A10,6bba,density10,low,division_fn,80,measured
A10,6bba,density10,low,division_fp,52,measured
A10,6bba,density10,low,division_tp,21,measured
A10,6bba,density10,low,edge_fn,1378,measured
A10,6bba,density10,low,edge_fp,2019,measured
A10,6bba,density10,low,edge_tp,86733,measured
A10,6bba,density10,middle,division_fn,12,measured
A10,6bba,density10,middle,division_fp,11,measured
A10,6bba,density10,middle,edge_fn,589,measured
A10,6bba,density10,middle,edge_fp,869,measured
A10,6bba,density10,middle,edge_tp,9629,measured
A10,6bba,density10,no_assigned_observation,division_fn,2,measured
A10,6bba,density10,no_assigned_observation,edge_fn,2078,measured
A10,6bba,depth,high,division_fn,26,measured
A10,6bba,depth,high,division_fp,26,measured
A10,6bba,depth,high,division_tp,9,measured
A10,6bba,depth,high,edge_fn,1412,measured
A10,6bba,depth,high,edge_fp,1137,measured
A10,6bba,depth,high,edge_tp,30092,measured
A10,6bba,depth,low,division_fn,39,measured
A10,6bba,depth,low,division_fp,17,measured
A10,6bba,depth,low,division_tp,7,measured
A10,6bba,depth,low,edge_fn,1812,measured
A10,6bba,depth,low,edge_fp,1468,measured
A10,6bba,depth,low,edge_tp,35491,measured
A10,6bba,depth,middle,division_fn,38,measured
A10,6bba,depth,middle,division_fp,27,measured
A10,6bba,depth,middle,division_tp,6,measured
A10,6bba,depth,middle,edge_fn,1526,measured
A10,6bba,depth,middle,edge_fp,1309,measured
A10,6bba,depth,middle,edge_tp,38724,measured
A10,6bba,event_support,division_cross,division_fp,5,measured
A10,6bba,event_support,division_extra,division_fp,65,measured
A10,6bba,event_support,division_no_fork,division_fn,81,measured
A10,6bba,event_support,division_observation,division_fn,22,measured
A10,6bba,intensity,high,division_fn,33,measured
A10,6bba,intensity,high,division_fp,27,measured
A10,6bba,intensity,high,division_tp,9,measured
A10,6bba,intensity,high,edge_fn,672,measured
A10,6bba,intensity,high,edge_fp,981,measured
A10,6bba,intensity,high,edge_tp,27162,measured
A10,6bba,intensity,low,division_fn,18,measured
A10,6bba,intensity,low,division_fp,10,measured
A10,6bba,intensity,low,division_tp,6,measured
A10,6bba,intensity,low,edge_fn,726,measured
A10,6bba,intensity,low,edge_fp,1064,measured
A10,6bba,intensity,low,edge_tp,33294,measured
A10,6bba,intensity,middle,division_fn,50,measured
A10,6bba,intensity,middle,division_fp,33,measured
A10,6bba,intensity,middle,division_tp,7,measured
A10,6bba,intensity,middle,edge_fn,1274,measured
A10,6bba,intensity,middle,edge_fp,1869,measured
A10,6bba,intensity,middle,edge_tp,43851,measured
A10,6bba,intensity,no_assigned_observation,division_fn,2,measured
A10,6bba,intensity,no_assigned_observation,edge_fn,2078,measured
A10,6bba,local_contrast,high,division_fn,44,measured
A10,6bba,local_contrast,high,division_fp,29,measured
A10,6bba,local_contrast,high,division_tp,12,measured
A10,6bba,local_contrast,high,edge_fn,433,measured
A10,6bba,local_contrast,high,edge_fp,630,measured
A10,6bba,local_contrast,high,edge_tp,34186,measured
A10,6bba,local_contrast,low,division_fn,18,measured
A10,6bba,local_contrast,low,division_fp,8,measured
A10,6bba,local_contrast,low,division_tp,3,measured
A10,6bba,local_contrast,low,edge_fn,1262,measured
A10,6bba,local_contrast,low,edge_fp,1880,measured
A10,6bba,local_contrast,low,edge_tp,27027,measured
A10,6bba,local_contrast,middle,division_fn,39,measured
A10,6bba,local_contrast,middle,division_fp,33,measured
A10,6bba,local_contrast,middle,division_tp,7,measured
A10,6bba,local_contrast,middle,edge_fn,977,measured
A10,6bba,local_contrast,middle,edge_fp,1404,measured
A10,6bba,local_contrast,middle,edge_tp,43094,measured
A10,6bba,local_contrast,no_assigned_observation,division_fn,2,measured
A10,6bba,local_contrast,no_assigned_observation,edge_fn,2078,measured
A10,6bba,spatial_boundary,interior,division_fn,82,measured
A10,6bba,spatial_boundary,interior,division_fp,55,measured
A10,6bba,spatial_boundary,interior,division_tp,21,measured
A10,6bba,spatial_boundary,interior,edge_fn,2968,measured
A10,6bba,spatial_boundary,interior,edge_fp,2530,measured
A10,6bba,spatial_boundary,interior,edge_tp,70020,measured
A10,6bba,spatial_boundary,within_7um,division_fn,21,measured
A10,6bba,spatial_boundary,within_7um,division_fp,15,measured
A10,6bba,spatial_boundary,within_7um,division_tp,1,measured
A10,6bba,spatial_boundary,within_7um,edge_fn,1782,measured
A10,6bba,spatial_boundary,within_7um,edge_fp,1384,measured
A10,6bba,spatial_boundary,within_7um,edge_tp,34287,measured
A10,6bba,temporal_boundary,boundary,division_fn,4,measured
A10,6bba,temporal_boundary,boundary,edge_fn,265,measured
A10,6bba,temporal_boundary,boundary,edge_fp,114,measured
A10,6bba,temporal_boundary,boundary,edge_tp,4372,measured
A10,6bba,temporal_boundary,interior,division_fn,99,measured
A10,6bba,temporal_boundary,interior,division_fp,70,measured
A10,6bba,temporal_boundary,interior,division_tp,22,measured
A10,6bba,temporal_boundary,interior,edge_fn,4485,measured
A10,6bba,temporal_boundary,interior,edge_fp,3800,measured
A10,6bba,temporal_boundary,interior,edge_tp,99935,measured
A10_replication,44b6,close_cells,isolated,division_fn,15,measured
A10_replication,44b6,close_cells,isolated,division_fp,18,measured
A10_replication,44b6,close_cells,isolated,division_tp,5,measured
A10_replication,44b6,close_cells,isolated,edge_fn,635,measured
A10_replication,44b6,close_cells,isolated,edge_fp,657,measured
A10_replication,44b6,close_cells,isolated,edge_tp,14381,measured
A10_replication,44b6,close_cells,within_7um_competitor,division_fn,4,measured
A10_replication,44b6,close_cells,within_7um_competitor,division_fp,4,measured
A10_replication,44b6,close_cells,within_7um_competitor,division_tp,2,measured
A10_replication,44b6,close_cells,within_7um_competitor,edge_fn,309,measured
A10_replication,44b6,close_cells,within_7um_competitor,edge_fp,434,measured
A10_replication,44b6,close_cells,within_7um_competitor,edge_tp,4501,measured
A10_replication,44b6,density10,high,division_fn,4,measured
A10_replication,44b6,density10,high,division_fp,4,measured
A10_replication,44b6,density10,high,division_tp,4,measured
A10_replication,44b6,density10,high,edge_fn,319,measured
A10_replication,44b6,density10,high,edge_fp,454,measured
A10_replication,44b6,density10,high,edge_tp,5659,measured
A10_replication,44b6,density10,low,division_fn,3,measured
A10_replication,44b6,density10,low,division_fp,5,measured
A10_replication,44b6,density10,low,division_tp,3,measured
A10_replication,44b6,density10,low,edge_fn,54,measured
A10_replication,44b6,density10,low,edge_fp,85,measured
A10_replication,44b6,density10,low,edge_tp,3115,measured
A10_replication,44b6,density10,middle,division_fn,12,measured
A10_replication,44b6,density10,middle,division_fp,13,measured
A10_replication,44b6,density10,middle,edge_fn,356,measured
A10_replication,44b6,density10,middle,edge_fp,552,measured
A10_replication,44b6,density10,middle,edge_tp,10108,measured
A10_replication,44b6,density10,no_assigned_observation,edge_fn,215,measured
A10_replication,44b6,depth,high,division_fn,6,measured
A10_replication,44b6,depth,high,division_fp,5,measured
A10_replication,44b6,depth,high,division_tp,1,measured
A10_replication,44b6,depth,high,edge_fn,266,measured
A10_replication,44b6,depth,high,edge_fp,315,measured
A10_replication,44b6,depth,high,edge_tp,4486,measured
A10_replication,44b6,depth,low,division_fn,4,measured
A10_replication,44b6,depth,low,division_fp,3,measured
A10_replication,44b6,depth,low,division_tp,1,measured
A10_replication,44b6,depth,low,edge_fn,239,measured
A10_replication,44b6,depth,low,edge_fp,237,measured
A10_replication,44b6,depth,low,edge_tp,4489,measured
A10_replication,44b6,depth,middle,division_fn,9,measured
A10_replication,44b6,depth,middle,division_fp,14,measured
A10_replication,44b6,depth,middle,division_tp,5,measured
A10_replication,44b6,depth,middle,edge_fn,439,measured
A10_replication,44b6,depth,middle,edge_fp,539,measured
A10_replication,44b6,depth,middle,edge_tp,9907,measured
A10_replication,44b6,event_support,division_extra,division_fp,22,measured
A10_replication,44b6,event_support,division_no_fork,division_fn,17,measured
A10_replication,44b6,event_support,division_observation,division_fn,2,measured
A10_replication,44b6,intensity,high,division_fn,4,measured
A10_replication,44b6,intensity,high,division_fp,7,measured
A10_replication,44b6,intensity,high,division_tp,2,measured
A10_replication,44b6,intensity,high,edge_fn,249,measured
A10_replication,44b6,intensity,high,edge_fp,385,measured
A10_replication,44b6,intensity,high,edge_tp,5870,measured
A10_replication,44b6,intensity,low,division_fn,3,measured
A10_replication,44b6,intensity,low,division_fp,1,measured
A10_replication,44b6,intensity,low,division_tp,3,measured
A10_replication,44b6,intensity,low,edge_fn,87,measured
A10_replication,44b6,intensity,low,edge_fp,139,measured
A10_replication,44b6,intensity,low,edge_tp,2566,measured
A10_replication,44b6,intensity,middle,division_fn,12,measured
A10_replication,44b6,intensity,middle,division_fp,14,measured
A10_replication,44b6,intensity,middle,division_tp,2,measured
A10_replication,44b6,intensity,middle,edge_fn,393,measured
A10_replication,44b6,intensity,middle,edge_fp,567,measured
A10_replication,44b6,intensity,middle,edge_tp,10446,measured
A10_replication,44b6,intensity,no_assigned_observation,edge_fn,215,measured
A10_replication,44b6,local_contrast,high,division_fn,5,measured
A10_replication,44b6,local_contrast,high,division_fp,8,measured
A10_replication,44b6,local_contrast,high,division_tp,3,measured
A10_replication,44b6,local_contrast,high,edge_fn,163,measured
A10_replication,44b6,local_contrast,high,edge_fp,258,measured
A10_replication,44b6,local_contrast,high,edge_tp,6692,measured
A10_replication,44b6,local_contrast,low,division_fn,3,measured
A10_replication,44b6,local_contrast,low,division_fp,1,measured
A10_replication,44b6,local_contrast,low,division_tp,2,measured
A10_replication,44b6,local_contrast,low,edge_fn,110,measured
A10_replication,44b6,local_contrast,low,edge_fp,180,measured
A10_replication,44b6,local_contrast,low,edge_tp,1949,measured
A10_replication,44b6,local_contrast,middle,division_fn,11,measured
A10_replication,44b6,local_contrast,middle,division_fp,13,measured
A10_replication,44b6,local_contrast,middle,division_tp,2,measured
A10_replication,44b6,local_contrast,middle,edge_fn,456,measured
A10_replication,44b6,local_contrast,middle,edge_fp,653,measured
A10_replication,44b6,local_contrast,middle,edge_tp,10241,measured
A10_replication,44b6,local_contrast,no_assigned_observation,edge_fn,215,measured
A10_replication,44b6,spatial_boundary,interior,division_fn,17,measured
A10_replication,44b6,spatial_boundary,interior,division_fp,18,measured
A10_replication,44b6,spatial_boundary,interior,division_tp,5,measured
A10_replication,44b6,spatial_boundary,interior,edge_fn,746,measured
A10_replication,44b6,spatial_boundary,interior,edge_fp,900,measured
A10_replication,44b6,spatial_boundary,interior,edge_tp,15700,measured
A10_replication,44b6,spatial_boundary,within_7um,division_fn,2,measured
A10_replication,44b6,spatial_boundary,within_7um,division_fp,4,measured
A10_replication,44b6,spatial_boundary,within_7um,division_tp,2,measured
A10_replication,44b6,spatial_boundary,within_7um,edge_fn,198,measured
A10_replication,44b6,spatial_boundary,within_7um,edge_fp,191,measured
A10_replication,44b6,spatial_boundary,within_7um,edge_tp,3182,measured
A10_replication,44b6,temporal_boundary,boundary,edge_fn,71,measured
A10_replication,44b6,temporal_boundary,boundary,edge_fp,44,measured
A10_replication,44b6,temporal_boundary,boundary,edge_tp,728,measured
A10_replication,44b6,temporal_boundary,interior,division_fn,19,measured
A10_replication,44b6,temporal_boundary,interior,division_fp,22,measured
A10_replication,44b6,temporal_boundary,interior,division_tp,7,measured
A10_replication,44b6,temporal_boundary,interior,edge_fn,873,measured
A10_replication,44b6,temporal_boundary,interior,edge_fp,1047,measured
A10_replication,44b6,temporal_boundary,interior,edge_tp,18154,measured
A10_replication,6bba,close_cells,isolated,division_fn,92,measured
A10_replication,6bba,close_cells,isolated,division_fp,64,measured
A10_replication,6bba,close_cells,isolated,division_tp,20,measured
A10_replication,6bba,close_cells,isolated,edge_fn,4052,measured
A10_replication,6bba,close_cells,isolated,edge_fp,2914,measured
A10_replication,6bba,close_cells,isolated,edge_tp,97895,measured
A10_replication,6bba,close_cells,within_7um_competitor,division_fn,11,measured
A10_replication,6bba,close_cells,within_7um_competitor,division_fp,6,measured
A10_replication,6bba,close_cells,within_7um_competitor,division_tp,2,measured
A10_replication,6bba,close_cells,within_7um_competitor,edge_fn,698,measured
A10_replication,6bba,close_cells,within_7um_competitor,edge_fp,999,measured
A10_replication,6bba,close_cells,within_7um_competitor,edge_tp,6412,measured
A10_replication,6bba,density10,high,division_fn,9,measured
A10_replication,6bba,density10,high,division_fp,7,measured
A10_replication,6bba,density10,high,division_tp,1,measured
A10_replication,6bba,density10,high,edge_fn,705,measured
A10_replication,6bba,density10,high,edge_fp,1026,measured
A10_replication,6bba,density10,high,edge_tp,7945,measured
A10_replication,6bba,density10,low,division_fn,80,measured
A10_replication,6bba,density10,low,division_fp,52,measured
A10_replication,6bba,density10,low,division_tp,21,measured
A10_replication,6bba,density10,low,edge_fn,1378,measured
A10_replication,6bba,density10,low,edge_fp,2018,measured
A10_replication,6bba,density10,low,edge_tp,86733,measured
A10_replication,6bba,density10,middle,division_fn,12,measured
A10_replication,6bba,density10,middle,division_fp,11,measured
A10_replication,6bba,density10,middle,edge_fn,589,measured
A10_replication,6bba,density10,middle,edge_fp,869,measured
A10_replication,6bba,density10,middle,edge_tp,9629,measured
A10_replication,6bba,density10,no_assigned_observation,division_fn,2,measured
A10_replication,6bba,density10,no_assigned_observation,edge_fn,2078,measured
A10_replication,6bba,depth,high,division_fn,26,measured
A10_replication,6bba,depth,high,division_fp,26,measured
A10_replication,6bba,depth,high,division_tp,9,measured
A10_replication,6bba,depth,high,edge_fn,1412,measured
A10_replication,6bba,depth,high,edge_fp,1137,measured
A10_replication,6bba,depth,high,edge_tp,30092,measured
A10_replication,6bba,depth,low,division_fn,39,measured
A10_replication,6bba,depth,low,division_fp,17,measured
A10_replication,6bba,depth,low,division_tp,7,measured
A10_replication,6bba,depth,low,edge_fn,1812,measured
A10_replication,6bba,depth,low,edge_fp,1467,measured
A10_replication,6bba,depth,low,edge_tp,35491,measured
A10_replication,6bba,depth,middle,division_fn,38,measured
A10_replication,6bba,depth,middle,division_fp,27,measured
A10_replication,6bba,depth,middle,division_tp,6,measured
A10_replication,6bba,depth,middle,edge_fn,1526,measured
A10_replication,6bba,depth,middle,edge_fp,1309,measured
A10_replication,6bba,depth,middle,edge_tp,38724,measured
A10_replication,6bba,event_support,division_cross,division_fp,5,measured
A10_replication,6bba,event_support,division_extra,division_fp,65,measured
A10_replication,6bba,event_support,division_no_fork,division_fn,81,measured
A10_replication,6bba,event_support,division_observation,division_fn,22,measured
A10_replication,6bba,intensity,high,division_fn,33,measured
A10_replication,6bba,intensity,high,division_fp,27,measured
A10_replication,6bba,intensity,high,division_tp,9,measured
A10_replication,6bba,intensity,high,edge_fn,672,measured
A10_replication,6bba,intensity,high,edge_fp,980,measured
A10_replication,6bba,intensity,high,edge_tp,27162,measured
A10_replication,6bba,intensity,low,division_fn,18,measured
A10_replication,6bba,intensity,low,division_fp,10,measured
A10_replication,6bba,intensity,low,division_tp,6,measured
A10_replication,6bba,intensity,low,edge_fn,726,measured
A10_replication,6bba,intensity,low,edge_fp,1064,measured
A10_replication,6bba,intensity,low,edge_tp,33294,measured
A10_replication,6bba,intensity,middle,division_fn,50,measured
A10_replication,6bba,intensity,middle,division_fp,33,measured
A10_replication,6bba,intensity,middle,division_tp,7,measured
A10_replication,6bba,intensity,middle,edge_fn,1274,measured
A10_replication,6bba,intensity,middle,edge_fp,1869,measured
A10_replication,6bba,intensity,middle,edge_tp,43851,measured
A10_replication,6bba,intensity,no_assigned_observation,division_fn,2,measured
A10_replication,6bba,intensity,no_assigned_observation,edge_fn,2078,measured
A10_replication,6bba,local_contrast,high,division_fn,44,measured
A10_replication,6bba,local_contrast,high,division_fp,29,measured
A10_replication,6bba,local_contrast,high,division_tp,12,measured
A10_replication,6bba,local_contrast,high,edge_fn,433,measured
A10_replication,6bba,local_contrast,high,edge_fp,630,measured
A10_replication,6bba,local_contrast,high,edge_tp,34186,measured
A10_replication,6bba,local_contrast,low,division_fn,18,measured
A10_replication,6bba,local_contrast,low,division_fp,8,measured
A10_replication,6bba,local_contrast,low,division_tp,3,measured
A10_replication,6bba,local_contrast,low,edge_fn,1262,measured
A10_replication,6bba,local_contrast,low,edge_fp,1880,measured
A10_replication,6bba,local_contrast,low,edge_tp,27027,measured
A10_replication,6bba,local_contrast,middle,division_fn,39,measured
A10_replication,6bba,local_contrast,middle,division_fp,33,measured
A10_replication,6bba,local_contrast,middle,division_tp,7,measured
A10_replication,6bba,local_contrast,middle,edge_fn,977,measured
A10_replication,6bba,local_contrast,middle,edge_fp,1403,measured
A10_replication,6bba,local_contrast,middle,edge_tp,43094,measured
A10_replication,6bba,local_contrast,no_assigned_observation,division_fn,2,measured
A10_replication,6bba,local_contrast,no_assigned_observation,edge_fn,2078,measured
A10_replication,6bba,spatial_boundary,interior,division_fn,82,measured
A10_replication,6bba,spatial_boundary,interior,division_fp,55,measured
A10_replication,6bba,spatial_boundary,interior,division_tp,21,measured
A10_replication,6bba,spatial_boundary,interior,edge_fn,2968,measured
A10_replication,6bba,spatial_boundary,interior,edge_fp,2530,measured
A10_replication,6bba,spatial_boundary,interior,edge_tp,70020,measured
A10_replication,6bba,spatial_boundary,within_7um,division_fn,21,measured
A10_replication,6bba,spatial_boundary,within_7um,division_fp,15,measured
A10_replication,6bba,spatial_boundary,within_7um,division_tp,1,measured
A10_replication,6bba,spatial_boundary,within_7um,edge_fn,1782,measured
A10_replication,6bba,spatial_boundary,within_7um,edge_fp,1383,measured
A10_replication,6bba,spatial_boundary,within_7um,edge_tp,34287,measured
A10_replication,6bba,temporal_boundary,boundary,division_fn,4,measured
A10_replication,6bba,temporal_boundary,boundary,edge_fn,265,measured
A10_replication,6bba,temporal_boundary,boundary,edge_fp,114,measured
A10_replication,6bba,temporal_boundary,boundary,edge_tp,4372,measured
A10_replication,6bba,temporal_boundary,interior,division_fn,99,measured
A10_replication,6bba,temporal_boundary,interior,division_fp,70,measured
A10_replication,6bba,temporal_boundary,interior,division_tp,22,measured
A10_replication,6bba,temporal_boundary,interior,edge_fn,4485,measured
A10_replication,6bba,temporal_boundary,interior,edge_fp,3799,measured
A10_replication,6bba,temporal_boundary,interior,edge_tp,99935,measured
C4_m6,44b6,close_cells,isolated,division_fn,15,measured
C4_m6,44b6,close_cells,isolated,division_fp,18,measured
C4_m6,44b6,close_cells,isolated,division_tp,5,measured
C4_m6,44b6,close_cells,isolated,edge_fn,644,measured
C4_m6,44b6,close_cells,isolated,edge_fp,656,measured
C4_m6,44b6,close_cells,isolated,edge_tp,14372,measured
C4_m6,44b6,close_cells,within_7um_competitor,division_fn,3,measured
C4_m6,44b6,close_cells,within_7um_competitor,division_fp,4,measured
C4_m6,44b6,close_cells,within_7um_competitor,division_tp,3,measured
C4_m6,44b6,close_cells,within_7um_competitor,edge_fn,316,measured
C4_m6,44b6,close_cells,within_7um_competitor,edge_fp,430,measured
C4_m6,44b6,close_cells,within_7um_competitor,edge_tp,4494,measured
C4_m6,44b6,density10,high,division_fn,4,measured
C4_m6,44b6,density10,high,division_fp,4,measured
C4_m6,44b6,density10,high,division_tp,4,measured
C4_m6,44b6,density10,high,edge_fn,321,measured
C4_m6,44b6,density10,high,edge_fp,449,measured
C4_m6,44b6,density10,high,edge_tp,5657,measured
C4_m6,44b6,density10,low,division_fn,3,measured
C4_m6,44b6,density10,low,division_fp,5,measured
C4_m6,44b6,density10,low,division_tp,3,measured
C4_m6,44b6,density10,low,edge_fn,54,measured
C4_m6,44b6,density10,low,edge_fp,85,measured
C4_m6,44b6,density10,low,edge_tp,3115,measured
C4_m6,44b6,density10,middle,division_fn,11,measured
C4_m6,44b6,density10,middle,division_fp,13,measured
C4_m6,44b6,density10,middle,division_tp,1,measured
C4_m6,44b6,density10,middle,edge_fn,370,measured
C4_m6,44b6,density10,middle,edge_fp,552,measured
C4_m6,44b6,density10,middle,edge_tp,10094,measured
C4_m6,44b6,density10,no_assigned_observation,edge_fn,215,measured
C4_m6,44b6,depth,high,division_fn,5,measured
C4_m6,44b6,depth,high,division_fp,5,measured
C4_m6,44b6,depth,high,division_tp,2,measured
C4_m6,44b6,depth,high,edge_fn,269,measured
C4_m6,44b6,depth,high,edge_fp,314,measured
C4_m6,44b6,depth,high,edge_tp,4483,measured
C4_m6,44b6,depth,low,division_fn,4,measured
C4_m6,44b6,depth,low,division_fp,3,measured
C4_m6,44b6,depth,low,division_tp,1,measured
C4_m6,44b6,depth,low,edge_fn,244,measured
C4_m6,44b6,depth,low,edge_fp,236,measured
C4_m6,44b6,depth,low,edge_tp,4484,measured
C4_m6,44b6,depth,middle,division_fn,9,measured
C4_m6,44b6,depth,middle,division_fp,14,measured
C4_m6,44b6,depth,middle,division_tp,5,measured
C4_m6,44b6,depth,middle,edge_fn,447,measured
C4_m6,44b6,depth,middle,edge_fp,536,measured
C4_m6,44b6,depth,middle,edge_tp,9899,measured
C4_m6,44b6,event_support,division_extra,division_fp,22,measured
C4_m6,44b6,event_support,division_no_fork,division_fn,16,measured
C4_m6,44b6,event_support,division_observation,division_fn,2,measured
C4_m6,44b6,intensity,high,division_fn,4,measured
C4_m6,44b6,intensity,high,division_fp,7,measured
C4_m6,44b6,intensity,high,division_tp,2,measured
C4_m6,44b6,intensity,high,edge_fn,254,measured
C4_m6,44b6,intensity,high,edge_fp,385,measured
C4_m6,44b6,intensity,high,edge_tp,5865,measured
C4_m6,44b6,intensity,low,division_fn,3,measured
C4_m6,44b6,intensity,low,division_fp,1,measured
C4_m6,44b6,intensity,low,division_tp,3,measured
C4_m6,44b6,intensity,low,edge_fn,88,measured
C4_m6,44b6,intensity,low,edge_fp,138,measured
C4_m6,44b6,intensity,low,edge_tp,2565,measured
C4_m6,44b6,intensity,middle,division_fn,11,measured
C4_m6,44b6,intensity,middle,division_fp,14,measured
C4_m6,44b6,intensity,middle,division_tp,3,measured
C4_m6,44b6,intensity,middle,edge_fn,403,measured
C4_m6,44b6,intensity,middle,edge_fp,563,measured
C4_m6,44b6,intensity,middle,edge_tp,10436,measured
C4_m6,44b6,intensity,no_assigned_observation,edge_fn,215,measured
C4_m6,44b6,local_contrast,high,division_fn,5,measured
C4_m6,44b6,local_contrast,high,division_fp,8,measured
C4_m6,44b6,local_contrast,high,division_tp,3,measured
C4_m6,44b6,local_contrast,high,edge_fn,165,measured
C4_m6,44b6,local_contrast,high,edge_fp,258,measured
C4_m6,44b6,local_contrast,high,edge_tp,6690,measured
C4_m6,44b6,local_contrast,low,division_fn,2,measured
C4_m6,44b6,local_contrast,low,division_fp,1,measured
C4_m6,44b6,local_contrast,low,division_tp,3,measured
C4_m6,44b6,local_contrast,low,edge_fn,112,measured
C4_m6,44b6,local_contrast,low,edge_fp,179,measured
C4_m6,44b6,local_contrast,low,edge_tp,1947,measured
C4_m6,44b6,local_contrast,middle,division_fn,11,measured
C4_m6,44b6,local_contrast,middle,division_fp,13,measured
C4_m6,44b6,local_contrast,middle,division_tp,2,measured
C4_m6,44b6,local_contrast,middle,edge_fn,468,measured
C4_m6,44b6,local_contrast,middle,edge_fp,649,measured
C4_m6,44b6,local_contrast,middle,edge_tp,10229,measured
C4_m6,44b6,local_contrast,no_assigned_observation,edge_fn,215,measured
C4_m6,44b6,spatial_boundary,interior,division_fn,16,measured
C4_m6,44b6,spatial_boundary,interior,division_fp,18,measured
C4_m6,44b6,spatial_boundary,interior,division_tp,6,measured
C4_m6,44b6,spatial_boundary,interior,edge_fn,759,measured
C4_m6,44b6,spatial_boundary,interior,edge_fp,897,measured
C4_m6,44b6,spatial_boundary,interior,edge_tp,15687,measured
C4_m6,44b6,spatial_boundary,within_7um,division_fn,2,measured
C4_m6,44b6,spatial_boundary,within_7um,division_fp,4,measured
C4_m6,44b6,spatial_boundary,within_7um,division_tp,2,measured
C4_m6,44b6,spatial_boundary,within_7um,edge_fn,201,measured
C4_m6,44b6,spatial_boundary,within_7um,edge_fp,189,measured
C4_m6,44b6,spatial_boundary,within_7um,edge_tp,3179,measured
C4_m6,44b6,temporal_boundary,boundary,edge_fn,72,measured
C4_m6,44b6,temporal_boundary,boundary,edge_fp,45,measured
C4_m6,44b6,temporal_boundary,boundary,edge_tp,727,measured
C4_m6,44b6,temporal_boundary,interior,division_fn,18,measured
C4_m6,44b6,temporal_boundary,interior,division_fp,22,measured
C4_m6,44b6,temporal_boundary,interior,division_tp,8,measured
C4_m6,44b6,temporal_boundary,interior,edge_fn,888,measured
C4_m6,44b6,temporal_boundary,interior,edge_fp,1041,measured
C4_m6,44b6,temporal_boundary,interior,edge_tp,18139,measured
C4_m6,6bba,close_cells,isolated,division_fn,92,measured
C4_m6,6bba,close_cells,isolated,division_fp,64,measured
C4_m6,6bba,close_cells,isolated,division_tp,20,measured
C4_m6,6bba,close_cells,isolated,edge_fn,4083,measured
C4_m6,6bba,close_cells,isolated,edge_fp,2894,measured
C4_m6,6bba,close_cells,isolated,edge_tp,97864,measured
C4_m6,6bba,close_cells,within_7um_competitor,division_fn,11,measured
C4_m6,6bba,close_cells,within_7um_competitor,division_fp,6,measured
C4_m6,6bba,close_cells,within_7um_competitor,division_tp,2,measured
C4_m6,6bba,close_cells,within_7um_competitor,edge_fn,707,measured
C4_m6,6bba,close_cells,within_7um_competitor,edge_fp,988,measured
C4_m6,6bba,close_cells,within_7um_competitor,edge_tp,6403,measured
C4_m6,6bba,density10,high,division_fn,9,measured
C4_m6,6bba,density10,high,division_fp,7,measured
C4_m6,6bba,density10,high,division_tp,1,measured
C4_m6,6bba,density10,high,edge_fn,713,measured
C4_m6,6bba,density10,high,edge_fp,1017,measured
C4_m6,6bba,density10,high,edge_tp,7937,measured
C4_m6,6bba,density10,low,division_fn,80,measured
C4_m6,6bba,density10,low,division_fp,52,measured
C4_m6,6bba,density10,low,division_tp,21,measured
C4_m6,6bba,density10,low,edge_fn,1405,measured
C4_m6,6bba,density10,low,edge_fp,2008,measured
C4_m6,6bba,density10,low,edge_tp,86706,measured
C4_m6,6bba,density10,middle,division_fn,12,measured
C4_m6,6bba,density10,middle,division_fp,11,measured
C4_m6,6bba,density10,middle,edge_fn,594,measured
C4_m6,6bba,density10,middle,edge_fp,857,measured
C4_m6,6bba,density10,middle,edge_tp,9624,measured
C4_m6,6bba,density10,no_assigned_observation,division_fn,2,measured
C4_m6,6bba,density10,no_assigned_observation,edge_fn,2078,measured
C4_m6,6bba,depth,high,division_fn,26,measured
C4_m6,6bba,depth,high,division_fp,26,measured
C4_m6,6bba,depth,high,division_tp,9,measured
C4_m6,6bba,depth,high,edge_fn,1425,measured
C4_m6,6bba,depth,high,edge_fp,1130,measured
C4_m6,6bba,depth,high,edge_tp,30079,measured
C4_m6,6bba,depth,low,division_fn,39,measured
C4_m6,6bba,depth,low,division_fp,17,measured
C4_m6,6bba,depth,low,division_tp,7,measured
C4_m6,6bba,depth,low,edge_fn,1825,measured
C4_m6,6bba,depth,low,edge_fp,1450,measured
C4_m6,6bba,depth,low,edge_tp,35478,measured
C4_m6,6bba,depth,middle,division_fn,38,measured
C4_m6,6bba,depth,middle,division_fp,27,measured
C4_m6,6bba,depth,middle,division_tp,6,measured
C4_m6,6bba,depth,middle,edge_fn,1540,measured
C4_m6,6bba,depth,middle,edge_fp,1302,measured
C4_m6,6bba,depth,middle,edge_tp,38710,measured
C4_m6,6bba,event_support,division_cross,division_fp,5,measured
C4_m6,6bba,event_support,division_extra,division_fp,65,measured
C4_m6,6bba,event_support,division_no_fork,division_fn,81,measured
C4_m6,6bba,event_support,division_observation,division_fn,22,measured
C4_m6,6bba,intensity,high,division_fn,33,measured
C4_m6,6bba,intensity,high,division_fp,27,measured
C4_m6,6bba,intensity,high,division_tp,9,measured
C4_m6,6bba,intensity,high,edge_fn,681,measured
C4_m6,6bba,intensity,high,edge_fp,969,measured
C4_m6,6bba,intensity,high,edge_tp,27153,measured
C4_m6,6bba,intensity,low,division_fn,18,measured
C4_m6,6bba,intensity,low,division_fp,10,measured
C4_m6,6bba,intensity,low,division_tp,6,measured
C4_m6,6bba,intensity,low,edge_fn,737,measured
C4_m6,6bba,intensity,low,edge_fp,1057,measured
C4_m6,6bba,intensity,low,edge_tp,33283,measured
C4_m6,6bba,intensity,middle,division_fn,50,measured
C4_m6,6bba,intensity,middle,division_fp,33,measured
C4_m6,6bba,intensity,middle,division_tp,7,measured
C4_m6,6bba,intensity,middle,edge_fn,1294,measured
C4_m6,6bba,intensity,middle,edge_fp,1856,measured
C4_m6,6bba,intensity,middle,edge_tp,43831,measured
C4_m6,6bba,intensity,no_assigned_observation,division_fn,2,measured
C4_m6,6bba,intensity,no_assigned_observation,edge_fn,2078,measured
C4_m6,6bba,local_contrast,high,division_fn,44,measured
C4_m6,6bba,local_contrast,high,division_fp,29,measured
C4_m6,6bba,local_contrast,high,division_tp,12,measured
C4_m6,6bba,local_contrast,high,edge_fn,440,measured
C4_m6,6bba,local_contrast,high,edge_fp,625,measured
C4_m6,6bba,local_contrast,high,edge_tp,34179,measured
C4_m6,6bba,local_contrast,low,division_fn,18,measured
C4_m6,6bba,local_contrast,low,division_fp,8,measured
C4_m6,6bba,local_contrast,low,division_tp,3,measured
C4_m6,6bba,local_contrast,low,edge_fn,1285,measured
C4_m6,6bba,local_contrast,low,edge_fp,1868,measured
C4_m6,6bba,local_contrast,low,edge_tp,27004,measured
C4_m6,6bba,local_contrast,middle,division_fn,39,measured
C4_m6,6bba,local_contrast,middle,division_fp,33,measured
C4_m6,6bba,local_contrast,middle,division_tp,7,measured
C4_m6,6bba,local_contrast,middle,edge_fn,987,measured
C4_m6,6bba,local_contrast,middle,edge_fp,1389,measured
C4_m6,6bba,local_contrast,middle,edge_tp,43084,measured
C4_m6,6bba,local_contrast,no_assigned_observation,division_fn,2,measured
C4_m6,6bba,local_contrast,no_assigned_observation,edge_fn,2078,measured
C4_m6,6bba,spatial_boundary,interior,division_fn,82,measured
C4_m6,6bba,spatial_boundary,interior,division_fp,55,measured
C4_m6,6bba,spatial_boundary,interior,division_tp,21,measured
C4_m6,6bba,spatial_boundary,interior,edge_fn,2992,measured
C4_m6,6bba,spatial_boundary,interior,edge_fp,2507,measured
C4_m6,6bba,spatial_boundary,interior,edge_tp,69996,measured
C4_m6,6bba,spatial_boundary,within_7um,division_fn,21,measured
C4_m6,6bba,spatial_boundary,within_7um,division_fp,15,measured
C4_m6,6bba,spatial_boundary,within_7um,division_tp,1,measured
C4_m6,6bba,spatial_boundary,within_7um,edge_fn,1798,measured
C4_m6,6bba,spatial_boundary,within_7um,edge_fp,1375,measured
C4_m6,6bba,spatial_boundary,within_7um,edge_tp,34271,measured
C4_m6,6bba,temporal_boundary,boundary,division_fn,4,measured
C4_m6,6bba,temporal_boundary,boundary,edge_fn,267,measured
C4_m6,6bba,temporal_boundary,boundary,edge_fp,116,measured
C4_m6,6bba,temporal_boundary,boundary,edge_tp,4370,measured
C4_m6,6bba,temporal_boundary,interior,division_fn,99,measured
C4_m6,6bba,temporal_boundary,interior,division_fp,70,measured
C4_m6,6bba,temporal_boundary,interior,division_tp,22,measured
C4_m6,6bba,temporal_boundary,interior,edge_fn,4523,measured
C4_m6,6bba,temporal_boundary,interior,edge_fp,3766,measured
C4_m6,6bba,temporal_boundary,interior,edge_tp,99897,measured
D00,44b6,close_cells,isolated,division_fn,15,measured
D00,44b6,close_cells,isolated,division_fp,18,measured
D00,44b6,close_cells,isolated,division_tp,5,measured
D00,44b6,close_cells,isolated,edge_fn,640,measured
D00,44b6,close_cells,isolated,edge_fp,656,measured
D00,44b6,close_cells,isolated,edge_tp,14376,measured
D00,44b6,close_cells,within_7um_competitor,division_fn,4,measured
D00,44b6,close_cells,within_7um_competitor,division_fp,4,measured
D00,44b6,close_cells,within_7um_competitor,division_tp,2,measured
D00,44b6,close_cells,within_7um_competitor,edge_fn,317,measured
D00,44b6,close_cells,within_7um_competitor,edge_fp,431,measured
D00,44b6,close_cells,within_7um_competitor,edge_tp,4493,measured
D00,44b6,density10,high,division_fn,4,measured
D00,44b6,density10,high,division_fp,4,measured
D00,44b6,density10,high,division_tp,4,measured
D00,44b6,density10,high,edge_fn,321,measured
D00,44b6,density10,high,edge_fp,450,measured
D00,44b6,density10,high,edge_tp,5657,measured
D00,44b6,density10,low,division_fn,3,measured
D00,44b6,density10,low,division_fp,5,measured
D00,44b6,density10,low,division_tp,3,measured
D00,44b6,density10,low,edge_fn,54,measured
D00,44b6,density10,low,edge_fp,85,measured
D00,44b6,density10,low,edge_tp,3115,measured
D00,44b6,density10,middle,division_fn,12,measured
D00,44b6,density10,middle,division_fp,13,measured
D00,44b6,density10,middle,edge_fn,367,measured
D00,44b6,density10,middle,edge_fp,552,measured
D00,44b6,density10,middle,edge_tp,10097,measured
D00,44b6,density10,no_assigned_observation,edge_fn,215,measured
D00,44b6,depth,high,division_fn,6,measured
D00,44b6,depth,high,division_fp,5,measured
D00,44b6,depth,high,division_tp,1,measured
D00,44b6,depth,high,edge_fn,270,measured
D00,44b6,depth,high,edge_fp,313,measured
D00,44b6,depth,high,edge_tp,4482,measured
D00,44b6,depth,low,division_fn,4,measured
D00,44b6,depth,low,division_fp,3,measured
D00,44b6,depth,low,division_tp,1,measured
D00,44b6,depth,low,edge_fn,243,measured
D00,44b6,depth,low,edge_fp,236,measured
D00,44b6,depth,low,edge_tp,4485,measured
D00,44b6,depth,middle,division_fn,9,measured
D00,44b6,depth,middle,division_fp,14,measured
D00,44b6,depth,middle,division_tp,5,measured
D00,44b6,depth,middle,edge_fn,444,measured
D00,44b6,depth,middle,edge_fp,538,measured
D00,44b6,depth,middle,edge_tp,9902,measured
D00,44b6,event_support,division_extra,division_fp,22,measured
D00,44b6,event_support,division_no_fork,division_fn,17,measured
D00,44b6,event_support,division_observation,division_fn,2,measured
D00,44b6,intensity,high,division_fn,4,measured
D00,44b6,intensity,high,division_fp,7,measured
D00,44b6,intensity,high,division_tp,2,measured
D00,44b6,intensity,high,edge_fn,253,measured
D00,44b6,intensity,high,edge_fp,385,measured
D00,44b6,intensity,high,edge_tp,5866,measured
D00,44b6,intensity,low,division_fn,3,measured
D00,44b6,intensity,low,division_fp,1,measured
D00,44b6,intensity,low,division_tp,3,measured
D00,44b6,intensity,low,edge_fn,87,measured
D00,44b6,intensity,low,edge_fp,139,measured
D00,44b6,intensity,low,edge_tp,2566,measured
D00,44b6,intensity,middle,division_fn,12,measured
D00,44b6,intensity,middle,division_fp,14,measured
D00,44b6,intensity,middle,division_tp,2,measured
D00,44b6,intensity,middle,edge_fn,402,measured
D00,44b6,intensity,middle,edge_fp,563,measured
D00,44b6,intensity,middle,edge_tp,10437,measured
D00,44b6,intensity,no_assigned_observation,edge_fn,215,measured
D00,44b6,local_contrast,high,division_fn,5,measured
D00,44b6,local_contrast,high,division_fp,8,measured
D00,44b6,local_contrast,high,division_tp,3,measured
D00,44b6,local_contrast,high,edge_fn,164,measured
D00,44b6,local_contrast,high,edge_fp,258,measured
D00,44b6,local_contrast,high,edge_tp,6691,measured
D00,44b6,local_contrast,low,division_fn,3,measured
D00,44b6,local_contrast,low,division_fp,1,measured
D00,44b6,local_contrast,low,division_tp,2,measured
D00,44b6,local_contrast,low,edge_fn,112,measured
D00,44b6,local_contrast,low,edge_fp,179,measured
D00,44b6,local_contrast,low,edge_tp,1947,measured
D00,44b6,local_contrast,middle,division_fn,11,measured
D00,44b6,local_contrast,middle,division_fp,13,measured
D00,44b6,local_contrast,middle,division_tp,2,measured
D00,44b6,local_contrast,middle,edge_fn,466,measured
D00,44b6,local_contrast,middle,edge_fp,650,measured
D00,44b6,local_contrast,middle,edge_tp,10231,measured
D00,44b6,local_contrast,no_assigned_observation,edge_fn,215,measured
D00,44b6,spatial_boundary,interior,division_fn,17,measured
D00,44b6,spatial_boundary,interior,division_fp,18,measured
D00,44b6,spatial_boundary,interior,division_tp,5,measured
D00,44b6,spatial_boundary,interior,edge_fn,756,measured
D00,44b6,spatial_boundary,interior,edge_fp,898,measured
D00,44b6,spatial_boundary,interior,edge_tp,15690,measured
D00,44b6,spatial_boundary,within_7um,division_fn,2,measured
D00,44b6,spatial_boundary,within_7um,division_fp,4,measured
D00,44b6,spatial_boundary,within_7um,division_tp,2,measured
D00,44b6,spatial_boundary,within_7um,edge_fn,201,measured
D00,44b6,spatial_boundary,within_7um,edge_fp,189,measured
D00,44b6,spatial_boundary,within_7um,edge_tp,3179,measured
D00,44b6,temporal_boundary,boundary,edge_fn,71,measured
D00,44b6,temporal_boundary,boundary,edge_fp,44,measured
D00,44b6,temporal_boundary,boundary,edge_tp,728,measured
D00,44b6,temporal_boundary,interior,division_fn,19,measured
D00,44b6,temporal_boundary,interior,division_fp,22,measured
D00,44b6,temporal_boundary,interior,division_tp,7,measured
D00,44b6,temporal_boundary,interior,edge_fn,886,measured
D00,44b6,temporal_boundary,interior,edge_fp,1043,measured
D00,44b6,temporal_boundary,interior,edge_tp,18141,measured
D00,6bba,close_cells,isolated,division_fn,92,measured
D00,6bba,close_cells,isolated,division_fp,64,measured
D00,6bba,close_cells,isolated,division_tp,20,measured
D00,6bba,close_cells,isolated,edge_fn,4055,measured
D00,6bba,close_cells,isolated,edge_fp,2912,measured
D00,6bba,close_cells,isolated,edge_tp,97892,measured
D00,6bba,close_cells,within_7um_competitor,division_fn,11,measured
D00,6bba,close_cells,within_7um_competitor,division_fp,6,measured
D00,6bba,close_cells,within_7um_competitor,division_tp,2,measured
D00,6bba,close_cells,within_7um_competitor,edge_fn,699,measured
D00,6bba,close_cells,within_7um_competitor,edge_fp,997,measured
D00,6bba,close_cells,within_7um_competitor,edge_tp,6411,measured
D00,6bba,density10,high,division_fn,9,measured
D00,6bba,density10,high,division_fp,7,measured
D00,6bba,density10,high,division_tp,1,measured
D00,6bba,density10,high,edge_fn,705,measured
D00,6bba,density10,high,edge_fp,1023,measured
D00,6bba,density10,high,edge_tp,7945,measured
D00,6bba,density10,low,division_fn,80,measured
D00,6bba,density10,low,division_fp,52,measured
D00,6bba,density10,low,division_tp,21,measured
D00,6bba,density10,low,edge_fn,1381,measured
D00,6bba,density10,low,edge_fp,2017,measured
D00,6bba,density10,low,edge_tp,86730,measured
D00,6bba,density10,middle,division_fn,12,measured
D00,6bba,density10,middle,division_fp,11,measured
D00,6bba,density10,middle,edge_fn,590,measured
D00,6bba,density10,middle,edge_fp,869,measured
D00,6bba,density10,middle,edge_tp,9628,measured
D00,6bba,density10,no_assigned_observation,division_fn,2,measured
D00,6bba,density10,no_assigned_observation,edge_fn,2078,measured
D00,6bba,depth,high,division_fn,26,measured
D00,6bba,depth,high,division_fp,26,measured
D00,6bba,depth,high,division_tp,9,measured
D00,6bba,depth,high,edge_fn,1414,measured
D00,6bba,depth,high,edge_fp,1137,measured
D00,6bba,depth,high,edge_tp,30090,measured
D00,6bba,depth,low,division_fn,39,measured
D00,6bba,depth,low,division_fp,17,measured
D00,6bba,depth,low,division_tp,7,measured
D00,6bba,depth,low,edge_fn,1814,measured
D00,6bba,depth,low,edge_fp,1464,measured
D00,6bba,depth,low,edge_tp,35489,measured
D00,6bba,depth,middle,division_fn,38,measured
D00,6bba,depth,middle,division_fp,27,measured
D00,6bba,depth,middle,division_tp,6,measured
D00,6bba,depth,middle,edge_fn,1526,measured
D00,6bba,depth,middle,edge_fp,1308,measured
D00,6bba,depth,middle,edge_tp,38724,measured
D00,6bba,event_support,division_cross,division_fp,5,measured
D00,6bba,event_support,division_extra,division_fp,65,measured
D00,6bba,event_support,division_no_fork,division_fn,81,measured
D00,6bba,event_support,division_observation,division_fn,22,measured
D00,6bba,intensity,high,division_fn,33,measured
D00,6bba,intensity,high,division_fp,27,measured
D00,6bba,intensity,high,division_tp,9,measured
D00,6bba,intensity,high,edge_fn,674,measured
D00,6bba,intensity,high,edge_fp,978,measured
D00,6bba,intensity,high,edge_tp,27160,measured
D00,6bba,intensity,low,division_fn,18,measured
D00,6bba,intensity,low,division_fp,10,measured
D00,6bba,intensity,low,division_tp,6,measured
D00,6bba,intensity,low,edge_fn,727,measured
D00,6bba,intensity,low,edge_fp,1064,measured
D00,6bba,intensity,low,edge_tp,33293,measured
D00,6bba,intensity,middle,division_fn,50,measured
D00,6bba,intensity,middle,division_fp,33,measured
D00,6bba,intensity,middle,division_tp,7,measured
D00,6bba,intensity,middle,edge_fn,1275,measured
D00,6bba,intensity,middle,edge_fp,1867,measured
D00,6bba,intensity,middle,edge_tp,43850,measured
D00,6bba,intensity,no_assigned_observation,division_fn,2,measured
D00,6bba,intensity,no_assigned_observation,edge_fn,2078,measured
D00,6bba,local_contrast,high,division_fn,44,measured
D00,6bba,local_contrast,high,division_fp,29,measured
D00,6bba,local_contrast,high,division_tp,12,measured
D00,6bba,local_contrast,high,edge_fn,435,measured
D00,6bba,local_contrast,high,edge_fp,628,measured
D00,6bba,local_contrast,high,edge_tp,34184,measured
D00,6bba,local_contrast,low,division_fn,18,measured
D00,6bba,local_contrast,low,division_fp,8,measured
D00,6bba,local_contrast,low,division_tp,3,measured
D00,6bba,local_contrast,low,edge_fn,1263,measured
D00,6bba,local_contrast,low,edge_fp,1879,measured
D00,6bba,local_contrast,low,edge_tp,27026,measured
D00,6bba,local_contrast,middle,division_fn,39,measured
D00,6bba,local_contrast,middle,division_fp,33,measured
D00,6bba,local_contrast,middle,division_tp,7,measured
D00,6bba,local_contrast,middle,edge_fn,978,measured
D00,6bba,local_contrast,middle,edge_fp,1402,measured
D00,6bba,local_contrast,middle,edge_tp,43093,measured
D00,6bba,local_contrast,no_assigned_observation,division_fn,2,measured
D00,6bba,local_contrast,no_assigned_observation,edge_fn,2078,measured
D00,6bba,spatial_boundary,interior,division_fn,82,measured
D00,6bba,spatial_boundary,interior,division_fp,55,measured
D00,6bba,spatial_boundary,interior,division_tp,21,measured
D00,6bba,spatial_boundary,interior,edge_fn,2968,measured
D00,6bba,spatial_boundary,interior,edge_fp,2527,measured
D00,6bba,spatial_boundary,interior,edge_tp,70020,measured
D00,6bba,spatial_boundary,within_7um,division_fn,21,measured
D00,6bba,spatial_boundary,within_7um,division_fp,15,measured
D00,6bba,spatial_boundary,within_7um,division_tp,1,measured
D00,6bba,spatial_boundary,within_7um,edge_fn,1786,measured
D00,6bba,spatial_boundary,within_7um,edge_fp,1382,measured
D00,6bba,spatial_boundary,within_7um,edge_tp,34283,measured
D00,6bba,temporal_boundary,boundary,division_fn,4,measured
D00,6bba,temporal_boundary,boundary,edge_fn,265,measured
D00,6bba,temporal_boundary,boundary,edge_fp,114,measured
D00,6bba,temporal_boundary,boundary,edge_tp,4372,measured
D00,6bba,temporal_boundary,interior,division_fn,99,measured
D00,6bba,temporal_boundary,interior,division_fp,70,measured
D00,6bba,temporal_boundary,interior,division_tp,22,measured
D00,6bba,temporal_boundary,interior,edge_fn,4489,measured
D00,6bba,temporal_boundary,interior,edge_fp,3795,measured
D00,6bba,temporal_boundary,interior,edge_tp,99931,measured
D10_adapted,44b6,close_cells,isolated,division_fn,15,measured
D10_adapted,44b6,close_cells,isolated,division_fp,67,measured
D10_adapted,44b6,close_cells,isolated,division_tp,5,measured
D10_adapted,44b6,close_cells,isolated,edge_fn,651,measured
D10_adapted,44b6,close_cells,isolated,edge_fp,719,measured
D10_adapted,44b6,close_cells,isolated,edge_tp,14365,measured
D10_adapted,44b6,close_cells,within_7um_competitor,division_fn,4,measured
D10_adapted,44b6,close_cells,within_7um_competitor,division_fp,20,measured
D10_adapted,44b6,close_cells,within_7um_competitor,division_tp,2,measured
D10_adapted,44b6,close_cells,within_7um_competitor,edge_fn,329,measured
D10_adapted,44b6,close_cells,within_7um_competitor,edge_fp,458,measured
D10_adapted,44b6,close_cells,within_7um_competitor,edge_tp,4481,measured
D10_adapted,44b6,density10,high,division_fn,4,measured
D10_adapted,44b6,density10,high,division_fp,12,measured
D10_adapted,44b6,density10,high,division_tp,4,measured
D10_adapted,44b6,density10,high,edge_fn,331,measured
D10_adapted,44b6,density10,high,edge_fp,469,measured
D10_adapted,44b6,density10,high,edge_tp,5647,measured
D10_adapted,44b6,density10,low,division_fn,3,measured
D10_adapted,44b6,density10,low,division_fp,25,measured
D10_adapted,44b6,density10,low,division_tp,3,measured
D10_adapted,44b6,density10,low,edge_fn,57,measured
D10_adapted,44b6,density10,low,edge_fp,108,measured
D10_adapted,44b6,density10,low,edge_tp,3112,measured
D10_adapted,44b6,density10,middle,division_fn,12,measured
D10_adapted,44b6,density10,middle,division_fp,50,measured
D10_adapted,44b6,density10,middle,edge_fn,377,measured
D10_adapted,44b6,density10,middle,edge_fp,600,measured
D10_adapted,44b6,density10,middle,edge_tp,10087,measured
D10_adapted,44b6,density10,no_assigned_observation,edge_fn,215,measured
D10_adapted,44b6,depth,high,division_fn,6,measured
D10_adapted,44b6,depth,high,division_fp,21,measured
D10_adapted,44b6,depth,high,division_tp,1,measured
D10_adapted,44b6,depth,high,edge_fn,274,measured
D10_adapted,44b6,depth,high,edge_fp,336,measured
D10_adapted,44b6,depth,high,edge_tp,4478,measured
D10_adapted,44b6,depth,low,division_fn,4,measured
D10_adapted,44b6,depth,low,division_fp,18,measured
D10_adapted,44b6,depth,low,division_tp,1,measured
D10_adapted,44b6,depth,low,edge_fn,247,measured
D10_adapted,44b6,depth,low,edge_fp,256,measured
D10_adapted,44b6,depth,low,edge_tp,4481,measured
D10_adapted,44b6,depth,middle,division_fn,9,measured
D10_adapted,44b6,depth,middle,division_fp,48,measured
D10_adapted,44b6,depth,middle,division_tp,5,measured
D10_adapted,44b6,depth,middle,edge_fn,459,measured
D10_adapted,44b6,depth,middle,edge_fp,585,measured
D10_adapted,44b6,depth,middle,edge_tp,9887,measured
D10_adapted,44b6,event_support,division_cross,division_fp,1,measured
D10_adapted,44b6,event_support,division_extra,division_fp,86,measured
D10_adapted,44b6,event_support,division_no_fork,division_fn,16,measured
D10_adapted,44b6,event_support,division_observation,division_fn,2,measured
D10_adapted,44b6,event_support,division_topology,division_fn,1,measured
D10_adapted,44b6,intensity,high,division_fn,4,measured
D10_adapted,44b6,intensity,high,division_fp,24,measured
D10_adapted,44b6,intensity,high,division_tp,2,measured
D10_adapted,44b6,intensity,high,edge_fn,265,measured
D10_adapted,44b6,intensity,high,edge_fp,409,measured
D10_adapted,44b6,intensity,high,edge_tp,5854,measured
D10_adapted,44b6,intensity,low,division_fn,3,measured
D10_adapted,44b6,intensity,low,division_fp,14,measured
D10_adapted,44b6,intensity,low,division_tp,3,measured
D10_adapted,44b6,intensity,low,edge_fn,88,measured
D10_adapted,44b6,intensity,low,edge_fp,168,measured
D10_adapted,44b6,intensity,low,edge_tp,2565,measured
D10_adapted,44b6,intensity,middle,division_fn,12,measured
D10_adapted,44b6,intensity,middle,division_fp,49,measured
D10_adapted,44b6,intensity,middle,division_tp,2,measured
D10_adapted,44b6,intensity,middle,edge_fn,412,measured
D10_adapted,44b6,intensity,middle,edge_fp,600,measured
D10_adapted,44b6,intensity,middle,edge_tp,10427,measured
D10_adapted,44b6,intensity,no_assigned_observation,edge_fn,215,measured
D10_adapted,44b6,local_contrast,high,division_fn,5,measured
D10_adapted,44b6,local_contrast,high,division_fp,35,measured
D10_adapted,44b6,local_contrast,high,division_tp,3,measured
D10_adapted,44b6,local_contrast,high,edge_fn,176,measured
D10_adapted,44b6,local_contrast,high,edge_fp,285,measured
D10_adapted,44b6,local_contrast,high,edge_tp,6679,measured
D10_adapted,44b6,local_contrast,low,division_fn,3,measured
D10_adapted,44b6,local_contrast,low,division_fp,10,measured
D10_adapted,44b6,local_contrast,low,division_tp,2,measured
D10_adapted,44b6,local_contrast,low,edge_fn,111,measured
D10_adapted,44b6,local_contrast,low,edge_fp,194,measured
D10_adapted,44b6,local_contrast,low,edge_tp,1948,measured
D10_adapted,44b6,local_contrast,middle,division_fn,11,measured
D10_adapted,44b6,local_contrast,middle,division_fp,42,measured
D10_adapted,44b6,local_contrast,middle,division_tp,2,measured
D10_adapted,44b6,local_contrast,middle,edge_fn,478,measured
D10_adapted,44b6,local_contrast,middle,edge_fp,698,measured
D10_adapted,44b6,local_contrast,middle,edge_tp,10219,measured
D10_adapted,44b6,local_contrast,no_assigned_observation,edge_fn,215,measured
D10_adapted,44b6,spatial_boundary,interior,division_fn,17,measured
D10_adapted,44b6,spatial_boundary,interior,division_fp,64,measured
D10_adapted,44b6,spatial_boundary,interior,division_tp,5,measured
D10_adapted,44b6,spatial_boundary,interior,edge_fn,776,measured
D10_adapted,44b6,spatial_boundary,interior,edge_fp,957,measured
D10_adapted,44b6,spatial_boundary,interior,edge_tp,15670,measured
D10_adapted,44b6,spatial_boundary,within_7um,division_fn,2,measured
D10_adapted,44b6,spatial_boundary,within_7um,division_fp,23,measured
D10_adapted,44b6,spatial_boundary,within_7um,division_tp,2,measured
D10_adapted,44b6,spatial_boundary,within_7um,edge_fn,204,measured
D10_adapted,44b6,spatial_boundary,within_7um,edge_fp,220,measured
D10_adapted,44b6,spatial_boundary,within_7um,edge_tp,3176,measured
D10_adapted,44b6,temporal_boundary,boundary,division_fp,6,measured
D10_adapted,44b6,temporal_boundary,boundary,edge_fn,75,measured
D10_adapted,44b6,temporal_boundary,boundary,edge_fp,54,measured
D10_adapted,44b6,temporal_boundary,boundary,edge_tp,724,measured
D10_adapted,44b6,temporal_boundary,interior,division_fn,19,measured
D10_adapted,44b6,temporal_boundary,interior,division_fp,81,measured
D10_adapted,44b6,temporal_boundary,interior,division_tp,7,measured
D10_adapted,44b6,temporal_boundary,interior,edge_fn,905,measured
D10_adapted,44b6,temporal_boundary,interior,edge_fp,1123,measured
D10_adapted,44b6,temporal_boundary,interior,edge_tp,18122,measured
D10_adapted,6bba,close_cells,isolated,division_fn,83,measured
D10_adapted,6bba,close_cells,isolated,division_fp,751,measured
D10_adapted,6bba,close_cells,isolated,division_tp,29,measured
D10_adapted,6bba,close_cells,isolated,edge_fn,4257,measured
D10_adapted,6bba,close_cells,isolated,edge_fp,3761,measured
D10_adapted,6bba,close_cells,isolated,edge_tp,97690,measured
D10_adapted,6bba,close_cells,within_7um_competitor,division_fn,11,measured
D10_adapted,6bba,close_cells,within_7um_competitor,division_fp,12,measured
D10_adapted,6bba,close_cells,within_7um_competitor,division_tp,2,measured
D10_adapted,6bba,close_cells,within_7um_competitor,edge_fn,712,measured
D10_adapted,6bba,close_cells,within_7um_competitor,edge_fp,1052,measured
D10_adapted,6bba,close_cells,within_7um_competitor,edge_tp,6398,measured
D10_adapted,6bba,density10,high,division_fn,9,measured
D10_adapted,6bba,density10,high,division_fp,11,measured
D10_adapted,6bba,density10,high,division_tp,1,measured
D10_adapted,6bba,density10,high,edge_fn,707,measured
D10_adapted,6bba,density10,high,edge_fp,1029,measured
D10_adapted,6bba,density10,high,edge_tp,7943,measured
D10_adapted,6bba,density10,low,division_fn,71,measured
D10_adapted,6bba,density10,low,division_fp,728,measured
D10_adapted,6bba,density10,low,division_tp,30,measured
D10_adapted,6bba,density10,low,edge_fn,1574,measured
D10_adapted,6bba,density10,low,edge_fp,2868,measured
D10_adapted,6bba,density10,low,edge_tp,86537,measured
D10_adapted,6bba,density10,middle,division_fn,12,measured
D10_adapted,6bba,density10,middle,division_fp,24,measured
D10_adapted,6bba,density10,middle,edge_fn,610,measured
D10_adapted,6bba,density10,middle,edge_fp,916,measured
D10_adapted,6bba,density10,middle,edge_tp,9608,measured
D10_adapted,6bba,density10,no_assigned_observation,division_fn,2,measured
D10_adapted,6bba,density10,no_assigned_observation,edge_fn,2078,measured
D10_adapted,6bba,depth,high,division_fn,22,measured
D10_adapted,6bba,depth,high,division_fp,251,measured
D10_adapted,6bba,depth,high,division_tp,13,measured
D10_adapted,6bba,depth,high,edge_fn,1483,measured
D10_adapted,6bba,depth,high,edge_fp,1430,measured
D10_adapted,6bba,depth,high,edge_tp,30021,measured
D10_adapted,6bba,depth,low,division_fn,36,measured
D10_adapted,6bba,depth,low,division_fp,236,measured
D10_adapted,6bba,depth,low,division_tp,10,measured
D10_adapted,6bba,depth,low,edge_fn,1892,measured
D10_adapted,6bba,depth,low,edge_fp,1767,measured
D10_adapted,6bba,depth,low,edge_tp,35411,measured
D10_adapted,6bba,depth,middle,division_fn,36,measured
D10_adapted,6bba,depth,middle,division_fp,276,measured
D10_adapted,6bba,depth,middle,division_tp,8,measured
D10_adapted,6bba,depth,middle,edge_fn,1594,measured
D10_adapted,6bba,depth,middle,edge_fp,1616,measured
D10_adapted,6bba,depth,middle,edge_tp,38656,measured
D10_adapted,6bba,event_support,division_cross,division_fp,49,measured
D10_adapted,6bba,event_support,division_extra,division_fp,714,measured
D10_adapted,6bba,event_support,division_no_fork,division_fn,71,measured
D10_adapted,6bba,event_support,division_observation,division_fn,22,measured
D10_adapted,6bba,event_support,division_topology,division_fn,1,measured
D10_adapted,6bba,intensity,high,division_fn,31,measured
D10_adapted,6bba,intensity,high,division_fp,216,measured
D10_adapted,6bba,intensity,high,division_tp,11,measured
D10_adapted,6bba,intensity,high,edge_fn,709,measured
D10_adapted,6bba,intensity,high,edge_fp,1089,measured
D10_adapted,6bba,intensity,high,edge_tp,27125,measured
D10_adapted,6bba,intensity,low,division_fn,14,measured
D10_adapted,6bba,intensity,low,division_fp,231,measured
D10_adapted,6bba,intensity,low,division_tp,10,measured
D10_adapted,6bba,intensity,low,edge_fn,829,measured
D10_adapted,6bba,intensity,low,edge_fp,1586,measured
D10_adapted,6bba,intensity,low,edge_tp,33191,measured
D10_adapted,6bba,intensity,middle,division_fn,47,measured
D10_adapted,6bba,intensity,middle,division_fp,316,measured
D10_adapted,6bba,intensity,middle,division_tp,10,measured
D10_adapted,6bba,intensity,middle,edge_fn,1353,measured
D10_adapted,6bba,intensity,middle,edge_fp,2138,measured
D10_adapted,6bba,intensity,middle,edge_tp,43772,measured
D10_adapted,6bba,intensity,no_assigned_observation,division_fn,2,measured
D10_adapted,6bba,intensity,no_assigned_observation,edge_fn,2078,measured
D10_adapted,6bba,local_contrast,high,division_fn,39,measured
D10_adapted,6bba,local_contrast,high,division_fp,312,measured
D10_adapted,6bba,local_contrast,high,division_tp,17,measured
D10_adapted,6bba,local_contrast,high,edge_fn,477,measured
D10_adapted,6bba,local_contrast,high,edge_fp,835,measured
D10_adapted,6bba,local_contrast,high,edge_tp,34142,measured
D10_adapted,6bba,local_contrast,low,division_fn,17,measured
D10_adapted,6bba,local_contrast,low,division_fp,155,measured
D10_adapted,6bba,local_contrast,low,division_tp,4,measured
D10_adapted,6bba,local_contrast,low,edge_fn,1326,measured
D10_adapted,6bba,local_contrast,low,edge_fp,2231,measured
D10_adapted,6bba,local_contrast,low,edge_tp,26963,measured
D10_adapted,6bba,local_contrast,middle,division_fn,36,measured
D10_adapted,6bba,local_contrast,middle,division_fp,296,measured
D10_adapted,6bba,local_contrast,middle,division_tp,10,measured
D10_adapted,6bba,local_contrast,middle,edge_fn,1088,measured
D10_adapted,6bba,local_contrast,middle,edge_fp,1747,measured
D10_adapted,6bba,local_contrast,middle,edge_tp,42983,measured
D10_adapted,6bba,local_contrast,no_assigned_observation,division_fn,2,measured
D10_adapted,6bba,local_contrast,no_assigned_observation,edge_fn,2078,measured
D10_adapted,6bba,spatial_boundary,interior,division_fn,74,measured
D10_adapted,6bba,spatial_boundary,interior,division_fp,503,measured
D10_adapted,6bba,spatial_boundary,interior,division_tp,29,measured
D10_adapted,6bba,spatial_boundary,interior,edge_fn,3114,measured
D10_adapted,6bba,spatial_boundary,interior,edge_fp,3003,measured
D10_adapted,6bba,spatial_boundary,interior,edge_tp,69874,measured
D10_adapted,6bba,spatial_boundary,within_7um,division_fn,20,measured
D10_adapted,6bba,spatial_boundary,within_7um,division_fp,260,measured
D10_adapted,6bba,spatial_boundary,within_7um,division_tp,2,measured
D10_adapted,6bba,spatial_boundary,within_7um,edge_fn,1855,measured
D10_adapted,6bba,spatial_boundary,within_7um,edge_fp,1810,measured
D10_adapted,6bba,spatial_boundary,within_7um,edge_tp,34214,measured
D10_adapted,6bba,temporal_boundary,boundary,division_fn,3,measured
D10_adapted,6bba,temporal_boundary,boundary,division_fp,46,measured
D10_adapted,6bba,temporal_boundary,boundary,division_tp,1,measured
D10_adapted,6bba,temporal_boundary,boundary,edge_fn,281,measured
D10_adapted,6bba,temporal_boundary,boundary,edge_fp,166,measured
D10_adapted,6bba,temporal_boundary,boundary,edge_tp,4356,measured
D10_adapted,6bba,temporal_boundary,interior,division_fn,91,measured
D10_adapted,6bba,temporal_boundary,interior,division_fp,717,measured
D10_adapted,6bba,temporal_boundary,interior,division_tp,30,measured
D10_adapted,6bba,temporal_boundary,interior,edge_fn,4688,measured
D10_adapted,6bba,temporal_boundary,interior,edge_fp,4647,measured
D10_adapted,6bba,temporal_boundary,interior,edge_tp,99732,measured
D10_adapted_replacement,44b6,close_cells,isolated,division_fn,15,measured
D10_adapted_replacement,44b6,close_cells,isolated,division_fp,65,measured
D10_adapted_replacement,44b6,close_cells,isolated,division_tp,5,measured
D10_adapted_replacement,44b6,close_cells,isolated,edge_fn,651,measured
D10_adapted_replacement,44b6,close_cells,isolated,edge_fp,718,measured
D10_adapted_replacement,44b6,close_cells,isolated,edge_tp,14365,measured
D10_adapted_replacement,44b6,close_cells,within_7um_competitor,division_fn,4,measured
D10_adapted_replacement,44b6,close_cells,within_7um_competitor,division_fp,20,measured
D10_adapted_replacement,44b6,close_cells,within_7um_competitor,division_tp,2,measured
D10_adapted_replacement,44b6,close_cells,within_7um_competitor,edge_fn,329,measured
D10_adapted_replacement,44b6,close_cells,within_7um_competitor,edge_fp,457,measured
D10_adapted_replacement,44b6,close_cells,within_7um_competitor,edge_tp,4481,measured
D10_adapted_replacement,44b6,density10,high,division_fn,4,measured
D10_adapted_replacement,44b6,density10,high,division_fp,12,measured
D10_adapted_replacement,44b6,density10,high,division_tp,4,measured
D10_adapted_replacement,44b6,density10,high,edge_fn,331,measured
D10_adapted_replacement,44b6,density10,high,edge_fp,468,measured
D10_adapted_replacement,44b6,density10,high,edge_tp,5647,measured
D10_adapted_replacement,44b6,density10,low,division_fn,3,measured
D10_adapted_replacement,44b6,density10,low,division_fp,25,measured
D10_adapted_replacement,44b6,density10,low,division_tp,3,measured
D10_adapted_replacement,44b6,density10,low,edge_fn,57,measured
D10_adapted_replacement,44b6,density10,low,edge_fp,108,measured
D10_adapted_replacement,44b6,density10,low,edge_tp,3112,measured
D10_adapted_replacement,44b6,density10,middle,division_fn,12,measured
D10_adapted_replacement,44b6,density10,middle,division_fp,48,measured
D10_adapted_replacement,44b6,density10,middle,edge_fn,377,measured
D10_adapted_replacement,44b6,density10,middle,edge_fp,599,measured
D10_adapted_replacement,44b6,density10,middle,edge_tp,10087,measured
D10_adapted_replacement,44b6,density10,no_assigned_observation,edge_fn,215,measured
D10_adapted_replacement,44b6,depth,high,division_fn,6,measured
D10_adapted_replacement,44b6,depth,high,division_fp,20,measured
D10_adapted_replacement,44b6,depth,high,division_tp,1,measured
D10_adapted_replacement,44b6,depth,high,edge_fn,274,measured
D10_adapted_replacement,44b6,depth,high,edge_fp,335,measured
D10_adapted_replacement,44b6,depth,high,edge_tp,4478,measured
D10_adapted_replacement,44b6,depth,low,division_fn,4,measured
D10_adapted_replacement,44b6,depth,low,division_fp,18,measured
D10_adapted_replacement,44b6,depth,low,division_tp,1,measured
D10_adapted_replacement,44b6,depth,low,edge_fn,247,measured
D10_adapted_replacement,44b6,depth,low,edge_fp,255,measured
D10_adapted_replacement,44b6,depth,low,edge_tp,4481,measured
D10_adapted_replacement,44b6,depth,middle,division_fn,9,measured
D10_adapted_replacement,44b6,depth,middle,division_fp,47,measured
D10_adapted_replacement,44b6,depth,middle,division_tp,5,measured
D10_adapted_replacement,44b6,depth,middle,edge_fn,459,measured
D10_adapted_replacement,44b6,depth,middle,edge_fp,585,measured
D10_adapted_replacement,44b6,depth,middle,edge_tp,9887,measured
D10_adapted_replacement,44b6,event_support,division_cross,division_fp,1,measured
D10_adapted_replacement,44b6,event_support,division_extra,division_fp,84,measured
D10_adapted_replacement,44b6,event_support,division_no_fork,division_fn,16,measured
D10_adapted_replacement,44b6,event_support,division_observation,division_fn,2,measured
D10_adapted_replacement,44b6,event_support,division_topology,division_fn,1,measured
D10_adapted_replacement,44b6,intensity,high,division_fn,4,measured
D10_adapted_replacement,44b6,intensity,high,division_fp,23,measured
D10_adapted_replacement,44b6,intensity,high,division_tp,2,measured
D10_adapted_replacement,44b6,intensity,high,edge_fn,265,measured
D10_adapted_replacement,44b6,intensity,high,edge_fp,408,measured
D10_adapted_replacement,44b6,intensity,high,edge_tp,5854,measured
D10_adapted_replacement,44b6,intensity,low,division_fn,3,measured
D10_adapted_replacement,44b6,intensity,low,division_fp,14,measured
D10_adapted_replacement,44b6,intensity,low,division_tp,3,measured
D10_adapted_replacement,44b6,intensity,low,edge_fn,88,measured
D10_adapted_replacement,44b6,intensity,low,edge_fp,168,measured
D10_adapted_replacement,44b6,intensity,low,edge_tp,2565,measured
D10_adapted_replacement,44b6,intensity,middle,division_fn,12,measured
D10_adapted_replacement,44b6,intensity,middle,division_fp,48,measured
D10_adapted_replacement,44b6,intensity,middle,division_tp,2,measured
D10_adapted_replacement,44b6,intensity,middle,edge_fn,412,measured
D10_adapted_replacement,44b6,intensity,middle,edge_fp,599,measured
D10_adapted_replacement,44b6,intensity,middle,edge_tp,10427,measured
D10_adapted_replacement,44b6,intensity,no_assigned_observation,edge_fn,215,measured
D10_adapted_replacement,44b6,local_contrast,high,division_fn,5,measured
D10_adapted_replacement,44b6,local_contrast,high,division_fp,33,measured
D10_adapted_replacement,44b6,local_contrast,high,division_tp,3,measured
D10_adapted_replacement,44b6,local_contrast,high,edge_fn,176,measured
D10_adapted_replacement,44b6,local_contrast,high,edge_fp,285,measured
D10_adapted_replacement,44b6,local_contrast,high,edge_tp,6679,measured
D10_adapted_replacement,44b6,local_contrast,low,division_fn,3,measured
D10_adapted_replacement,44b6,local_contrast,low,division_fp,10,measured
D10_adapted_replacement,44b6,local_contrast,low,division_tp,2,measured
D10_adapted_replacement,44b6,local_contrast,low,edge_fn,111,measured
D10_adapted_replacement,44b6,local_contrast,low,edge_fp,194,measured
D10_adapted_replacement,44b6,local_contrast,low,edge_tp,1948,measured
D10_adapted_replacement,44b6,local_contrast,middle,division_fn,11,measured
D10_adapted_replacement,44b6,local_contrast,middle,division_fp,42,measured
D10_adapted_replacement,44b6,local_contrast,middle,division_tp,2,measured
D10_adapted_replacement,44b6,local_contrast,middle,edge_fn,478,measured
D10_adapted_replacement,44b6,local_contrast,middle,edge_fp,696,measured
D10_adapted_replacement,44b6,local_contrast,middle,edge_tp,10219,measured
D10_adapted_replacement,44b6,local_contrast,no_assigned_observation,edge_fn,215,measured
D10_adapted_replacement,44b6,spatial_boundary,interior,division_fn,17,measured
D10_adapted_replacement,44b6,spatial_boundary,interior,division_fp,62,measured
D10_adapted_replacement,44b6,spatial_boundary,interior,division_tp,5,measured
D10_adapted_replacement,44b6,spatial_boundary,interior,edge_fn,776,measured
D10_adapted_replacement,44b6,spatial_boundary,interior,edge_fp,956,measured
D10_adapted_replacement,44b6,spatial_boundary,interior,edge_tp,15670,measured
D10_adapted_replacement,44b6,spatial_boundary,within_7um,division_fn,2,measured
D10_adapted_replacement,44b6,spatial_boundary,within_7um,division_fp,23,measured
D10_adapted_replacement,44b6,spatial_boundary,within_7um,division_tp,2,measured
D10_adapted_replacement,44b6,spatial_boundary,within_7um,edge_fn,204,measured
D10_adapted_replacement,44b6,spatial_boundary,within_7um,edge_fp,219,measured
D10_adapted_replacement,44b6,spatial_boundary,within_7um,edge_tp,3176,measured
D10_adapted_replacement,44b6,temporal_boundary,boundary,division_fp,6,measured
D10_adapted_replacement,44b6,temporal_boundary,boundary,edge_fn,75,measured
D10_adapted_replacement,44b6,temporal_boundary,boundary,edge_fp,54,measured
D10_adapted_replacement,44b6,temporal_boundary,boundary,edge_tp,724,measured
D10_adapted_replacement,44b6,temporal_boundary,interior,division_fn,19,measured
D10_adapted_replacement,44b6,temporal_boundary,interior,division_fp,79,measured
D10_adapted_replacement,44b6,temporal_boundary,interior,division_tp,7,measured
D10_adapted_replacement,44b6,temporal_boundary,interior,edge_fn,905,measured
D10_adapted_replacement,44b6,temporal_boundary,interior,edge_fp,1121,measured
D10_adapted_replacement,44b6,temporal_boundary,interior,edge_tp,18122,measured
D10_adapted_replacement,6bba,close_cells,isolated,division_fn,83,measured
D10_adapted_replacement,6bba,close_cells,isolated,division_fp,752,measured
D10_adapted_replacement,6bba,close_cells,isolated,division_tp,29,measured
D10_adapted_replacement,6bba,close_cells,isolated,edge_fn,4255,measured
D10_adapted_replacement,6bba,close_cells,isolated,edge_fp,3761,measured
D10_adapted_replacement,6bba,close_cells,isolated,edge_tp,97692,measured
D10_adapted_replacement,6bba,close_cells,within_7um_competitor,division_fn,11,measured
D10_adapted_replacement,6bba,close_cells,within_7um_competitor,division_fp,12,measured
D10_adapted_replacement,6bba,close_cells,within_7um_competitor,division_tp,2,measured
D10_adapted_replacement,6bba,close_cells,within_7um_competitor,edge_fn,712,measured
D10_adapted_replacement,6bba,close_cells,within_7um_competitor,edge_fp,1052,measured
D10_adapted_replacement,6bba,close_cells,within_7um_competitor,edge_tp,6398,measured
D10_adapted_replacement,6bba,density10,high,division_fn,9,measured
D10_adapted_replacement,6bba,density10,high,division_fp,11,measured
D10_adapted_replacement,6bba,density10,high,division_tp,1,measured
D10_adapted_replacement,6bba,density10,high,edge_fn,707,measured
D10_adapted_replacement,6bba,density10,high,edge_fp,1029,measured
D10_adapted_replacement,6bba,density10,high,edge_tp,7943,measured
D10_adapted_replacement,6bba,density10,low,division_fn,71,measured
D10_adapted_replacement,6bba,density10,low,division_fp,729,measured
D10_adapted_replacement,6bba,density10,low,division_tp,30,measured
D10_adapted_replacement,6bba,density10,low,edge_fn,1572,measured
D10_adapted_replacement,6bba,density10,low,edge_fp,2867,measured
D10_adapted_replacement,6bba,density10,low,edge_tp,86539,measured
D10_adapted_replacement,6bba,density10,middle,division_fn,12,measured
D10_adapted_replacement,6bba,density10,middle,division_fp,24,measured
D10_adapted_replacement,6bba,density10,middle,edge_fn,610,measured
D10_adapted_replacement,6bba,density10,middle,edge_fp,917,measured
D10_adapted_replacement,6bba,density10,middle,edge_tp,9608,measured
D10_adapted_replacement,6bba,density10,no_assigned_observation,division_fn,2,measured
D10_adapted_replacement,6bba,density10,no_assigned_observation,edge_fn,2078,measured
D10_adapted_replacement,6bba,depth,high,division_fn,22,measured
D10_adapted_replacement,6bba,depth,high,division_fp,252,measured
D10_adapted_replacement,6bba,depth,high,division_tp,13,measured
D10_adapted_replacement,6bba,depth,high,edge_fn,1483,measured
D10_adapted_replacement,6bba,depth,high,edge_fp,1430,measured
D10_adapted_replacement,6bba,depth,high,edge_tp,30021,measured
D10_adapted_replacement,6bba,depth,low,division_fn,36,measured
D10_adapted_replacement,6bba,depth,low,division_fp,236,measured
D10_adapted_replacement,6bba,depth,low,division_tp,10,measured
D10_adapted_replacement,6bba,depth,low,edge_fn,1890,measured
D10_adapted_replacement,6bba,depth,low,edge_fp,1767,measured
D10_adapted_replacement,6bba,depth,low,edge_tp,35413,measured
D10_adapted_replacement,6bba,depth,middle,division_fn,36,measured
D10_adapted_replacement,6bba,depth,middle,division_fp,276,measured
D10_adapted_replacement,6bba,depth,middle,division_tp,8,measured
D10_adapted_replacement,6bba,depth,middle,edge_fn,1594,measured
D10_adapted_replacement,6bba,depth,middle,edge_fp,1616,measured
D10_adapted_replacement,6bba,depth,middle,edge_tp,38656,measured
D10_adapted_replacement,6bba,event_support,division_cross,division_fp,49,measured
D10_adapted_replacement,6bba,event_support,division_extra,division_fp,715,measured
D10_adapted_replacement,6bba,event_support,division_no_fork,division_fn,71,measured
D10_adapted_replacement,6bba,event_support,division_observation,division_fn,22,measured
D10_adapted_replacement,6bba,event_support,division_topology,division_fn,1,measured
D10_adapted_replacement,6bba,intensity,high,division_fn,31,measured
D10_adapted_replacement,6bba,intensity,high,division_fp,218,measured
D10_adapted_replacement,6bba,intensity,high,division_tp,11,measured
D10_adapted_replacement,6bba,intensity,high,edge_fn,708,measured
D10_adapted_replacement,6bba,intensity,high,edge_fp,1089,measured
D10_adapted_replacement,6bba,intensity,high,edge_tp,27126,measured
D10_adapted_replacement,6bba,intensity,low,division_fn,14,measured
D10_adapted_replacement,6bba,intensity,low,division_fp,231,measured
D10_adapted_replacement,6bba,intensity,low,division_tp,10,measured
D10_adapted_replacement,6bba,intensity,low,edge_fn,828,measured
D10_adapted_replacement,6bba,intensity,low,edge_fp,1585,measured
D10_adapted_replacement,6bba,intensity,low,edge_tp,33192,measured
D10_adapted_replacement,6bba,intensity,middle,division_fn,47,measured
D10_adapted_replacement,6bba,intensity,middle,division_fp,315,measured
D10_adapted_replacement,6bba,intensity,middle,division_tp,10,measured
D10_adapted_replacement,6bba,intensity,middle,edge_fn,1353,measured
D10_adapted_replacement,6bba,intensity,middle,edge_fp,2139,measured
D10_adapted_replacement,6bba,intensity,middle,edge_tp,43772,measured
D10_adapted_replacement,6bba,intensity,no_assigned_observation,division_fn,2,measured
D10_adapted_replacement,6bba,intensity,no_assigned_observation,edge_fn,2078,measured
D10_adapted_replacement,6bba,local_contrast,high,division_fn,39,measured
D10_adapted_replacement,6bba,local_contrast,high,division_fp,313,measured
D10_adapted_replacement,6bba,local_contrast,high,division_tp,17,measured
D10_adapted_replacement,6bba,local_contrast,high,edge_fn,477,measured
D10_adapted_replacement,6bba,local_contrast,high,edge_fp,836,measured
D10_adapted_replacement,6bba,local_contrast,high,edge_tp,34142,measured
D10_adapted_replacement,6bba,local_contrast,low,division_fn,17,measured
D10_adapted_replacement,6bba,local_contrast,low,division_fp,155,measured
D10_adapted_replacement,6bba,local_contrast,low,division_tp,4,measured
D10_adapted_replacement,6bba,local_contrast,low,edge_fn,1325,measured
D10_adapted_replacement,6bba,local_contrast,low,edge_fp,2229,measured
D10_adapted_replacement,6bba,local_contrast,low,edge_tp,26964,measured
D10_adapted_replacement,6bba,local_contrast,middle,division_fn,36,measured
D10_adapted_replacement,6bba,local_contrast,middle,division_fp,296,measured
D10_adapted_replacement,6bba,local_contrast,middle,division_tp,10,measured
D10_adapted_replacement,6bba,local_contrast,middle,edge_fn,1087,measured
D10_adapted_replacement,6bba,local_contrast,middle,edge_fp,1748,measured
D10_adapted_replacement,6bba,local_contrast,middle,edge_tp,42984,measured
D10_adapted_replacement,6bba,local_contrast,no_assigned_observation,division_fn,2,measured
D10_adapted_replacement,6bba,local_contrast,no_assigned_observation,edge_fn,2078,measured
D10_adapted_replacement,6bba,spatial_boundary,interior,division_fn,74,measured
D10_adapted_replacement,6bba,spatial_boundary,interior,division_fp,505,measured
D10_adapted_replacement,6bba,spatial_boundary,interior,division_tp,29,measured
D10_adapted_replacement,6bba,spatial_boundary,interior,edge_fn,3113,measured
D10_adapted_replacement,6bba,spatial_boundary,interior,edge_fp,3004,measured
D10_adapted_replacement,6bba,spatial_boundary,interior,edge_tp,69875,measured
D10_adapted_replacement,6bba,spatial_boundary,within_7um,division_fn,20,measured
D10_adapted_replacement,6bba,spatial_boundary,within_7um,division_fp,259,measured
D10_adapted_replacement,6bba,spatial_boundary,within_7um,division_tp,2,measured
D10_adapted_replacement,6bba,spatial_boundary,within_7um,edge_fn,1854,measured
D10_adapted_replacement,6bba,spatial_boundary,within_7um,edge_fp,1809,measured
D10_adapted_replacement,6bba,spatial_boundary,within_7um,edge_tp,34215,measured
D10_adapted_replacement,6bba,temporal_boundary,boundary,division_fn,3,measured
D10_adapted_replacement,6bba,temporal_boundary,boundary,division_fp,46,measured
D10_adapted_replacement,6bba,temporal_boundary,boundary,division_tp,1,measured
D10_adapted_replacement,6bba,temporal_boundary,boundary,edge_fn,281,measured
D10_adapted_replacement,6bba,temporal_boundary,boundary,edge_fp,166,measured
D10_adapted_replacement,6bba,temporal_boundary,boundary,edge_tp,4356,measured
D10_adapted_replacement,6bba,temporal_boundary,interior,division_fn,91,measured
D10_adapted_replacement,6bba,temporal_boundary,interior,division_fp,718,measured
D10_adapted_replacement,6bba,temporal_boundary,interior,division_tp,30,measured
D10_adapted_replacement,6bba,temporal_boundary,interior,edge_fn,4686,measured
D10_adapted_replacement,6bba,temporal_boundary,interior,edge_fp,4647,measured
D10_adapted_replacement,6bba,temporal_boundary,interior,edge_tp,99734,measured
D10_frozen,44b6,close_cells,isolated,division_fn,14,measured
D10_frozen,44b6,close_cells,isolated,division_fp,65,measured
D10_frozen,44b6,close_cells,isolated,division_tp,6,measured
D10_frozen,44b6,close_cells,isolated,edge_fn,651,measured
D10_frozen,44b6,close_cells,isolated,edge_fp,714,measured
D10_frozen,44b6,close_cells,isolated,edge_tp,14365,measured
D10_frozen,44b6,close_cells,within_7um_competitor,division_fn,4,measured
D10_frozen,44b6,close_cells,within_7um_competitor,division_fp,23,measured
D10_frozen,44b6,close_cells,within_7um_competitor,division_tp,2,measured
D10_frozen,44b6,close_cells,within_7um_competitor,edge_fn,329,measured
D10_frozen,44b6,close_cells,within_7um_competitor,edge_fp,464,measured
D10_frozen,44b6,close_cells,within_7um_competitor,edge_tp,4481,measured
D10_frozen,44b6,density10,high,division_fn,4,measured
D10_frozen,44b6,density10,high,division_fp,18,measured
D10_frozen,44b6,density10,high,division_tp,4,measured
D10_frozen,44b6,density10,high,edge_fn,331,measured
D10_frozen,44b6,density10,high,edge_fp,474,measured
D10_frozen,44b6,density10,high,edge_tp,5647,measured
D10_frozen,44b6,density10,low,division_fn,3,measured
D10_frozen,44b6,density10,low,division_fp,28,measured
D10_frozen,44b6,density10,low,division_tp,3,measured
D10_frozen,44b6,density10,low,edge_fn,57,measured
D10_frozen,44b6,density10,low,edge_fp,108,measured
D10_frozen,44b6,density10,low,edge_tp,3112,measured
D10_frozen,44b6,density10,middle,division_fn,11,measured
D10_frozen,44b6,density10,middle,division_fp,42,measured
D10_frozen,44b6,density10,middle,division_tp,1,measured
D10_frozen,44b6,density10,middle,edge_fn,377,measured
D10_frozen,44b6,density10,middle,edge_fp,596,measured
D10_frozen,44b6,density10,middle,edge_tp,10087,measured
D10_frozen,44b6,density10,no_assigned_observation,edge_fn,215,measured
D10_frozen,44b6,depth,high,division_fn,6,measured
D10_frozen,44b6,depth,high,division_fp,28,measured
D10_frozen,44b6,depth,high,division_tp,1,measured
D10_frozen,44b6,depth,high,edge_fn,277,measured
D10_frozen,44b6,depth,high,edge_fp,342,measured
D10_frozen,44b6,depth,high,edge_tp,4475,measured
D10_frozen,44b6,depth,low,division_fn,3,measured
D10_frozen,44b6,depth,low,division_fp,17,measured
D10_frozen,44b6,depth,low,division_tp,2,measured
D10_frozen,44b6,depth,low,edge_fn,248,measured
D10_frozen,44b6,depth,low,edge_fp,253,measured
D10_frozen,44b6,depth,low,edge_tp,4480,measured
D10_frozen,44b6,depth,middle,division_fn,9,measured
D10_frozen,44b6,depth,middle,division_fp,43,measured
D10_frozen,44b6,depth,middle,division_tp,5,measured
D10_frozen,44b6,depth,middle,edge_fn,455,measured
D10_frozen,44b6,depth,middle,edge_fp,583,measured
D10_frozen,44b6,depth,middle,edge_tp,9891,measured
D10_frozen,44b6,event_support,division_cross,division_fp,1,measured
D10_frozen,44b6,event_support,division_extra,division_fp,87,measured
D10_frozen,44b6,event_support,division_no_fork,division_fn,15,measured
D10_frozen,44b6,event_support,division_observation,division_fn,2,measured
D10_frozen,44b6,event_support,division_topology,division_fn,1,measured
D10_frozen,44b6,intensity,high,division_fn,4,measured
D10_frozen,44b6,intensity,high,division_fp,24,measured
D10_frozen,44b6,intensity,high,division_tp,2,measured
D10_frozen,44b6,intensity,high,edge_fn,262,measured
D10_frozen,44b6,intensity,high,edge_fp,408,measured
D10_frozen,44b6,intensity,high,edge_tp,5857,measured
D10_frozen,44b6,intensity,low,division_fn,2,measured
D10_frozen,44b6,intensity,low,division_fp,13,measured
D10_frozen,44b6,intensity,low,division_tp,4,measured
D10_frozen,44b6,intensity,low,edge_fn,89,measured
D10_frozen,44b6,intensity,low,edge_fp,169,measured
D10_frozen,44b6,intensity,low,edge_tp,2564,measured
D10_frozen,44b6,intensity,middle,division_fn,12,measured
D10_frozen,44b6,intensity,middle,division_fp,51,measured
D10_frozen,44b6,intensity,middle,division_tp,2,measured
D10_frozen,44b6,intensity,middle,edge_fn,414,measured
D10_frozen,44b6,intensity,middle,edge_fp,601,measured
D10_frozen,44b6,intensity,middle,edge_tp,10425,measured
D10_frozen,44b6,intensity,no_assigned_observation,edge_fn,215,measured
D10_frozen,44b6,local_contrast,high,division_fn,5,measured
D10_frozen,44b6,local_contrast,high,division_fp,35,measured
D10_frozen,44b6,local_contrast,high,division_tp,3,measured
D10_frozen,44b6,local_contrast,high,edge_fn,177,measured
D10_frozen,44b6,local_contrast,high,edge_fp,287,measured
D10_frozen,44b6,local_contrast,high,edge_tp,6678,measured
D10_frozen,44b6,local_contrast,low,division_fn,3,measured
D10_frozen,44b6,local_contrast,low,division_fp,10,measured
D10_frozen,44b6,local_contrast,low,division_tp,2,measured
D10_frozen,44b6,local_contrast,low,edge_fn,113,measured
D10_frozen,44b6,local_contrast,low,edge_fp,199,measured
D10_frozen,44b6,local_contrast,low,edge_tp,1946,measured
D10_frozen,44b6,local_contrast,middle,division_fn,10,measured
D10_frozen,44b6,local_contrast,middle,division_fp,43,measured
D10_frozen,44b6,local_contrast,middle,division_tp,3,measured
D10_frozen,44b6,local_contrast,middle,edge_fn,475,measured
D10_frozen,44b6,local_contrast,middle,edge_fp,692,measured
D10_frozen,44b6,local_contrast,middle,edge_tp,10222,measured
D10_frozen,44b6,local_contrast,no_assigned_observation,edge_fn,215,measured
D10_frozen,44b6,spatial_boundary,interior,division_fn,16,measured
D10_frozen,44b6,spatial_boundary,interior,division_fp,66,measured
D10_frozen,44b6,spatial_boundary,interior,division_tp,6,measured
D10_frozen,44b6,spatial_boundary,interior,edge_fn,775,measured
D10_frozen,44b6,spatial_boundary,interior,edge_fp,960,measured
D10_frozen,44b6,spatial_boundary,interior,edge_tp,15671,measured
D10_frozen,44b6,spatial_boundary,within_7um,division_fn,2,measured
D10_frozen,44b6,spatial_boundary,within_7um,division_fp,22,measured
D10_frozen,44b6,spatial_boundary,within_7um,division_tp,2,measured
D10_frozen,44b6,spatial_boundary,within_7um,edge_fn,205,measured
D10_frozen,44b6,spatial_boundary,within_7um,edge_fp,218,measured
D10_frozen,44b6,spatial_boundary,within_7um,edge_tp,3175,measured
D10_frozen,44b6,temporal_boundary,boundary,division_fp,3,measured
D10_frozen,44b6,temporal_boundary,boundary,edge_fn,78,measured
D10_frozen,44b6,temporal_boundary,boundary,edge_fp,54,measured
D10_frozen,44b6,temporal_boundary,boundary,edge_tp,721,measured
D10_frozen,44b6,temporal_boundary,interior,division_fn,18,measured
D10_frozen,44b6,temporal_boundary,interior,division_fp,85,measured
D10_frozen,44b6,temporal_boundary,interior,division_tp,8,measured
D10_frozen,44b6,temporal_boundary,interior,edge_fn,902,measured
D10_frozen,44b6,temporal_boundary,interior,edge_fp,1124,measured
D10_frozen,44b6,temporal_boundary,interior,edge_tp,18125,measured
D10_frozen,6bba,close_cells,isolated,division_fn,80,measured
D10_frozen,6bba,close_cells,isolated,division_fp,848,measured
D10_frozen,6bba,close_cells,isolated,division_tp,32,measured
D10_frozen,6bba,close_cells,isolated,edge_fn,4209,measured
D10_frozen,6bba,close_cells,isolated,edge_fp,3801,measured
D10_frozen,6bba,close_cells,isolated,edge_tp,97738,measured
D10_frozen,6bba,close_cells,within_7um_competitor,division_fn,11,measured
D10_frozen,6bba,close_cells,within_7um_competitor,division_fp,13,measured
D10_frozen,6bba,close_cells,within_7um_competitor,division_tp,2,measured
D10_frozen,6bba,close_cells,within_7um_competitor,edge_fn,713,measured
D10_frozen,6bba,close_cells,within_7um_competitor,edge_fp,1078,measured
D10_frozen,6bba,close_cells,within_7um_competitor,edge_tp,6397,measured
D10_frozen,6bba,density10,high,division_fn,9,measured
D10_frozen,6bba,density10,high,division_fp,19,measured
D10_frozen,6bba,density10,high,division_tp,1,measured
D10_frozen,6bba,density10,high,edge_fn,716,measured
D10_frozen,6bba,density10,high,edge_fp,1051,measured
D10_frozen,6bba,density10,high,edge_tp,7934,measured
D10_frozen,6bba,density10,low,division_fn,68,measured
D10_frozen,6bba,density10,low,division_fp,797,measured
D10_frozen,6bba,density10,low,division_tp,33,measured
D10_frozen,6bba,density10,low,edge_fn,1516,measured
D10_frozen,6bba,density10,low,edge_fp,2872,measured
D10_frozen,6bba,density10,low,edge_tp,86595,measured
D10_frozen,6bba,density10,middle,division_fn,12,measured
D10_frozen,6bba,density10,middle,division_fp,45,measured
D10_frozen,6bba,density10,middle,edge_fn,612,measured
D10_frozen,6bba,density10,middle,edge_fp,956,measured
D10_frozen,6bba,density10,middle,edge_tp,9606,measured
D10_frozen,6bba,density10,no_assigned_observation,division_fn,2,measured
D10_frozen,6bba,density10,no_assigned_observation,edge_fn,2078,measured
D10_frozen,6bba,depth,high,division_fn,21,measured
D10_frozen,6bba,depth,high,division_fp,267,measured
D10_frozen,6bba,depth,high,division_tp,14,measured
D10_frozen,6bba,depth,high,edge_fn,1468,measured
D10_frozen,6bba,depth,high,edge_fp,1437,measured
D10_frozen,6bba,depth,high,edge_tp,30036,measured
D10_frozen,6bba,depth,low,division_fn,35,measured
D10_frozen,6bba,depth,low,division_fp,282,measured
D10_frozen,6bba,depth,low,division_tp,11,measured
D10_frozen,6bba,depth,low,edge_fn,1872,measured
D10_frozen,6bba,depth,low,edge_fp,1801,measured
D10_frozen,6bba,depth,low,edge_tp,35431,measured
D10_frozen,6bba,depth,middle,division_fn,35,measured
D10_frozen,6bba,depth,middle,division_fp,312,measured
D10_frozen,6bba,depth,middle,division_tp,9,measured
D10_frozen,6bba,depth,middle,edge_fn,1582,measured
D10_frozen,6bba,depth,middle,edge_fp,1641,measured
D10_frozen,6bba,depth,middle,edge_tp,38668,measured
D10_frozen,6bba,event_support,division_cross,division_fp,38,measured
D10_frozen,6bba,event_support,division_extra,division_fp,823,measured
D10_frozen,6bba,event_support,division_no_fork,division_fn,68,measured
D10_frozen,6bba,event_support,division_observation,division_fn,22,measured
D10_frozen,6bba,event_support,division_topology,division_fn,1,measured
D10_frozen,6bba,intensity,high,division_fn,30,measured
D10_frozen,6bba,intensity,high,division_fp,248,measured
D10_frozen,6bba,intensity,high,division_tp,12,measured
D10_frozen,6bba,intensity,high,edge_fn,706,measured
D10_frozen,6bba,intensity,high,edge_fp,1107,measured
D10_frozen,6bba,intensity,high,edge_tp,27128,measured
D10_frozen,6bba,intensity,low,division_fn,14,measured
D10_frozen,6bba,intensity,low,division_fp,267,measured
D10_frozen,6bba,intensity,low,division_tp,10,measured
D10_frozen,6bba,intensity,low,edge_fn,796,measured
D10_frozen,6bba,intensity,low,edge_fp,1625,measured
D10_frozen,6bba,intensity,low,edge_tp,33224,measured
D10_frozen,6bba,intensity,middle,division_fn,45,measured
D10_frozen,6bba,intensity,middle,division_fp,346,measured
D10_frozen,6bba,intensity,middle,division_tp,12,measured
D10_frozen,6bba,intensity,middle,edge_fn,1342,measured
D10_frozen,6bba,intensity,middle,edge_fp,2147,measured
D10_frozen,6bba,intensity,middle,edge_tp,43783,measured
D10_frozen,6bba,intensity,no_assigned_observation,division_fn,2,measured
D10_frozen,6bba,intensity,no_assigned_observation,edge_fn,2078,measured
D10_frozen,6bba,local_contrast,high,division_fn,37,measured
D10_frozen,6bba,local_contrast,high,division_fp,341,measured
D10_frozen,6bba,local_contrast,high,division_tp,19,measured
D10_frozen,6bba,local_contrast,high,edge_fn,472,measured
D10_frozen,6bba,local_contrast,high,edge_fp,849,measured
D10_frozen,6bba,local_contrast,high,edge_tp,34147,measured
D10_frozen,6bba,local_contrast,low,division_fn,17,measured
D10_frozen,6bba,local_contrast,low,division_fp,175,measured
D10_frozen,6bba,local_contrast,low,division_tp,4,measured
D10_frozen,6bba,local_contrast,low,edge_fn,1320,measured
D10_frozen,6bba,local_contrast,low,edge_fp,2298,measured
D10_frozen,6bba,local_contrast,low,edge_tp,26969,measured
D10_frozen,6bba,local_contrast,middle,division_fn,35,measured
D10_frozen,6bba,local_contrast,middle,division_fp,345,measured
D10_frozen,6bba,local_contrast,middle,division_tp,11,measured
D10_frozen,6bba,local_contrast,middle,edge_fn,1052,measured
D10_frozen,6bba,local_contrast,middle,edge_fp,1732,measured
D10_frozen,6bba,local_contrast,middle,edge_tp,43019,measured
D10_frozen,6bba,local_contrast,no_assigned_observation,division_fn,2,measured
D10_frozen,6bba,local_contrast,no_assigned_observation,edge_fn,2078,measured
D10_frozen,6bba,spatial_boundary,interior,division_fn,71,measured
D10_frozen,6bba,spatial_boundary,interior,division_fp,578,measured
D10_frozen,6bba,spatial_boundary,interior,division_tp,32,measured
D10_frozen,6bba,spatial_boundary,interior,edge_fn,3078,measured
D10_frozen,6bba,spatial_boundary,interior,edge_fp,3029,measured
D10_frozen,6bba,spatial_boundary,interior,edge_tp,69910,measured
D10_frozen,6bba,spatial_boundary,within_7um,division_fn,20,measured
D10_frozen,6bba,spatial_boundary,within_7um,division_fp,283,measured
D10_frozen,6bba,spatial_boundary,within_7um,division_tp,2,measured
D10_frozen,6bba,spatial_boundary,within_7um,edge_fn,1844,measured
D10_frozen,6bba,spatial_boundary,within_7um,edge_fp,1850,measured
D10_frozen,6bba,spatial_boundary,within_7um,edge_tp,34225,measured
D10_frozen,6bba,temporal_boundary,boundary,division_fn,3,measured
D10_frozen,6bba,temporal_boundary,boundary,division_fp,50,measured
D10_frozen,6bba,temporal_boundary,boundary,division_tp,1,measured
D10_frozen,6bba,temporal_boundary,boundary,edge_fn,283,measured
D10_frozen,6bba,temporal_boundary,boundary,edge_fp,168,measured
D10_frozen,6bba,temporal_boundary,boundary,edge_tp,4354,measured
D10_frozen,6bba,temporal_boundary,interior,division_fn,88,measured
D10_frozen,6bba,temporal_boundary,interior,division_fp,811,measured
D10_frozen,6bba,temporal_boundary,interior,division_tp,33,measured
D10_frozen,6bba,temporal_boundary,interior,edge_fn,4639,measured
D10_frozen,6bba,temporal_boundary,interior,edge_fp,4711,measured
D10_frozen,6bba,temporal_boundary,interior,edge_tp,99781,measured
D20_compact,44b6,close_cells,isolated,division_fn,13,measured
D20_compact,44b6,close_cells,isolated,division_fp,110,measured
D20_compact,44b6,close_cells,isolated,division_tp,7,measured
D20_compact,44b6,close_cells,isolated,edge_fn,640,measured
D20_compact,44b6,close_cells,isolated,edge_fp,731,measured
D20_compact,44b6,close_cells,isolated,edge_tp,14376,measured
D20_compact,44b6,close_cells,within_7um_competitor,division_fn,4,measured
D20_compact,44b6,close_cells,within_7um_competitor,division_fp,28,measured
D20_compact,44b6,close_cells,within_7um_competitor,division_tp,2,measured
D20_compact,44b6,close_cells,within_7um_competitor,edge_fn,317,measured
D20_compact,44b6,close_cells,within_7um_competitor,edge_fp,482,measured
D20_compact,44b6,close_cells,within_7um_competitor,edge_tp,4493,measured
D20_compact,44b6,density10,high,division_fn,4,measured
D20_compact,44b6,density10,high,division_fp,24,measured
D20_compact,44b6,density10,high,division_tp,4,measured
D20_compact,44b6,density10,high,edge_fn,322,measured
D20_compact,44b6,density10,high,edge_fp,478,measured
D20_compact,44b6,density10,high,edge_tp,5656,measured
D20_compact,44b6,density10,low,division_fn,3,measured
D20_compact,44b6,density10,low,division_fp,36,measured
D20_compact,44b6,density10,low,division_tp,3,measured
D20_compact,44b6,density10,low,edge_fn,55,measured
D20_compact,44b6,density10,low,edge_fp,112,measured
D20_compact,44b6,density10,low,edge_tp,3114,measured
D20_compact,44b6,density10,middle,division_fn,10,measured
D20_compact,44b6,density10,middle,division_fp,78,measured
D20_compact,44b6,density10,middle,division_tp,2,measured
D20_compact,44b6,density10,middle,edge_fn,365,measured
D20_compact,44b6,density10,middle,edge_fp,623,measured
D20_compact,44b6,density10,middle,edge_tp,10099,measured
D20_compact,44b6,density10,no_assigned_observation,edge_fn,215,measured
D20_compact,44b6,depth,high,division_fn,6,measured
D20_compact,44b6,depth,high,division_fp,34,measured
D20_compact,44b6,depth,high,division_tp,1,measured
D20_compact,44b6,depth,high,edge_fn,270,measured
D20_compact,44b6,depth,high,edge_fp,349,measured
D20_compact,44b6,depth,high,edge_tp,4482,measured
D20_compact,44b6,depth,low,division_fn,3,measured
D20_compact,44b6,depth,low,division_fp,34,measured
D20_compact,44b6,depth,low,division_tp,2,measured
D20_compact,44b6,depth,low,edge_fn,240,measured
D20_compact,44b6,depth,low,edge_fp,268,measured
D20_compact,44b6,depth,low,edge_tp,4488,measured
D20_compact,44b6,depth,middle,division_fn,8,measured
D20_compact,44b6,depth,middle,division_fp,70,measured
D20_compact,44b6,depth,middle,division_tp,6,measured
D20_compact,44b6,depth,middle,edge_fn,447,measured
D20_compact,44b6,depth,middle,edge_fp,596,measured
D20_compact,44b6,depth,middle,edge_tp,9899,measured
D20_compact,44b6,event_support,division_cross,division_fp,1,measured
D20_compact,44b6,event_support,division_extra,division_fp,137,measured
D20_compact,44b6,event_support,division_no_fork,division_fn,15,measured
D20_compact,44b6,event_support,division_observation,division_fn,2,measured
D20_compact,44b6,intensity,high,division_fn,3,measured
D20_compact,44b6,intensity,high,division_fp,42,measured
D20_compact,44b6,intensity,high,division_tp,3,measured
D20_compact,44b6,intensity,high,edge_fn,254,measured
D20_compact,44b6,intensity,high,edge_fp,401,measured
D20_compact,44b6,intensity,high,edge_tp,5865,measured
D20_compact,44b6,intensity,low,division_fn,2,measured
D20_compact,44b6,intensity,low,division_fp,24,measured
D20_compact,44b6,intensity,low,division_tp,4,measured
D20_compact,44b6,intensity,low,edge_fn,84,measured
D20_compact,44b6,intensity,low,edge_fp,192,measured
D20_compact,44b6,intensity,low,edge_tp,2569,measured
D20_compact,44b6,intensity,middle,division_fn,12,measured
D20_compact,44b6,intensity,middle,division_fp,72,measured
D20_compact,44b6,intensity,middle,division_tp,2,measured
D20_compact,44b6,intensity,middle,edge_fn,404,measured
D20_compact,44b6,intensity,middle,edge_fp,620,measured
D20_compact,44b6,intensity,middle,edge_tp,10435,measured
D20_compact,44b6,intensity,no_assigned_observation,edge_fn,215,measured
D20_compact,44b6,local_contrast,high,division_fn,4,measured
D20_compact,44b6,local_contrast,high,division_fp,59,measured
D20_compact,44b6,local_contrast,high,division_tp,4,measured
D20_compact,44b6,local_contrast,high,edge_fn,165,measured
D20_compact,44b6,local_contrast,high,edge_fp,284,measured
D20_compact,44b6,local_contrast,high,edge_tp,6690,measured
D20_compact,44b6,local_contrast,low,division_fn,3,measured
D20_compact,44b6,local_contrast,low,division_fp,16,measured
D20_compact,44b6,local_contrast,low,division_tp,2,measured
D20_compact,44b6,local_contrast,low,edge_fn,111,measured
D20_compact,44b6,local_contrast,low,edge_fp,206,measured
D20_compact,44b6,local_contrast,low,edge_tp,1948,measured
D20_compact,44b6,local_contrast,middle,division_fn,10,measured
D20_compact,44b6,local_contrast,middle,division_fp,63,measured
D20_compact,44b6,local_contrast,middle,division_tp,3,measured
D20_compact,44b6,local_contrast,middle,edge_fn,466,measured
D20_compact,44b6,local_contrast,middle,edge_fp,723,measured
D20_compact,44b6,local_contrast,middle,edge_tp,10231,measured
D20_compact,44b6,local_contrast,no_assigned_observation,edge_fn,215,measured
D20_compact,44b6,spatial_boundary,interior,division_fn,15,measured
D20_compact,44b6,spatial_boundary,interior,division_fp,108,measured
D20_compact,44b6,spatial_boundary,interior,division_tp,7,measured
D20_compact,44b6,spatial_boundary,interior,edge_fn,756,measured
D20_compact,44b6,spatial_boundary,interior,edge_fp,978,measured
D20_compact,44b6,spatial_boundary,interior,edge_tp,15690,measured
D20_compact,44b6,spatial_boundary,within_7um,division_fn,2,measured
D20_compact,44b6,spatial_boundary,within_7um,division_fp,30,measured
D20_compact,44b6,spatial_boundary,within_7um,division_tp,2,measured
D20_compact,44b6,spatial_boundary,within_7um,edge_fn,201,measured
D20_compact,44b6,spatial_boundary,within_7um,edge_fp,235,measured
D20_compact,44b6,spatial_boundary,within_7um,edge_tp,3179,measured
D20_compact,44b6,temporal_boundary,boundary,division_fp,5,measured
D20_compact,44b6,temporal_boundary,boundary,edge_fn,71,measured
D20_compact,44b6,temporal_boundary,boundary,edge_fp,46,measured
D20_compact,44b6,temporal_boundary,boundary,edge_tp,728,measured
D20_compact,44b6,temporal_boundary,interior,division_fn,17,measured
D20_compact,44b6,temporal_boundary,interior,division_fp,133,measured
D20_compact,44b6,temporal_boundary,interior,division_tp,9,measured
D20_compact,44b6,temporal_boundary,interior,edge_fn,886,measured
D20_compact,44b6,temporal_boundary,interior,edge_fp,1167,measured
D20_compact,44b6,temporal_boundary,interior,edge_tp,18141,measured
D20_compact,6bba,close_cells,isolated,division_fn,77,measured
D20_compact,6bba,close_cells,isolated,division_fp,1063,measured
D20_compact,6bba,close_cells,isolated,division_tp,35,measured
D20_compact,6bba,close_cells,isolated,edge_fn,4051,measured
D20_compact,6bba,close_cells,isolated,edge_fp,3852,measured
D20_compact,6bba,close_cells,isolated,edge_tp,97896,measured
D20_compact,6bba,close_cells,within_7um_competitor,division_fn,9,measured
D20_compact,6bba,close_cells,within_7um_competitor,division_fp,44,measured
D20_compact,6bba,close_cells,within_7um_competitor,division_tp,4,measured
D20_compact,6bba,close_cells,within_7um_competitor,edge_fn,687,measured
D20_compact,6bba,close_cells,within_7um_competitor,edge_fp,1159,measured
D20_compact,6bba,close_cells,within_7um_competitor,edge_tp,6423,measured
D20_compact,6bba,density10,high,division_fn,8,measured
D20_compact,6bba,density10,high,division_fp,40,measured
D20_compact,6bba,density10,high,division_tp,2,measured
D20_compact,6bba,density10,high,edge_fn,698,measured
D20_compact,6bba,density10,high,edge_fp,1074,measured
D20_compact,6bba,density10,high,edge_tp,7952,measured
D20_compact,6bba,density10,low,division_fn,64,measured
D20_compact,6bba,density10,low,division_fp,1001,measured
D20_compact,6bba,density10,low,division_tp,37,measured
D20_compact,6bba,density10,low,edge_fn,1380,measured
D20_compact,6bba,density10,low,edge_fp,2958,measured
D20_compact,6bba,density10,low,edge_tp,86731,measured
D20_compact,6bba,density10,middle,division_fn,12,measured
D20_compact,6bba,density10,middle,division_fp,66,measured
D20_compact,6bba,density10,middle,edge_fn,582,measured
D20_compact,6bba,density10,middle,edge_fp,979,measured
D20_compact,6bba,density10,middle,edge_tp,9636,measured
D20_compact,6bba,density10,no_assigned_observation,division_fn,2,measured
D20_compact,6bba,density10,no_assigned_observation,edge_fn,2078,measured
D20_compact,6bba,depth,high,division_fn,21,measured
D20_compact,6bba,depth,high,division_fp,405,measured
D20_compact,6bba,depth,high,division_tp,14,measured
D20_compact,6bba,depth,high,edge_fn,1405,measured
D20_compact,6bba,depth,high,edge_fp,1539,measured
D20_compact,6bba,depth,high,edge_tp,30099,measured
D20_compact,6bba,depth,low,division_fn,32,measured
D20_compact,6bba,depth,low,division_fp,347,measured
D20_compact,6bba,depth,low,division_tp,14,measured
D20_compact,6bba,depth,low,edge_fn,1809,measured
D20_compact,6bba,depth,low,edge_fp,1813,measured
D20_compact,6bba,depth,low,edge_tp,35494,measured
D20_compact,6bba,depth,middle,division_fn,33,measured
D20_compact,6bba,depth,middle,division_fp,355,measured
D20_compact,6bba,depth,middle,division_tp,11,measured
D20_compact,6bba,depth,middle,edge_fn,1524,measured
D20_compact,6bba,depth,middle,edge_fp,1659,measured
D20_compact,6bba,depth,middle,edge_tp,38726,measured
D20_compact,6bba,event_support,division_cross,division_fp,37,measured
D20_compact,6bba,event_support,division_extra,division_fp,1070,measured
D20_compact,6bba,event_support,division_no_fork,division_fn,62,measured
D20_compact,6bba,event_support,division_observation,division_fn,22,measured
D20_compact,6bba,event_support,division_topology,division_fn,2,measured
D20_compact,6bba,intensity,high,division_fn,25,measured
D20_compact,6bba,intensity,high,division_fp,315,measured
D20_compact,6bba,intensity,high,division_tp,17,measured
D20_compact,6bba,intensity,high,edge_fn,669,measured
D20_compact,6bba,intensity,high,edge_fp,1098,measured
D20_compact,6bba,intensity,high,edge_tp,27165,measured
D20_compact,6bba,intensity,low,division_fn,15,measured
D20_compact,6bba,intensity,low,division_fp,332,measured
D20_compact,6bba,intensity,low,division_tp,9,measured
D20_compact,6bba,intensity,low,edge_fn,717,measured
D20_compact,6bba,intensity,low,edge_fp,1769,measured
D20_compact,6bba,intensity,low,edge_tp,33303,measured
D20_compact,6bba,intensity,middle,division_fn,44,measured
D20_compact,6bba,intensity,middle,division_fp,460,measured
D20_compact,6bba,intensity,middle,division_tp,13,measured
D20_compact,6bba,intensity,middle,edge_fn,1274,measured
D20_compact,6bba,intensity,middle,edge_fp,2144,measured
D20_compact,6bba,intensity,middle,edge_tp,43851,measured
D20_compact,6bba,intensity,no_assigned_observation,division_fn,2,measured
D20_compact,6bba,intensity,no_assigned_observation,edge_fn,2078,measured
D20_compact,6bba,local_contrast,high,division_fn,33,measured
D20_compact,6bba,local_contrast,high,division_fp,432,measured
D20_compact,6bba,local_contrast,high,division_tp,23,measured
D20_compact,6bba,local_contrast,high,edge_fn,425,measured
D20_compact,6bba,local_contrast,high,edge_fp,841,measured
D20_compact,6bba,local_contrast,high,edge_tp,34194,measured
D20_compact,6bba,local_contrast,low,division_fn,17,measured
D20_compact,6bba,local_contrast,low,division_fp,225,measured
D20_compact,6bba,local_contrast,low,division_tp,4,measured
D20_compact,6bba,local_contrast,low,edge_fn,1260,measured
D20_compact,6bba,local_contrast,low,edge_fp,2409,measured
D20_compact,6bba,local_contrast,low,edge_tp,27029,measured
D20_compact,6bba,local_contrast,middle,division_fn,34,measured
D20_compact,6bba,local_contrast,middle,division_fp,450,measured
D20_compact,6bba,local_contrast,middle,division_tp,12,measured
D20_compact,6bba,local_contrast,middle,edge_fn,975,measured
D20_compact,6bba,local_contrast,middle,edge_fp,1761,measured
D20_compact,6bba,local_contrast,middle,edge_tp,43096,measured
D20_compact,6bba,local_contrast,no_assigned_observation,division_fn,2,measured
D20_compact,6bba,local_contrast,no_assigned_observation,edge_fn,2078,measured
D20_compact,6bba,spatial_boundary,interior,division_fn,66,measured
D20_compact,6bba,spatial_boundary,interior,division_fp,718,measured
D20_compact,6bba,spatial_boundary,interior,division_tp,37,measured
D20_compact,6bba,spatial_boundary,interior,edge_fn,2956,measured
D20_compact,6bba,spatial_boundary,interior,edge_fp,2980,measured
D20_compact,6bba,spatial_boundary,interior,edge_tp,70032,measured
D20_compact,6bba,spatial_boundary,within_7um,division_fn,20,measured
D20_compact,6bba,spatial_boundary,within_7um,division_fp,389,measured
D20_compact,6bba,spatial_boundary,within_7um,division_tp,2,measured
D20_compact,6bba,spatial_boundary,within_7um,edge_fn,1782,measured
D20_compact,6bba,spatial_boundary,within_7um,edge_fp,2031,measured
D20_compact,6bba,spatial_boundary,within_7um,edge_tp,34287,measured
D20_compact,6bba,temporal_boundary,boundary,division_fn,4,measured
D20_compact,6bba,temporal_boundary,boundary,division_fp,27,measured
D20_compact,6bba,temporal_boundary,boundary,edge_fn,270,measured
D20_compact,6bba,temporal_boundary,boundary,edge_fp,136,measured
D20_compact,6bba,temporal_boundary,boundary,edge_tp,4367,measured
D20_compact,6bba,temporal_boundary,interior,division_fn,82,measured
D20_compact,6bba,temporal_boundary,interior,division_fp,1080,measured
D20_compact,6bba,temporal_boundary,interior,division_tp,39,measured
D20_compact,6bba,temporal_boundary,interior,edge_fn,4468,measured
D20_compact,6bba,temporal_boundary,interior,edge_fp,4875,measured
D20_compact,6bba,temporal_boundary,interior,edge_tp,99952,measured
D20_no_pretrain,44b6,close_cells,isolated,division_fn,15,measured
D20_no_pretrain,44b6,close_cells,isolated,division_fp,45,measured
D20_no_pretrain,44b6,close_cells,isolated,division_tp,5,measured
D20_no_pretrain,44b6,close_cells,isolated,edge_fn,647,measured
D20_no_pretrain,44b6,close_cells,isolated,edge_fp,692,measured
D20_no_pretrain,44b6,close_cells,isolated,edge_tp,14369,measured
D20_no_pretrain,44b6,close_cells,within_7um_competitor,division_fn,4,measured
D20_no_pretrain,44b6,close_cells,within_7um_competitor,division_fp,14,measured
D20_no_pretrain,44b6,close_cells,within_7um_competitor,division_tp,2,measured
D20_no_pretrain,44b6,close_cells,within_7um_competitor,edge_fn,320,measured
D20_no_pretrain,44b6,close_cells,within_7um_competitor,edge_fp,442,measured
D20_no_pretrain,44b6,close_cells,within_7um_competitor,edge_tp,4490,measured
D20_no_pretrain,44b6,density10,high,division_fn,4,measured
D20_no_pretrain,44b6,density10,high,division_fp,8,measured
D20_no_pretrain,44b6,density10,high,division_tp,4,measured
D20_no_pretrain,44b6,density10,high,edge_fn,322,measured
D20_no_pretrain,44b6,density10,high,edge_fp,456,measured
D20_no_pretrain,44b6,density10,high,edge_tp,5656,measured
D20_no_pretrain,44b6,density10,low,division_fn,3,measured
D20_no_pretrain,44b6,density10,low,division_fp,24,measured
D20_no_pretrain,44b6,density10,low,division_tp,3,measured
D20_no_pretrain,44b6,density10,low,edge_fn,58,measured
D20_no_pretrain,44b6,density10,low,edge_fp,103,measured
D20_no_pretrain,44b6,density10,low,edge_tp,3111,measured
D20_no_pretrain,44b6,density10,middle,division_fn,12,measured
D20_no_pretrain,44b6,density10,middle,division_fp,27,measured
D20_no_pretrain,44b6,density10,middle,edge_fn,372,measured
D20_no_pretrain,44b6,density10,middle,edge_fp,575,measured
D20_no_pretrain,44b6,density10,middle,edge_tp,10092,measured
D20_no_pretrain,44b6,density10,no_assigned_observation,edge_fn,215,measured
D20_no_pretrain,44b6,depth,high,division_fn,6,measured
D20_no_pretrain,44b6,depth,high,division_fp,16,measured
D20_no_pretrain,44b6,depth,high,division_tp,1,measured
D20_no_pretrain,44b6,depth,high,edge_fn,272,measured
D20_no_pretrain,44b6,depth,high,edge_fp,326,measured
D20_no_pretrain,44b6,depth,high,edge_tp,4480,measured
D20_no_pretrain,44b6,depth,low,division_fn,4,measured
D20_no_pretrain,44b6,depth,low,division_fp,10,measured
D20_no_pretrain,44b6,depth,low,division_tp,1,measured
D20_no_pretrain,44b6,depth,low,edge_fn,246,measured
D20_no_pretrain,44b6,depth,low,edge_fp,246,measured
D20_no_pretrain,44b6,depth,low,edge_tp,4482,measured
D20_no_pretrain,44b6,depth,middle,division_fn,9,measured
D20_no_pretrain,44b6,depth,middle,division_fp,33,measured
D20_no_pretrain,44b6,depth,middle,division_tp,5,measured
D20_no_pretrain,44b6,depth,middle,edge_fn,449,measured
D20_no_pretrain,44b6,depth,middle,edge_fp,562,measured
D20_no_pretrain,44b6,depth,middle,edge_tp,9897,measured
D20_no_pretrain,44b6,event_support,division_cross,division_fp,1,measured
D20_no_pretrain,44b6,event_support,division_extra,division_fp,58,measured
D20_no_pretrain,44b6,event_support,division_no_fork,division_fn,17,measured
D20_no_pretrain,44b6,event_support,division_observation,division_fn,2,measured
D20_no_pretrain,44b6,intensity,high,division_fn,4,measured
D20_no_pretrain,44b6,intensity,high,division_fp,25,measured
D20_no_pretrain,44b6,intensity,high,division_tp,2,measured
D20_no_pretrain,44b6,intensity,high,edge_fn,257,measured
D20_no_pretrain,44b6,intensity,high,edge_fp,399,measured
D20_no_pretrain,44b6,intensity,high,edge_tp,5862,measured
D20_no_pretrain,44b6,intensity,low,division_fn,3,measured
D20_no_pretrain,44b6,intensity,low,division_fp,7,measured
D20_no_pretrain,44b6,intensity,low,division_tp,3,measured
D20_no_pretrain,44b6,intensity,low,edge_fn,88,measured
D20_no_pretrain,44b6,intensity,low,edge_fp,152,measured
D20_no_pretrain,44b6,intensity,low,edge_tp,2565,measured
D20_no_pretrain,44b6,intensity,middle,division_fn,12,measured
D20_no_pretrain,44b6,intensity,middle,division_fp,27,measured
D20_no_pretrain,44b6,intensity,middle,division_tp,2,measured
D20_no_pretrain,44b6,intensity,middle,edge_fn,407,measured
D20_no_pretrain,44b6,intensity,middle,edge_fp,583,measured
D20_no_pretrain,44b6,intensity,middle,edge_tp,10432,measured
D20_no_pretrain,44b6,intensity,no_assigned_observation,edge_fn,215,measured
D20_no_pretrain,44b6,local_contrast,high,division_fn,5,measured
D20_no_pretrain,44b6,local_contrast,high,division_fp,30,measured
D20_no_pretrain,44b6,local_contrast,high,division_tp,3,measured
D20_no_pretrain,44b6,local_contrast,high,edge_fn,170,measured
D20_no_pretrain,44b6,local_contrast,high,edge_fp,277,measured
D20_no_pretrain,44b6,local_contrast,high,edge_tp,6685,measured
D20_no_pretrain,44b6,local_contrast,low,division_fn,3,measured
D20_no_pretrain,44b6,local_contrast,low,division_fp,7,measured
D20_no_pretrain,44b6,local_contrast,low,division_tp,2,measured
D20_no_pretrain,44b6,local_contrast,low,edge_fn,112,measured
D20_no_pretrain,44b6,local_contrast,low,edge_fp,188,measured
D20_no_pretrain,44b6,local_contrast,low,edge_tp,1947,measured
D20_no_pretrain,44b6,local_contrast,middle,division_fn,11,measured
D20_no_pretrain,44b6,local_contrast,middle,division_fp,22,measured
D20_no_pretrain,44b6,local_contrast,middle,division_tp,2,measured
D20_no_pretrain,44b6,local_contrast,middle,edge_fn,470,measured
D20_no_pretrain,44b6,local_contrast,middle,edge_fp,669,measured
D20_no_pretrain,44b6,local_contrast,middle,edge_tp,10227,measured
D20_no_pretrain,44b6,local_contrast,no_assigned_observation,edge_fn,215,measured
D20_no_pretrain,44b6,spatial_boundary,interior,division_fn,17,measured
D20_no_pretrain,44b6,spatial_boundary,interior,division_fp,47,measured
D20_no_pretrain,44b6,spatial_boundary,interior,division_tp,5,measured
D20_no_pretrain,44b6,spatial_boundary,interior,edge_fn,762,measured
D20_no_pretrain,44b6,spatial_boundary,interior,edge_fp,928,measured
D20_no_pretrain,44b6,spatial_boundary,interior,edge_tp,15684,measured
D20_no_pretrain,44b6,spatial_boundary,within_7um,division_fn,2,measured
D20_no_pretrain,44b6,spatial_boundary,within_7um,division_fp,12,measured
D20_no_pretrain,44b6,spatial_boundary,within_7um,division_tp,2,measured
D20_no_pretrain,44b6,spatial_boundary,within_7um,edge_fn,205,measured
D20_no_pretrain,44b6,spatial_boundary,within_7um,edge_fp,206,measured
D20_no_pretrain,44b6,spatial_boundary,within_7um,edge_tp,3175,measured
D20_no_pretrain,44b6,temporal_boundary,boundary,division_fp,4,measured
D20_no_pretrain,44b6,temporal_boundary,boundary,edge_fn,74,measured
D20_no_pretrain,44b6,temporal_boundary,boundary,edge_fp,50,measured
D20_no_pretrain,44b6,temporal_boundary,boundary,edge_tp,725,measured
D20_no_pretrain,44b6,temporal_boundary,interior,division_fn,19,measured
D20_no_pretrain,44b6,temporal_boundary,interior,division_fp,55,measured
D20_no_pretrain,44b6,temporal_boundary,interior,division_tp,7,measured
D20_no_pretrain,44b6,temporal_boundary,interior,edge_fn,893,measured
D20_no_pretrain,44b6,temporal_boundary,interior,edge_fp,1084,measured
D20_no_pretrain,44b6,temporal_boundary,interior,edge_tp,18134,measured
D20_no_pretrain,6bba,close_cells,isolated,division_fn,85,measured
D20_no_pretrain,6bba,close_cells,isolated,division_fp,645,measured
D20_no_pretrain,6bba,close_cells,isolated,division_tp,27,measured
D20_no_pretrain,6bba,close_cells,isolated,edge_fn,4293,measured
D20_no_pretrain,6bba,close_cells,isolated,edge_fp,3675,measured
D20_no_pretrain,6bba,close_cells,isolated,edge_tp,97654,measured
D20_no_pretrain,6bba,close_cells,within_7um_competitor,division_fn,11,measured
D20_no_pretrain,6bba,close_cells,within_7um_competitor,division_fp,12,measured
D20_no_pretrain,6bba,close_cells,within_7um_competitor,division_tp,2,measured
D20_no_pretrain,6bba,close_cells,within_7um_competitor,edge_fn,710,measured
D20_no_pretrain,6bba,close_cells,within_7um_competitor,edge_fp,1047,measured
D20_no_pretrain,6bba,close_cells,within_7um_competitor,edge_tp,6400,measured
D20_no_pretrain,6bba,density10,high,division_fn,9,measured
D20_no_pretrain,6bba,density10,high,division_fp,13,measured
D20_no_pretrain,6bba,density10,high,division_tp,1,measured
D20_no_pretrain,6bba,density10,high,edge_fn,709,measured
D20_no_pretrain,6bba,density10,high,edge_fp,1030,measured
D20_no_pretrain,6bba,density10,high,edge_tp,7941,measured
D20_no_pretrain,6bba,density10,low,division_fn,73,measured
D20_no_pretrain,6bba,density10,low,division_fp,624,measured
D20_no_pretrain,6bba,density10,low,division_tp,28,measured
D20_no_pretrain,6bba,density10,low,edge_fn,1610,measured
D20_no_pretrain,6bba,density10,low,edge_fp,2787,measured
D20_no_pretrain,6bba,density10,low,edge_tp,86501,measured
D20_no_pretrain,6bba,density10,middle,division_fn,12,measured
D20_no_pretrain,6bba,density10,middle,division_fp,20,measured
D20_no_pretrain,6bba,density10,middle,edge_fn,606,measured
D20_no_pretrain,6bba,density10,middle,edge_fp,905,measured
D20_no_pretrain,6bba,density10,middle,edge_tp,9612,measured
D20_no_pretrain,6bba,density10,no_assigned_observation,division_fn,2,measured
D20_no_pretrain,6bba,density10,no_assigned_observation,edge_fn,2078,measured
D20_no_pretrain,6bba,depth,high,division_fn,22,measured
D20_no_pretrain,6bba,depth,high,division_fp,197,measured
D20_no_pretrain,6bba,depth,high,division_tp,13,measured
D20_no_pretrain,6bba,depth,high,edge_fn,1481,measured
D20_no_pretrain,6bba,depth,high,edge_fp,1383,measured
D20_no_pretrain,6bba,depth,high,edge_tp,30023,measured
D20_no_pretrain,6bba,depth,low,division_fn,36,measured
D20_no_pretrain,6bba,depth,low,division_fp,249,measured
D20_no_pretrain,6bba,depth,low,division_tp,10,measured
D20_no_pretrain,6bba,depth,low,edge_fn,1911,measured
D20_no_pretrain,6bba,depth,low,edge_fp,1785,measured
D20_no_pretrain,6bba,depth,low,edge_tp,35392,measured
D20_no_pretrain,6bba,depth,middle,division_fn,38,measured
D20_no_pretrain,6bba,depth,middle,division_fp,211,measured
D20_no_pretrain,6bba,depth,middle,division_tp,6,measured
D20_no_pretrain,6bba,depth,middle,edge_fn,1611,measured
D20_no_pretrain,6bba,depth,middle,edge_fp,1554,measured
D20_no_pretrain,6bba,depth,middle,edge_tp,38639,measured
D20_no_pretrain,6bba,event_support,division_cross,division_fp,49,measured
D20_no_pretrain,6bba,event_support,division_extra,division_fp,608,measured
D20_no_pretrain,6bba,event_support,division_no_fork,division_fn,71,measured
D20_no_pretrain,6bba,event_support,division_observation,division_fn,22,measured
D20_no_pretrain,6bba,event_support,division_topology,division_fn,3,measured
D20_no_pretrain,6bba,intensity,high,division_fn,31,measured
D20_no_pretrain,6bba,intensity,high,division_fp,181,measured
D20_no_pretrain,6bba,intensity,high,division_tp,11,measured
D20_no_pretrain,6bba,intensity,high,edge_fn,724,measured
D20_no_pretrain,6bba,intensity,high,edge_fp,1100,measured
D20_no_pretrain,6bba,intensity,high,edge_tp,27110,measured
D20_no_pretrain,6bba,intensity,low,division_fn,15,measured
D20_no_pretrain,6bba,intensity,low,division_fp,193,measured
D20_no_pretrain,6bba,intensity,low,division_tp,9,measured
D20_no_pretrain,6bba,intensity,low,edge_fn,821,measured
D20_no_pretrain,6bba,intensity,low,edge_fp,1492,measured
D20_no_pretrain,6bba,intensity,low,edge_tp,33199,measured
D20_no_pretrain,6bba,intensity,middle,division_fn,48,measured
D20_no_pretrain,6bba,intensity,middle,division_fp,283,measured
D20_no_pretrain,6bba,intensity,middle,division_tp,9,measured
D20_no_pretrain,6bba,intensity,middle,edge_fn,1380,measured
D20_no_pretrain,6bba,intensity,middle,edge_fp,2130,measured
D20_no_pretrain,6bba,intensity,middle,edge_tp,43745,measured
D20_no_pretrain,6bba,intensity,no_assigned_observation,division_fn,2,measured
D20_no_pretrain,6bba,intensity,no_assigned_observation,edge_fn,2078,measured
D20_no_pretrain,6bba,local_contrast,high,division_fn,40,measured
D20_no_pretrain,6bba,local_contrast,high,division_fp,266,measured
D20_no_pretrain,6bba,local_contrast,high,division_tp,16,measured
D20_no_pretrain,6bba,local_contrast,high,edge_fn,512,measured
D20_no_pretrain,6bba,local_contrast,high,edge_fp,856,measured
D20_no_pretrain,6bba,local_contrast,high,edge_tp,34107,measured
D20_no_pretrain,6bba,local_contrast,low,division_fn,17,measured
D20_no_pretrain,6bba,local_contrast,low,division_fp,130,measured
D20_no_pretrain,6bba,local_contrast,low,division_tp,4,measured
D20_no_pretrain,6bba,local_contrast,low,edge_fn,1312,measured
D20_no_pretrain,6bba,local_contrast,low,edge_fp,2156,measured
D20_no_pretrain,6bba,local_contrast,low,edge_tp,26977,measured
D20_no_pretrain,6bba,local_contrast,middle,division_fn,37,measured
D20_no_pretrain,6bba,local_contrast,middle,division_fp,261,measured
D20_no_pretrain,6bba,local_contrast,middle,division_tp,9,measured
D20_no_pretrain,6bba,local_contrast,middle,edge_fn,1101,measured
D20_no_pretrain,6bba,local_contrast,middle,edge_fp,1710,measured
D20_no_pretrain,6bba,local_contrast,middle,edge_tp,42970,measured
D20_no_pretrain,6bba,local_contrast,no_assigned_observation,division_fn,2,measured
D20_no_pretrain,6bba,local_contrast,no_assigned_observation,edge_fn,2078,measured
D20_no_pretrain,6bba,spatial_boundary,interior,division_fn,76,measured
D20_no_pretrain,6bba,spatial_boundary,interior,division_fp,445,measured
D20_no_pretrain,6bba,spatial_boundary,interior,division_tp,27,measured
D20_no_pretrain,6bba,spatial_boundary,interior,edge_fn,3146,measured
D20_no_pretrain,6bba,spatial_boundary,interior,edge_fp,2961,measured
D20_no_pretrain,6bba,spatial_boundary,interior,edge_tp,69842,measured
D20_no_pretrain,6bba,spatial_boundary,within_7um,division_fn,20,measured
D20_no_pretrain,6bba,spatial_boundary,within_7um,division_fp,212,measured
D20_no_pretrain,6bba,spatial_boundary,within_7um,division_tp,2,measured
D20_no_pretrain,6bba,spatial_boundary,within_7um,edge_fn,1857,measured
D20_no_pretrain,6bba,spatial_boundary,within_7um,edge_fp,1761,measured
D20_no_pretrain,6bba,spatial_boundary,within_7um,edge_tp,34212,measured
D20_no_pretrain,6bba,temporal_boundary,boundary,division_fn,3,measured
D20_no_pretrain,6bba,temporal_boundary,boundary,division_fp,55,measured
D20_no_pretrain,6bba,temporal_boundary,boundary,division_tp,1,measured
D20_no_pretrain,6bba,temporal_boundary,boundary,edge_fn,288,measured
D20_no_pretrain,6bba,temporal_boundary,boundary,edge_fp,187,measured
D20_no_pretrain,6bba,temporal_boundary,boundary,edge_tp,4349,measured
D20_no_pretrain,6bba,temporal_boundary,interior,division_fn,93,measured
D20_no_pretrain,6bba,temporal_boundary,interior,division_fp,602,measured
D20_no_pretrain,6bba,temporal_boundary,interior,division_tp,28,measured
D20_no_pretrain,6bba,temporal_boundary,interior,edge_fn,4715,measured
D20_no_pretrain,6bba,temporal_boundary,interior,edge_fp,4535,measured
D20_no_pretrain,6bba,temporal_boundary,interior,edge_tp,99705,measured
D20_temporal,44b6,close_cells,isolated,division_fn,15,measured
D20_temporal,44b6,close_cells,isolated,division_fp,77,measured
D20_temporal,44b6,close_cells,isolated,division_tp,5,measured
D20_temporal,44b6,close_cells,isolated,edge_fn,640,measured
D20_temporal,44b6,close_cells,isolated,edge_fp,707,measured
D20_temporal,44b6,close_cells,isolated,edge_tp,14376,measured
D20_temporal,44b6,close_cells,within_7um_competitor,division_fn,4,measured
D20_temporal,44b6,close_cells,within_7um_competitor,division_fp,16,measured
D20_temporal,44b6,close_cells,within_7um_competitor,division_tp,2,measured
D20_temporal,44b6,close_cells,within_7um_competitor,edge_fn,319,measured
D20_temporal,44b6,close_cells,within_7um_competitor,edge_fp,459,measured
D20_temporal,44b6,close_cells,within_7um_competitor,edge_tp,4491,measured
D20_temporal,44b6,density10,high,division_fn,4,measured
D20_temporal,44b6,density10,high,division_fp,16,measured
D20_temporal,44b6,density10,high,division_tp,4,measured
D20_temporal,44b6,density10,high,edge_fn,324,measured
D20_temporal,44b6,density10,high,edge_fp,472,measured
D20_temporal,44b6,density10,high,edge_tp,5654,measured
D20_temporal,44b6,density10,low,division_fn,3,measured
D20_temporal,44b6,density10,low,division_fp,31,measured
D20_temporal,44b6,density10,low,division_tp,3,measured
D20_temporal,44b6,density10,low,edge_fn,54,measured
D20_temporal,44b6,density10,low,edge_fp,105,measured
D20_temporal,44b6,density10,low,edge_tp,3115,measured
D20_temporal,44b6,density10,middle,division_fn,12,measured
D20_temporal,44b6,density10,middle,division_fp,46,measured
D20_temporal,44b6,density10,middle,edge_fn,366,measured
D20_temporal,44b6,density10,middle,edge_fp,589,measured
D20_temporal,44b6,density10,middle,edge_tp,10098,measured
D20_temporal,44b6,density10,no_assigned_observation,edge_fn,215,measured
D20_temporal,44b6,depth,high,division_fn,6,measured
D20_temporal,44b6,depth,high,division_fp,23,measured
D20_temporal,44b6,depth,high,division_tp,1,measured
D20_temporal,44b6,depth,high,edge_fn,270,measured
D20_temporal,44b6,depth,high,edge_fp,332,measured
D20_temporal,44b6,depth,high,edge_tp,4482,measured
D20_temporal,44b6,depth,low,division_fn,4,measured
D20_temporal,44b6,depth,low,division_fp,25,measured
D20_temporal,44b6,depth,low,division_tp,1,measured
D20_temporal,44b6,depth,low,edge_fn,242,measured
D20_temporal,44b6,depth,low,edge_fp,257,measured
D20_temporal,44b6,depth,low,edge_tp,4486,measured
D20_temporal,44b6,depth,middle,division_fn,9,measured
D20_temporal,44b6,depth,middle,division_fp,45,measured
D20_temporal,44b6,depth,middle,division_tp,5,measured
D20_temporal,44b6,depth,middle,edge_fn,447,measured
D20_temporal,44b6,depth,middle,edge_fp,577,measured
D20_temporal,44b6,depth,middle,edge_tp,9899,measured
D20_temporal,44b6,event_support,division_cross,division_fp,1,measured
D20_temporal,44b6,event_support,division_extra,division_fp,92,measured
D20_temporal,44b6,event_support,division_no_fork,division_fn,16,measured
D20_temporal,44b6,event_support,division_observation,division_fn,2,measured
D20_temporal,44b6,event_support,division_topology,division_fn,1,measured
D20_temporal,44b6,intensity,high,division_fn,4,measured
D20_temporal,44b6,intensity,high,division_fp,27,measured
D20_temporal,44b6,intensity,high,division_tp,2,measured
D20_temporal,44b6,intensity,high,edge_fn,255,measured
D20_temporal,44b6,intensity,high,edge_fp,401,measured
D20_temporal,44b6,intensity,high,edge_tp,5864,measured
D20_temporal,44b6,intensity,low,division_fn,3,measured
D20_temporal,44b6,intensity,low,division_fp,12,measured
D20_temporal,44b6,intensity,low,division_tp,3,measured
D20_temporal,44b6,intensity,low,edge_fn,86,measured
D20_temporal,44b6,intensity,low,edge_fp,172,measured
D20_temporal,44b6,intensity,low,edge_tp,2567,measured
D20_temporal,44b6,intensity,middle,division_fn,12,measured
D20_temporal,44b6,intensity,middle,division_fp,54,measured
D20_temporal,44b6,intensity,middle,division_tp,2,measured
D20_temporal,44b6,intensity,middle,edge_fn,403,measured
D20_temporal,44b6,intensity,middle,edge_fp,593,measured
D20_temporal,44b6,intensity,middle,edge_tp,10436,measured
D20_temporal,44b6,intensity,no_assigned_observation,edge_fn,215,measured
D20_temporal,44b6,local_contrast,high,division_fn,5,measured
D20_temporal,44b6,local_contrast,high,division_fp,41,measured
D20_temporal,44b6,local_contrast,high,division_tp,3,measured
D20_temporal,44b6,local_contrast,high,edge_fn,169,measured
D20_temporal,44b6,local_contrast,high,edge_fp,277,measured
D20_temporal,44b6,local_contrast,high,edge_tp,6686,measured
D20_temporal,44b6,local_contrast,low,division_fn,3,measured
D20_temporal,44b6,local_contrast,low,division_fp,11,measured
D20_temporal,44b6,local_contrast,low,division_tp,2,measured
D20_temporal,44b6,local_contrast,low,edge_fn,111,measured
D20_temporal,44b6,local_contrast,low,edge_fp,200,measured
D20_temporal,44b6,local_contrast,low,edge_tp,1948,measured
D20_temporal,44b6,local_contrast,middle,division_fn,11,measured
D20_temporal,44b6,local_contrast,middle,division_fp,41,measured
D20_temporal,44b6,local_contrast,middle,division_tp,2,measured
D20_temporal,44b6,local_contrast,middle,edge_fn,464,measured
D20_temporal,44b6,local_contrast,middle,edge_fp,689,measured
D20_temporal,44b6,local_contrast,middle,edge_tp,10233,measured
D20_temporal,44b6,local_contrast,no_assigned_observation,edge_fn,215,measured
D20_temporal,44b6,spatial_boundary,interior,division_fn,17,measured
D20_temporal,44b6,spatial_boundary,interior,division_fp,74,measured
D20_temporal,44b6,spatial_boundary,interior,division_tp,5,measured
D20_temporal,44b6,spatial_boundary,interior,edge_fn,756,measured
D20_temporal,44b6,spatial_boundary,interior,edge_fp,946,measured
D20_temporal,44b6,spatial_boundary,interior,edge_tp,15690,measured
D20_temporal,44b6,spatial_boundary,within_7um,division_fn,2,measured
D20_temporal,44b6,spatial_boundary,within_7um,division_fp,19,measured
D20_temporal,44b6,spatial_boundary,within_7um,division_tp,2,measured
D20_temporal,44b6,spatial_boundary,within_7um,edge_fn,203,measured
D20_temporal,44b6,spatial_boundary,within_7um,edge_fp,220,measured
D20_temporal,44b6,spatial_boundary,within_7um,edge_tp,3177,measured
D20_temporal,44b6,temporal_boundary,boundary,division_fp,2,measured
D20_temporal,44b6,temporal_boundary,boundary,edge_fn,72,measured
D20_temporal,44b6,temporal_boundary,boundary,edge_fp,45,measured
D20_temporal,44b6,temporal_boundary,boundary,edge_tp,727,measured
D20_temporal,44b6,temporal_boundary,interior,division_fn,19,measured
D20_temporal,44b6,temporal_boundary,interior,division_fp,91,measured
D20_temporal,44b6,temporal_boundary,interior,division_tp,7,measured
D20_temporal,44b6,temporal_boundary,interior,edge_fn,887,measured
D20_temporal,44b6,temporal_boundary,interior,edge_fp,1121,measured
D20_temporal,44b6,temporal_boundary,interior,edge_tp,18140,measured
D20_temporal,6bba,close_cells,isolated,division_fn,78,measured
D20_temporal,6bba,close_cells,isolated,division_fp,930,measured
D20_temporal,6bba,close_cells,isolated,division_tp,34,measured
D20_temporal,6bba,close_cells,isolated,edge_fn,4087,measured
D20_temporal,6bba,close_cells,isolated,edge_fp,3744,measured
D20_temporal,6bba,close_cells,isolated,edge_tp,97860,measured
D20_temporal,6bba,close_cells,within_7um_competitor,division_fn,9,measured
D20_temporal,6bba,close_cells,within_7um_competitor,division_fp,29,measured
D20_temporal,6bba,close_cells,within_7um_competitor,division_tp,4,measured
D20_temporal,6bba,close_cells,within_7um_competitor,edge_fn,697,measured
D20_temporal,6bba,close_cells,within_7um_competitor,edge_fp,1140,measured
D20_temporal,6bba,close_cells,within_7um_competitor,edge_tp,6413,measured
D20_temporal,6bba,density10,high,division_fn,8,measured
D20_temporal,6bba,density10,high,division_fp,26,measured
D20_temporal,6bba,density10,high,division_tp,2,measured
D20_temporal,6bba,density10,high,edge_fn,710,measured
D20_temporal,6bba,density10,high,edge_fp,1056,measured
D20_temporal,6bba,density10,high,edge_tp,7940,measured
D20_temporal,6bba,density10,low,division_fn,65,measured
D20_temporal,6bba,density10,low,division_fp,892,measured
D20_temporal,6bba,density10,low,division_tp,36,measured
D20_temporal,6bba,density10,low,edge_fn,1412,measured
D20_temporal,6bba,density10,low,edge_fp,2872,measured
D20_temporal,6bba,density10,low,edge_tp,86699,measured
D20_temporal,6bba,density10,middle,division_fn,12,measured
D20_temporal,6bba,density10,middle,division_fp,41,measured
D20_temporal,6bba,density10,middle,edge_fn,584,measured
D20_temporal,6bba,density10,middle,edge_fp,956,measured
D20_temporal,6bba,density10,middle,edge_tp,9634,measured
D20_temporal,6bba,density10,no_assigned_observation,division_fn,2,measured
D20_temporal,6bba,density10,no_assigned_observation,edge_fn,2078,measured
D20_temporal,6bba,depth,high,division_fn,20,measured
D20_temporal,6bba,depth,high,division_fp,369,measured
D20_temporal,6bba,depth,high,division_tp,15,measured
D20_temporal,6bba,depth,high,edge_fn,1416,measured
D20_temporal,6bba,depth,high,edge_fp,1506,measured
D20_temporal,6bba,depth,high,edge_tp,30088,measured
D20_temporal,6bba,depth,low,division_fn,33,measured
D20_temporal,6bba,depth,low,division_fp,288,measured
D20_temporal,6bba,depth,low,division_tp,13,measured
D20_temporal,6bba,depth,low,edge_fn,1829,measured
D20_temporal,6bba,depth,low,edge_fp,1763,measured
D20_temporal,6bba,depth,low,edge_tp,35474,measured
D20_temporal,6bba,depth,middle,division_fn,34,measured
D20_temporal,6bba,depth,middle,division_fp,302,measured
D20_temporal,6bba,depth,middle,division_tp,10,measured
D20_temporal,6bba,depth,middle,edge_fn,1539,measured
D20_temporal,6bba,depth,middle,edge_fp,1615,measured
D20_temporal,6bba,depth,middle,edge_tp,38711,measured
D20_temporal,6bba,event_support,division_cross,division_fp,37,measured
D20_temporal,6bba,event_support,division_extra,division_fp,922,measured
D20_temporal,6bba,event_support,division_no_fork,division_fn,62,measured
D20_temporal,6bba,event_support,division_observation,division_fn,22,measured
D20_temporal,6bba,event_support,division_topology,division_fn,3,measured
D20_temporal,6bba,intensity,high,division_fn,25,measured
D20_temporal,6bba,intensity,high,division_fp,249,measured
D20_temporal,6bba,intensity,high,division_tp,17,measured
D20_temporal,6bba,intensity,high,edge_fn,679,measured
D20_temporal,6bba,intensity,high,edge_fp,1079,measured
D20_temporal,6bba,intensity,high,edge_tp,27155,measured
D20_temporal,6bba,intensity,low,division_fn,14,measured
D20_temporal,6bba,intensity,low,division_fp,312,measured
D20_temporal,6bba,intensity,low,division_tp,10,measured
D20_temporal,6bba,intensity,low,edge_fn,739,measured
D20_temporal,6bba,intensity,low,edge_fp,1702,measured
D20_temporal,6bba,intensity,low,edge_tp,33281,measured
D20_temporal,6bba,intensity,middle,division_fn,46,measured
D20_temporal,6bba,intensity,middle,division_fp,398,measured
D20_temporal,6bba,intensity,middle,division_tp,11,measured
D20_temporal,6bba,intensity,middle,edge_fn,1288,measured
D20_temporal,6bba,intensity,middle,edge_fp,2103,measured
D20_temporal,6bba,intensity,middle,edge_tp,43837,measured
D20_temporal,6bba,intensity,no_assigned_observation,division_fn,2,measured
D20_temporal,6bba,intensity,no_assigned_observation,edge_fn,2078,measured
D20_temporal,6bba,local_contrast,high,division_fn,34,measured
D20_temporal,6bba,local_contrast,high,division_fp,359,measured
D20_temporal,6bba,local_contrast,high,division_tp,22,measured
D20_temporal,6bba,local_contrast,high,edge_fn,438,measured
D20_temporal,6bba,local_contrast,high,edge_fp,812,measured
D20_temporal,6bba,local_contrast,high,edge_tp,34181,measured
D20_temporal,6bba,local_contrast,low,division_fn,17,measured
D20_temporal,6bba,local_contrast,low,division_fp,205,measured
D20_temporal,6bba,local_contrast,low,division_tp,4,measured
D20_temporal,6bba,local_contrast,low,edge_fn,1274,measured
D20_temporal,6bba,local_contrast,low,edge_fp,2351,measured
D20_temporal,6bba,local_contrast,low,edge_tp,27015,measured
D20_temporal,6bba,local_contrast,middle,division_fn,34,measured
D20_temporal,6bba,local_contrast,middle,division_fp,395,measured
D20_temporal,6bba,local_contrast,middle,division_tp,12,measured
D20_temporal,6bba,local_contrast,middle,edge_fn,994,measured
D20_temporal,6bba,local_contrast,middle,edge_fp,1721,measured
D20_temporal,6bba,local_contrast,middle,edge_tp,43077,measured
D20_temporal,6bba,local_contrast,no_assigned_observation,division_fn,2,measured
D20_temporal,6bba,local_contrast,no_assigned_observation,edge_fn,2078,measured
D20_temporal,6bba,spatial_boundary,interior,division_fn,67,measured
D20_temporal,6bba,spatial_boundary,interior,division_fp,597,measured
D20_temporal,6bba,spatial_boundary,interior,division_tp,36,measured
D20_temporal,6bba,spatial_boundary,interior,edge_fn,2981,measured
D20_temporal,6bba,spatial_boundary,interior,edge_fp,2901,measured
D20_temporal,6bba,spatial_boundary,interior,edge_tp,70007,measured
D20_temporal,6bba,spatial_boundary,within_7um,division_fn,20,measured
D20_temporal,6bba,spatial_boundary,within_7um,division_fp,362,measured
D20_temporal,6bba,spatial_boundary,within_7um,division_tp,2,measured
D20_temporal,6bba,spatial_boundary,within_7um,edge_fn,1803,measured
D20_temporal,6bba,spatial_boundary,within_7um,edge_fp,1983,measured
D20_temporal,6bba,spatial_boundary,within_7um,edge_tp,34266,measured
D20_temporal,6bba,temporal_boundary,boundary,division_fn,3,measured
D20_temporal,6bba,temporal_boundary,boundary,division_fp,23,measured
D20_temporal,6bba,temporal_boundary,boundary,division_tp,1,measured
D20_temporal,6bba,temporal_boundary,boundary,edge_fn,267,measured
D20_temporal,6bba,temporal_boundary,boundary,edge_fp,132,measured
D20_temporal,6bba,temporal_boundary,boundary,edge_tp,4370,measured
D20_temporal,6bba,temporal_boundary,interior,division_fn,84,measured
D20_temporal,6bba,temporal_boundary,interior,division_fp,936,measured
D20_temporal,6bba,temporal_boundary,interior,division_tp,37,measured
D20_temporal,6bba,temporal_boundary,interior,edge_fn,4517,measured
D20_temporal,6bba,temporal_boundary,interior,edge_fp,4752,measured
D20_temporal,6bba,temporal_boundary,interior,edge_tp,99903,measured
D20_temporal_replacement,44b6,close_cells,isolated,division_fn,15,measured
D20_temporal_replacement,44b6,close_cells,isolated,division_fp,77,measured
D20_temporal_replacement,44b6,close_cells,isolated,division_tp,5,measured
D20_temporal_replacement,44b6,close_cells,isolated,edge_fn,640,measured
D20_temporal_replacement,44b6,close_cells,isolated,edge_fp,707,measured
D20_temporal_replacement,44b6,close_cells,isolated,edge_tp,14376,measured
D20_temporal_replacement,44b6,close_cells,within_7um_competitor,division_fn,4,measured
D20_temporal_replacement,44b6,close_cells,within_7um_competitor,division_fp,16,measured
D20_temporal_replacement,44b6,close_cells,within_7um_competitor,division_tp,2,measured
D20_temporal_replacement,44b6,close_cells,within_7um_competitor,edge_fn,319,measured
D20_temporal_replacement,44b6,close_cells,within_7um_competitor,edge_fp,459,measured
D20_temporal_replacement,44b6,close_cells,within_7um_competitor,edge_tp,4491,measured
D20_temporal_replacement,44b6,density10,high,division_fn,4,measured
D20_temporal_replacement,44b6,density10,high,division_fp,16,measured
D20_temporal_replacement,44b6,density10,high,division_tp,4,measured
D20_temporal_replacement,44b6,density10,high,edge_fn,324,measured
D20_temporal_replacement,44b6,density10,high,edge_fp,471,measured
D20_temporal_replacement,44b6,density10,high,edge_tp,5654,measured
D20_temporal_replacement,44b6,density10,low,division_fn,3,measured
D20_temporal_replacement,44b6,density10,low,division_fp,31,measured
D20_temporal_replacement,44b6,density10,low,division_tp,3,measured
D20_temporal_replacement,44b6,density10,low,edge_fn,54,measured
D20_temporal_replacement,44b6,density10,low,edge_fp,106,measured
D20_temporal_replacement,44b6,density10,low,edge_tp,3115,measured
D20_temporal_replacement,44b6,density10,middle,division_fn,12,measured
D20_temporal_replacement,44b6,density10,middle,division_fp,46,measured
D20_temporal_replacement,44b6,density10,middle,edge_fn,366,measured
D20_temporal_replacement,44b6,density10,middle,edge_fp,589,measured
D20_temporal_replacement,44b6,density10,middle,edge_tp,10098,measured
D20_temporal_replacement,44b6,density10,no_assigned_observation,edge_fn,215,measured
D20_temporal_replacement,44b6,depth,high,division_fn,6,measured
D20_temporal_replacement,44b6,depth,high,division_fp,23,measured
D20_temporal_replacement,44b6,depth,high,division_tp,1,measured
D20_temporal_replacement,44b6,depth,high,edge_fn,270,measured
D20_temporal_replacement,44b6,depth,high,edge_fp,332,measured
D20_temporal_replacement,44b6,depth,high,edge_tp,4482,measured
D20_temporal_replacement,44b6,depth,low,division_fn,4,measured
D20_temporal_replacement,44b6,depth,low,division_fp,24,measured
D20_temporal_replacement,44b6,depth,low,division_tp,1,measured
D20_temporal_replacement,44b6,depth,low,edge_fn,242,measured
D20_temporal_replacement,44b6,depth,low,edge_fp,256,measured
D20_temporal_replacement,44b6,depth,low,edge_tp,4486,measured
D20_temporal_replacement,44b6,depth,middle,division_fn,9,measured
D20_temporal_replacement,44b6,depth,middle,division_fp,46,measured
D20_temporal_replacement,44b6,depth,middle,division_tp,5,measured
D20_temporal_replacement,44b6,depth,middle,edge_fn,447,measured
D20_temporal_replacement,44b6,depth,middle,edge_fp,578,measured
D20_temporal_replacement,44b6,depth,middle,edge_tp,9899,measured
D20_temporal_replacement,44b6,event_support,division_cross,division_fp,1,measured
D20_temporal_replacement,44b6,event_support,division_extra,division_fp,92,measured
D20_temporal_replacement,44b6,event_support,division_no_fork,division_fn,16,measured
D20_temporal_replacement,44b6,event_support,division_observation,division_fn,2,measured
D20_temporal_replacement,44b6,event_support,division_topology,division_fn,1,measured
D20_temporal_replacement,44b6,intensity,high,division_fn,4,measured
D20_temporal_replacement,44b6,intensity,high,division_fp,26,measured
D20_temporal_replacement,44b6,intensity,high,division_tp,2,measured
D20_temporal_replacement,44b6,intensity,high,edge_fn,255,measured
D20_temporal_replacement,44b6,intensity,high,edge_fp,401,measured
D20_temporal_replacement,44b6,intensity,high,edge_tp,5864,measured
D20_temporal_replacement,44b6,intensity,low,division_fn,3,measured
D20_temporal_replacement,44b6,intensity,low,division_fp,12,measured
D20_temporal_replacement,44b6,intensity,low,division_tp,3,measured
D20_temporal_replacement,44b6,intensity,low,edge_fn,86,measured
D20_temporal_replacement,44b6,intensity,low,edge_fp,173,measured
D20_temporal_replacement,44b6,intensity,low,edge_tp,2567,measured
D20_temporal_replacement,44b6,intensity,middle,division_fn,12,measured
D20_temporal_replacement,44b6,intensity,middle,division_fp,55,measured
D20_temporal_replacement,44b6,intensity,middle,division_tp,2,measured
D20_temporal_replacement,44b6,intensity,middle,edge_fn,403,measured
D20_temporal_replacement,44b6,intensity,middle,edge_fp,592,measured
D20_temporal_replacement,44b6,intensity,middle,edge_tp,10436,measured
D20_temporal_replacement,44b6,intensity,no_assigned_observation,edge_fn,215,measured
D20_temporal_replacement,44b6,local_contrast,high,division_fn,5,measured
D20_temporal_replacement,44b6,local_contrast,high,division_fp,41,measured
D20_temporal_replacement,44b6,local_contrast,high,division_tp,3,measured
D20_temporal_replacement,44b6,local_contrast,high,edge_fn,169,measured
D20_temporal_replacement,44b6,local_contrast,high,edge_fp,277,measured
D20_temporal_replacement,44b6,local_contrast,high,edge_tp,6686,measured
D20_temporal_replacement,44b6,local_contrast,low,division_fn,3,measured
D20_temporal_replacement,44b6,local_contrast,low,division_fp,11,measured
D20_temporal_replacement,44b6,local_contrast,low,division_tp,2,measured
D20_temporal_replacement,44b6,local_contrast,low,edge_fn,111,measured
D20_temporal_replacement,44b6,local_contrast,low,edge_fp,199,measured
D20_temporal_replacement,44b6,local_contrast,low,edge_tp,1948,measured
D20_temporal_replacement,44b6,local_contrast,middle,division_fn,11,measured
D20_temporal_replacement,44b6,local_contrast,middle,division_fp,41,measured
D20_temporal_replacement,44b6,local_contrast,middle,division_tp,2,measured
D20_temporal_replacement,44b6,local_contrast,middle,edge_fn,464,measured
D20_temporal_replacement,44b6,local_contrast,middle,edge_fp,690,measured
D20_temporal_replacement,44b6,local_contrast,middle,edge_tp,10233,measured
D20_temporal_replacement,44b6,local_contrast,no_assigned_observation,edge_fn,215,measured
D20_temporal_replacement,44b6,spatial_boundary,interior,division_fn,17,measured
D20_temporal_replacement,44b6,spatial_boundary,interior,division_fp,75,measured
D20_temporal_replacement,44b6,spatial_boundary,interior,division_tp,5,measured
D20_temporal_replacement,44b6,spatial_boundary,interior,edge_fn,756,measured
D20_temporal_replacement,44b6,spatial_boundary,interior,edge_fp,947,measured
D20_temporal_replacement,44b6,spatial_boundary,interior,edge_tp,15690,measured
D20_temporal_replacement,44b6,spatial_boundary,within_7um,division_fn,2,measured
D20_temporal_replacement,44b6,spatial_boundary,within_7um,division_fp,18,measured
D20_temporal_replacement,44b6,spatial_boundary,within_7um,division_tp,2,measured
D20_temporal_replacement,44b6,spatial_boundary,within_7um,edge_fn,203,measured
D20_temporal_replacement,44b6,spatial_boundary,within_7um,edge_fp,219,measured
D20_temporal_replacement,44b6,spatial_boundary,within_7um,edge_tp,3177,measured
D20_temporal_replacement,44b6,temporal_boundary,boundary,division_fp,2,measured
D20_temporal_replacement,44b6,temporal_boundary,boundary,edge_fn,72,measured
D20_temporal_replacement,44b6,temporal_boundary,boundary,edge_fp,45,measured
D20_temporal_replacement,44b6,temporal_boundary,boundary,edge_tp,727,measured
D20_temporal_replacement,44b6,temporal_boundary,interior,division_fn,19,measured
D20_temporal_replacement,44b6,temporal_boundary,interior,division_fp,91,measured
D20_temporal_replacement,44b6,temporal_boundary,interior,division_tp,7,measured
D20_temporal_replacement,44b6,temporal_boundary,interior,edge_fn,887,measured
D20_temporal_replacement,44b6,temporal_boundary,interior,edge_fp,1121,measured
D20_temporal_replacement,44b6,temporal_boundary,interior,edge_tp,18140,measured
D20_temporal_replacement,6bba,close_cells,isolated,division_fn,80,measured
D20_temporal_replacement,6bba,close_cells,isolated,division_fp,921,measured
D20_temporal_replacement,6bba,close_cells,isolated,division_tp,32,measured
D20_temporal_replacement,6bba,close_cells,isolated,edge_fn,4087,measured
D20_temporal_replacement,6bba,close_cells,isolated,edge_fp,3736,measured
D20_temporal_replacement,6bba,close_cells,isolated,edge_tp,97860,measured
D20_temporal_replacement,6bba,close_cells,within_7um_competitor,division_fn,9,measured
D20_temporal_replacement,6bba,close_cells,within_7um_competitor,division_fp,29,measured
D20_temporal_replacement,6bba,close_cells,within_7um_competitor,division_tp,4,measured
D20_temporal_replacement,6bba,close_cells,within_7um_competitor,edge_fn,698,measured
D20_temporal_replacement,6bba,close_cells,within_7um_competitor,edge_fp,1140,measured
D20_temporal_replacement,6bba,close_cells,within_7um_competitor,edge_tp,6412,measured
D20_temporal_replacement,6bba,density10,high,division_fn,8,measured
D20_temporal_replacement,6bba,density10,high,division_fp,26,measured
D20_temporal_replacement,6bba,density10,high,division_tp,2,measured
D20_temporal_replacement,6bba,density10,high,edge_fn,710,measured
D20_temporal_replacement,6bba,density10,high,edge_fp,1056,measured
D20_temporal_replacement,6bba,density10,high,edge_tp,7940,measured
D20_temporal_replacement,6bba,density10,low,division_fn,67,measured
D20_temporal_replacement,6bba,density10,low,division_fp,883,measured
D20_temporal_replacement,6bba,density10,low,division_tp,34,measured
D20_temporal_replacement,6bba,density10,low,edge_fn,1412,measured
D20_temporal_replacement,6bba,density10,low,edge_fp,2865,measured
D20_temporal_replacement,6bba,density10,low,edge_tp,86699,measured
D20_temporal_replacement,6bba,density10,middle,division_fn,12,measured
D20_temporal_replacement,6bba,density10,middle,division_fp,41,measured
D20_temporal_replacement,6bba,density10,middle,edge_fn,585,measured
D20_temporal_replacement,6bba,density10,middle,edge_fp,955,measured
D20_temporal_replacement,6bba,density10,middle,edge_tp,9633,measured
D20_temporal_replacement,6bba,density10,no_assigned_observation,division_fn,2,measured
D20_temporal_replacement,6bba,density10,no_assigned_observation,edge_fn,2078,measured
D20_temporal_replacement,6bba,depth,high,division_fn,20,measured
D20_temporal_replacement,6bba,depth,high,division_fp,362,measured
D20_temporal_replacement,6bba,depth,high,division_tp,15,measured
D20_temporal_replacement,6bba,depth,high,edge_fn,1416,measured
D20_temporal_replacement,6bba,depth,high,edge_fp,1499,measured
D20_temporal_replacement,6bba,depth,high,edge_tp,30088,measured
D20_temporal_replacement,6bba,depth,low,division_fn,34,measured
D20_temporal_replacement,6bba,depth,low,division_fp,289,measured
D20_temporal_replacement,6bba,depth,low,division_tp,12,measured
D20_temporal_replacement,6bba,depth,low,edge_fn,1830,measured
D20_temporal_replacement,6bba,depth,low,edge_fp,1764,measured
D20_temporal_replacement,6bba,depth,low,edge_tp,35473,measured
D20_temporal_replacement,6bba,depth,middle,division_fn,35,measured
D20_temporal_replacement,6bba,depth,middle,division_fp,299,measured
D20_temporal_replacement,6bba,depth,middle,division_tp,9,measured
D20_temporal_replacement,6bba,depth,middle,edge_fn,1539,measured
D20_temporal_replacement,6bba,depth,middle,edge_fp,1613,measured
D20_temporal_replacement,6bba,depth,middle,edge_tp,38711,measured
D20_temporal_replacement,6bba,event_support,division_cross,division_fp,36,measured
D20_temporal_replacement,6bba,event_support,division_extra,division_fp,914,measured
D20_temporal_replacement,6bba,event_support,division_no_fork,division_fn,64,measured
D20_temporal_replacement,6bba,event_support,division_observation,division_fn,22,measured
D20_temporal_replacement,6bba,event_support,division_topology,division_fn,3,measured
D20_temporal_replacement,6bba,intensity,high,division_fn,26,measured
D20_temporal_replacement,6bba,intensity,high,division_fp,248,measured
D20_temporal_replacement,6bba,intensity,high,division_tp,16,measured
D20_temporal_replacement,6bba,intensity,high,edge_fn,680,measured
D20_temporal_replacement,6bba,intensity,high,edge_fp,1081,measured
D20_temporal_replacement,6bba,intensity,high,edge_tp,27154,measured
D20_temporal_replacement,6bba,intensity,low,division_fn,14,measured
D20_temporal_replacement,6bba,intensity,low,division_fp,310,measured
D20_temporal_replacement,6bba,intensity,low,division_tp,10,measured
D20_temporal_replacement,6bba,intensity,low,edge_fn,738,measured
D20_temporal_replacement,6bba,intensity,low,edge_fp,1690,measured
D20_temporal_replacement,6bba,intensity,low,edge_tp,33282,measured
D20_temporal_replacement,6bba,intensity,middle,division_fn,47,measured
D20_temporal_replacement,6bba,intensity,middle,division_fp,392,measured
D20_temporal_replacement,6bba,intensity,middle,division_tp,10,measured
D20_temporal_replacement,6bba,intensity,middle,edge_fn,1289,measured
D20_temporal_replacement,6bba,intensity,middle,edge_fp,2105,measured
D20_temporal_replacement,6bba,intensity,middle,edge_tp,43836,measured
D20_temporal_replacement,6bba,intensity,no_assigned_observation,division_fn,2,measured
D20_temporal_replacement,6bba,intensity,no_assigned_observation,edge_fn,2078,measured
D20_temporal_replacement,6bba,local_contrast,high,division_fn,36,measured
D20_temporal_replacement,6bba,local_contrast,high,division_fp,356,measured
D20_temporal_replacement,6bba,local_contrast,high,division_tp,20,measured
D20_temporal_replacement,6bba,local_contrast,high,edge_fn,439,measured
D20_temporal_replacement,6bba,local_contrast,high,edge_fp,816,measured
D20_temporal_replacement,6bba,local_contrast,high,edge_tp,34180,measured
D20_temporal_replacement,6bba,local_contrast,low,division_fn,17,measured
D20_temporal_replacement,6bba,local_contrast,low,division_fp,203,measured
D20_temporal_replacement,6bba,local_contrast,low,division_tp,4,measured
D20_temporal_replacement,6bba,local_contrast,low,edge_fn,1275,measured
D20_temporal_replacement,6bba,local_contrast,low,edge_fp,2343,measured
D20_temporal_replacement,6bba,local_contrast,low,edge_tp,27014,measured
D20_temporal_replacement,6bba,local_contrast,middle,division_fn,34,measured
D20_temporal_replacement,6bba,local_contrast,middle,division_fp,391,measured
D20_temporal_replacement,6bba,local_contrast,middle,division_tp,12,measured
D20_temporal_replacement,6bba,local_contrast,middle,edge_fn,993,measured
D20_temporal_replacement,6bba,local_contrast,middle,edge_fp,1717,measured
D20_temporal_replacement,6bba,local_contrast,middle,edge_tp,43078,measured
D20_temporal_replacement,6bba,local_contrast,no_assigned_observation,division_fn,2,measured
D20_temporal_replacement,6bba,local_contrast,no_assigned_observation,edge_fn,2078,measured
D20_temporal_replacement,6bba,spatial_boundary,interior,division_fn,69,measured
D20_temporal_replacement,6bba,spatial_boundary,interior,division_fp,592,measured
D20_temporal_replacement,6bba,spatial_boundary,interior,division_tp,34,measured
D20_temporal_replacement,6bba,spatial_boundary,interior,edge_fn,2982,measured
D20_temporal_replacement,6bba,spatial_boundary,interior,edge_fp,2901,measured
D20_temporal_replacement,6bba,spatial_boundary,interior,edge_tp,70006,measured
D20_temporal_replacement,6bba,spatial_boundary,within_7um,division_fn,20,measured
D20_temporal_replacement,6bba,spatial_boundary,within_7um,division_fp,358,measured
D20_temporal_replacement,6bba,spatial_boundary,within_7um,division_tp,2,measured
D20_temporal_replacement,6bba,spatial_boundary,within_7um,edge_fn,1803,measured
D20_temporal_replacement,6bba,spatial_boundary,within_7um,edge_fp,1975,measured
D20_temporal_replacement,6bba,spatial_boundary,within_7um,edge_tp,34266,measured
D20_temporal_replacement,6bba,temporal_boundary,boundary,division_fn,3,measured
D20_temporal_replacement,6bba,temporal_boundary,boundary,division_fp,23,measured
D20_temporal_replacement,6bba,temporal_boundary,boundary,division_tp,1,measured
D20_temporal_replacement,6bba,temporal_boundary,boundary,edge_fn,267,measured
D20_temporal_replacement,6bba,temporal_boundary,boundary,edge_fp,132,measured
D20_temporal_replacement,6bba,temporal_boundary,boundary,edge_tp,4370,measured
D20_temporal_replacement,6bba,temporal_boundary,interior,division_fn,86,measured
D20_temporal_replacement,6bba,temporal_boundary,interior,division_fp,927,measured
D20_temporal_replacement,6bba,temporal_boundary,interior,division_tp,35,measured
D20_temporal_replacement,6bba,temporal_boundary,interior,edge_fn,4518,measured
D20_temporal_replacement,6bba,temporal_boundary,interior,edge_fp,4744,measured
D20_temporal_replacement,6bba,temporal_boundary,interior,edge_tp,99902,measured
O10_restore,44b6,close_cells,isolated,division_fn,15,measured
O10_restore,44b6,close_cells,isolated,division_fp,18,measured
O10_restore,44b6,close_cells,isolated,division_tp,5,measured
O10_restore,44b6,close_cells,isolated,edge_fn,640,measured
O10_restore,44b6,close_cells,isolated,edge_fp,656,measured
O10_restore,44b6,close_cells,isolated,edge_tp,14376,measured
O10_restore,44b6,close_cells,within_7um_competitor,division_fn,4,measured
O10_restore,44b6,close_cells,within_7um_competitor,division_fp,4,measured
O10_restore,44b6,close_cells,within_7um_competitor,division_tp,2,measured
O10_restore,44b6,close_cells,within_7um_competitor,edge_fn,317,measured
O10_restore,44b6,close_cells,within_7um_competitor,edge_fp,431,measured
O10_restore,44b6,close_cells,within_7um_competitor,edge_tp,4493,measured
O10_restore,44b6,density10,high,division_fn,4,measured
O10_restore,44b6,density10,high,division_fp,4,measured
O10_restore,44b6,density10,high,division_tp,4,measured
O10_restore,44b6,density10,high,edge_fn,321,measured
O10_restore,44b6,density10,high,edge_fp,450,measured
O10_restore,44b6,density10,high,edge_tp,5657,measured
O10_restore,44b6,density10,low,division_fn,3,measured
O10_restore,44b6,density10,low,division_fp,5,measured
O10_restore,44b6,density10,low,division_tp,3,measured
O10_restore,44b6,density10,low,edge_fn,54,measured
O10_restore,44b6,density10,low,edge_fp,85,measured
O10_restore,44b6,density10,low,edge_tp,3115,measured
O10_restore,44b6,density10,middle,division_fn,12,measured
O10_restore,44b6,density10,middle,division_fp,13,measured
O10_restore,44b6,density10,middle,edge_fn,367,measured
O10_restore,44b6,density10,middle,edge_fp,552,measured
O10_restore,44b6,density10,middle,edge_tp,10097,measured
O10_restore,44b6,density10,no_assigned_observation,edge_fn,215,measured
O10_restore,44b6,depth,high,division_fn,6,measured
O10_restore,44b6,depth,high,division_fp,5,measured
O10_restore,44b6,depth,high,division_tp,1,measured
O10_restore,44b6,depth,high,edge_fn,270,measured
O10_restore,44b6,depth,high,edge_fp,313,measured
O10_restore,44b6,depth,high,edge_tp,4482,measured
O10_restore,44b6,depth,low,division_fn,4,measured
O10_restore,44b6,depth,low,division_fp,3,measured
O10_restore,44b6,depth,low,division_tp,1,measured
O10_restore,44b6,depth,low,edge_fn,243,measured
O10_restore,44b6,depth,low,edge_fp,236,measured
O10_restore,44b6,depth,low,edge_tp,4485,measured
O10_restore,44b6,depth,middle,division_fn,9,measured
O10_restore,44b6,depth,middle,division_fp,14,measured
O10_restore,44b6,depth,middle,division_tp,5,measured
O10_restore,44b6,depth,middle,edge_fn,444,measured
O10_restore,44b6,depth,middle,edge_fp,538,measured
O10_restore,44b6,depth,middle,edge_tp,9902,measured
O10_restore,44b6,event_support,division_extra,division_fp,22,measured
O10_restore,44b6,event_support,division_no_fork,division_fn,17,measured
O10_restore,44b6,event_support,division_observation,division_fn,2,measured
O10_restore,44b6,intensity,high,division_fn,4,measured
O10_restore,44b6,intensity,high,division_fp,7,measured
O10_restore,44b6,intensity,high,division_tp,2,measured
O10_restore,44b6,intensity,high,edge_fn,253,measured
O10_restore,44b6,intensity,high,edge_fp,385,measured
O10_restore,44b6,intensity,high,edge_tp,5866,measured
O10_restore,44b6,intensity,low,division_fn,3,measured
O10_restore,44b6,intensity,low,division_fp,1,measured
O10_restore,44b6,intensity,low,division_tp,3,measured
O10_restore,44b6,intensity,low,edge_fn,87,measured
O10_restore,44b6,intensity,low,edge_fp,139,measured
O10_restore,44b6,intensity,low,edge_tp,2566,measured
O10_restore,44b6,intensity,middle,division_fn,12,measured
O10_restore,44b6,intensity,middle,division_fp,14,measured
O10_restore,44b6,intensity,middle,division_tp,2,measured
O10_restore,44b6,intensity,middle,edge_fn,402,measured
O10_restore,44b6,intensity,middle,edge_fp,563,measured
O10_restore,44b6,intensity,middle,edge_tp,10437,measured
O10_restore,44b6,intensity,no_assigned_observation,edge_fn,215,measured
O10_restore,44b6,local_contrast,high,division_fn,5,measured
O10_restore,44b6,local_contrast,high,division_fp,8,measured
O10_restore,44b6,local_contrast,high,division_tp,3,measured
O10_restore,44b6,local_contrast,high,edge_fn,164,measured
O10_restore,44b6,local_contrast,high,edge_fp,258,measured
O10_restore,44b6,local_contrast,high,edge_tp,6691,measured
O10_restore,44b6,local_contrast,low,division_fn,3,measured
O10_restore,44b6,local_contrast,low,division_fp,1,measured
O10_restore,44b6,local_contrast,low,division_tp,2,measured
O10_restore,44b6,local_contrast,low,edge_fn,112,measured
O10_restore,44b6,local_contrast,low,edge_fp,179,measured
O10_restore,44b6,local_contrast,low,edge_tp,1947,measured
O10_restore,44b6,local_contrast,middle,division_fn,11,measured
O10_restore,44b6,local_contrast,middle,division_fp,13,measured
O10_restore,44b6,local_contrast,middle,division_tp,2,measured
O10_restore,44b6,local_contrast,middle,edge_fn,466,measured
O10_restore,44b6,local_contrast,middle,edge_fp,650,measured
O10_restore,44b6,local_contrast,middle,edge_tp,10231,measured
O10_restore,44b6,local_contrast,no_assigned_observation,edge_fn,215,measured
O10_restore,44b6,spatial_boundary,interior,division_fn,17,measured
O10_restore,44b6,spatial_boundary,interior,division_fp,18,measured
O10_restore,44b6,spatial_boundary,interior,division_tp,5,measured
O10_restore,44b6,spatial_boundary,interior,edge_fn,756,measured
O10_restore,44b6,spatial_boundary,interior,edge_fp,898,measured
O10_restore,44b6,spatial_boundary,interior,edge_tp,15690,measured
O10_restore,44b6,spatial_boundary,within_7um,division_fn,2,measured
O10_restore,44b6,spatial_boundary,within_7um,division_fp,4,measured
O10_restore,44b6,spatial_boundary,within_7um,division_tp,2,measured
O10_restore,44b6,spatial_boundary,within_7um,edge_fn,201,measured
O10_restore,44b6,spatial_boundary,within_7um,edge_fp,189,measured
O10_restore,44b6,spatial_boundary,within_7um,edge_tp,3179,measured
O10_restore,44b6,temporal_boundary,boundary,edge_fn,71,measured
O10_restore,44b6,temporal_boundary,boundary,edge_fp,44,measured
O10_restore,44b6,temporal_boundary,boundary,edge_tp,728,measured
O10_restore,44b6,temporal_boundary,interior,division_fn,19,measured
O10_restore,44b6,temporal_boundary,interior,division_fp,22,measured
O10_restore,44b6,temporal_boundary,interior,division_tp,7,measured
O10_restore,44b6,temporal_boundary,interior,edge_fn,886,measured
O10_restore,44b6,temporal_boundary,interior,edge_fp,1043,measured
O10_restore,44b6,temporal_boundary,interior,edge_tp,18141,measured
O10_restore,6bba,close_cells,isolated,division_fn,92,measured
O10_restore,6bba,close_cells,isolated,division_fp,64,measured
O10_restore,6bba,close_cells,isolated,division_tp,20,measured
O10_restore,6bba,close_cells,isolated,edge_fn,4055,measured
O10_restore,6bba,close_cells,isolated,edge_fp,2912,measured
O10_restore,6bba,close_cells,isolated,edge_tp,97892,measured
O10_restore,6bba,close_cells,within_7um_competitor,division_fn,11,measured
O10_restore,6bba,close_cells,within_7um_competitor,division_fp,6,measured
O10_restore,6bba,close_cells,within_7um_competitor,division_tp,2,measured
O10_restore,6bba,close_cells,within_7um_competitor,edge_fn,699,measured
O10_restore,6bba,close_cells,within_7um_competitor,edge_fp,997,measured
O10_restore,6bba,close_cells,within_7um_competitor,edge_tp,6411,measured
O10_restore,6bba,density10,high,division_fn,9,measured
O10_restore,6bba,density10,high,division_fp,7,measured
O10_restore,6bba,density10,high,division_tp,1,measured
O10_restore,6bba,density10,high,edge_fn,705,measured
O10_restore,6bba,density10,high,edge_fp,1023,measured
O10_restore,6bba,density10,high,edge_tp,7945,measured
O10_restore,6bba,density10,low,division_fn,80,measured
O10_restore,6bba,density10,low,division_fp,52,measured
O10_restore,6bba,density10,low,division_tp,21,measured
O10_restore,6bba,density10,low,edge_fn,1381,measured
O10_restore,6bba,density10,low,edge_fp,2017,measured
O10_restore,6bba,density10,low,edge_tp,86730,measured
O10_restore,6bba,density10,middle,division_fn,12,measured
O10_restore,6bba,density10,middle,division_fp,11,measured
O10_restore,6bba,density10,middle,edge_fn,590,measured
O10_restore,6bba,density10,middle,edge_fp,869,measured
O10_restore,6bba,density10,middle,edge_tp,9628,measured
O10_restore,6bba,density10,no_assigned_observation,division_fn,2,measured
O10_restore,6bba,density10,no_assigned_observation,edge_fn,2078,measured
O10_restore,6bba,depth,high,division_fn,26,measured
O10_restore,6bba,depth,high,division_fp,26,measured
O10_restore,6bba,depth,high,division_tp,9,measured
O10_restore,6bba,depth,high,edge_fn,1414,measured
O10_restore,6bba,depth,high,edge_fp,1137,measured
O10_restore,6bba,depth,high,edge_tp,30090,measured
O10_restore,6bba,depth,low,division_fn,39,measured
O10_restore,6bba,depth,low,division_fp,17,measured
O10_restore,6bba,depth,low,division_tp,7,measured
O10_restore,6bba,depth,low,edge_fn,1814,measured
O10_restore,6bba,depth,low,edge_fp,1464,measured
O10_restore,6bba,depth,low,edge_tp,35489,measured
O10_restore,6bba,depth,middle,division_fn,38,measured
O10_restore,6bba,depth,middle,division_fp,27,measured
O10_restore,6bba,depth,middle,division_tp,6,measured
O10_restore,6bba,depth,middle,edge_fn,1526,measured
O10_restore,6bba,depth,middle,edge_fp,1308,measured
O10_restore,6bba,depth,middle,edge_tp,38724,measured
O10_restore,6bba,event_support,division_cross,division_fp,5,measured
O10_restore,6bba,event_support,division_extra,division_fp,65,measured
O10_restore,6bba,event_support,division_no_fork,division_fn,81,measured
O10_restore,6bba,event_support,division_observation,division_fn,22,measured
O10_restore,6bba,intensity,high,division_fn,33,measured
O10_restore,6bba,intensity,high,division_fp,27,measured
O10_restore,6bba,intensity,high,division_tp,9,measured
O10_restore,6bba,intensity,high,edge_fn,674,measured
O10_restore,6bba,intensity,high,edge_fp,978,measured
O10_restore,6bba,intensity,high,edge_tp,27160,measured
O10_restore,6bba,intensity,low,division_fn,18,measured
O10_restore,6bba,intensity,low,division_fp,10,measured
O10_restore,6bba,intensity,low,division_tp,6,measured
O10_restore,6bba,intensity,low,edge_fn,727,measured
O10_restore,6bba,intensity,low,edge_fp,1064,measured
O10_restore,6bba,intensity,low,edge_tp,33293,measured
O10_restore,6bba,intensity,middle,division_fn,50,measured
O10_restore,6bba,intensity,middle,division_fp,33,measured
O10_restore,6bba,intensity,middle,division_tp,7,measured
O10_restore,6bba,intensity,middle,edge_fn,1275,measured
O10_restore,6bba,intensity,middle,edge_fp,1867,measured
O10_restore,6bba,intensity,middle,edge_tp,43850,measured
O10_restore,6bba,intensity,no_assigned_observation,division_fn,2,measured
O10_restore,6bba,intensity,no_assigned_observation,edge_fn,2078,measured
O10_restore,6bba,local_contrast,high,division_fn,44,measured
O10_restore,6bba,local_contrast,high,division_fp,29,measured
O10_restore,6bba,local_contrast,high,division_tp,12,measured
O10_restore,6bba,local_contrast,high,edge_fn,435,measured
O10_restore,6bba,local_contrast,high,edge_fp,628,measured
O10_restore,6bba,local_contrast,high,edge_tp,34184,measured
O10_restore,6bba,local_contrast,low,division_fn,18,measured
O10_restore,6bba,local_contrast,low,division_fp,8,measured
O10_restore,6bba,local_contrast,low,division_tp,3,measured
O10_restore,6bba,local_contrast,low,edge_fn,1263,measured
O10_restore,6bba,local_contrast,low,edge_fp,1879,measured
O10_restore,6bba,local_contrast,low,edge_tp,27026,measured
O10_restore,6bba,local_contrast,middle,division_fn,39,measured
O10_restore,6bba,local_contrast,middle,division_fp,33,measured
O10_restore,6bba,local_contrast,middle,division_tp,7,measured
O10_restore,6bba,local_contrast,middle,edge_fn,978,measured
O10_restore,6bba,local_contrast,middle,edge_fp,1402,measured
O10_restore,6bba,local_contrast,middle,edge_tp,43093,measured
O10_restore,6bba,local_contrast,no_assigned_observation,division_fn,2,measured
O10_restore,6bba,local_contrast,no_assigned_observation,edge_fn,2078,measured
O10_restore,6bba,spatial_boundary,interior,division_fn,82,measured
O10_restore,6bba,spatial_boundary,interior,division_fp,55,measured
O10_restore,6bba,spatial_boundary,interior,division_tp,21,measured
O10_restore,6bba,spatial_boundary,interior,edge_fn,2968,measured
O10_restore,6bba,spatial_boundary,interior,edge_fp,2527,measured
O10_restore,6bba,spatial_boundary,interior,edge_tp,70020,measured
O10_restore,6bba,spatial_boundary,within_7um,division_fn,21,measured
O10_restore,6bba,spatial_boundary,within_7um,division_fp,15,measured
O10_restore,6bba,spatial_boundary,within_7um,division_tp,1,measured
O10_restore,6bba,spatial_boundary,within_7um,edge_fn,1786,measured
O10_restore,6bba,spatial_boundary,within_7um,edge_fp,1382,measured
O10_restore,6bba,spatial_boundary,within_7um,edge_tp,34283,measured
O10_restore,6bba,temporal_boundary,boundary,division_fn,4,measured
O10_restore,6bba,temporal_boundary,boundary,edge_fn,265,measured
O10_restore,6bba,temporal_boundary,boundary,edge_fp,114,measured
O10_restore,6bba,temporal_boundary,boundary,edge_tp,4372,measured
O10_restore,6bba,temporal_boundary,interior,division_fn,99,measured
O10_restore,6bba,temporal_boundary,interior,division_fp,70,measured
O10_restore,6bba,temporal_boundary,interior,division_tp,22,measured
O10_restore,6bba,temporal_boundary,interior,edge_fn,4489,measured
O10_restore,6bba,temporal_boundary,interior,edge_fp,3795,measured
O10_restore,6bba,temporal_boundary,interior,edge_tp,99931,measured
O10_swap,44b6,close_cells,isolated,division_fn,15,measured
O10_swap,44b6,close_cells,isolated,division_fp,18,measured
O10_swap,44b6,close_cells,isolated,division_tp,5,measured
O10_swap,44b6,close_cells,isolated,edge_fn,642,measured
O10_swap,44b6,close_cells,isolated,edge_fp,658,measured
O10_swap,44b6,close_cells,isolated,edge_tp,14375,measured
O10_swap,44b6,close_cells,within_7um_competitor,division_fn,4,measured
O10_swap,44b6,close_cells,within_7um_competitor,division_fp,4,measured
O10_swap,44b6,close_cells,within_7um_competitor,division_tp,2,measured
O10_swap,44b6,close_cells,within_7um_competitor,edge_fn,317,measured
O10_swap,44b6,close_cells,within_7um_competitor,edge_fp,431,measured
O10_swap,44b6,close_cells,within_7um_competitor,edge_tp,4492,measured
O10_swap,44b6,density10,high,division_fn,4,measured
O10_swap,44b6,density10,high,division_fp,4,measured
O10_swap,44b6,density10,high,division_tp,4,measured
O10_swap,44b6,density10,high,edge_fn,321,measured
O10_swap,44b6,density10,high,edge_fp,450,measured
O10_swap,44b6,density10,high,edge_tp,5656,measured
O10_swap,44b6,density10,low,division_fn,3,measured
O10_swap,44b6,density10,low,division_fp,5,measured
O10_swap,44b6,density10,low,division_tp,3,measured
O10_swap,44b6,density10,low,edge_fn,55,measured
O10_swap,44b6,density10,low,edge_fp,87,measured
O10_swap,44b6,density10,low,edge_tp,3115,measured
O10_swap,44b6,density10,middle,division_fn,12,measured
O10_swap,44b6,density10,middle,division_fp,13,measured
O10_swap,44b6,density10,middle,edge_fn,367,measured
O10_swap,44b6,density10,middle,edge_fp,552,measured
O10_swap,44b6,density10,middle,edge_tp,10096,measured
O10_swap,44b6,density10,no_assigned_observation,edge_fn,216,measured
O10_swap,44b6,depth,high,division_fn,6,measured
O10_swap,44b6,depth,high,division_fp,5,measured
O10_swap,44b6,depth,high,division_tp,1,measured
O10_swap,44b6,depth,high,edge_fn,270,measured
O10_swap,44b6,depth,high,edge_fp,313,measured
O10_swap,44b6,depth,high,edge_tp,4482,measured
O10_swap,44b6,depth,low,division_fn,4,measured
O10_swap,44b6,depth,low,division_fp,3,measured
O10_swap,44b6,depth,low,division_tp,1,measured
O10_swap,44b6,depth,low,edge_fn,245,measured
O10_swap,44b6,depth,low,edge_fp,238,measured
O10_swap,44b6,depth,low,edge_tp,4483,measured
O10_swap,44b6,depth,middle,division_fn,9,measured
O10_swap,44b6,depth,middle,division_fp,14,measured
O10_swap,44b6,depth,middle,division_tp,5,measured
O10_swap,44b6,depth,middle,edge_fn,444,measured
O10_swap,44b6,depth,middle,edge_fp,538,measured
O10_swap,44b6,depth,middle,edge_tp,9902,measured
O10_swap,44b6,event_support,division_extra,division_fp,22,measured
O10_swap,44b6,event_support,division_no_fork,division_fn,17,measured
O10_swap,44b6,event_support,division_observation,division_fn,2,measured
O10_swap,44b6,intensity,high,division_fn,4,measured
O10_swap,44b6,intensity,high,division_fp,7,measured
O10_swap,44b6,intensity,high,division_tp,2,measured
O10_swap,44b6,intensity,high,edge_fn,253,measured
O10_swap,44b6,intensity,high,edge_fp,385,measured
O10_swap,44b6,intensity,high,edge_tp,5867,measured
O10_swap,44b6,intensity,low,division_fn,3,measured
O10_swap,44b6,intensity,low,division_fp,1,measured
O10_swap,44b6,intensity,low,division_tp,3,measured
O10_swap,44b6,intensity,low,edge_fn,88,measured
O10_swap,44b6,intensity,low,edge_fp,141,measured
O10_swap,44b6,intensity,low,edge_tp,2564,measured
O10_swap,44b6,intensity,middle,division_fn,12,measured
O10_swap,44b6,intensity,middle,division_fp,14,measured
O10_swap,44b6,intensity,middle,division_tp,2,measured
O10_swap,44b6,intensity,middle,edge_fn,402,measured
O10_swap,44b6,intensity,middle,edge_fp,563,measured
O10_swap,44b6,intensity,middle,edge_tp,10436,measured
O10_swap,44b6,intensity,no_assigned_observation,edge_fn,216,measured
O10_swap,44b6,local_contrast,high,division_fn,5,measured
O10_swap,44b6,local_contrast,high,division_fp,8,measured
O10_swap,44b6,local_contrast,high,division_tp,3,measured
O10_swap,44b6,local_contrast,high,edge_fn,164,measured
O10_swap,44b6,local_contrast,high,edge_fp,258,measured
O10_swap,44b6,local_contrast,high,edge_tp,6691,measured
O10_swap,44b6,local_contrast,low,division_fn,3,measured
O10_swap,44b6,local_contrast,low,division_fp,1,measured
O10_swap,44b6,local_contrast,low,division_tp,2,measured
O10_swap,44b6,local_contrast,low,edge_fn,112,measured
O10_swap,44b6,local_contrast,low,edge_fp,180,measured
O10_swap,44b6,local_contrast,low,edge_tp,1947,measured
O10_swap,44b6,local_contrast,middle,division_fn,11,measured
O10_swap,44b6,local_contrast,middle,division_fp,13,measured
O10_swap,44b6,local_contrast,middle,division_tp,2,measured
O10_swap,44b6,local_contrast,middle,edge_fn,467,measured
O10_swap,44b6,local_contrast,middle,edge_fp,651,measured
O10_swap,44b6,local_contrast,middle,edge_tp,10229,measured
O10_swap,44b6,local_contrast,no_assigned_observation,edge_fn,216,measured
O10_swap,44b6,spatial_boundary,interior,division_fn,17,measured
O10_swap,44b6,spatial_boundary,interior,division_fp,18,measured
O10_swap,44b6,spatial_boundary,interior,division_tp,5,measured
O10_swap,44b6,spatial_boundary,interior,edge_fn,758,measured
O10_swap,44b6,spatial_boundary,interior,edge_fp,900,measured
O10_swap,44b6,spatial_boundary,interior,edge_tp,15688,measured
O10_swap,44b6,spatial_boundary,within_7um,division_fn,2,measured
O10_swap,44b6,spatial_boundary,within_7um,division_fp,4,measured
O10_swap,44b6,spatial_boundary,within_7um,division_tp,2,measured
O10_swap,44b6,spatial_boundary,within_7um,edge_fn,201,measured
O10_swap,44b6,spatial_boundary,within_7um,edge_fp,189,measured
O10_swap,44b6,spatial_boundary,within_7um,edge_tp,3179,measured
O10_swap,44b6,temporal_boundary,boundary,edge_fn,71,measured
O10_swap,44b6,temporal_boundary,boundary,edge_fp,44,measured
O10_swap,44b6,temporal_boundary,boundary,edge_tp,728,measured
O10_swap,44b6,temporal_boundary,interior,division_fn,19,measured
O10_swap,44b6,temporal_boundary,interior,division_fp,22,measured
O10_swap,44b6,temporal_boundary,interior,division_tp,7,measured
O10_swap,44b6,temporal_boundary,interior,edge_fn,888,measured
O10_swap,44b6,temporal_boundary,interior,edge_fp,1045,measured
O10_swap,44b6,temporal_boundary,interior,edge_tp,18139,measured
O10_swap,6bba,close_cells,isolated,division_fn,92,measured
O10_swap,6bba,close_cells,isolated,division_fp,64,measured
O10_swap,6bba,close_cells,isolated,division_tp,20,measured
O10_swap,6bba,close_cells,isolated,edge_fn,4078,measured
O10_swap,6bba,close_cells,isolated,edge_fp,2938,measured
O10_swap,6bba,close_cells,isolated,edge_tp,97865,measured
O10_swap,6bba,close_cells,within_7um_competitor,division_fn,11,measured
O10_swap,6bba,close_cells,within_7um_competitor,division_fp,6,measured
O10_swap,6bba,close_cells,within_7um_competitor,division_tp,2,measured
O10_swap,6bba,close_cells,within_7um_competitor,edge_fn,701,measured
O10_swap,6bba,close_cells,within_7um_competitor,edge_fp,1005,measured
O10_swap,6bba,close_cells,within_7um_competitor,edge_tp,6413,measured
O10_swap,6bba,density10,high,division_fn,9,measured
O10_swap,6bba,density10,high,division_fp,7,measured
O10_swap,6bba,density10,high,division_tp,1,measured
O10_swap,6bba,density10,high,edge_fn,706,measured
O10_swap,6bba,density10,high,edge_fp,1031,measured
O10_swap,6bba,density10,high,edge_tp,7937,measured
O10_swap,6bba,density10,low,division_fn,80,measured
O10_swap,6bba,density10,low,division_fp,52,measured
O10_swap,6bba,density10,low,division_tp,21,measured
O10_swap,6bba,density10,low,edge_fn,1391,measured
O10_swap,6bba,density10,low,edge_fp,2034,measured
O10_swap,6bba,density10,low,edge_tp,86703,measured
O10_swap,6bba,density10,middle,division_fn,12,measured
O10_swap,6bba,density10,middle,division_fp,11,measured
O10_swap,6bba,density10,middle,edge_fn,597,measured
O10_swap,6bba,density10,middle,edge_fp,878,measured
O10_swap,6bba,density10,middle,edge_tp,9638,measured
O10_swap,6bba,density10,no_assigned_observation,division_fn,2,measured
O10_swap,6bba,density10,no_assigned_observation,edge_fn,2085,measured
O10_swap,6bba,depth,high,division_fn,26,measured
O10_swap,6bba,depth,high,division_fp,26,measured
O10_swap,6bba,depth,high,division_tp,9,measured
O10_swap,6bba,depth,high,edge_fn,1414,measured
O10_swap,6bba,depth,high,edge_fp,1137,measured
O10_swap,6bba,depth,high,edge_tp,30090,measured
O10_swap,6bba,depth,low,division_fn,39,measured
O10_swap,6bba,depth,low,division_fp,17,measured
O10_swap,6bba,depth,low,division_tp,7,measured
O10_swap,6bba,depth,low,edge_fn,1837,measured
O10_swap,6bba,depth,low,edge_fp,1493,measured
O10_swap,6bba,depth,low,edge_tp,35466,measured
O10_swap,6bba,depth,middle,division_fn,38,measured
O10_swap,6bba,depth,middle,division_fp,27,measured
O10_swap,6bba,depth,middle,division_tp,6,measured
O10_swap,6bba,depth,middle,edge_fn,1528,measured
O10_swap,6bba,depth,middle,edge_fp,1313,measured
O10_swap,6bba,depth,middle,edge_tp,38722,measured
O10_swap,6bba,event_support,division_cross,division_fp,5,measured
O10_swap,6bba,event_support,division_extra,division_fp,65,measured
O10_swap,6bba,event_support,division_no_fork,division_fn,81,measured
O10_swap,6bba,event_support,division_observation,division_fn,22,measured
O10_swap,6bba,intensity,high,division_fn,33,measured
O10_swap,6bba,intensity,high,division_fp,27,measured
O10_swap,6bba,intensity,high,division_tp,9,measured
O10_swap,6bba,intensity,high,edge_fn,679,measured
O10_swap,6bba,intensity,high,edge_fp,986,measured
O10_swap,6bba,intensity,high,edge_tp,27158,measured
O10_swap,6bba,intensity,low,division_fn,18,measured
O10_swap,6bba,intensity,low,division_fp,10,measured
O10_swap,6bba,intensity,low,division_tp,6,measured
O10_swap,6bba,intensity,low,edge_fn,732,measured
O10_swap,6bba,intensity,low,edge_fp,1075,measured
O10_swap,6bba,intensity,low,edge_tp,33274,measured
O10_swap,6bba,intensity,middle,division_fn,50,measured
O10_swap,6bba,intensity,middle,division_fp,33,measured
O10_swap,6bba,intensity,middle,division_tp,7,measured
O10_swap,6bba,intensity,middle,edge_fn,1283,measured
O10_swap,6bba,intensity,middle,edge_fp,1882,measured
O10_swap,6bba,intensity,middle,edge_tp,43846,measured
O10_swap,6bba,intensity,no_assigned_observation,division_fn,2,measured
O10_swap,6bba,intensity,no_assigned_observation,edge_fn,2085,measured
O10_swap,6bba,local_contrast,high,division_fn,44,measured
O10_swap,6bba,local_contrast,high,division_fp,29,measured
O10_swap,6bba,local_contrast,high,division_tp,12,measured
O10_swap,6bba,local_contrast,high,edge_fn,441,measured
O10_swap,6bba,local_contrast,high,edge_fp,637,measured
O10_swap,6bba,local_contrast,high,edge_tp,34172,measured
O10_swap,6bba,local_contrast,low,division_fn,19,measured
O10_swap,6bba,local_contrast,low,division_fp,8,measured
O10_swap,6bba,local_contrast,low,division_tp,3,measured
O10_swap,6bba,local_contrast,low,edge_fn,1267,measured
O10_swap,6bba,local_contrast,low,edge_fp,1887,measured
O10_swap,6bba,local_contrast,low,edge_tp,27017,measured
O10_swap,6bba,local_contrast,middle,division_fn,38,measured
O10_swap,6bba,local_contrast,middle,division_fp,33,measured
O10_swap,6bba,local_contrast,middle,division_tp,7,measured
O10_swap,6bba,local_contrast,middle,edge_fn,986,measured
O10_swap,6bba,local_contrast,middle,edge_fp,1419,measured
O10_swap,6bba,local_contrast,middle,edge_tp,43089,measured
O10_swap,6bba,local_contrast,no_assigned_observation,division_fn,2,measured
O10_swap,6bba,local_contrast,no_assigned_observation,edge_fn,2085,measured
O10_swap,6bba,spatial_boundary,interior,division_fn,82,measured
O10_swap,6bba,spatial_boundary,interior,division_fp,55,measured
O10_swap,6bba,spatial_boundary,interior,division_tp,21,measured
O10_swap,6bba,spatial_boundary,interior,edge_fn,2979,measured
O10_swap,6bba,spatial_boundary,interior,edge_fp,2541,measured
O10_swap,6bba,spatial_boundary,interior,edge_tp,70009,measured
O10_swap,6bba,spatial_boundary,within_7um,division_fn,21,measured
O10_swap,6bba,spatial_boundary,within_7um,division_fp,15,measured
O10_swap,6bba,spatial_boundary,within_7um,division_tp,1,measured
O10_swap,6bba,spatial_boundary,within_7um,edge_fn,1800,measured
O10_swap,6bba,spatial_boundary,within_7um,edge_fp,1402,measured
O10_swap,6bba,spatial_boundary,within_7um,edge_tp,34269,measured
O10_swap,6bba,temporal_boundary,boundary,division_fn,4,measured
O10_swap,6bba,temporal_boundary,boundary,edge_fn,270,measured
O10_swap,6bba,temporal_boundary,boundary,edge_fp,120,measured
O10_swap,6bba,temporal_boundary,boundary,edge_tp,4367,measured
O10_swap,6bba,temporal_boundary,interior,division_fn,99,measured
O10_swap,6bba,temporal_boundary,interior,division_fp,70,measured
O10_swap,6bba,temporal_boundary,interior,division_tp,22,measured
O10_swap,6bba,temporal_boundary,interior,edge_fn,4509,measured
O10_swap,6bba,temporal_boundary,interior,edge_fp,3823,measured
O10_swap,6bba,temporal_boundary,interior,edge_tp,99911,measured
P0,44b6,close_cells,isolated,division_fn,15,measured
P0,44b6,close_cells,isolated,division_fp,18,measured
P0,44b6,close_cells,isolated,division_tp,5,measured
P0,44b6,close_cells,isolated,edge_fn,640,measured
P0,44b6,close_cells,isolated,edge_fp,656,measured
P0,44b6,close_cells,isolated,edge_tp,14376,measured
P0,44b6,close_cells,within_7um_competitor,division_fn,4,measured
P0,44b6,close_cells,within_7um_competitor,division_fp,4,measured
P0,44b6,close_cells,within_7um_competitor,division_tp,2,measured
P0,44b6,close_cells,within_7um_competitor,edge_fn,317,measured
P0,44b6,close_cells,within_7um_competitor,edge_fp,431,measured
P0,44b6,close_cells,within_7um_competitor,edge_tp,4493,measured
P0,44b6,density10,high,division_fn,4,measured
P0,44b6,density10,high,division_fp,4,measured
P0,44b6,density10,high,division_tp,4,measured
P0,44b6,density10,high,edge_fn,321,measured
P0,44b6,density10,high,edge_fp,450,measured
P0,44b6,density10,high,edge_tp,5657,measured
P0,44b6,density10,low,division_fn,3,measured
P0,44b6,density10,low,division_fp,5,measured
P0,44b6,density10,low,division_tp,3,measured
P0,44b6,density10,low,edge_fn,54,measured
P0,44b6,density10,low,edge_fp,85,measured
P0,44b6,density10,low,edge_tp,3115,measured
P0,44b6,density10,middle,division_fn,12,measured
P0,44b6,density10,middle,division_fp,13,measured
P0,44b6,density10,middle,edge_fn,367,measured
P0,44b6,density10,middle,edge_fp,552,measured
P0,44b6,density10,middle,edge_tp,10097,measured
P0,44b6,density10,no_assigned_observation,edge_fn,215,measured
P0,44b6,depth,high,division_fn,6,measured
P0,44b6,depth,high,division_fp,5,measured
P0,44b6,depth,high,division_tp,1,measured
P0,44b6,depth,high,edge_fn,270,measured
P0,44b6,depth,high,edge_fp,313,measured
P0,44b6,depth,high,edge_tp,4482,measured
P0,44b6,depth,low,division_fn,4,measured
P0,44b6,depth,low,division_fp,3,measured
P0,44b6,depth,low,division_tp,1,measured
P0,44b6,depth,low,edge_fn,243,measured
P0,44b6,depth,low,edge_fp,236,measured
P0,44b6,depth,low,edge_tp,4485,measured
P0,44b6,depth,middle,division_fn,9,measured
P0,44b6,depth,middle,division_fp,14,measured
P0,44b6,depth,middle,division_tp,5,measured
P0,44b6,depth,middle,edge_fn,444,measured
P0,44b6,depth,middle,edge_fp,538,measured
P0,44b6,depth,middle,edge_tp,9902,measured
P0,44b6,event_support,division_extra,division_fp,22,measured
P0,44b6,event_support,division_no_fork,division_fn,17,measured
P0,44b6,event_support,division_observation,division_fn,2,measured
P0,44b6,intensity,high,division_fn,4,measured
P0,44b6,intensity,high,division_fp,7,measured
P0,44b6,intensity,high,division_tp,2,measured
P0,44b6,intensity,high,edge_fn,253,measured
P0,44b6,intensity,high,edge_fp,385,measured
P0,44b6,intensity,high,edge_tp,5866,measured
P0,44b6,intensity,low,division_fn,3,measured
P0,44b6,intensity,low,division_fp,1,measured
P0,44b6,intensity,low,division_tp,3,measured
P0,44b6,intensity,low,edge_fn,87,measured
P0,44b6,intensity,low,edge_fp,139,measured
P0,44b6,intensity,low,edge_tp,2566,measured
P0,44b6,intensity,middle,division_fn,12,measured
P0,44b6,intensity,middle,division_fp,14,measured
P0,44b6,intensity,middle,division_tp,2,measured
P0,44b6,intensity,middle,edge_fn,402,measured
P0,44b6,intensity,middle,edge_fp,563,measured
P0,44b6,intensity,middle,edge_tp,10437,measured
P0,44b6,intensity,no_assigned_observation,edge_fn,215,measured
P0,44b6,local_contrast,high,division_fn,5,measured
P0,44b6,local_contrast,high,division_fp,8,measured
P0,44b6,local_contrast,high,division_tp,3,measured
P0,44b6,local_contrast,high,edge_fn,164,measured
P0,44b6,local_contrast,high,edge_fp,258,measured
P0,44b6,local_contrast,high,edge_tp,6691,measured
P0,44b6,local_contrast,low,division_fn,3,measured
P0,44b6,local_contrast,low,division_fp,1,measured
P0,44b6,local_contrast,low,division_tp,2,measured
P0,44b6,local_contrast,low,edge_fn,112,measured
P0,44b6,local_contrast,low,edge_fp,179,measured
P0,44b6,local_contrast,low,edge_tp,1947,measured
P0,44b6,local_contrast,middle,division_fn,11,measured
P0,44b6,local_contrast,middle,division_fp,13,measured
P0,44b6,local_contrast,middle,division_tp,2,measured
P0,44b6,local_contrast,middle,edge_fn,466,measured
P0,44b6,local_contrast,middle,edge_fp,650,measured
P0,44b6,local_contrast,middle,edge_tp,10231,measured
P0,44b6,local_contrast,no_assigned_observation,edge_fn,215,measured
P0,44b6,spatial_boundary,interior,division_fn,17,measured
P0,44b6,spatial_boundary,interior,division_fp,18,measured
P0,44b6,spatial_boundary,interior,division_tp,5,measured
P0,44b6,spatial_boundary,interior,edge_fn,756,measured
P0,44b6,spatial_boundary,interior,edge_fp,898,measured
P0,44b6,spatial_boundary,interior,edge_tp,15690,measured
P0,44b6,spatial_boundary,within_7um,division_fn,2,measured
P0,44b6,spatial_boundary,within_7um,division_fp,4,measured
P0,44b6,spatial_boundary,within_7um,division_tp,2,measured
P0,44b6,spatial_boundary,within_7um,edge_fn,201,measured
P0,44b6,spatial_boundary,within_7um,edge_fp,189,measured
P0,44b6,spatial_boundary,within_7um,edge_tp,3179,measured
P0,44b6,temporal_boundary,boundary,edge_fn,71,measured
P0,44b6,temporal_boundary,boundary,edge_fp,44,measured
P0,44b6,temporal_boundary,boundary,edge_tp,728,measured
P0,44b6,temporal_boundary,interior,division_fn,19,measured
P0,44b6,temporal_boundary,interior,division_fp,22,measured
P0,44b6,temporal_boundary,interior,division_tp,7,measured
P0,44b6,temporal_boundary,interior,edge_fn,886,measured
P0,44b6,temporal_boundary,interior,edge_fp,1043,measured
P0,44b6,temporal_boundary,interior,edge_tp,18141,measured
P0,6bba,close_cells,isolated,division_fn,92,measured
P0,6bba,close_cells,isolated,division_fp,64,measured
P0,6bba,close_cells,isolated,division_tp,20,measured
P0,6bba,close_cells,isolated,edge_fn,4055,measured
P0,6bba,close_cells,isolated,edge_fp,2912,measured
P0,6bba,close_cells,isolated,edge_tp,97892,measured
P0,6bba,close_cells,within_7um_competitor,division_fn,11,measured
P0,6bba,close_cells,within_7um_competitor,division_fp,6,measured
P0,6bba,close_cells,within_7um_competitor,division_tp,2,measured
P0,6bba,close_cells,within_7um_competitor,edge_fn,699,measured
P0,6bba,close_cells,within_7um_competitor,edge_fp,997,measured
P0,6bba,close_cells,within_7um_competitor,edge_tp,6411,measured
P0,6bba,density10,high,division_fn,9,measured
P0,6bba,density10,high,division_fp,7,measured
P0,6bba,density10,high,division_tp,1,measured
P0,6bba,density10,high,edge_fn,705,measured
P0,6bba,density10,high,edge_fp,1023,measured
P0,6bba,density10,high,edge_tp,7945,measured
P0,6bba,density10,low,division_fn,80,measured
P0,6bba,density10,low,division_fp,52,measured
P0,6bba,density10,low,division_tp,21,measured
P0,6bba,density10,low,edge_fn,1381,measured
P0,6bba,density10,low,edge_fp,2017,measured
P0,6bba,density10,low,edge_tp,86730,measured
P0,6bba,density10,middle,division_fn,12,measured
P0,6bba,density10,middle,division_fp,11,measured
P0,6bba,density10,middle,edge_fn,590,measured
P0,6bba,density10,middle,edge_fp,869,measured
P0,6bba,density10,middle,edge_tp,9628,measured
P0,6bba,density10,no_assigned_observation,division_fn,2,measured
P0,6bba,density10,no_assigned_observation,edge_fn,2078,measured
P0,6bba,depth,high,division_fn,26,measured
P0,6bba,depth,high,division_fp,26,measured
P0,6bba,depth,high,division_tp,9,measured
P0,6bba,depth,high,edge_fn,1414,measured
P0,6bba,depth,high,edge_fp,1137,measured
P0,6bba,depth,high,edge_tp,30090,measured
P0,6bba,depth,low,division_fn,39,measured
P0,6bba,depth,low,division_fp,17,measured
P0,6bba,depth,low,division_tp,7,measured
P0,6bba,depth,low,edge_fn,1814,measured
P0,6bba,depth,low,edge_fp,1464,measured
P0,6bba,depth,low,edge_tp,35489,measured
P0,6bba,depth,middle,division_fn,38,measured
P0,6bba,depth,middle,division_fp,27,measured
P0,6bba,depth,middle,division_tp,6,measured
P0,6bba,depth,middle,edge_fn,1526,measured
P0,6bba,depth,middle,edge_fp,1308,measured
P0,6bba,depth,middle,edge_tp,38724,measured
P0,6bba,event_support,division_cross,division_fp,5,measured
P0,6bba,event_support,division_extra,division_fp,65,measured
P0,6bba,event_support,division_no_fork,division_fn,81,measured
P0,6bba,event_support,division_observation,division_fn,22,measured
P0,6bba,intensity,high,division_fn,33,measured
P0,6bba,intensity,high,division_fp,27,measured
P0,6bba,intensity,high,division_tp,9,measured
P0,6bba,intensity,high,edge_fn,674,measured
P0,6bba,intensity,high,edge_fp,978,measured
P0,6bba,intensity,high,edge_tp,27160,measured
P0,6bba,intensity,low,division_fn,18,measured
P0,6bba,intensity,low,division_fp,10,measured
P0,6bba,intensity,low,division_tp,6,measured
P0,6bba,intensity,low,edge_fn,727,measured
P0,6bba,intensity,low,edge_fp,1064,measured
P0,6bba,intensity,low,edge_tp,33293,measured
P0,6bba,intensity,middle,division_fn,50,measured
P0,6bba,intensity,middle,division_fp,33,measured
P0,6bba,intensity,middle,division_tp,7,measured
P0,6bba,intensity,middle,edge_fn,1275,measured
P0,6bba,intensity,middle,edge_fp,1867,measured
P0,6bba,intensity,middle,edge_tp,43850,measured
P0,6bba,intensity,no_assigned_observation,division_fn,2,measured
P0,6bba,intensity,no_assigned_observation,edge_fn,2078,measured
P0,6bba,local_contrast,high,division_fn,44,measured
P0,6bba,local_contrast,high,division_fp,29,measured
P0,6bba,local_contrast,high,division_tp,12,measured
P0,6bba,local_contrast,high,edge_fn,435,measured
P0,6bba,local_contrast,high,edge_fp,628,measured
P0,6bba,local_contrast,high,edge_tp,34184,measured
P0,6bba,local_contrast,low,division_fn,18,measured
P0,6bba,local_contrast,low,division_fp,8,measured
P0,6bba,local_contrast,low,division_tp,3,measured
P0,6bba,local_contrast,low,edge_fn,1263,measured
P0,6bba,local_contrast,low,edge_fp,1879,measured
P0,6bba,local_contrast,low,edge_tp,27026,measured
P0,6bba,local_contrast,middle,division_fn,39,measured
P0,6bba,local_contrast,middle,division_fp,33,measured
P0,6bba,local_contrast,middle,division_tp,7,measured
P0,6bba,local_contrast,middle,edge_fn,978,measured
P0,6bba,local_contrast,middle,edge_fp,1402,measured
P0,6bba,local_contrast,middle,edge_tp,43093,measured
P0,6bba,local_contrast,no_assigned_observation,division_fn,2,measured
P0,6bba,local_contrast,no_assigned_observation,edge_fn,2078,measured
P0,6bba,spatial_boundary,interior,division_fn,82,measured
P0,6bba,spatial_boundary,interior,division_fp,55,measured
P0,6bba,spatial_boundary,interior,division_tp,21,measured
P0,6bba,spatial_boundary,interior,edge_fn,2968,measured
P0,6bba,spatial_boundary,interior,edge_fp,2527,measured
P0,6bba,spatial_boundary,interior,edge_tp,70020,measured
P0,6bba,spatial_boundary,within_7um,division_fn,21,measured
P0,6bba,spatial_boundary,within_7um,division_fp,15,measured
P0,6bba,spatial_boundary,within_7um,division_tp,1,measured
P0,6bba,spatial_boundary,within_7um,edge_fn,1786,measured
P0,6bba,spatial_boundary,within_7um,edge_fp,1382,measured
P0,6bba,spatial_boundary,within_7um,edge_tp,34283,measured
P0,6bba,temporal_boundary,boundary,division_fn,4,measured
P0,6bba,temporal_boundary,boundary,edge_fn,265,measured
P0,6bba,temporal_boundary,boundary,edge_fp,114,measured
P0,6bba,temporal_boundary,boundary,edge_tp,4372,measured
P0,6bba,temporal_boundary,interior,division_fn,99,measured
P0,6bba,temporal_boundary,interior,division_fp,70,measured
P0,6bba,temporal_boundary,interior,division_tp,22,measured
P0,6bba,temporal_boundary,interior,edge_fn,4489,measured
P0,6bba,temporal_boundary,interior,edge_fp,3795,measured
P0,6bba,temporal_boundary,interior,edge_tp,99931,measured
