adj_edge_jaccard,arm,dataset,division_fn,division_fp,division_tp,edge_fn,edge_fp,edge_jaccard,edge_tp,embryo,estimated_total,graph_hash,gt_node_recall,matched_nodes,metric_revision,node_recall,num_pred_nodes,prediction_sha256,seconds,status,total_node_ratio,unchanged_nodes
0.960391380314502,P0,44b6_0113de3b,0,0,0,2,0,0.96,48,44b6,25755,367f5b8c10251ca03538d61271225082c87205e9cae0e06665419a3464682b99,0.9423076923076923,49,075fc5f5a52d11077f9dc2b074644618f26939e2,0.9423076923076923,25650,d5ff37142a694eb55f7e2324a78c9cb34cc5188586f218776329a987186e8572,2.1862321279986645,measured,-0.004076878276062901,True
1.0167466382070436,P0,44b6_0b24845f,0,1,0,0,1,0.98,49,44b6,32795,10ba2fef67696f525e328c5c140b41bb9d1e66e917553541a76d9ba3bc635250,1.0,51,075fc5f5a52d11077f9dc2b074644618f26939e2,1.0,20498,8747d761cd79cf81d46fb5b302827b2ef468e9c568d730675d510ae651502e62,1.6765460829992662,measured,-0.37496569599024243,True
0.9066295389029491,P0,44b6_0c582fdc,0,0,0,3,4,0.9054054054054054,67,44b6,27958,c7b8b2e55d1738d83c116d780ea0fdc2428d7480d3d4c1b88fa9e39aed33c7ab,1.0,71,075fc5f5a52d11077f9dc2b074644618f26939e2,1.0,27580,aaf4e0c431daad9734885cea25c9284c435b39c70fccee60e8222c143f99c7f7,2.6086619490015437,measured,-0.013520280420630946,True
0.9708356203723898,P0,44b6_0db75fae,0,0,0,2,0,0.9867549668874173,149,44b6,15335,738a8e7a0b58ba741f600af2aba0bbb9dd5182e0505fc98f5663f10a26d6c5ed,0.9808917197452229,154,075fc5f5a52d11077f9dc2b074644618f26939e2,0.9808917197452229,17809,9063798ef287b182bb6a21836ed8fee004b597959d1baccc2ac41a9004c9ea14,1.8692604779971589,measured,0.16133029018584935,True
0.935966114094523,P0,44b6_12dfb391,1,0,0,36,33,0.9143920595533499,737,44b6,58672,aa8b0e6e4fe926621952c951080a9c5cfeb34323c22c9dfb0309ee46dadc2fa8,0.9873096446700508,778,075fc5f5a52d11077f9dc2b074644618f26939e2,0.9873096446700508,44829,c8385d0b6a1520152c90c11853dcfd96b7c7aad227310aa8e6f9be54e0f38930,5.1185767610004405,measured,-0.23593877829288246,True
1.0028501172952258,P0,44b6_144b256d,0,0,0,2,4,0.9512195121951219,117,44b6,65376,739a37373bbfe6af06ea7cf706a167c837a8994c9af82233b5e76093fe377dc5,1.0,121,075fc5f5a52d11077f9dc2b074644618f26939e2,1.0,29891,8d30a678b074d674a29d886b7003fe29ec524062bcd1b80a08d7cc3888960b42,2.911896027999319,measured,-0.5427832843857073,True
0.8846294637696386,P0,44b6_1574802b,0,2,0,9,8,0.8944099378881988,144,44b6,17677,303637a45102952f427433a93e39f0eb888b592befb63f2ec04dea898542e0c0,0.9612903225806452,149,075fc5f5a52d11077f9dc2b074644618f26939e2,0.9612903225806452,19610,cd5318f23f9e9059cdf2bb4f553c59f5ad902ab50b94d2fb142ac605c5e38e44,2.035841871998855,measured,0.10935113424223568,True
0.8251863225821824,P0,44b6_18ced818,0,0,0,8,12,0.8198198198198198,91,44b6,78644,57f21c293da17d19ce4f02684412e21c1e4a5779231ed67da4930044e4d78b20,1.0,100,075fc5f5a52d11077f9dc2b074644618f26939e2,1.0,73496,1097a99b8848efe47f0abdf099c24b62549c86e7f4789c3c7882c0faae885475,5.974312785998336,measured,-0.06545953918925793,True
0.8017264480111654,P0,44b6_1d530831,0,1,0,27,33,0.8026315789473685,244,44b6,35825,6ff6dca18325ba7669e8408da288853ac35d44fec02e2c538a7ab7ae8a05b65b,0.9782608695652174,270,075fc5f5a52d11077f9dc2b074644618f26939e2,0.9782608695652174,36229,f7ea8f0cff2118433ca5408abf7f5cb8a1c70a7197fc37f2b3f7ea627b5ec576,3.6094542710015958,measured,0.011277041172365667,True
0.9118007592200251,P0,44b6_24264f12,0,1,0,8,12,0.9141630901287554,213,44b6,26353,11326a7b8cdc30a06f477266fcd0d25c11b61581888842fb86e14f303401beff,0.991304347826087,228,075fc5f5a52d11077f9dc2b074644618f26939e2,0.991304347826087,27034,9ec5cc9a0dbff7ee88173d3c32e777b24610e58610f34606c426886d1b739c9c,2.335924334001902,measured,0.02584146017531211,True
0.8494511238891793,P0,44b6_267148e4,0,0,1,17,24,0.8637873754152824,260,44b6,19130,a4e2c45e9b64b7b8066e2c3e961994c1aadf2837cd3f8fca9eddc1cf5283f5bf,0.9964285714285714,279,075fc5f5a52d11077f9dc2b074644618f26939e2,0.9964285714285714,22305,9d9d5fe38b503bd1f152bee6f64971497b1c73b5bf74ba3b8c60178b04bfef86,3.211856024001463,measured,0.16596968112911656,True
0.8858814708883782,P0,44b6_2a2eff9f,1,0,0,12,20,0.8608695652173913,198,44b6,56367,9f0670a5d7e60b8a8f43eec69b57341abfecff3286823cad20921c9f0827d2fd,1.0,214,075fc5f5a52d11077f9dc2b074644618f26939e2,1.0,39990,06f4c091720c90e67755539f0d9a51c47bc5c1a0b5e17352587825e4a528b02d,4.749721677999332,measured,-0.2905423386023737,True
0.5474189154723984,P0,44b6_2f31fc2f,0,0,0,20,36,0.5371900826446281,65,44b6,24368,33d3bf6960cdc6de9f364a820782d7ec833d616b2d70d69155ad687147289bf9,1.0,89,075fc5f5a52d11077f9dc2b074644618f26939e2,1.0,19728,9fd1edfe51cef68f12f60fe2632649272df0b4a568cac4bebf5e586fdb86645c,2.099485976003052,measured,-0.19041365725541695,True
0.9975053579082727,P0,44b6_33b596bf,0,0,0,0,0,1.0,49,44b6,23330,5b963d046eb2776379a9cfbe829f645058792e9e0efdc51afe93f289b292f4b4,1.0,50,075fc5f5a52d11077f9dc2b074644618f26939e2,1.0,23912,489a0ff1ada72185a24c92b00a11611540e9ad1481879289794f111dc90d6e28,1.7653840599996329,measured,0.024946420917273896,True
0.9824606015993576,P0,44b6_341df25f,1,0,0,1,0,0.9952153110047847,208,44b6,7436,bbaac8594591173bfd3fb6d370e9700bb5a180043a1695a0bf8f9f6615884e60,1.0,216,075fc5f5a52d11077f9dc2b074644618f26939e2,1.0,8389,fbdcec1358ea8f764c187639b77356b34acd011df83e0233fd87c066564ffd45,1.0920351189997746,measured,0.12816030123722433,True
0.955054349400524,P0,44b6_3a861e03,0,0,0,25,26,0.946031746031746,894,44b6,40546,920b8c5404eb1f0bb923834b21ea1f0742cb1a5ae675d8d5740ae94190415cc7,0.9882352941176471,924,075fc5f5a52d11077f9dc2b074644618f26939e2,0.9882352941176471,36679,35519f2d20266e36010ebd69d986e6598818c5c3aa01f447be76f215ceb3f228,3.3001071750004485,measured,-0.09537315641493613,True
0.9052967215251538,P0,44b6_3bb3690f,0,0,0,25,34,0.8627906976744186,371,44b6,31937,b8369f01df88241305ce55ea874fc4184d1a957a2310561ea0ce7d89ac570954,0.9925,397,075fc5f5a52d11077f9dc2b074644618f26939e2,0.9925,16203,00538c8673da0125b0873cbdfe46c2fb72d6ae4edddcdd28812bfcd7785cd10e,1.4070773580024252,measured,-0.4926574192942355,True
0.9263961369942796,P0,44b6_40c45f5a,0,0,0,6,11,0.9186602870813397,192,44b6,32681,ccc38622b6c32d7bc97e40afa3358a50780d8bfd6edaaf4dda259557cef3357c,1.0,200,075fc5f5a52d11077f9dc2b074644618f26939e2,1.0,29929,b7fac26bf489545632161542c4657af652830ea7ea7ea8f3d24198eeea0f5ab8,3.0146502739989955,measured,-0.08420794957314648,True
0.9748302895012879,P0,44b6_415c0a3a,0,0,0,9,12,0.937125748502994,313,44b6,57292,fd423de2200dfa8bea1772e2d9e11d83454796beb59a4ab361c6b43b9262ca0d,1.0,331,075fc5f5a52d11077f9dc2b074644618f26939e2,1.0,34241,088e77d5925451c0ae6ed63fd76cd319fb384098333e309c8ffb0bb42129cd88,3.1172436449996894,measured,-0.4023423863715702,True
0.9604941606243427,P0,44b6_53f95252,0,0,0,2,2,0.9428571428571428,66,44b6,38715,20889b25201f11cd573c67f25265d5532ae4ed077cd7abdb380d511dd59e34f7,1.0,70,075fc5f5a52d11077f9dc2b074644618f26939e2,1.0,31473,c74e8a8af797ea3f4c3387de6546984b58c9f529b123f9278d0af026ff45f503,2.589086962998408,measured,-0.1870592793490895,True
0.8020311457686381,P0,44b6_551a5dba,0,1,0,26,34,0.7674418604651163,198,44b6,57627,3b5a0d09a2e63a9aa9bf124f595a5549f7771a206a9f528a388c9bfe788cbb86,0.9780701754385965,223,075fc5f5a52d11077f9dc2b074644618f26939e2,0.9780701754385965,31654,37c5341d927c69e5e9488d221f22a11e3292d30c5cfaeaa0526a0c050fd022d0,2.802011443000083,measured,-0.4507088691064952,True
1.023701372031193,P0,44b6_5740d24b,0,0,0,2,1,0.9824561403508771,168,44b6,19730,b47eb5f43c25a4595542c8cf78d879f6f676cadb078df9af6ef386cc40ed84ef,1.0,173,075fc5f5a52d11077f9dc2b074644618f26939e2,1.0,11447,fde232ff67e3253883a5d2c5e2a35254a6ee61d8a0933d5a8a0f7b10be95b2e8,1.328335121001146,measured,-0.419817536746072,True
0.9751402739668176,P0,44b6_587a1e22,0,0,1,3,5,0.9787234042553191,368,44b6,18137,fc08872b39fb185d4a861a8a213c092f2d881437256bcef27cb7cfb14a0b31c2,1.0,381,075fc5f5a52d11077f9dc2b074644618f26939e2,1.0,18801,415f060e8b5e0777f75e0f6000d14766672d7ce5d689701d4d54275413eb7846,2.3153232380027475,measured,0.036610244252081384,True
0.9089752596515862,P0,44b6_5f15d135,1,0,0,16,17,0.8862068965517241,257,44b6,29519,ffc7806d6a14728a5ac82737ce14cfaf085c47ff3c258d3b48a57997a264178f,0.9856115107913669,274,075fc5f5a52d11077f9dc2b074644618f26939e2,0.9856115107913669,21935,64873a53deee3b1f0258cfb4bd929e11283504b930c5f9adddba29aefe229311,3.1318322779989103,measured,-0.2569192723330736,True
0.9600843954263641,P0,44b6_668e0cc7,0,0,0,14,21,0.946319018404908,617,44b6,39701,0ffd0c710455fd29d18cfafe4538fd9672913956d70d934b5763623f11f94d52,0.9984447900466563,642,075fc5f5a52d11077f9dc2b074644618f26939e2,0.9984447900466563,33926,2376663b549609bedf28c76a211aaadc0011d2dde55c034241d1acaab2fb0718,3.043626785001834,measured,-0.14546233092365432,True
1.039217046101309,P0,44b6_66f9292d,0,0,0,1,2,0.985,197,44b6,52710,49783688e81dcba857f491a06a838c6fad02d7ac20a3b28d47c922a82f3a9fad,1.0,200,075fc5f5a52d11077f9dc2b074644618f26939e2,1.0,23697,3e8fe0a120026546f8c30fbe4e7cb9a35b5d6c685fca6e22f0a7c0e0df912718,2.6223528320006153,measured,-0.5504268639726807,True
0.7575070369062297,P0,44b6_706092f0,1,0,0,21,17,0.7164179104477612,96,44b6,69898,d5a0ccb18d530206447e6cc7df8d9d7986dd1e3b16f611693257472902c7f785,0.9491525423728814,112,075fc5f5a52d11077f9dc2b074644618f26939e2,0.9491525423728814,29809,47ffc2c12b21dbe6086c1c7a32be8e43675146bb5aa944ff61001c6ba387a003,3.594673548002902,measured,-0.5735357234827893,True
0.7282575228323993,P0,44b6_71a4179f,0,1,0,18,27,0.6917808219178082,101,44b6,67688,867683368d62c1572e5c4a78a0b6f9e0497cec1dbbb964972716842c67d5e2b3,0.9752066115702479,118,075fc5f5a52d11077f9dc2b074644618f26939e2,0.9752066115702479,31997,cbddcba9a0122d41ea2bd3abe35de066a0b0c20829976c7911216824185eab29,3.3328719380006078,measured,-0.5272869637158728,True
0.956046342633852,P0,44b6_74d0c52e,1,0,0,6,6,0.9172413793103448,133,44b6,15090,5cc423a6d837b40fad0b706b69160c767b9674cfef5e21d9a1d20d59d4508dda,1.0,140,075fc5f5a52d11077f9dc2b074644618f26939e2,1.0,8706,eb6cf02372b5272ae54493ac950d93ee6e1b5d584b1b1857869f2a6b5b6d75b4,1.3807544340015738,measured,-0.42306163021868787,True
0.9531534045312551,P0,44b6_7a302da0,1,0,0,17,24,0.9227871939736346,490,44b6,66858,631a23a77ffb7ad078ff91157924649a19210d7ffa6d330ca1c4fe373f918369,1.0,516,075fc5f5a52d11077f9dc2b074644618f26939e2,1.0,44857,171a3592118feccf2b47a85a3b869564fab4d42004b8488b050192583744591f,5.71752995299903,measured,-0.3290705674713572,True
0.9664278566642759,P0,44b6_7e557709,0,0,0,16,14,0.9477351916376306,544,44b6,56060,591dad4f07d6d0a704a3a1b9b91625d7b709cdfc8fdc9e7354a0c4a959c092a6,0.9929824561403509,566,075fc5f5a52d11077f9dc2b074644618f26939e2,0.9929824561403509,45003,7d63ea4b66d472f3061b0fcccbdbb1876b93a622c187bb5be154928787cc1447,3.617204516998754,measured,-0.197235105244381,True
1.0041100241392453,P0,44b6_808952d6,0,0,0,0,0,1.0,179,44b6,15742,45365c54715e04787f7e681fc092c5c152dd32e20ce4947b8fef966ee5f0b347,1.0,181,075fc5f5a52d11077f9dc2b074644618f26939e2,1.0,15095,edcb3f67cb75f7fdb9fa0ba48413810f39cd7bbcea2fcc484f7552149d454a21,1.6660359429988603,measured,-0.04110024139245331,True
0.9877437325905293,P0,44b6_81c256f0,0,0,0,0,0,1.0,197,44b6,10052,79be762b4c8ccd79fa8ec1346a38e8e59e8ecc19071429feb153bda2fc77c298,1.0,199,075fc5f5a52d11077f9dc2b074644618f26939e2,1.0,11284,8731e64f19a926b989f8ac5b25fdf752e5bb14e47a9b9fa48b42d82ce824bbc4,1.5747328540019225,measured,0.12256267409470752,True
0.6038993590219217,P0,44b6_87bba6c4,0,1,0,35,39,0.6063829787234043,114,44b6,28102,f511c6575246d208e5e036d1cc911bda4d2feb2f17b3fae35bf136b31d11c9ed,0.934640522875817,143,075fc5f5a52d11077f9dc2b074644618f26939e2,0.934640522875817,29253,d277e65f6546e86b4f9362808d9b265fd2738f23d9e940a6afabacaa5a93fc84,2.6880899429997953,measured,0.040957938936730484,True
0.9997625944627231,P0,44b6_8cc6506c,0,0,0,10,6,0.9601990049751243,386,44b6,32172,17e9dec7f6d110deb69d06dcb4383a5adcd4c3d1a1f546663538e5d503b389ac,0.995,398,075fc5f5a52d11077f9dc2b074644618f26939e2,0.995,18916,d6938f6299c73fa22e429619e78b4562304c6b61e13b7bd2c26f677ff2c8a51d,1.7986996639992867,measured,-0.41203531020763395,True
0.8626784596172499,P0,44b6_8f5ab931,0,3,0,40,49,0.8637059724349158,564,44b6,27571,08ef1f8198f53267c6d70144f235d6874a24f17cf0e7ec424f71346d4ce6db16,0.9821428571428571,605,075fc5f5a52d11077f9dc2b074644618f26939e2,0.9821428571428571,27899,bc1852a6a054c6485adea2c39aa12c1c8ca2fc3cf87e2ea016808d8707deecc1,2.7896995400005835,measured,0.011896557977585143,True
1.014402636982793,P0,44b6_8f9ecab4,0,0,0,6,5,0.9706666666666667,364,44b6,74833,7d5eb74118ae4bb3675bb655d9d7ae8716ac76e559c2c9ee0463645809e6b354,1.0,374,075fc5f5a52d11077f9dc2b074644618f26939e2,1.0,41115,6670418e0ad760a4c5b38fcacca9ae4615af59a8cda414e888d2952446d52a03,3.1544598869986658,measured,-0.4505766172677829,True
0.8032402674476962,P0,44b6_90724892,0,0,0,9,15,0.7966101694915254,94,44b6,25532,dc92e666778584cef1ecb53f6c127b9176c06a1118ac80bc4e0f16d65da9b3a1,1.0,105,075fc5f5a52d11077f9dc2b074644618f26939e2,1.0,23407,ec1e7cdc4b1f4a635b9e9e9425234c561264d92fcc66f2d1e5c20d1f425601ac,2.439855535998504,measured,-0.08322888923703588,True
0.8184841187937163,P0,44b6_949adeb1,0,0,0,34,40,0.8229665071770335,344,44b6,37179,207e1a67d5153aa6a1f253909e77b6c62d3e2bc5f02b5da56be6ebd619eb3616,0.9768041237113402,379,075fc5f5a52d11077f9dc2b074644618f26939e2,0.9768041237113402,39204,db54e818e49d71cd78f47b0bb40afab2e5cce39be8e08ae5e2cf76be71c31224,3.854528047999338,measured,0.054466230936819175,True
1.0071691532648712,P0,44b6_95029e92,0,0,0,0,0,1.0,198,44b6,5161,0987a181d6423ecc3fd4543a6097f1443f704e6041e07c30520d3118f9bef70d,1.0,200,075fc5f5a52d11077f9dc2b074644618f26939e2,1.0,4791,95d7c1a452d89f0217aedfc0fb3ad8a756118d4a4ff1160f0b51d44950e0c156,0.781817333001527,measured,-0.07169153264871149,True
0.9741756086046353,P0,44b6_97725144,0,1,0,3,4,0.9688888888888889,218,44b6,35774,282b26f425cf7daada3cd452cbb8c7a73d565a973613535b19f96260b4b234fa,0.9955555555555555,224,075fc5f5a52d11077f9dc2b074644618f26939e2,0.9955555555555555,33822,7414c049adc9c612ac6fab7552d58647f3119d4d31396224603b54aa1b776f80,2.970556938002119,measured,-0.05456476770839157,True
0.9542350671581131,P0,44b6_996155de,0,0,1,7,2,0.9762532981530343,370,44b6,7573,36e54433aa9c218b857f78f44d4ab9a55d12fe21b40bde1412a755648c4d6215,0.9868421052631579,375,075fc5f5a52d11077f9dc2b074644618f26939e2,0.9868421052631579,9281,df3b892e2112c3b11e7f50fb0ccd357b96ee0ed7f4a1c1069a5389ddefdc54c3,1.7435403909985325,measured,0.22553809586689555,True
0.9213736770011831,P0,44b6_9be80b04,1,1,0,13,17,0.8734177215189873,207,44b6,57877,5151c5f8fd3f5313d1b19ae50c32736cf8d3220215f838262200d8bde3ac1fd3,0.9864864864864865,219,075fc5f5a52d11077f9dc2b074644618f26939e2,0.9864864864864865,26099,95167a61703631ba5680bd4d4ae6ef92a090be0129a9b659c6c73ff09e550192,3.13657991600121,measured,-0.5490609395787619,True
0.9047325149503728,P0,44b6_9bfa6a0a,0,0,0,15,21,0.8714285714285714,244,44b6,64308,e8801752a67c542abb8eaaa0c5b495ae4edecc404d43942720c506cd960f3c25,1.0,264,075fc5f5a52d11077f9dc2b074644618f26939e2,1.0,39731,59409035b55c729d30e479ce637370300d9ae1c384262631ceb51e6ccf38cbe1,3.2619312799979525,measured,-0.38217640106985135,True
0.9939192557104143,P0,44b6_a21120c2,1,0,1,2,1,0.9895470383275261,284,44b6,23040,7b25656e166a01460e20242eaf9f9a757f84d99f27514d71e692169756b44e82,1.0,296,075fc5f5a52d11077f9dc2b074644618f26939e2,1.0,22022,a8504d7248491a1e4e96f4d52fdf00716386a5bb999fe9bae19c7093e0dc370f,3.6776502350003284,measured,-0.04418402777777778,True
0.8564781265729929,P0,44b6_a2bb48bb,0,1,0,34,39,0.8374164810690423,376,44b6,60613,a3c97652cf0d4e98d9fb49fc5542b2d9e321240fdc8509c1bc053c47c7380f46,0.9975961538461539,415,075fc5f5a52d11077f9dc2b074644618f26939e2,0.9975961538461539,46816,adb0060b2f681741f8c26c256cad9b1720757d8854c2a36fcfcd3558327fd692,4.377955190000648,measured,-0.22762443700196328,True
1.0151886238317684,P0,44b6_aaf8b0ea,1,0,0,3,0,0.9854368932038835,203,44b6,22099,1db36bdafe9f40ca72e6152b831de2b1588e740fb9316c193d1a3a83463bc256,0.9904306220095693,207,075fc5f5a52d11077f9dc2b074644618f26939e2,0.9904306220095693,15427,594380e6a39c749dc954df4bff0553b8ad80c715b592ef6990bd367dbbf762d9,2.179131046999828,measured,-0.3019141137608037,True
0.9936209855169731,P0,44b6_abf82518,0,1,0,0,1,0.9894736842105263,94,44b6,27604,cefddecc195a0b5f5991e45ae3e8bc0153ec3a546e2c4cb10c23c89737ecb52f,1.0,96,075fc5f5a52d11077f9dc2b074644618f26939e2,1.0,26447,3057a7517b7a09eda46236aa7111464e225dbfb91a0494bb0efd76a777ad5336,2.7602033510011097,measured,-0.041914215331111435,True
0.872183789679561,P0,44b6_b2c44266,0,0,0,14,15,0.8415300546448088,154,44b6,59729,e0511ab74e249cc450fbce6cb4505758b3143e33696637e16cc24cd19e7a1c1a,0.9647058823529412,164,075fc5f5a52d11077f9dc2b074644618f26939e2,0.9647058823529412,37972,c149aa1ac885b8defe17dd0081e1b400e80bd8027a63595c566dc047caf63293,3.2553190950020507,measured,-0.3642619163220546,True
0.920541815449504,P0,44b6_c15fded2,0,0,0,4,5,0.9158878504672897,98,44b6,20585,e1cd5742bd1ea38af15893c07fb6c7ec1111cbf61f968e1e96be0aff986cdfd2,1.0,104,075fc5f5a52d11077f9dc2b074644618f26939e2,1.0,19539,544b6e5834fa3cc5456e5bea5486e5f81ed5dc79e6fb741f27afbec84f5cf6c7,1.6510088199975144,measured,-0.050813699295603594,True
0.8271453610493059,P0,44b6_c50204e0,1,1,1,32,36,0.8116343490304709,293,44b6,47078,b51311c5352bccdc9094f82fee4295267c718c83365cf56f2b2cfd68c2853668,0.987987987987988,329,075fc5f5a52d11077f9dc2b074644618f26939e2,0.987987987987988,38081,1800d3e8961d8366dd441fbebee559272101103a1de802df3367ff5108cfa014,6.086409647999972,measured,-0.19110837333786482,True
0.8485041705891777,P0,44b6_c771cb04,0,1,0,19,28,0.8127490039840638,204,44b6,53345,3686003170ab2f48aa6a91555eb399b57803b1f2f5327e6a63677c05b93aa56c,0.9911894273127754,225,075fc5f5a52d11077f9dc2b074644618f26939e2,0.9911894273127754,29877,1ce7b491ad8baea3284892d088eae23a81438c5f9e38fdea2760dadbc3a8a8ba,3.0020909160011797,measured,-0.4399287655825288,True
0.865881688437251,P0,44b6_c8e2a523,1,0,0,11,15,0.8547486033519553,153,44b6,33144,a116dfac8cf40eff274bca581c03e7e1e13ca65d1a58ec20ca2d8f026e4b83ff,0.9821428571428571,165,075fc5f5a52d11077f9dc2b074644618f26939e2,0.9821428571428571,28827,6cfe6d1b9f935bbf26f8e04076c8ba8dfeb2e00edab5af9f678fecad406caa16,3.5194270470019546,measured,-0.1302498189717596,True
0.9482552720195906,P0,44b6_c96cfa10,0,0,0,25,18,0.9321766561514195,591,44b6,46236,94d0e392fe52f08f3109780e46f8bdaf1aef263ae1f370f777f2651814427f58,0.9809220985691574,617,075fc5f5a52d11077f9dc2b074644618f26939e2,0.9809220985691574,38261,13575810785232a871e4881d2ba9f3aa171952b6a462f580e5b6c171084b6c81,3.444345997999335,measured,-0.17248464400034605,True
0.9299215165250662,P0,44b6_cf2536e8,0,0,0,4,6,0.8765432098765432,71,44b6,57565,f99cfbabb92b4bce6bf63e513def6d492588cd32b05c9033754cb31c5b4b2475,1.0,76,075fc5f5a52d11077f9dc2b074644618f26939e2,1.0,22510,ae871bb91eb7d3d780c5ebc58a4dd56fe48e24b51947171a36e3a38c9eebcf5a,2.279769873999612,measured,-0.6089637800746982,True
0.9529736688927326,P0,44b6_cf8fed6b,0,0,0,4,6,0.9484536082474226,184,44b6,43729,054d2e9cadc474930ea6019b4a3fa8d9902f4016a6b13430569f5dc9ce628a4c,1.0,191,075fc5f5a52d11077f9dc2b074644618f26939e2,1.0,41645,84ad6933b727c220ecac04e017e17c5ee4426d624189587a2992ca3279ba6377,3.3096469470001466,measured,-0.047657161151638504,True
0.9633622591976261,P0,44b6_d29c9ab2,0,0,0,26,29,0.9594694178334562,1302,44b6,38055,58bf396b4ac168902b3aa9f1a6f6fb0936d910b881b87b86f15eee3d748897cf,0.9940872135994088,1345,075fc5f5a52d11077f9dc2b074644618f26939e2,0.9940872135994088,36511,a6741e964c544c1cbf24ff94351a678dff991771d556edfb18b1d9b99c4582f8,3.32913894700323,measured,-0.040572855078176324,True
0.9960594016402642,P0,44b6_d2f34f90,2,0,0,7,4,0.9614035087719298,274,44b6,24074,c59edebe353eca27c1b85b7abcd59426ba8c3fef819ef8b868e40416d1cc4585,0.9893992932862191,280,075fc5f5a52d11077f9dc2b074644618f26939e2,0.9893992932862191,15396,6e3a2604cd670d6947b849273fbffab431c6a796d9c4d9061e5b6b737dbdb44c,2.4379595809987222,measured,-0.3604718783750104,True
0.8574061572468379,P0,44b6_d5e7d891,2,1,0,64,77,0.8546391752577319,829,44b6,44848,c46114e2b42a3f06659a0ae3199d0dac5580acfed7bd53f0f80215119475fd12,0.9922737306843267,899,075fc5f5a52d11077f9dc2b074644618f26939e2,0.9922737306843267,43396,a1f461638d7c6da63d72b8742942662abef70129c96a036f9161ddac417f12da,6.484544494996953,measured,-0.03237602568676418,True
0.9364812307956767,P0,44b6_d754aa59,0,0,1,2,2,0.9444444444444444,68,44b6,5171,9abaccbd86323c99158c3bac0df9678559046fc70e4acbde2c7ee1cb5c471043,0.9861111111111112,71,075fc5f5a52d11077f9dc2b074644618f26939e2,0.9861111111111112,5607,76b7f04f6b91421c8e7befeccb3f0b386977d25cd1286150b4621640720b3f7a,1.1137124609995226,measured,0.08431637981048153,True
0.8933843286828653,P0,44b6_d78e09d9,0,0,0,25,23,0.8987341772151899,426,44b6,22259,9ca799c76ef7e8ed335636256c7a7585dfc21644cd6a86411e1dbeecabf587c9,0.9740820734341252,451,075fc5f5a52d11077f9dc2b074644618f26939e2,0.9740820734341252,23584,779b1a405c72568264df0d9a03324499ba5e6409aa9e1fb2d5467f040415ae7b,2.5079570060006517,measured,0.05952648366952693,True
0.8967110430672968,P0,44b6_db3c847b,0,0,0,9,8,0.9,153,44b6,15023,a68b9d654ba24b97ecf67a32af5553d74431851bef31373fe85603ed0ff3ef6e,0.9757575757575757,161,075fc5f5a52d11077f9dc2b074644618f26939e2,0.9757575757575757,15572,e4949478b4724cda0fab457c41af0700c27939973aab62ff01d847d0d34b0fd3,1.5918751370008977,measured,0.036543965918924316,True
0.8798437890900633,P0,44b6_ddf577ad,0,0,0,43,59,0.8555240793201133,604,44b6,53492,2846fa91afeaf13c00843e93408925cf39c9d7f92d189c7cf7d0f951fd0b1873,0.9893778452200304,652,075fc5f5a52d11077f9dc2b074644618f26939e2,0.9893778452200304,38286,a3282113456e870a6a200370ad79f7dfe35597cab16c28cbb6381e451c41ff53,2.945680362998246,measured,-0.2842668062514021,True
0.9194248777885922,P0,44b6_deabac95,0,2,1,3,6,0.9307692307692308,121,44b6,13989,8ac49d826aa234430ba3b50cae77723abf8a1729dea5ff6905033506e4a9af66,0.9920634920634921,125,075fc5f5a52d11077f9dc2b074644618f26939e2,0.9920634920634921,15694,c8e9e53773ea11cee0c81b9d38cfad076bbafe138cb4c8ba2e984727cbf41e74,1.8714228240023658,measured,0.12188147830438202,True
0.9567062586878884,P0,44b6_e28840c6,2,0,0,22,10,0.8996865203761756,287,44b6,74686,41d59b58a6b31a3c5a4fa32f35a75589302a7e9bc6fee2ea0e82424da174acd3,0.9678456591639871,301,075fc5f5a52d11077f9dc2b074644618f26939e2,0.9678456591639871,27352,13e91d0335822a891b301fe75437f96af0f87c6d347a33937d4267d747a4ac06,3.5256971009985136,measured,-0.633773397959457,True
0.8830111572297947,P0,44b6_e29f0176,0,0,0,3,3,0.8867924528301887,47,44b6,12969,809122cc9c14727cf8b269cc33fe78220d1c90011257dfba6ca7c7abe159c91e,0.9803921568627451,50,075fc5f5a52d11077f9dc2b074644618f26939e2,0.9803921568627451,13522,40f7d018d8c6272be4447c03686f32008c533ea082158f1f178dc150be55e236,1.0062480629967467,measured,0.0426401418767831,True
0.8915254658345638,P0,44b6_e31261b4,0,0,0,6,8,0.8842975206611571,107,44b6,72856,54163ff1555f0ba897965c47a8fe03d1eb82d76ace32f683547a42b45ae87055,0.9913793103448276,115,075fc5f5a52d11077f9dc2b074644618f26939e2,0.9913793103448276,66901,3762d499c8db361d40f74b813b283a1923568a80d6a4834317b1213c17351b83,4.445187746001466,measured,-0.08173657626001976,True
0.8511707528752853,P0,44b6_e35b117d,0,1,0,29,21,0.8257839721254355,237,44b6,28641,3281883d00ac27e4021890a785984e20d821e7ca00a0cff4d39be65029ff3a04,0.9407407407407408,254,075fc5f5a52d11077f9dc2b074644618f26939e2,0.9407407407407408,19836,1bbdff83b2cc903686b4d11f42aaaf2b630b48cae07589c344eec56bef9a9e5a,1.7039148910007498,measured,-0.3074264166753954,True
0.8019832657133746,P0,44b6_e57ff5c6,0,0,0,27,15,0.7910447761194029,159,44b6,20314,6d5021154530fd0cdcca3a503e7c64629d2f6a3f90ab2442fb6f791314cf3efd,0.9119170984455959,176,075fc5f5a52d11077f9dc2b074644618f26939e2,0.9119170984455959,17505,807d11d9f5dcdaa8f44bbbeae3ef99f0405c0945c1230445327fa15ceaad7661,1.4322024659995805,measured,-0.13827901939549078,True
0.9572780531603706,P0,44b6_eb2880fc,1,1,0,12,13,0.9362244897959183,367,44b6,48084,98a97efaf758723a4c7b1468d0a3f2865fa24da0825facd288bbd61f8117b67e,0.9948717948717949,388,075fc5f5a52d11077f9dc2b074644618f26939e2,0.9948717948717949,37271,2953f0378f64baaf5980f23cd5db56865e04ddf7ce4f6165a97331b590d6a352,3.5577426870004274,measured,-0.22487729806172532,True
0.9520088668179052,P0,44b6_f28707c6,0,0,0,1,1,0.967741935483871,60,44b6,18656,3b91273d20109dbd7c3f45a6b13c518924e62eabf9da76f36bbe307032ce0ee7,1.0,63,075fc5f5a52d11077f9dc2b074644618f26939e2,1.0,21689,45ec91664c119c14f8edddd80d583c6769bb0a315f58c6499aed4d272d58036b,1.5779202740013716,measured,0.16257504288164665,True
0.9690908226899541,P0,6bba_05b6850b,0,0,0,15,15,0.9651162790697675,830,6bba,6362,7f81c32857f8b18a4b33d2d1d605afc4a0cc3647644071ca04ee648d81ccd57c,0.9941927990708479,856,075fc5f5a52d11077f9dc2b074644618f26939e2,0.9941927990708479,6100,963f87d89d068fa978d93307fd65c1c1c31446bcec8df1037ae3dd8da1e2aab6,0.7642997190014285,measured,-0.04118201823325998,True
0.8771269175098673,P0,6bba_05db0fb1,3,1,0,77,78,0.8770816812053925,1106,6bba,69800,556c2e968994a89625b11a39cfaf8862d225270c76e43445c7eb273c890ea4a5,0.9804719283970708,1205,075fc5f5a52d11077f9dc2b074644618f26939e2,0.9804719283970708,69764,745064c2a47e085bd233c02b7cd2039594d5317ce3a78ffa7c84c505fed1e08b,10.307795510998403,measured,-0.0005157593123209169,True
1.0000256780613064,P0,6bba_062c8d37,0,0,1,1,1,0.9977753058954394,897,6bba,6030,d1148c9c79efebcaed81b3f9ea1dc9c383deb5df0c63a40fe01e6c4830af5e9a,1.0,930,075fc5f5a52d11077f9dc2b074644618f26939e2,1.0,5894,ef26ae19056c7e965332302d1b370f9c9d35709a4de863bee6fdef14ca68e6e0,0.8953933230004623,measured,-0.022553897180762852,True
0.9769921618313978,P0,6bba_07477033,0,1,0,6,11,0.9722675367047309,596,6bba,4836,1bb3ecae5dc83c39b29b22dfdbbd2c13d8ac39a3502bad221bdcefec6f3c7b61,1.0,613,075fc5f5a52d11077f9dc2b074644618f26939e2,1.0,4601,60aa7049b191a4fef9e54d76ca0d792e1b5db2dd9ef99f1d2e5119cfcb52ee1c,0.6802462680025201,measured,-0.04859387923904053,True
0.8211521011199434,P0,6bba_07e24132,2,0,0,36,18,0.8512396694214877,309,6bba,21485,966edf95d10176951f3c24898f501b311c741702e6f882f05ff07896e0b1753b,0.924791086350975,332,075fc5f5a52d11077f9dc2b074644618f26939e2,0.924791086350975,29079,ff914293eb0aaa207b6201dd9989d10029f34d815b735638e39e428b800926f9,3.7452469800009567,measured,0.3534558994647428,True
0.9954038443864747,P0,6bba_085bf656,1,0,0,6,2,0.9931623931623932,1162,6bba,8463,42ef4e692530df28d012bb0778763d278275c01fdbe766c1172b962de8f52784,0.9958263772954925,1193,075fc5f5a52d11077f9dc2b074644618f26939e2,0.9958263772954925,8272,b3c60a4882f754c9ed72092ef3dc26ae88c0b2f0033f73e01c29d21ee82e83fb,1.167787596998096,measured,-0.022568829020441925,True
0.9192007096663687,P0,6bba_09961292,3,0,1,74,93,0.914969450101833,1797,6bba,31117,71c090577705de2667867b9e6970656ff03f17dcf53d10986b8c6b1ca97263fb,0.9933333333333333,1937,075fc5f5a52d11077f9dc2b074644618f26939e2,0.9933333333333333,29678,425ebbeb2b798d54475347ab90c2023ee4f7208e58dd7e11aba6abbefa7718d6,5.487850942001387,measured,-0.04624481794517466,True
0.9589388736263736,P0,6bba_0c7fa718,0,1,0,20,13,0.9508928571428571,639,6bba,13650,a3435f448c52a3a1ae7b532f7bccaf65da0727250367f83a712dd134ad586732,0.984375,693,075fc5f5a52d11077f9dc2b074644618f26939e2,0.984375,12495,adf75a4347adb7f568a7d89ca0cbf5df896d5b826d47b0cbf736bb5158ec2ca8,1.23571272800109,measured,-0.08461538461538462,True
0.8156018126997785,P0,6bba_0e7c0d07,1,0,0,22,18,0.8148148148148148,176,6bba,22467,dab64afd5a6a20a6860f5080922a3580de18ca7916a2edd71046418a54607599,0.9425837320574163,197,075fc5f5a52d11077f9dc2b074644618f26939e2,0.9425837320574163,22250,bd7d93612bbef4e157c24ec5bd8d78b6c641493600430bb0ebdc8253aec87a20,2.302286052999989,measured,-0.009658610406373792,True
0.9645816541387972,P0,6bba_12665c0e,3,1,0,32,6,0.9621513944223108,966,6bba,8314,23a3c647e4c35e39f6cf328999aa532abe171de48ec69847934658cd9f8b526d,0.9739382239382239,1009,075fc5f5a52d11077f9dc2b074644618f26939e2,0.9739382239382239,8104,5515ad1be806615baed04a046697f0e107643b2f322d09882f59ae1497c8d2d7,1.7309597980020044,measured,-0.02525859995188838,True
0.9812710564678269,P0,6bba_13f19531,0,1,0,6,8,0.9803370786516854,698,6bba,5773,81e1da88e0703c01b8dbc53b5ffebb4e410347db214b995c5559025ba6623802,0.9972862957937585,735,075fc5f5a52d11077f9dc2b074644618f26939e2,0.9972862957937585,5718,1ced2d9ef2e70ba8ffec7ca73c2d60d4eaac17aeec22b52dc17f34a9c5b1c586,0.7129008699994301,measured,-0.009527108955482418,True
0.9797067789229207,P0,6bba_15403b9a,0,1,0,11,10,0.9715832205683356,718,6bba,6889,d81488fb2da7396812c8b21d909bf4a7d7a347e3fe4ffccc7873e60f16b87d31,0.9920844327176781,752,075fc5f5a52d11077f9dc2b074644618f26939e2,0.9920844327176781,6313,2523425870700d312cd6779e3944b3d47648107fe4b78a3184b9c3a7faf75234,0.7379933429983794,measured,-0.08361155465234432,True
0.8763211644464807,P0,6bba_1d0d8384,1,0,0,104,79,0.8732686980609419,1261,6bba,17909,2a0e3063ae664450097dbe40103137a602bf8095a03eb9b79321784f725999b9,0.9659248956884562,1389,075fc5f5a52d11077f9dc2b074644618f26939e2,0.9659248956884562,17283,272b55a0598392e9d612ba165ea1f1702e4793f4ba62ff76c95e7492b22591dc,2.0863717289976194,measured,-0.03495449215478251,True
0.9348078924205059,P0,6bba_1ebfb80d,0,1,0,30,19,0.9336043360433605,689,6bba,11558,a38d6c53b9a284971a9da681078640f4707e464c12b82747c96c215e55ce445b,0.9758389261744966,727,075fc5f5a52d11077f9dc2b074644618f26939e2,0.9758389261744966,11409,a24c33300664f735c396511ae455adebfb0ee978b0ad4dda387cdf398a9ae361,1.1332131569979538,measured,-0.012891503720366845,True
0.8023781315135154,P0,6bba_1f58c2f6,0,0,0,29,34,0.8108108108108109,270,6bba,28903,61f9b2752e6c4205df9b813ce1bcf4deb5af12f1f25d7cfc144fdbee7227821a,0.9747634069400631,309,075fc5f5a52d11077f9dc2b074644618f26939e2,0.9747634069400631,31909,ea58b4ba2a4e31186c2759428130b847a8ad18ab5dfc295e27aa9bc71e9d84f7,2.406079682001291,measured,0.1040030446666436,True
0.6565757571174689,P0,6bba_207c6aaf,1,3,0,94,68,0.6872586872586872,356,6bba,11999,3a60f1a3ad3487a1cfaf615c4017030523117514730b2f81c475e6ef59141501,0.888421052631579,422,075fc5f5a52d11077f9dc2b074644618f26939e2,0.888421052631579,17356,2c6c3ccc1523dd1b34c1166a78a819c24b859ef9e91831b01aaf1faaffce4a06,2.0556522560000303,measured,0.44645387115592966,True
0.9004955750046651,P0,6bba_20852818,3,2,0,63,29,0.9019189765458422,846,6bba,9758,0a736d04eba5ff84704256acd0df38787cfc0ac4152cf8f486590a3adaa276af,0.9506302521008403,905,075fc5f5a52d11077f9dc2b074644618f26939e2,0.9506302521008403,9912,648981e9ead350f24945e8d8174936378773fccac8a8b110f38010a50558e788,1.8854526239992992,measured,0.015781922525107604,True
0.982771871100345,P0,6bba_2312ac41,0,0,2,8,8,0.9859649122807017,1124,6bba,11950,01b22afbb49a8a073d509d5fa6c5de91c13dd44ba14f59b7a66c38bad033cf63,0.9982698961937716,1154,075fc5f5a52d11077f9dc2b074644618f26939e2,0.9982698961937716,12337,bcec90022869a9b310886637066e9f974facb599a3293fb4f24861b302c74069,1.7889486190033494,measured,0.03238493723849373,True
1.0069213483146067,P0,6bba_23af9eeb,0,0,0,0,0,1.0,499,6bba,4450,f5ed32f0934b4bfd72bdf9e81063d4449874430cc959ad6456e99d2b9d3f7706,1.0,513,075fc5f5a52d11077f9dc2b074644618f26939e2,1.0,4142,c983cb02153cad54e5d66abd4b86dfa31c3a2c7c7fe7c388422b8565ee9e39b2,0.5816553399999975,measured,-0.06921348314606741,True
1.008009516256939,P0,6bba_2540cd90,0,0,0,0,0,1.0,523,6bba,3783,0edbe29f57072c910ac7937f40bc2663bf6a4ec90354c1b6e5d5d65fc4165369,1.0,529,075fc5f5a52d11077f9dc2b074644618f26939e2,1.0,3480,39ee7295047568f398b928bfa94894985f94316546e4e779769e605a8c53107b,0.5187036159986746,measured,-0.08009516256938938,True
0.9542559351476548,P0,6bba_2646afc7,0,1,0,21,16,0.9497964721845319,700,6bba,5495,36965d0070d3502b093609bf403609f6d7b631fc6f45000ae7f28349e224c6c1,0.983739837398374,726,075fc5f5a52d11077f9dc2b074644618f26939e2,0.983739837398374,5237,24c1e3957c0f0d76453ad6bdbd018cb4698bc8080329803e9be02aac7783d11c,0.7098325630031468,measured,-0.04695177434030937,True
0.9256702129974109,P0,6bba_268e1230,1,0,0,31,21,0.9174603174603174,578,6bba,5107,e74f3cd2347352ce07099656b4385ac7e575403ef9d51c1a00d6f92e518bb880,0.9734789391575663,624,075fc5f5a52d11077f9dc2b074644618f26939e2,0.9734789391575663,4650,8982ab2d060ae324894c63b5e9f090a136e91cd307dbbd6ab36ec98c2d867827,0.7578784709985484,measured,-0.08948502056001567,True
0.989221282458415,P0,6bba_2819ca14,1,0,0,16,4,0.9790136411332634,933,6bba,5534,2f7ca8e09f30db898da02dc80e92a6ec89468fadeb18df81f1f832c9a44f56d9,0.986815415821501,973,075fc5f5a52d11077f9dc2b074644618f26939e2,0.986815415821501,4957,49b95c7bb6a348b512f7022af72d9eb9ae89a8c67a6b867912eb0a16e9fbf631,0.8353491589987243,measured,-0.10426454644018793,True
0.9541073588727952,P0,6bba_283bf9f1,0,1,0,34,21,0.957983193277311,1254,6bba,20861,50258f154ac48b7eb387f67af5864f524d17c418ca274e8641aa6ff63d274d50,0.9836065573770492,1320,075fc5f5a52d11077f9dc2b074644618f26939e2,0.9836065573770492,21705,14f5425bb8c84424b937e04515710dfb7bf4a647656e60882c1ce4519fa02132,1.7900407939996512,measured,0.04045827141556014,True
0.9443300210779886,P0,6bba_312f0dc3,0,1,0,11,20,0.9403846153846154,489,6bba,9963,47d0c5fb395ad987d070ca9c20f99084da6c112d7b04325258dbb1cd2f3bf29a,0.9980769230769231,519,075fc5f5a52d11077f9dc2b074644618f26939e2,0.9980769230769231,9545,ab7535ce0efb5c1199d3004f34d0ee28071e67ac488b154f85411b3b1642b14e,0.8899289469991345,measured,-0.041955234367158485,True
0.7456569660187876,P0,6bba_32db13fc,1,2,0,126,95,0.7560706401766004,685,6bba,38705,8d450075eca91b4e896b635a6dc9453725151067f7f32f060b0d7f6a63edd743,0.9234338747099768,796,075fc5f5a52d11077f9dc2b074644618f26939e2,0.9234338747099768,44036,488e559959f7513005663856e3a48da38a4f6bf167ddf64ec7c5fcbf1ee7705c,4.361450933000015,measured,0.13773414287559746,True
0.9645606133187824,P0,6bba_337b1b3a,1,1,1,20,28,0.9613215149073328,1193,6bba,30480,ced32c9b5645329c92197b940f597949c6a7878004a6a9cb9b764d1e85def3b5,0.9968553459119497,1268,075fc5f5a52d11077f9dc2b074644618f26939e2,0.9968553459119497,29453,7309097a0dbb83a06b2af656d715dc97d32ca00e93883bf0d7a2f96c1aedabd4,3.724868041001173,measured,-0.03369422572178478,True
1.0023549439636827,P0,6bba_372c8cb8,0,0,0,4,0,0.9960278053624627,1003,6bba,7021,abc825f785485af628e471bc2fd0ff3956d367675d59e7a3d45b6065f596c169,0.9961389961389961,1032,075fc5f5a52d11077f9dc2b074644618f26939e2,0.9961389961389961,6575,fc4cf5e94fca18375f9447b38555f45c65c1d291199eaede1531093aaff51503,0.773879685002612,measured,-0.06352371457057399,True
0.9438414865867937,P0,6bba_3a1849c2,0,1,0,34,39,0.9381879762912786,1108,6bba,7003,594c382f3b684bafbc1778e4d0f15a112a9ec356374cc5cafacec4fa749c0018,0.9914748508098892,1163,075fc5f5a52d11077f9dc2b074644618f26939e2,0.9914748508098892,6581,437315b9d3ed7bc6a18672e550c9d8774a3d175ffcd8465fa4ee0608887f2059,0.7974281290007639,measured,-0.06025988861916322,True
0.8139326324719582,P0,6bba_3abfe10a,0,0,1,90,101,0.8156370656370656,845,6bba,52065,03214580b3a2decd2fba01d2252c1863c0df04d267754a11d800267c2268f235,0.9739217652958877,971,075fc5f5a52d11077f9dc2b074644618f26939e2,0.9739217652958877,53153,08cd2e564b580264540af4db2744f1e8f54bed32ffb9f03bee0baca83b516339,5.202747866998834,measured,0.020896955728416402,True
0.9900289336316181,P0,6bba_3c5691b6,1,0,1,4,4,0.9893333333333333,742,6bba,6258,b65e36733ab8508200c4fd0d2666e1e192fce954e9d513aed6eb81120dc6a3cb,0.9986928104575163,764,075fc5f5a52d11077f9dc2b074644618f26939e2,0.9986928104575163,6214,33c8b4aaf5bfd02d35c40a9d3e5fc2910a5dd2d356fa565a5b6eec5ed1cbd6b9,1.1401687050019973,measured,-0.007031000319590924,True
0.8747900880188975,P0,6bba_3db54e20,1,1,0,31,33,0.873767258382643,443,6bba,23236,b9b3d2091e08b33c05146e0009c3ab1477626b70ac3995a35d076a9ed9c66967,0.9760956175298805,490,075fc5f5a52d11077f9dc2b074644618f26939e2,0.9760956175298805,22964,be08461b84eb8b81327b2ba0a6397e76591e90833082c5f7e8662ccf803dde6e,2.355661927998881,measured,-0.01170597348941298,True
1.0016932855573761,P0,6bba_3fda6b25,0,0,1,10,6,0.9864978902953586,1169,6bba,9842,443ac866774225287df6ce53cede3ed89b326d4b03ece491717a93a769ce12d5,0.9950289975144988,1201,075fc5f5a52d11077f9dc2b074644618f26939e2,0.9950289975144988,8326,5927ed0750e1305f0d2134391a3f511e034ef25186b051a6ef36bbb17d30bc4f,1.2314973030006513,measured,-0.1540337329811014,True
0.9813673535181974,P0,6bba_43fea39d,0,1,0,17,5,0.9751412429378531,863,6bba,5748,edb6ed5ba0b995967c78de2ab515faf43b235790e6393e75fce40721c27226b0,0.9868131868131869,898,075fc5f5a52d11077f9dc2b074644618f26939e2,0.9868131868131869,5381,637b836f923f3cad1ab73453eb98f9a801aada248ede0bf85967d8403150fa56,0.6839166040008422,measured,-0.063848295059151,True
0.7468409224697181,P0,6bba_474be664,1,0,0,49,33,0.7429467084639498,237,6bba,28293,1761f23c362ed098a225e826a99a6d89951f57febd33cc700525cf1527e481f8,0.8972602739726028,262,075fc5f5a52d11077f9dc2b074644618f26939e2,0.8972602739726028,26810,97fe591ee0384c2afa3e3b5453390b556bf89b5d63be543f06a16ed311ef5b49,2.8151245419976476,measured,-0.05241579189198742,True
0.939875651992489,P0,6bba_48816121,5,0,0,30,22,0.9446808510638298,888,6bba,23965,0022cc372e9fd5b56dd61faf2f61f217d73b7b4c56c68977d28b744f818846ba,0.9893048128342246,925,075fc5f5a52d11077f9dc2b074644618f26939e2,0.9893048128342246,25184,bc8add6574b99fabdfab6430b10f5733a20499aa9c337f409e2731c57f8aa74c,5.384060131000297,measured,0.050865846025453784,True
0.9137775025201886,P0,6bba_4aa14c89,0,0,0,31,27,0.9180790960451978,650,6bba,6787,c565fb241e1443a049ddb39dd1969fb6178898f3290a559c5721c71c196c20c5,0.9787835926449788,692,075fc5f5a52d11077f9dc2b074644618f26939e2,0.9787835926449788,7105,23ae8b65e9c82ac558099537d612df8286bf80e6dff5a3ab5b238693b8acd32b,0.8958182089991169,measured,0.04685428024163843,True
0.996815083710589,P0,6bba_4f99ce20,1,0,1,10,3,0.9871668311944719,1000,6bba,5965,4fbbb546c9427b08f3b00e6b29570ff9210dfe6a99f28d959b65f345b2863932,0.9924314096499527,1049,075fc5f5a52d11077f9dc2b074644618f26939e2,0.9924314096499527,5382,739fd4701b58ef972de4af2485778648767f3c4687df6eeb42e780da142fec22,1.10335768799996,measured,-0.09773679798826487,True
0.8989881808388357,P0,6bba_4ffd3da3,2,2,1,37,26,0.9118881118881119,652,6bba,17637,2108d42384e072a7836cb13d9ed377944662db7d3e1781f6829be7fdfdfa7152,0.9745042492917847,688,075fc5f5a52d11077f9dc2b074644618f26939e2,0.9745042492917847,20132,3053373ca4d38a3a107fa54611192b04931d504ee8c66d80a397e9d6ffef77b2,3.418659620998369,measured,0.14146396779497647,True
1.0042778572669153,P0,6bba_55b7eebe,1,0,0,4,2,0.991304347826087,684,6bba,5257,307b7d4e8c27915f965c1e1cdc4870459c73934ab6cf3c889bb84d52262bc245,0.9985815602836879,704,075fc5f5a52d11077f9dc2b074644618f26939e2,0.9985815602836879,4569,786ba61bd390c7270f9807c7e799adf00ea4e8ea0dbbdafa5e9c2e62e9271c97,0.7905382579992875,measured,-0.1308731215522161,True
0.7350310156734251,P0,6bba_55c70843,0,1,0,69,71,0.7397769516728625,398,6bba,35415,2b8b3b4d0f8f160839f88d6125ca2695f70d82c6ba5b0ba2b8c4d3ff576002f3,0.9448979591836735,463,075fc5f5a52d11077f9dc2b074644618f26939e2,0.9448979591836735,37687,793e28d9ce26e8502340a2225aaa73bf3022972e53c83284edbfd5f5a67b22fc,2.6980181420003646,measured,0.06415360722857547,True
0.6565291895341527,P0,6bba_57b7cc1e,3,1,0,320,314,0.6673662119622246,1272,6bba,65511,131f8f5910f631d9491c2d33bbe1a646c90fa79436532618258ba0419155748b,0.9270644966847499,1538,075fc5f5a52d11077f9dc2b074644618f26939e2,0.9270644966847499,76149,3d42acecdcde3963ae7d59820709389ee3eaa3843eb5ee4054c7a39e5f3be864,11.596454667000216,measured,0.162384942986674,True
0.9973910836717035,P0,6bba_5a4d9360,0,0,0,5,2,0.9903314917127072,717,6bba,5976,321191d5b242a3733511ce52d7d83b609e0aadf3d3d383516b2ad8c71b9fba4c,0.9946452476572959,743,075fc5f5a52d11077f9dc2b074644618f26939e2,0.9946452476572959,5550,c9e5b144516e3f074838dee7d8cbbc37a4264e3c5c20a7c3f5e8c269b452dbc9,0.7045024699982605,measured,-0.071285140562249,True
0.9828835761704332,P0,6bba_5b28472a,0,0,0,9,3,0.9834938101788171,715,6bba,5802,1342db05e7e4baf0790178fc559addd16ef58b6a126d7efd3611c1c7b9f3696b,0.9877883310719131,728,075fc5f5a52d11077f9dc2b074644618f26939e2,0.9877883310719131,5838,64ec7960609d7843cceddf222e8c4bc86ee19cdb3f632db9b42652a2499310bd,0.7679083250004624,measured,0.0062047569803516025,True
0.9895256815346494,P0,6bba_5c039895,0,1,3,9,12,0.9818496110630942,1136,6bba,8570,3d9269e2e162f068c89149f1d083031ee88e1491b217338a37345a4e7bd82c24,0.9982964224872232,1172,075fc5f5a52d11077f9dc2b074644618f26939e2,0.9982964224872232,7900,bbbfc606290f3f2c419d14e14f3fa7d69f134bbdefb9766763150c33e0153dde,1.5713403339977958,measured,-0.07817969661610269,True
0.9338772647870118,P0,6bba_5c824876,0,0,1,36,38,0.9366438356164384,1094,6bba,24647,590152d3922cc09a945b50618867d63c138dea82372551cf75f275259fa5b2cd,0.9880341880341881,1156,075fc5f5a52d11077f9dc2b074644618f26939e2,0.9880341880341881,25375,129597dd9e44ee7679425ecddb011be7cad8721186988a838488c7da8ee5ebca,2.74699659199905,measured,0.029537063334280033,True
0.9498018058187492,P0,6bba_5dfe9ad1,0,0,0,47,13,0.96,1440,6bba,26913,2eb742810a3cdc6399d595f84773c87e55dca39e35f843d3e9e0b3b5adfa4ccb,0.9779507133592736,1508,075fc5f5a52d11077f9dc2b074644618f26939e2,0.9779507133592736,29772,087f914576c3cc43e920a83ca6eb47cb6639e1367a6ee0a94285adb217f00b71,2.443839722996927,measured,0.10623118938802809,True
1.0040121448709607,P0,6bba_5f89039d,0,0,0,0,0,1.0,885,6bba,4611,f58b69e0f902acde12408c34910f2fe16baf628c810102b00e417bea5ec504ef,1.0,904,075fc5f5a52d11077f9dc2b074644618f26939e2,1.0,4426,4b6b07a87280ad5e0097d7a2c62d3e9229c537fd5751f23bc8ba9e5b71291fe3,0.6111586439983512,measured,-0.04012144870960746,True
0.9671234288069237,P0,6bba_61dd1e0d,0,0,0,12,9,0.9619565217391305,531,6bba,10128,789ba33eb6781e22bfa7d64c4f43a47b5af741c02a6695221d65ce042e5b3d40,0.9874551971326165,551,075fc5f5a52d11077f9dc2b074644618f26939e2,0.9874551971326165,9584,6ba629128b77caa60d22cb2cea1a71d11f26701738bc389fe9879a5fb24187c6,0.9863170370008447,measured,-0.053712480252764615,True
0.9848427271043444,P0,6bba_61ecbe65,1,0,0,7,5,0.9806138933764136,607,6bba,5774,ada55de260bf9b078c74738b29f75a2fcba00572ab1a00e151cb28f07bd3f5cc,0.9953125,637,075fc5f5a52d11077f9dc2b074644618f26939e2,0.9953125,5525,31a5c2ea70433f9b02c9de3bcee83e7e825e259b82feb6a2a19bc0bd86cad34b,0.8736270399967907,measured,-0.043124350536889504,True
0.9804642004662438,P0,6bba_6321a359,1,0,0,14,6,0.9751243781094527,784,6bba,4821,c522399c9e4dd6190df65c74bbf6f6a50bae92d9c522b4874733f575dfe52f66,0.9879081015719468,817,075fc5f5a52d11077f9dc2b074644618f26939e2,0.9879081015719468,4557,a6f6886266f598dc4009ee3cce1f452f1f678f2be3afcb63539c2405e94ad068,0.7675959480002348,measured,-0.054760423148724334,True
0.7294351894619883,P0,6bba_6479435d,0,0,0,107,66,0.7321981424148607,473,6bba,23453,464f0f5a65b7cf14a268d5b3a86647b85033c9f92b6b3ecccfa1395737bade4d,0.8978930307941653,554,075fc5f5a52d11077f9dc2b074644618f26939e2,0.8978930307941653,24338,d67b35c4598648d8e0f78c3e5924865e85c11014f3b43085ec144b1e250cbba0,2.002016250997258,measured,0.037735044557199504,True
0.7862649152115592,P0,6bba_67ebd073,1,2,0,47,60,0.785140562248996,391,6bba,16061,d6e02b217063878c4d7962378581420b8c4959ac661f9f3e218e5abfc93c1c36,0.9696969696969697,448,075fc5f5a52d11077f9dc2b074644618f26939e2,0.9696969696969697,15831,a4e6bc4c5346989ae42d63a95075cd912f1c0d63d36501f0d26fed08d605f593,1.8317203340011474,measured,-0.01432040346180188,True
0.9942443226826023,P0,6bba_6ca87370,1,0,0,12,6,0.9829867674858223,1040,6bba,7195,fd28184288db7693a37612ee3dc9941283b7c26e1cbdedf9c69431abbcea3887,0.9925994449583718,1073,075fc5f5a52d11077f9dc2b074644618f26939e2,0.9925994449583718,6371,70bcd2652e88084a0fb820d8e505207369c9960a2052c658fe2da1a055d302a7,0.9514294520013209,measured,-0.11452397498262683,True
0.9611717363212874,P0,6bba_6db0e9b4,0,0,0,9,13,0.9514348785871964,431,6bba,28435,72862a9dce52507127291ca1d445de1997c98cbb7c0a91448b240dc35c3515b1,1.0,449,075fc5f5a52d11077f9dc2b074644618f26939e2,1.0,25525,318d81ba5c72e53f66ca8e767a7b857aedd034063c6b473299d297113be6caf4,1.9124490109970793,measured,-0.10233866713557235,True
0.7456306643385715,P0,6bba_6feb10f0,0,0,0,229,101,0.7714681440443213,1114,6bba,8862,ff50c61f9db19787bb827d47bdff0d6454cbf2a12cf8eb7225cd9a2c0d4f5348,0.8786549707602339,1202,075fc5f5a52d11077f9dc2b074644618f26939e2,0.8786549707602339,11830,8797e19d77438d15863283cc3d1fd1e2a7f9984deaa679b3f89c5a52a839ffbd,1.4605581329997221,measured,0.334913112164297,True
0.9871409209612906,P0,6bba_6feeb0b1,0,1,0,20,9,0.9785502958579881,1323,6bba,7518,9acebffb4227c3d67d3bfc10d623e8493cc9b038a7290f8572279e25a9731003,0.9892008639308856,1374,075fc5f5a52d11077f9dc2b074644618f26939e2,0.9892008639308856,6858,076c1b2e1f5d587de738adab8c0eae926baf2636546402735fecbe2adb59e97e,0.8603607339973678,measured,-0.08778930566640064,True
0.9149334470989761,P0,6bba_705ec2c9,1,3,0,23,24,0.9197952218430034,539,6bba,5600,e0c7e7519c8525cab9eb4af75634fac11086fcebd3ed232905743359e99d6284,0.9815436241610739,585,075fc5f5a52d11077f9dc2b074644618f26939e2,0.9815436241610739,5896,70933691c3ed2ad0e435aebf2b1d2d2b5fe2ece0253aeb0284a1c86901ac6f53,0.9690111630006868,measured,0.05285714285714286,True
0.999998967056953,P0,6bba_718b21f9,0,0,0,3,0,0.995398773006135,649,6bba,4306,a19bd516585521f4865635f800c8243eb59bbcebf07496be905d686dfc2ba9c1,0.9954614220877458,658,075fc5f5a52d11077f9dc2b074644618f26939e2,0.9954614220877458,4107,3291f2637b8ab8884444e21b635ee0fe2e2557737cc5a2cde73ba047299054ff,0.5873059579971596,measured,-0.046214584300975386,True
0.9289900201166468,P0,6bba_74686d6a,2,1,0,21,28,0.9188741721854304,555,6bba,29803,14701cc575f3804a89fc70575a66ce311f4a62ff2f333093ac3c50aa0546f6d3,1.0,586,075fc5f5a52d11077f9dc2b074644618f26939e2,1.0,26522,91fd9bc256ca3ad01d9879834e97b8c3d625cea404be7cabc944db87896dcad2,3.393230448000395,measured,-0.11008958829648022,True
0.7988189178202487,P0,6bba_767a1e17,0,1,0,81,64,0.7991689750692521,577,6bba,47714,1558fe462496106791e47586fa2142faad1adf021eadb6e3b0c2fa033ee9642d,0.9442896935933147,678,075fc5f5a52d11077f9dc2b074644618f26939e2,0.9442896935933147,47923,9c921d0350eaf433738d0f1bbeecfc192e35157ecaa67a8561a8d4db11b3096b,3.481248336000135,measured,0.004380265750094312,True
1.0042636457260556,P0,6bba_76db78c1,0,0,0,0,0,1.0,604,6bba,4855,d3623543899533499c8e1eb759a63bfb7a866ed0eaabcda99f567e105e944e60,1.0,617,075fc5f5a52d11077f9dc2b074644618f26939e2,1.0,4648,ffb2f0d63e67afd38206a73a7133c29fdfa0c037c5a99426775b5fa4cc5c8516,0.6379597449995345,measured,-0.04263645726055613,True
0.9953761288280795,P0,6bba_784a78c9,1,2,0,9,4,0.9925415949512335,1730,6bba,13096,5fef1e16ba0186429b7505a3ffe6aac8e97c67154c0a7376ed305a542b3304a6,0.9966442953020134,1782,075fc5f5a52d11077f9dc2b074644618f26939e2,0.9966442953020134,12722,49061ef5e9e4f062a4e50cd490146592941db4640a6746643e60187f8dd32d4f,1.653601489000721,measured,-0.028558338423946242,True
0.7186269740746938,P0,6bba_786893ac,3,3,0,214,250,0.7179331306990882,1181,6bba,58979,cd729d1b567e245bedc5df54878467f37191f9a4b8b083194e9d063069e785d9,0.9583617747440273,1404,075fc5f5a52d11077f9dc2b074644618f26939e2,0.9583617747440273,58409,a783c2c6dfaab12cb7a97d9e33091d5363564f8ee11770628136a10c328e121c,8.62580588399942,measured,-0.009664456840570372,True
0.9825051415164568,P0,6bba_789f8168,0,0,0,6,6,0.982532751091703,675,6bba,10676,c18ba52f17156b385ef6eb7fbbb6b309206cb2e9825cd5f8c7f709ae16e8d62f,0.9985974754558204,712,075fc5f5a52d11077f9dc2b074644618f26939e2,0.9985974754558204,10679,2e7bc15a0c7bdf9e44b84f363a385146ea018905f988c4eb844450e726a77e0d,0.9998708359999,measured,0.00028100412139378045,True
0.8083517268695114,P0,6bba_78a7bd97,2,0,0,92,87,0.8052230685527747,740,6bba,40613,73eeb25fa0c1b8c4547e2de6dbd6f5726f01f52e5fab629acb72651d1d85bde4,0.9616252821670429,852,075fc5f5a52d11077f9dc2b074644618f26939e2,0.9616252821670429,39035,d9a4c4b725d0ef095caf93db2d74bd10c758abe17e8fbd874377b4e8b7acee71,4.9262485729996115,measured,-0.038854553960554504,True
0.9183086901877282,P0,6bba_7af54fde,2,0,0,50,37,0.9229406554472985,1042,6bba,9624,d46b78e412378bf88297382d46b039e4cff8ecdeffe58c7d16d62ce00970deb8,0.97789566755084,1106,075fc5f5a52d11077f9dc2b074644618f26939e2,0.97789566755084,10107,828de0fed731c9349bc7b61f9f5221905bd946baf07dea892ab0a255e0b8a896,1.6324035420002474,measured,0.050187032418952615,True
0.9748345318868598,P0,6bba_7b5d3b2c,0,0,0,10,7,0.9697508896797153,545,6bba,5780,025a4c3d5b35b1b8f11b5a133e4a57974f29cde39f2715c7750c88aebf68bdab,0.9911504424778761,560,075fc5f5a52d11077f9dc2b074644618f26939e2,0.9911504424778761,5477,00ef0fee5ca7a65f7da827d0113b5e9c2bde08a49834e018bc7be991d3a126cd,0.6935644860022876,measured,-0.05242214532871972,True
0.99516775308205,P0,6bba_7d3058ae,2,0,0,5,3,0.9931972789115646,1168,6bba,7611,6a54a79adb0775e1a52415e735987c509d479401dd51dcb2a36b6a8b289394ed,0.9991666666666666,1199,075fc5f5a52d11077f9dc2b074644618f26939e2,0.9991666666666666,7460,89c6182f035aaaee5cc98b8502b3f00858384fdf6c9d24c1e21df60317a09651,1.3008611900004325,measured,-0.019839705689134148,True
0.9668979463010415,P0,6bba_7f87b3d8,3,0,0,22,20,0.9559748427672956,912,6bba,10581,30bd08aea6ec5febeb2f83eeee343bbe4b74e666272e7518feccb0b634be4da0,0.991,991,075fc5f5a52d11077f9dc2b074644618f26939e2,0.991,9372,23ceb4d5e96dab738fa71ac9a759770112fc994e9a12068e5c54d2718e0f1dea,1.7614253490028204,measured,-0.11426141196484264,True
0.9435164715167098,P0,6bba_80d12824,0,0,1,26,16,0.9373134328358209,628,6bba,9021,4196d009960e026ba53f10dc3966764031d1d83e75be34dc20e1fb4f1d28ac17,0.9735294117647059,662,075fc5f5a52d11077f9dc2b074644618f26939e2,0.9735294117647059,8424,6d679bd8b58a35e67082f6ffb2c31a5effd7a638c6ac77d7fb7ea515bfe79965,1.2031309439989855,measured,-0.06617891586298637,True
0.9304909183728157,P0,6bba_825bd1c6,0,2,0,32,44,0.9219712525667351,898,6bba,7586,6807c780c95b58fd1604d109a201c5f0579c3410b5f04b8769111dce227fa125,0.9896694214876033,958,075fc5f5a52d11077f9dc2b074644618f26939e2,0.9896694214876033,6885,cccc6686efd4297465973a8f7564874461573f6da6ece30d877e94de932ed689,0.8485746509977616,measured,-0.09240706564724492,True
0.9737871101359988,P0,6bba_87289e13,1,2,0,11,12,0.9676511954992968,688,6bba,14966,5662817ce77e28fccd203b04e415238aa5f99b306b5ad0f24c6564f2ac8dc676,0.994475138121547,720,075fc5f5a52d11077f9dc2b074644618f26939e2,0.994475138121547,14017,98820204ad2b636c223164f6fd6a733a50784c9ce1746ad63e2dc1b7dd0812d7,1.5777079090003099,measured,-0.06341039689963918,True
1.0015678886706267,P0,6bba_8b7818bf,1,0,1,1,0,0.9986206896551724,724,6bba,5828,ca5c48d0816baba6b3735a71e6b80cf14c7523079c844f3cae1e66a97b9432b3,1.0,741,075fc5f5a52d11077f9dc2b074644618f26939e2,1.0,5656,16ca4b62d8dd08ae62396205795841b4614e416da0cf00ffbd8ddcb5fcc91f10,1.0871763819995977,measured,-0.029512697323266987,True
0.9930529893770557,P0,6bba_907271db,1,0,0,7,5,0.9870410367170627,914,6bba,7306,a0956e517312e92ee1e5f7feef296262a94630318a9fb3a286f2476503da3fe1,0.9947089947089947,940,075fc5f5a52d11077f9dc2b074644618f26939e2,0.9947089947089947,6861,6825fba6dde9367eb4d0ac3f266741e20c3d4f8ed3ec3c31e569b2b4296704a6,0.9985310480005865,measured,-0.060908842047632084,True
0.9902919773573917,P0,6bba_91951b3a,0,0,0,8,8,0.986159169550173,1140,6bba,11907,0d91b9115cd31072529542ea053b6be36f9bb00286dc5c751e839a963d8b4af0,0.9974747474747475,1185,075fc5f5a52d11077f9dc2b074644618f26939e2,0.9974747474747475,11408,39ae5a78864db54045b40fc552fb843028d49e6d3a7e0e58cdb8b3ee52388bb2,1.1035785829990346,measured,-0.041908121273200635,True
0.9745108037478487,P0,6bba_96833384,0,1,0,16,4,0.9724137931034482,705,6bba,4869,f33446dfff814840b6a38114383db5f14635e5e05f1fbadde4705919be955779,0.9841688654353562,746,075fc5f5a52d11077f9dc2b074644618f26939e2,0.9841688654353562,4764,654743289d8858545face2bc15f537409634215547efaf2f72e19bce7069ef74,0.6523335189995123,measured,-0.021565003080714726,True
0.9755477048558422,P0,6bba_969618f6,3,0,0,7,1,0.9878603945371776,651,6bba,13888,9e26798d54db643d6270eee2d919716db0d06edb2351f23bc2c6bab795d8d9a0,0.9926362297496318,674,075fc5f5a52d11077f9dc2b074644618f26939e2,0.9926362297496318,15619,6b65a58bdef1dd4731edb54bdb235fcb1a9ae8f9dedfccaeda11e1dc959bf9e7,2.6461550549975072,measured,0.12463997695852534,True
1.0096481612512629,P0,6bba_971fa5e0,0,1,0,0,1,0.9986979166666666,767,6bba,5609,9e4fdf74c6d8c0b82035c0cac6ce682e3259100f29fd5cb8f167d545b6cb218d,1.0,792,075fc5f5a52d11077f9dc2b074644618f26939e2,1.0,4994,5929f988959a56917402da642b7514973e02039322486f909d4bf0d7e5c70cac,0.674129481001728,measured,-0.10964521305045463,True
0.9504980317163145,P0,6bba_9a41d029,1,1,1,39,28,0.9514844315713251,1314,6bba,18231,9515a383c5bcb8d167a32591c6b3deb1f96fcddf6a42221bd5fba7b300f6d82f,0.9842969307637401,1379,075fc5f5a52d11077f9dc2b074644618f26939e2,0.9842969307637401,18420,f775f908edbdb4c0479ae11390c31f9cb07d24dbac8cd9c7a5203626b9870c82,2.5957633029975113,measured,0.010366957380286326,True
0.9501916473745148,P0,6bba_9e23430b,1,0,0,26,22,0.9474260679079957,865,6bba,7708,452f51dbe60a24955acccdf66ab49e216bd68d9686f2df9e6e518f0869c51ee2,0.9846827133479212,900,075fc5f5a52d11077f9dc2b074644618f26939e2,0.9846827133479212,7483,c6c94e4f93cca17463f4ce114f6fd2b2deacd47d2b48d7079d4531e1e9f76cc2,1.123410543998034,measured,-0.029190451478982873,True
0.9870263184430776,P0,6bba_a5e926bb,0,1,0,6,7,0.9815602836879432,692,6bba,8440,52c999db2d21b487c4de2d777f81e66af086bddc313a9cca876f9aabf9a5c925,0.9973009446693657,739,075fc5f5a52d11077f9dc2b074644618f26939e2,0.9973009446693657,7970,359337323eb2a0ad662066b681d641865a9c909a8fec1068fd52c85fcce91274,0.822567398998217,measured,-0.05568720379146919,True
0.6805018100952969,P0,6bba_a90a0b9c,0,0,0,238,192,0.6702453987730062,874,6bba,36896,8fb010d65b10157155a7b690b8615243eae7bd5fe49fb9f0cfb576799b5f1b2d,0.8936355710549259,1025,075fc5f5a52d11077f9dc2b074644618f26939e2,0.8936355710549259,31250,2259a9117dd7d25d06f65b6635291d5de11a02b3a606a64623e67874a242c54d,2.609653294002783,measured,-0.15302471812662619,True
0.7239953187686118,P0,6bba_ab78413d,2,1,0,195,104,0.7592592592592593,943,6bba,9241,a047d4a050af054493810017e68cec7692c901bbac1a0061dac4f57599dec2d6,0.8897370653095844,1049,075fc5f5a52d11077f9dc2b074644618f26939e2,0.8897370653095844,13533,9cc8fd82c430d69dc5d7217ce8438c02aff77cfd0fc717dc7584d47f69adc5a8,2.2354962259996682,measured,0.46445189914511414,True
0.882980331280845,P0,6bba_acd782a8,0,1,0,19,22,0.8835227272727273,311,6bba,19710,83e456c35e096692dea6fb96600791110de8b4f6660abc78af34372ec8758759,0.9859550561797753,351,075fc5f5a52d11077f9dc2b074644618f26939e2,0.9859550561797753,19831,fc93e859ff66bc915aa003d27f97b149901ac366daec7ada88094f03b59f6ce9,1.5599901630012027,measured,0.006139015728056824,True
0.9921666335426366,P0,6bba_ae82a791,0,2,0,7,10,0.9885212694125591,1464,6bba,7403,c066b274742fe8ba06f1098682bb68077ad4a1e24c4aac378d0ea218edf844be,0.9979933110367893,1492,075fc5f5a52d11077f9dc2b074644618f26939e2,0.9979933110367893,7130,30a5c5e14bde6162ce16edf3a9413d8a4103a532b17f28a6732d252fe66a63f3,0.8121738400004688,measured,-0.036876941780359315,True
0.9886936706046553,P0,6bba_aeee7805,1,0,0,6,4,0.9870466321243523,762,6bba,5034,893e59436e2d9b161f9731f37dd3aa4238501c196b06099cecbd33cdc6589825,0.9962264150943396,792,075fc5f5a52d11077f9dc2b074644618f26939e2,0.9962264150943396,4950,8a0305bf5c86f2b801ec9058caaa5dc7d7a7e2e5c5a37cb5596aba53988c38bf,0.8218327780014079,measured,-0.0166865315852205,True
0.958987028360962,P0,6bba_af149c94,0,0,0,45,26,0.9471332836932241,1272,6bba,8933,096422aed10ed1e6676ac032f61fac8be11e1a025cf49aea7b55055f809b1b7f,0.98,1323,075fc5f5a52d11077f9dc2b074644618f26939e2,0.98,7815,24d49bb5dff968d7c8668a7ca662444f916d5862ca6821ee69adc907da087c36,0.9336437940000906,measured,-0.12515392365386768,True
0.9564557015753982,P0,6bba_afb141ff,3,1,1,13,20,0.9489164086687306,613,6bba,6054,75a7286b7e7997992e9af4f599e5042b3c0a247a093f5928325093d3c19749c5,1.0,654,075fc5f5a52d11077f9dc2b074644618f26939e2,1.0,5573,fc7bbf784a0f4cfd570cea6401cf17abfeea89f497950cdf61eff839ee95077b,1.3326144790007675,measured,-0.07945160224644864,True
0.888425672495319,P0,6bba_b1ae37b9,0,0,0,33,39,0.883495145631068,546,6bba,24298,878f4c0008b99a6bfe23ec13f081f2e16d1f357f041ff7236255736188c2ea30,0.9836601307189542,602,075fc5f5a52d11077f9dc2b074644618f26939e2,0.9836601307189542,22942,a76c5995a5645e4812a9e20e12af8d6384a5b7a8b23b180705b44d6340be2fca,1.8106752849998884,measured,-0.05580706230965512,True
0.966175788474946,P0,6bba_b204cac7,2,0,0,16,7,0.9718826405867971,795,6bba,5092,46742c3d0d0db25ecd60daf70af72ba2e91926671c8f56d36320f321e0a9849a,0.9854721549636803,814,075fc5f5a52d11077f9dc2b074644618f26939e2,0.9854721549636803,5391,58a524c1874288c390ebc958155a67449e96962ebcf95e026a4c2d99b441b4f4,1.0971914440015098,measured,0.058719560094265516,True
0.8815576638770454,P0,6bba_b329af44,1,1,0,90,63,0.8850488354620586,1178,6bba,62465,d794e4ee32a823f906401a19264709dd05b8a3091be9af1bc464125ef726e41e,0.9635258358662614,1268,075fc5f5a52d11077f9dc2b074644618f26939e2,0.9635258358662614,64929,28ebe90a5b3ef9ad64dab3bd7fd2be36c83ddc946a8c641bd454a2142f3e972c,6.179166180998436,measured,0.039446089810293766,True
0.9759081800186261,P0,6bba_b693381b,0,0,0,6,7,0.9861995753715499,929,6bba,5558,530b1d380092d5b00021c39c652fd1c2fc7df636eb941a20b9c55040829f6c71,0.9969481180061037,980,075fc5f5a52d11077f9dc2b074644618f26939e2,0.9969481180061037,6138,06d376e3c22986b24f7da7dc17d08e0477a3415d2e5043899aaea13b47b8da48,0.7399582529978943,measured,0.1043540842029507,True
0.9164579306242118,P0,6bba_bb9f20c3,3,1,0,82,83,0.9159021406727829,1797,6bba,23071,cc08a8933ffbfe261c1a103b2dc0d7173f365e032bbbfbba9cf9d2ad90607c72,0.9880519480519481,1902,075fc5f5a52d11077f9dc2b074644618f26939e2,0.9880519480519481,22931,c5fdbbb616b94933298e35bc3ca4a09bc6f844db9e4af76bca593f328ca3fb44,3.9113221099978546,measured,-0.006068224177538902,True
0.9920387428696197,P0,6bba_bbb708ca,0,1,0,7,3,0.9884259259259259,854,6bba,6785,013af173a636b359d4beeac5aeb977c17fa526e2feea8bb8a74edbb8dd904a3b,0.9955156950672646,888,075fc5f5a52d11077f9dc2b074644618f26939e2,0.9955156950672646,6537,cbcddf4de0897fd3147329cb8192f8966105047598f2e88b00714b685abb5c41,0.8045147280026868,measured,-0.036551215917465,True
0.9473717748811342,P0,6bba_c27cba08,0,0,0,15,12,0.9465346534653465,478,6bba,6445,7770795e99732f1a80ad6c55f91e8e2a496e43fec0dd1f665895650abb9d2dab,0.9864603481624759,510,075fc5f5a52d11077f9dc2b074644618f26939e2,0.9864603481624759,6388,6f208ebc150e0e90d3b5fd74a787f831a676dec95968957fed0a555347aeefc6,0.7479473130006227,measured,-0.008844065166795966,True
0.8372248157579596,P0,6bba_c328f2fd,2,0,0,59,27,0.8368121442125237,441,6bba,31228,5f9264cea8ad9ba4ded53f2d8d8507a3f67ebc08d0af790a2b05a3f61881e939,0.9217221135029354,471,075fc5f5a52d11077f9dc2b074644618f26939e2,0.9217221135029354,31074,3f1d8b57d32ada53760fbc771e254865dd93ddf533c4ea655cc53f6323ca55dd,3.998957446001441,measured,-0.004931471756116306,True
0.6449209373685382,P0,6bba_c73a1d11,0,2,0,165,95,0.6770186335403726,545,6bba,16315,e600e17f3851cb4eb0a3316810a9af0c177527fa21767bc3b79e0006b62cc30d,0.8738127544097694,644,075fc5f5a52d11077f9dc2b074644618f26939e2,0.8738127544097694,24050,b3db6fdca7ba4aaa6d54750fe67256bb81433036533d3aadeb8b37c669524447,2.1071054999993066,measured,0.47410358565737054,True
0.9856815011624454,P0,6bba_cdcfe533,3,2,1,13,13,0.9808963997060984,1335,6bba,29785,8a43b94a1363ce0369b38750a0fe4a33f4ba9853c26922bc0f2cef6e09a9129a,0.9992952783650458,1418,075fc5f5a52d11077f9dc2b074644618f26939e2,0.9992952783650458,28332,df50c7db62a65ad12ab2657effa50c9ab2fe356dfd1b084b969002ff50957931,5.158786487001635,measured,-0.048782944435118346,True
0.9932757306936784,P0,6bba_cf35214c,0,0,0,2,3,0.9939024390243902,815,6bba,34890,71fdb417865d6f6957c5547b8da88fb63ad825e3217bbd650f6750ae4d3e9c76,1.0,842,075fc5f5a52d11077f9dc2b074644618f26939e2,1.0,35110,8e2eb98e4e90be1a5c7ebc88e84b543ed9c0a3f08a65d40efa19b69faf795ab4,2.631739602002199,measured,0.006305531670965893,True
0.9409536461969678,P0,6bba_cff5865f,0,1,0,45,44,0.9423948220064725,1456,6bba,46362,d4277dced2c92bc1423a53a719b2dc012a3eb71432126dc86b8b8d78967edcbd,0.9929980903882877,1560,075fc5f5a52d11077f9dc2b074644618f26939e2,0.9929980903882877,47071,4082f5e1e06ff3deb1a5daffa8c1e66dbc5917a64da96f8e62c3e26caa1356c7,3.494301609000104,measured,0.015292696604978215,True
1.006365570283096,P0,6bba_d0fc38b5,0,0,0,0,0,1.0,813,6bba,6111,f054c55bcf764f02d44550e0617ebd1997e930767ed916e0b933f33dc3b04eb0,1.0,835,075fc5f5a52d11077f9dc2b074644618f26939e2,1.0,5722,f3e2dd0a740f72496244ffffc742c015c158eb39fad0ac84f0e17cef0f05f618,0.7216934869975375,measured,-0.06365570283096056,True
0.8982403290899391,P0,6bba_d1acb6ff,1,3,0,34,28,0.9076005961251863,609,6bba,14719,0cb2df097f7e9a1950cd9384afa3e60f854d5acb2e1d19185aa5e8d7fe70e6ff,0.9750367107195301,664,075fc5f5a52d11077f9dc2b074644618f26939e2,0.9750367107195301,16237,7f67b8be1d198bc83f6045345f542e07887afe2db533804e75eee0cfec52edd9,1.8803931419970468,measured,0.10313200625042462,True
0.9948066731947734,P0,6bba_d2b9fc0c,2,2,0,4,7,0.9881465517241379,917,6bba,20178,1ce21f6db956619b2a8998b7ea0a2aa68fc889ee4f04c158d18787b105f27105,1.0,944,075fc5f5a52d11077f9dc2b074644618f26939e2,1.0,18818,53ecca2fee5147fd7c87fd9b08b410c635e71208e59fc612a168d96b052bf2c3,2.576180710999324,measured,-0.06740013876499157,True
0.9796423358539911,P0,6bba_d3da753b,1,1,0,11,13,0.9724137931034482,846,6bba,17246,112e24781dd389748993a90b6fc006fc333d9e7c2354bc042e9acf45551c75b5,0.9988726042841037,886,075fc5f5a52d11077f9dc2b074644618f26939e2,0.9988726042841037,15964,110631e45c7e0aa785fd0f1202d5b646d6ef9db174494878823e4bd50dddc830,1.7402678199978254,measured,-0.07433607793111446,True
1.0086302279265325,P0,6bba_d5eae175,0,0,0,0,0,1.0,519,6bba,4519,e96a3b2ecbbab1289e2d6f3677122e6c13e761c5d072f97496941818e83021c3,1.0,528,075fc5f5a52d11077f9dc2b074644618f26939e2,1.0,4129,b6b827effd04a859bd79f211b4b6003fa793032892f3ecbd062d33e5aff3b558,0.5561197970018839,measured,-0.08630227926532419,True
0.9663800420155422,P0,6bba_d6ecebbb,0,0,0,12,6,0.9792626728110599,850,6bba,5359,79b79bc4fb3b8e265d24fc1b143ff391c97c81c8959f27879e167fec7fcec6ac,0.9932279909706546,880,075fc5f5a52d11077f9dc2b074644618f26939e2,0.9932279909706546,6064,aa6476a360bf7d2386d386bbfdac05e545cf474c336bc0c2ec1cdf939e9ada4e,0.759768100000656,measured,0.13155439447658146,True
0.9234252614177567,P0,6bba_d82a4fc6,0,0,0,20,20,0.9272727272727272,510,6bba,27716,a2ae5d822ef055849df46ef721a7b985331f86b3d32456a6a569ab75fdadf483,0.9889908256880734,539,075fc5f5a52d11077f9dc2b074644618f26939e2,0.9889908256880734,28866,b4bc0519f3b158484adbee54fb5e7d8288dc5be24f26c4d811549040a1233926,2.316264521999983,measured,0.041492278828113724,True
0.979663590319233,P0,6bba_debd7bfa,3,0,1,10,5,0.9795640326975477,719,6bba,11807,5bacee29cffaf510b648bbb16c735a2d85dbc1a109bcca30394a1ccb632f7a9b,0.9921671018276762,760,075fc5f5a52d11077f9dc2b074644618f26939e2,0.9921671018276762,11795,ace341d4819dbf746ed4fcf6891b83cd2b4a6db36234e0f6a8b1f6a2a74df3ee,2.434947107998596,measured,-0.0010163462352841535,True
0.9707080991862119,P0,6bba_df673a83,2,0,2,7,3,0.984779299847793,647,6bba,19239,98cd9c2fa6c16a6d162f86ba066c951f3dfbfec3416b85418820062eccf0a0f4,0.9955089820359282,665,075fc5f5a52d11077f9dc2b074644618f26939e2,0.9955089820359282,21988,97dcd35d2cdef97009d8336bd120307bb259ff3c6e1a24dd34b89a750cabfd31,4.035519294000551,measured,0.14288684443058372,True
0.9866818859244555,P0,6bba_e16ffc58,1,0,0,8,11,0.9800629590766002,934,6bba,6367,8ead1213f4b0ba5ca6ba9ec5ddc9bfabffa59008b494c3ea45f1c961a472a8a4,0.9989626556016598,963,075fc5f5a52d11077f9dc2b074644618f26939e2,0.9989626556016598,5937,71e5f94d2ef47085083b1e55051c2c3d86ef98785256e3e3e6018ffb899ad030,0.9308351149993541,measured,-0.06753573111355426,True
0.9842823757624404,P0,6bba_e5e44988,0,0,0,10,5,0.9765258215962441,624,6bba,5615,0433be158c5c4532682533e8ed8ea9fd38924f2b6422eb59aeffed705ebc94cf,0.9894894894894894,659,075fc5f5a52d11077f9dc2b074644618f26939e2,0.9894894894894894,5169,11f668281bd477ef588010c5c83de62ae975f3841a68c43d8b4bc33d02902126,0.6500823659989692,measured,-0.07943009795191451,True
0.9071604945129725,P0,6bba_ebdf3b34,2,1,0,41,33,0.9114832535885168,762,6bba,56847,1c1526e6a1b4d00cf43fbaf3eb29887e41d9627ffd2e0917e3c52e1c0f0f2efd,0.9822904368358913,832,075fc5f5a52d11077f9dc2b074644618f26939e2,0.9822904368358913,59543,903abc4c07b4f4390b00aa6e66112f61f35a650dbfdf4391059a463d0d3a217e,7.165674281000975,measured,0.04742554576318891,True
0.667265321589376,P0,6bba_ebff6e76,0,0,0,228,251,0.6838283828382838,1036,6bba,41596,eb40ff6075b091d198517dfdecc59a5a0ea8491a0156b25c64f787b7ff275dd0,0.9446130500758725,1245,075fc5f5a52d11077f9dc2b074644618f26939e2,0.9446130500758725,51671,faa43fcd5b5f9dd131a5909b64ed45274a07cde053f7df65c9f26c1180b6885f,4.1053003880006145,measured,0.24221078949899028,True
0.9765057614312888,P0,6bba_ed9377fd,0,0,0,11,2,0.9745098039215686,497,6bba,4443,32b88de7ee86933a8018948dcb673cdf1677d6cf420b4feb93afbbb1fa602af4,0.9830508474576272,522,075fc5f5a52d11077f9dc2b074644618f26939e2,0.9830508474576272,4352,515a6c04a8ce8953a40d145a492bf0dccc77a4f2c5d84a17feceeb79928af093,0.621503037000366,measured,-0.02048165653837497,True
0.9280282127805635,P0,6bba_edf14583,0,0,0,26,42,0.9152119700748129,734,6bba,59242,c6774679dc422be085a858b6ea344156e67adb7b2898491d4784722f9209cfd8,0.9987515605493134,800,075fc5f5a52d11077f9dc2b074644618f26939e2,0.9987515605493134,50946,0b0a749daf6ebac9b6e87f4f1d080a509ede7bbbfd35c535b052f66b3a208ee2,3.6952199330007716,measured,-0.1400357854225043,True
0.8834330861884855,P0,6bba_eebc57a5,0,1,0,61,71,0.8754716981132076,928,6bba,9347,c1718bc56c3d4e0f5ea1cabe5930dd2f61b317f34c6ae13d47dd324964995c6a,0.9775828460038987,1003,075fc5f5a52d11077f9dc2b074644618f26939e2,0.9775828460038987,8497,5bbb9658036ab74379d6328fbe45ab2a5549bfd68cb33576cb0f799f88fb528d,1.0389731159993971,measured,-0.09093826896330373,True
0.9802764334055915,P0,6bba_ef7b4f7e,2,0,0,22,7,0.9759933774834437,1179,6bba,6107,871fae0e37c20803075402609d4efd049d3b51e364133e37ac6a033cb0d0e73d,0.9878444084278768,1219,075fc5f5a52d11077f9dc2b074644618f26939e2,0.9878444084278768,5839,9dce779c212254444f63506421c705a773a3899fc904c5f8f99ece6a5154e030,1.1978741839993745,measured,-0.0438840674635664,True
0.8408000662898898,P0,6bba_f17befbc,0,1,0,91,80,0.8438356164383561,924,6bba,24963,440f3888333e8c1e810143b54de1c30b0f5a95151cd61220f2767948dde84b49,0.9666048237476809,1042,075fc5f5a52d11077f9dc2b074644618f26939e2,0.9666048237476809,25861,077c02ad3ad2dac0044edabf104f7c3a9192d58e63e4c8f2cca36e6380fe5a8b,2.1903242970001884,measured,0.03597324039578576,True
0.9778729034038276,P0,6bba_f1fde7e0,0,0,0,12,3,0.9665924276169265,434,6bba,9040,af70ebe7de3434587766db9d136584f1ff372b32b9deeaaefe353b3796670888,0.9789915966386554,466,075fc5f5a52d11077f9dc2b074644618f26939e2,0.9789915966386554,7985,b3f0862ced71b13cd5381e2b725b2caeb738475d843418576f7905173bf8b955,0.8617248089976783,measured,-0.11670353982300885,True
0.9820364301226021,P0,6bba_f20478e9,1,0,0,19,10,0.9701952723535457,944,6bba,5973,1b3a102524bcfe440a411c4230299a3104b12a84b826946bbdbf3dd47f348a04,0.9910269192422732,994,075fc5f5a52d11077f9dc2b074644618f26939e2,0.9910269192422732,5244,02f92de16386a72cd8ad4e6b6d0ab1cd46b99fe6a79b155abf3131d8a95b50bf,0.8427885040000547,measured,-0.1220492214967353,True
0.9858285302660539,P0,6bba_f4ae811c,0,0,0,6,3,0.9907024793388429,959,6bba,8903,9c6e4c33449ced65aed6942a7e8af94c9c5da8c779d8db497f676285b99f074a,0.996003996003996,997,075fc5f5a52d11077f9dc2b074644618f26939e2,0.996003996003996,9341,263757008c364a2c5f98aa35771193e7e2c6814b26ddb20ac795441bca029eda,0.9708930600027088,measured,0.04919689992137482,True
0.9163071412785333,P0,6bba_f8ffd5e7,2,0,0,14,16,0.9222797927461139,356,6bba,29540,7abb1f68c417989d29006b30e7ea535c6429a82a54ff61ff68fa2064adbb20d5,0.9948586118251928,387,075fc5f5a52d11077f9dc2b074644618f26939e2,0.9948586118251928,31453,1a1667f237b8b785f1d4c0ad2865403a88add2405c4b92777bb96fa367d2fed6,3.818493151000439,measured,0.06475964793500338,True
0.982724071281678,P0,6bba_fbc898dc,0,0,0,4,6,0.9844961240310077,635,6bba,4889,da46dd33f8849d36592bc41e27b28eff8779307967f21d9f3d4f512ec836a972,1.0,655,075fc5f5a52d11077f9dc2b074644618f26939e2,1.0,4977,2a19cbce06f99ea9fb2a422a6cf0e0443a02673f21619107384de9f8c66d3fa8,0.6288282509995042,measured,0.01799959091838822,True
0.9786616228809301,P0,6bba_fc516dc6,0,0,0,13,12,0.9677002583979328,749,6bba,7866,4bb932d359119d88f02dce90990bd009af90b03a486646084a7df8f2acffeead,0.9911167512690355,781,075fc5f5a52d11077f9dc2b074644618f26939e2,0.9911167512690355,6975,aee9ebce7339a452b47e064aceeb4dace4517becc92ed2589ec2d4f54dc109e4,0.8624142129992833,measured,-0.11327231121281464,True
0.8926842605801236,P0,6bba_fc5f39dc,2,0,0,29,10,0.9166666666666666,429,6bba,14020,d77c0b59146271dd129d3c83cb5e3f91259f2304c136bd1f9fef68e5db52f228,0.9532908704883227,449,075fc5f5a52d11077f9dc2b074644618f26939e2,0.9532908704883227,17688,a842a849bf308230cfd4d266df38feca5707d811e463b90d6037241b38d03713,2.3971626329985156,measured,0.2616262482168331,True
0.8534220715561952,P0,6bba_fc83837d,0,1,0,86,64,0.8480243161094225,837,6bba,13087,ef36fb4c128be150008f3f6079b9f7949a0975909cb361506b8e32025cfafba5,0.9508881922675027,910,075fc5f5a52d11077f9dc2b074644618f26939e2,0.9508881922675027,12254,2ac224c8393808f079315088e33554ca765350b3e8c75e56c0655097a071a7c0,1.2448987239986309,measured,-0.06365095132574311,True
0.9897312284275447,P0,6bba_fe670320,2,0,0,8,5,0.981021897810219,672,6bba,10836,31d230e9577424c696394b1247c316fd62d2c6a74dca9fef2384513673d9e8c3,0.9916201117318436,710,075fc5f5a52d11077f9dc2b074644618f26939e2,0.9916201117318436,9874,fab35a32b2996b19fcecba0e6971cbd08ec47824cbcac93f36429090d1457d34,1.4853451159979159,measured,-0.08877814691768181,True
0.960391380314502,C4_m6,44b6_0113de3b,0,0,0,2,0,0.96,48,44b6,25755,e920e3bc4e0c33243235a782e983af504271a1120112b71d76bb4d36b427da2c,0.9423076923076923,49,075fc5f5a52d11077f9dc2b074644618f26939e2,0.9423076923076923,25650,6dea947fdfab46e25064a63982a9b9b01a5e2d1331b94b35aa645b38255aa048,1.8954929079991416,measured,-0.004076878276062901,True
1.0167466382070436,C4_m6,44b6_0b24845f,0,1,0,0,1,0.98,49,44b6,32795,5db97dcd6a49c0f08996614c46a0d56050e04e99cfb3e8f1cbe7ed2b457d5036,1.0,51,075fc5f5a52d11077f9dc2b074644618f26939e2,1.0,20498,f66a698523e97105067229f4d904db1d1514e1858748e66143c6231a00ec3a15,1.4621061270008795,measured,-0.37496569599024243,True
0.9066295389029491,C4_m6,44b6_0c582fdc,0,0,0,3,4,0.9054054054054054,67,44b6,27958,4cb0cabe90dfdb3f63b3d083e08e36562e1e7e5c40f508511e425c702dd09da5,1.0,71,075fc5f5a52d11077f9dc2b074644618f26939e2,1.0,27580,2872ea8553f2ea245f3e99c4dbd5cd7704d43c371c26c70f03e5479e15255dd6,1.9961917469991022,measured,-0.013520280420630946,True
0.9708356203723898,C4_m6,44b6_0db75fae,0,0,0,2,0,0.9867549668874173,149,44b6,15335,75087b524b125f393597693bd12c7a9d0312139153648549ee75caa4392dd70a,0.9808917197452229,154,075fc5f5a52d11077f9dc2b074644618f26939e2,0.9808917197452229,17809,ddece0f1c0fe67d4c8617c7589eb65d622f53f122a14950b91d43ed07ff5f29c,1.4452419599983841,measured,0.16133029018584935,True
0.935966114094523,C4_m6,44b6_12dfb391,1,0,0,36,33,0.9143920595533499,737,44b6,58672,8b0cea30f4314e2f9ab11c8e32bd60c275921ea77776168dc24b0ae1860f3c6e,0.9873096446700508,778,075fc5f5a52d11077f9dc2b074644618f26939e2,0.9873096446700508,44829,bec6c197cd8c082c262eab4347e6871bd1c0a7ac7773609de717cba6cd8dcd7e,4.387711942999886,measured,-0.23593877829288246,True
0.9942787487713352,C4_m6,44b6_144b256d,0,0,0,3,4,0.943089430894309,116,44b6,65376,41176915c45f107f652fc898a14a79db39cb7b640332d928b1a36c777df69c0a,1.0,121,075fc5f5a52d11077f9dc2b074644618f26939e2,1.0,29891,dd6927de9418afea8315f6abaabe7051df7cf8938a62b77f92af7e85fea99e0d,2.2285133350014803,measured,-0.5427832843857073,True
0.8846294637696386,C4_m6,44b6_1574802b,0,2,0,9,8,0.8944099378881988,144,44b6,17677,991e0dea3312a8f06b518e2b5354cf71062bbb576f3da6d0b609ef3ce5d27e7c,0.9612903225806452,149,075fc5f5a52d11077f9dc2b074644618f26939e2,0.9612903225806452,19610,66c513d5a67ea6a2d993ae98a5e7a79f94b03d044c4d3b5a485cf5b2de5b8ee2,1.5350242450003861,measured,0.10935113424223568,True
0.8251863225821824,C4_m6,44b6_18ced818,0,0,0,8,12,0.8198198198198198,91,44b6,78644,4a12099f7c9e66654187ee8f20f9dd93d6b6b10320f88f2fc6f1559f975d6a77,1.0,100,075fc5f5a52d11077f9dc2b074644618f26939e2,1.0,73496,184e9abefda376bbae0e2999b7b0cb7735070e0048ef9876aecb6d72be8e7744,5.05374701799883,measured,-0.06545953918925793,True
0.8017264480111654,C4_m6,44b6_1d530831,0,1,0,27,33,0.8026315789473685,244,44b6,35825,8c00bb61a6cf132d9b5df4bcf658bf0763ce70b93c0ed5bc97d26d974d43a620,0.9782608695652174,270,075fc5f5a52d11077f9dc2b074644618f26939e2,0.9782608695652174,36229,cee2f2e7a394ba5dc5b2da03eedf7c6777c89520a943bf3ea242a9286f6f4d46,2.5874805739986186,measured,0.011277041172365667,True
0.9118007592200251,C4_m6,44b6_24264f12,0,1,0,8,12,0.9141630901287554,213,44b6,26353,b24cb4dbf3e131f4cef3d9e7424b149570673df5629d9b0151095d5dfc144008,0.991304347826087,228,075fc5f5a52d11077f9dc2b074644618f26939e2,0.991304347826087,27034,d91f5f2798e5d104cdee111c149a44de9c83216651b47832197df5fcbc261912,2.147143067999423,measured,0.02584146017531211,True
0.8494511238891793,C4_m6,44b6_267148e4,0,0,1,17,24,0.8637873754152824,260,44b6,19130,972ceee32e47c999307913908393b23a1adf62847d185bd4c5da488ddb65bfad,0.9964285714285714,279,075fc5f5a52d11077f9dc2b074644618f26939e2,0.9964285714285714,22305,b9f216a60df78b08eaed45ef944c441ee969e0a7eaa559b01b47a25152ab40a1,2.2299924360013392,measured,0.16596968112911656,True
0.8858814708883782,C4_m6,44b6_2a2eff9f,1,0,0,12,20,0.8608695652173913,198,44b6,56367,99139d338235369b4f96643074ffdc0d342569a71a8bf198edc030c349d8907b,1.0,214,075fc5f5a52d11077f9dc2b074644618f26939e2,1.0,39990,1b64646a6e8372c092d60697209fb69efb7d52e8a3999123a8f124c475ac07c7,3.8052627479992225,measured,-0.2905423386023737,True
0.5474189154723984,C4_m6,44b6_2f31fc2f,0,0,0,20,36,0.5371900826446281,65,44b6,24368,b1166afcb234f5d5b8b0296bbd7dee13b7b9a39986a4f1950314fbeacc8ad3cf,1.0,89,075fc5f5a52d11077f9dc2b074644618f26939e2,1.0,19728,7d31afd98deeb63733834ed014e1aacbf2a7768e45a83906dceff2bc1a8e059b,1.4563748569999007,measured,-0.19041365725541695,True
0.9975053579082727,C4_m6,44b6_33b596bf,0,0,0,0,0,1.0,49,44b6,23330,3900eb8422dd6af09aef49503bab58b09f5fe48b007494013d4461fbd30c6463,1.0,50,075fc5f5a52d11077f9dc2b074644618f26939e2,1.0,23912,037a86e70bdd7e7e33db488956d6595c9a039b37c65790b94a42120fc1b467ad,1.612208862999978,measured,0.024946420917273896,True
0.9824606015993576,C4_m6,44b6_341df25f,1,0,0,1,0,0.9952153110047847,208,44b6,7436,81a3a1a44fbd60967df5b00b745d5069c9f0d4cefd1ed744d9b26aa08ba585df,1.0,216,075fc5f5a52d11077f9dc2b074644618f26939e2,1.0,8389,8bed591f15884e4994d4516c30a5f20b1050d46105e70dfd39aa1a6c37d15aea,1.0371430539998983,measured,0.12816030123722433,True
0.955054349400524,C4_m6,44b6_3a861e03,0,0,0,25,26,0.946031746031746,894,44b6,40546,4abfc8bd038a66a5a17d323b769e0f1049a277d5025ad94eb8057aa140d230d6,0.9882352941176471,924,075fc5f5a52d11077f9dc2b074644618f26939e2,0.9882352941176471,36679,763725a669a375c622bc34d194eafb91a669d393b9974c8b95d2641dfad932b3,2.6719744830006675,measured,-0.09537315641493613,True
0.9052967215251538,C4_m6,44b6_3bb3690f,0,0,0,25,34,0.8627906976744186,371,44b6,31937,b8369f01df88241305ce55ea874fc4184d1a957a2310561ea0ce7d89ac570954,0.9925,397,075fc5f5a52d11077f9dc2b074644618f26939e2,0.9925,16203,00538c8673da0125b0873cbdfe46c2fb72d6ae4edddcdd28812bfcd7785cd10e,1.3522978260007221,measured,-0.4926574192942355,True
0.9263961369942796,C4_m6,44b6_40c45f5a,0,0,0,6,11,0.9186602870813397,192,44b6,32681,61ddbb647667e30f78aa99db8edb6dfabeb9501353c32fd3203ca34c67eac0a8,1.0,200,075fc5f5a52d11077f9dc2b074644618f26939e2,1.0,29929,160210a9c072a22f89b8b5fc5e9e5048a0e842fef7713a799dc3590fb39c7eee,2.220595046001108,measured,-0.08420794957314648,True
0.9717158157329132,C4_m6,44b6_415c0a3a,0,0,0,10,12,0.9341317365269461,312,44b6,57292,5a684d3a4ec3898603b952f8f87995524aef77b1a60fc29f140847a0bca3ecb7,1.0,331,075fc5f5a52d11077f9dc2b074644618f26939e2,1.0,34241,cc1b9a3e2f0bbe2bc932cfce31bed98c5c60f20153940e6bf92cccd94985a6bf,2.4366748909997114,measured,-0.4023423863715702,True
0.9604941606243427,C4_m6,44b6_53f95252,0,0,0,2,2,0.9428571428571428,66,44b6,38715,abcf86488d9e53e7feff32b1baa012a76add54715a6bd472aabc517db8ab47f1,1.0,70,075fc5f5a52d11077f9dc2b074644618f26939e2,1.0,31473,ca4c821ae85d234a0cd8922ad800c4f49675816e90af4d2dfa1b91f0b0eb842c,2.1281870320017333,measured,-0.1870592793490895,True
0.8051518895264926,C4_m6,44b6_551a5dba,0,1,0,26,33,0.7704280155642024,198,44b6,57627,497c24bce103c926198b0d0ebf88c9291570041fe58b773a0b4c425ce1565901,0.9780701754385965,223,075fc5f5a52d11077f9dc2b074644618f26939e2,0.9780701754385965,31654,2afa044db374b43c9b16f431795f2b52a50665e92c5ee68bc546b06a5f09eca6,2.314618240001437,measured,-0.4507088691064952,True
1.023701372031193,C4_m6,44b6_5740d24b,0,0,0,2,1,0.9824561403508771,168,44b6,19730,b72c95b3199638461070c970980c4a38614db27d8aac0404df5191d1833aced4,1.0,173,075fc5f5a52d11077f9dc2b074644618f26939e2,1.0,11447,5dec36893049c6d90601113e67bf2ee83914d989c956bda22063f163c8dd680f,1.0631176650022098,measured,-0.419817536746072,True
0.9751402739668176,C4_m6,44b6_587a1e22,0,0,1,3,5,0.9787234042553191,368,44b6,18137,a8ec5380571eea27e97fe659ffcdf4671de2f18c899fe83b4f368340556b0542,1.0,381,075fc5f5a52d11077f9dc2b074644618f26939e2,1.0,18801,ee1757df407a9de39b289eaf50a1c3c3ee48c5e822190251720d6dfbb84d4be9,2.007336415001191,measured,0.036610244252081384,True
0.9125121283661838,C4_m6,44b6_5f15d135,0,0,1,15,17,0.8896551724137931,258,44b6,29519,556d68fcc3db8dd903697b9d8e195966745a6a51ce9ad4287f64d7f6bfa6c948,0.9856115107913669,274,075fc5f5a52d11077f9dc2b074644618f26939e2,0.9856115107913669,21935,e7de3621ab6a47317ba978699e914581ebb5545eab1aec83fad892644f47822a,2.229371829998854,measured,-0.2569192723330736,True
0.9600843954263641,C4_m6,44b6_668e0cc7,0,0,0,14,21,0.946319018404908,617,44b6,39701,b884d72000e65661b796790cab14bee629a37ca5aed65af399bed412934fdc05,0.9984447900466563,642,075fc5f5a52d11077f9dc2b074644618f26939e2,0.9984447900466563,33926,ff6f0308db5a02d8b870300f1e4b1cca757f92120c7210642a25a7373724ae15,2.4690552950014535,measured,-0.14546233092365432,True
1.039217046101309,C4_m6,44b6_66f9292d,0,0,0,1,2,0.985,197,44b6,52710,8aea5e996cac8081ca65e2398fefa2c20637765c595ad70234e64e8cf7dae60d,1.0,200,075fc5f5a52d11077f9dc2b074644618f26939e2,1.0,23697,d2e711b71c757461f34298285b855b61a8e667239e3b8b1875236cc0512b8662,1.7879155430018727,measured,-0.5504268639726807,True
0.7575070369062297,C4_m6,44b6_706092f0,1,0,0,21,17,0.7164179104477612,96,44b6,69898,7dcf59cf1cdf2c0f0692568df4b5ee43183679c4987f0905f468b9385bde1cba,0.9491525423728814,112,075fc5f5a52d11077f9dc2b074644618f26939e2,0.9491525423728814,29809,ff1f0a6b120d29d37dffb23632712279ac2c8bdda0895d068fc7eef6f8776b84,2.928303909000533,measured,-0.5735357234827893,True
0.7260197906010947,C4_m6,44b6_71a4179f,0,1,0,19,26,0.6896551724137931,100,44b6,67688,f851ea9e6cc04af52278bec81ebefa937514d374abda732f88da91e8951525c1,0.9752066115702479,118,075fc5f5a52d11077f9dc2b074644618f26939e2,0.9752066115702479,31997,63d0195ba3fb96e2195bc95f084cbc58df780e53ff0f385f299b33fb5cfe19a6,2.346795731999009,measured,-0.5272869637158728,True
0.956046342633852,C4_m6,44b6_74d0c52e,1,0,0,6,6,0.9172413793103448,133,44b6,15090,c27edf9e54db513f18f0bdcd2608882c9dbb68cdfdab41718e31dbc047c7f8b2,1.0,140,075fc5f5a52d11077f9dc2b074644618f26939e2,1.0,8706,ad2ad1acd262efca413dc63f6f3f1eb6800efaf31a30509891c5018c7fd4ae65,1.1264574939996237,measured,-0.42306163021868787,True
0.9531534045312551,C4_m6,44b6_7a302da0,1,0,0,17,24,0.9227871939736346,490,44b6,66858,c5fd7f858ff2d1cbda0902603b10ed3fd4927d68f53df476b3de0e4e6e8894f0,1.0,516,075fc5f5a52d11077f9dc2b074644618f26939e2,1.0,44857,f777450af3cb18693518c15d13bf8f000e2d8ae8464c37784cc445ae0da7eb8a,4.290666405002412,measured,-0.3290705674713572,True
0.9664278566642759,C4_m6,44b6_7e557709,0,0,0,16,14,0.9477351916376306,544,44b6,56060,88c17d3a7dd2cf5a75c8f704402a955e9bec6d830248b1c9f025569111094e73,0.9929824561403509,566,075fc5f5a52d11077f9dc2b074644618f26939e2,0.9929824561403509,45003,54dadca79e19b010860622f369d51ecb879da9fc5ebb0dd37453c61adf270823,3.203224961998785,measured,-0.197235105244381,True
1.0041100241392453,C4_m6,44b6_808952d6,0,0,0,0,0,1.0,179,44b6,15742,767360a5a1f1e3b9dd5e1f1b1c2a7ec7992668e8fadc1feb9b604c428ca818bb,1.0,181,075fc5f5a52d11077f9dc2b074644618f26939e2,1.0,15095,d313d7ce3f92624953010150af2722049018aec9e6caec810dc213294d7ba7a3,1.2729828049996286,measured,-0.04110024139245331,True
0.9877437325905293,C4_m6,44b6_81c256f0,0,0,0,0,0,1.0,197,44b6,10052,3f1d8bc910b4abd380bfde1f9014d2bfd021197d21bae665c022ef78a3f46e3e,1.0,199,075fc5f5a52d11077f9dc2b074644618f26939e2,1.0,11284,df1c4cabec4ab9767dbf0096dd840f14f03b6748c6182fd9155277d3043572b3,1.0093431329987652,measured,0.12256267409470752,True
0.6038993590219217,C4_m6,44b6_87bba6c4,0,1,0,35,39,0.6063829787234043,114,44b6,28102,514cecd84f0614c8ead31e8c0806c0d0c0f24cf8ddb5349938de82ff7746f7e5,0.934640522875817,143,075fc5f5a52d11077f9dc2b074644618f26939e2,0.934640522875817,29253,2c409c5331f1442e635e2b002a87667bd725d353b877dcfb062317aa2cbdbb1d,2.0962345029984135,measured,0.040957938936730484,True
0.9997625944627231,C4_m6,44b6_8cc6506c,0,0,0,10,6,0.9601990049751243,386,44b6,32172,64e3b926b7c4e91cc6df26d73d3327b0aac04e52c182c5db8f1bfe0a8cd9b893,0.995,398,075fc5f5a52d11077f9dc2b074644618f26939e2,0.995,18916,636afd311eb3f7131aec60a2bb7c03b468d1db22c6c3576efb2869d85c3d20ab,1.5248230539982615,measured,-0.41203531020763395,True
0.8626784596172499,C4_m6,44b6_8f5ab931,0,3,0,40,49,0.8637059724349158,564,44b6,27571,b6604de2986c5e7c97f79d0125a9b11aea87e43bf1e360556d6856c2a3bc5bad,0.9821428571428571,605,075fc5f5a52d11077f9dc2b074644618f26939e2,0.9821428571428571,27899,8b5e676cdd9aa66df9d854c96ce673a353e6e4724a602a126805c9863c0bcec8,2.1372334539992153,measured,0.011896557977585143,True
1.014402636982793,C4_m6,44b6_8f9ecab4,0,0,0,6,5,0.9706666666666667,364,44b6,74833,b3de58f79873ccada094fec13dbe54178fcce00c3d9f61798023ad106c14d543,1.0,374,075fc5f5a52d11077f9dc2b074644618f26939e2,1.0,41115,dccdfde989486fab5461bcaa73c380fac8714659df189f18704dbc0fe1d10bc2,2.92206156100292,measured,-0.4505766172677829,True
0.8032402674476962,C4_m6,44b6_90724892,0,0,0,9,15,0.7966101694915254,94,44b6,25532,9f1f0f0f1f1c83add13d0815ddca035c30dd29bc3fc377f378a76daa97cabe6b,1.0,105,075fc5f5a52d11077f9dc2b074644618f26939e2,1.0,23407,191b8e60d8c4fc7f61743e7fec381e445b3871eb2357613ebecf6126b929439b,1.7045301480029593,measured,-0.08322888923703588,True
0.8184841187937163,C4_m6,44b6_949adeb1,0,0,0,34,40,0.8229665071770335,344,44b6,37179,4870ae01140df9846d30596a4db223e527bc4ae14cd1e8ac1daf66c8e69f87e6,0.9768041237113402,379,075fc5f5a52d11077f9dc2b074644618f26939e2,0.9768041237113402,39204,6ac60807ba8fb55601864a0891c57eb9b99a1a20bd56f6c7a97e4925fcc3b969,2.7624529099994106,measured,0.054466230936819175,True
1.0071691532648712,C4_m6,44b6_95029e92,0,0,0,0,0,1.0,198,44b6,5161,9e74cdb9a38ba2061dc7e118ec838e2432128d927ed8e296d248114b5851e09b,1.0,200,075fc5f5a52d11077f9dc2b074644618f26939e2,1.0,4791,bfb5b02171a65e6c9f1b144e98414ab13b3b7ac078596a161030a1b5de4fee7a,0.6505891269989661,measured,-0.07169153264871149,True
0.9741756086046353,C4_m6,44b6_97725144,0,1,0,3,4,0.9688888888888889,218,44b6,35774,aa3efefe2279e22925a7b4b738af7e9cd33d571c1fb6075b72bfede2ba8b812a,0.9955555555555555,224,075fc5f5a52d11077f9dc2b074644618f26939e2,0.9955555555555555,33822,cf1e98eec9a813a88b5702b95b882f41f573a2159860d3d0ecc573a15d62828d,2.5525015409984917,measured,-0.05456476770839157,True
0.9542350671581131,C4_m6,44b6_996155de,0,0,1,7,2,0.9762532981530343,370,44b6,7573,831465bf918671f358dc618d9437f594d0f42cab5b79b90b24e063ca1304c3fb,0.9868421052631579,375,075fc5f5a52d11077f9dc2b074644618f26939e2,0.9868421052631579,9281,b9058b6422d2b3984fc70ff0f386cf2b462e6c1185e2780b7a9de0bdc0137288,1.19911277799838,measured,0.22553809586689555,True
0.9213736770011831,C4_m6,44b6_9be80b04,1,1,0,13,17,0.8734177215189873,207,44b6,57877,acee47d6712152fc95379c1d5bc3c1d1fb612ca4e88c8f6f6f736aac640b9e9e,0.9864864864864865,219,075fc5f5a52d11077f9dc2b074644618f26939e2,0.9864864864864865,26099,cbda274f4320c910542f4f9aee025ec11e09b538db5569528d75e2d20ee5e79a,2.60654427800182,measured,-0.5490609395787619,True
0.9047325149503728,C4_m6,44b6_9bfa6a0a,0,0,0,15,21,0.8714285714285714,244,44b6,64308,36fc9b4af32cdc94daa710a5a03f0cd3defae300010eb14350d5be249b462e9c,1.0,264,075fc5f5a52d11077f9dc2b074644618f26939e2,1.0,39731,cd43f41f0fa7c93f86a39f7e02b8986c7c4ca8f2b4d0939dc5cc01882203dd29,2.836471234997589,measured,-0.38217640106985135,True
0.9939192557104143,C4_m6,44b6_a21120c2,1,0,1,2,1,0.9895470383275261,284,44b6,23040,df7c162fb511ca9f3511852037a6942af530128ceb0545f35960d25364531b5d,1.0,296,075fc5f5a52d11077f9dc2b074644618f26939e2,1.0,22022,3dd4823857dedc77621e3753314839522c513d6a920aeec048c472c3f7ae32cd,2.9143133840007067,measured,-0.04418402777777778,True
0.8564781265729929,C4_m6,44b6_a2bb48bb,0,1,0,34,39,0.8374164810690423,376,44b6,60613,57a5f60c51e97ff5fb872d128c842f81522302300abe986591c2889b6cb545b3,0.9975961538461539,415,075fc5f5a52d11077f9dc2b074644618f26939e2,0.9975961538461539,46816,1de4e08bb293f20cebccb036956f401d8348056ec3071c547b119991db9c4b60,3.2553003129978606,measured,-0.22762443700196328,True
1.0151886238317684,C4_m6,44b6_aaf8b0ea,1,0,0,3,0,0.9854368932038835,203,44b6,22099,a102c224b75a879e80a13b384cfdf86c9e88233581aa4cd416e600c366f6a91d,0.9904306220095693,207,075fc5f5a52d11077f9dc2b074644618f26939e2,0.9904306220095693,15427,7ee8bfc059351eced5b9d3139b9ebf84a7915f2a99d03290732700ef31a71e2d,1.733057479999843,measured,-0.3019141137608037,True
0.9936209855169731,C4_m6,44b6_abf82518,0,1,0,0,1,0.9894736842105263,94,44b6,27604,13179d826fbb9a6dc9ac3de94990e898ff73670eb3e84479ba5c176246ce0071,1.0,96,075fc5f5a52d11077f9dc2b074644618f26939e2,1.0,26447,95b6459e07a8f19d9032b0292be8577bce9f815ac0dce83f84dae668c4ee2eb9,1.8721133910003118,measured,-0.041914215331111435,True
0.872183789679561,C4_m6,44b6_b2c44266,0,0,0,14,15,0.8415300546448088,154,44b6,59729,89a3f4d18a1e40c73a90864152449bd7ed4ed1bdaa9607cb1fb6233048ad844b,0.9647058823529412,164,075fc5f5a52d11077f9dc2b074644618f26939e2,0.9647058823529412,37972,b53c9b2e088556d917ca6f08f2ad48781e8db4be0fcf3d1a2ae51992a56684e5,2.699733538000146,measured,-0.3642619163220546,True
0.920541815449504,C4_m6,44b6_c15fded2,0,0,0,4,5,0.9158878504672897,98,44b6,20585,f25c7df777c67ebeed19adc3a445df0c53fb73280e76160802a41d57f4e50c97,1.0,104,075fc5f5a52d11077f9dc2b074644618f26939e2,1.0,19539,8f677f846d6cfdbd9aa441310d0cda3d5dd64018346f27c4b5ec907f6b5d33ab,1.4454896089991962,measured,-0.050813699295603594,True
0.8271453610493059,C4_m6,44b6_c50204e0,1,1,1,32,36,0.8116343490304709,293,44b6,47078,3293e74e5b1a1057784c4b8acf8f9d40b9514b48f0de918de610db5401c94f9f,0.987987987987988,329,075fc5f5a52d11077f9dc2b074644618f26939e2,0.987987987987988,38081,6de736cefe2b6ac63ef67684515d9cd18e9d4fc8ba154cc1ee686be2fb55e1a0,4.818408366001677,measured,-0.19110837333786482,True
0.8485041705891777,C4_m6,44b6_c771cb04,0,1,0,19,28,0.8127490039840638,204,44b6,53345,6f0f6d09a810a553bae24df9e433796287fd5c9fb509f0d85135d8e1ec0dd9a1,0.9911894273127754,225,075fc5f5a52d11077f9dc2b074644618f26939e2,0.9911894273127754,29877,f8e99766a50cdd04874d0e969484864f4624c6df77c993d933334c3ab7af5eec,2.25249321499723,measured,-0.4399287655825288,True
0.8554433180465041,C4_m6,44b6_c8e2a523,1,0,0,12,16,0.8444444444444444,152,44b6,33144,a87bc149a309c93133a2318ff8928bfa5da74a15cd0389a9586de23432850f0a,0.9821428571428571,165,075fc5f5a52d11077f9dc2b074644618f26939e2,0.9821428571428571,28827,ffe9b2da0be359c8b4af53229389bf9ba0c81c67f6c1cd7d52040ac12f781f26,2.8522464580019005,measured,-0.1302498189717596,True
0.9482552720195906,C4_m6,44b6_c96cfa10,0,0,0,25,18,0.9321766561514195,591,44b6,46236,e86abe25ebf3501e7f82089e88ae71573545fffe248d9e0c3eced710f20d4bf0,0.9809220985691574,617,075fc5f5a52d11077f9dc2b074644618f26939e2,0.9809220985691574,38261,0d5f10969c20fa8b048d7d83e16548882d58220eed17bc3fb4d4137d42c83f8c,2.78540443699967,measured,-0.17248464400034605,True
0.9299215165250662,C4_m6,44b6_cf2536e8,0,0,0,4,6,0.8765432098765432,71,44b6,57565,dce9c4aecc64d1bede45f464568114ce9d5ebc467514b402782ae80970a52bc9,1.0,76,075fc5f5a52d11077f9dc2b074644618f26939e2,1.0,22510,5ff9c673486250fe768122436d36ee0eed8a28d4b3e4010a9b459f111420119a,1.7421274449989141,measured,-0.6089637800746982,True
0.9529736688927326,C4_m6,44b6_cf8fed6b,0,0,0,4,6,0.9484536082474226,184,44b6,43729,bc04e9bb1281ec474abefd86a3b1156d2be9f6add9bc186459e548dc5323b1e7,1.0,191,075fc5f5a52d11077f9dc2b074644618f26939e2,1.0,41645,b835a4eb8bfbcae30936832f9d5d9010ae24b2e3e97f098941be549df88ce55e,2.959921181001846,measured,-0.047657161151638504,True
0.9633622591976261,C4_m6,44b6_d29c9ab2,0,0,0,26,29,0.9594694178334562,1302,44b6,38055,f46ccd0b517b9300a6fd63ac55ddc1ef7fd33c7482210868865f3ca8b7fc8405,0.9940872135994088,1345,075fc5f5a52d11077f9dc2b074644618f26939e2,0.9940872135994088,36511,f61f0c2d1cf8768b45cea1e355e3be9d79e86a3d049d7541f7337b662bf7d257,2.7639022639996256,measured,-0.040572855078176324,True
0.9960594016402642,C4_m6,44b6_d2f34f90,2,0,0,7,4,0.9614035087719298,274,44b6,24074,85f0f77d8adbf8e4a651673430c2848ba5afa284b1dafc8c8bdcfefe78b186cc,0.9893992932862191,280,075fc5f5a52d11077f9dc2b074644618f26939e2,0.9893992932862191,15396,e85690072fc3eb446887b5b3c60867324cdd6850d019b3a7f7a4fd0e6ebbccb2,2.1505742890003603,measured,-0.3604718783750104,True
0.8574061572468379,C4_m6,44b6_d5e7d891,2,1,0,64,77,0.8546391752577319,829,44b6,44848,446877f23a02d7c581d92ed39a75b706b400274142a2f5bbee41a6d41d2da34d,0.9922737306843267,899,075fc5f5a52d11077f9dc2b074644618f26939e2,0.9922737306843267,43396,56cc85c076cc141cad7b96515ea277fe1e020fb97788c231ebd9218f8100ba98,5.380117357999552,measured,-0.03237602568676418,True
0.9364812307956767,C4_m6,44b6_d754aa59,0,0,1,2,2,0.9444444444444444,68,44b6,5171,1c02c3afedf3be2f1b05cd159548da90b86149b46180f37540d158a658247263,0.9861111111111112,71,075fc5f5a52d11077f9dc2b074644618f26939e2,0.9861111111111112,5607,f7f80344933c4ddd2e5ba8fd11d24f1583318d5c67a745b2b8d46efe104cfbdb,0.7410437680009636,measured,0.08431637981048153,True
0.8933843286828653,C4_m6,44b6_d78e09d9,0,0,0,25,23,0.8987341772151899,426,44b6,22259,54cc307b35d962ebe3b663542a17c455ce9b8f684d4a8ae5a2e1b5a98d2c0b30,0.9740820734341252,451,075fc5f5a52d11077f9dc2b074644618f26939e2,0.9740820734341252,23584,662183643e06f8519f7579b1c52eab394bcc0efd099626e96840fa4e350af808,1.8022085619995778,measured,0.05952648366952693,True
0.8967110430672968,C4_m6,44b6_db3c847b,0,0,0,9,8,0.9,153,44b6,15023,7e37fe8c3be7e62679ae02441745987c3ce8d5ba110312354bf9276a23e6c9d5,0.9757575757575757,161,075fc5f5a52d11077f9dc2b074644618f26939e2,0.9757575757575757,15572,8e6ddce0326b8b7d97b444f28b4fd14ac2b6c51155e9fa39fa1d71abd6a90745,1.2823320729985426,measured,0.036543965918924316,True
0.8798437890900633,C4_m6,44b6_ddf577ad,0,0,0,43,59,0.8555240793201133,604,44b6,53492,6f936e0dc7f78ffcdf003e671fcf7d3265b5758d383051e66d851e823c132c01,0.9893778452200304,652,075fc5f5a52d11077f9dc2b074644618f26939e2,0.9893778452200304,38286,2d47dbced7db6633757a040b31228d11b455224d9fc748b71bad492602056fc8,2.764761102000193,measured,-0.2842668062514021,True
0.9194248777885922,C4_m6,44b6_deabac95,0,2,1,3,6,0.9307692307692308,121,44b6,13989,919e5f2df8b42095bfb65d393228f409153ff16164e04893d926a2ad7e404920,0.9920634920634921,125,075fc5f5a52d11077f9dc2b074644618f26939e2,0.9920634920634921,15694,4cd62e8a584fe9db9a26b587d14546a5ec57ba06fc15e2c6ea3e85cfc5aca492,1.7667181430006167,measured,0.12188147830438202,True
0.9567062586878884,C4_m6,44b6_e28840c6,2,0,0,22,10,0.8996865203761756,287,44b6,74686,f28bbb846ec90b3402877c05f3b2c5a2615f97197ec1fe056740be6d7ab4e25b,0.9678456591639871,301,075fc5f5a52d11077f9dc2b074644618f26939e2,0.9678456591639871,27352,b4125ccb99e8f2f3808fcb83d82edd5d9a08dd0d0d4ed39b1b1a25a466348135,3.450313074001315,measured,-0.633773397959457,True
0.8830111572297947,C4_m6,44b6_e29f0176,0,0,0,3,3,0.8867924528301887,47,44b6,12969,b9a3b0d8892e1c669ecc5fc2987301470c5858a80380e7cb5991930221e116c5,0.9803921568627451,50,075fc5f5a52d11077f9dc2b074644618f26939e2,0.9803921568627451,13522,a5dfe9d27f6595c90a77a061b3c02e5cf058824aea58bec77b31e2f401fe3fb0,1.0122510839973984,measured,0.0426401418767831,True
0.8915254658345638,C4_m6,44b6_e31261b4,0,0,0,6,8,0.8842975206611571,107,44b6,72856,1bcec9a9f486ea5cdaaf21afbd597125648a9e66d753d9ec8180122d39df8b8f,0.9913793103448276,115,075fc5f5a52d11077f9dc2b074644618f26939e2,0.9913793103448276,66901,517cbe0099a4815ffc5cd64fcb7aa0f358139a5f317f61117a279a263d31967d,4.47182228499878,measured,-0.08173657626001976,True
0.8511707528752853,C4_m6,44b6_e35b117d,0,1,0,29,21,0.8257839721254355,237,44b6,28641,cd9ac7a39b2e74bcbde47374f44b7084076d9cc3846ee558117f5cee17423bc4,0.9407407407407408,254,075fc5f5a52d11077f9dc2b074644618f26939e2,0.9407407407407408,19836,24b42a07a14a8a0fd8265174b63be23b117952548b9865b689449e3adb7f0ced,1.6118882720002148,measured,-0.3074264166753954,True
0.8019832657133746,C4_m6,44b6_e57ff5c6,0,0,0,27,15,0.7910447761194029,159,44b6,20314,cecc87569ba7d4d6cb01f975854ec2b0a32db130b54bd6ada23654754bcb7ba4,0.9119170984455959,176,075fc5f5a52d11077f9dc2b074644618f26939e2,0.9119170984455959,17505,09dd86a26ddfbd014f88780de09e300a8e04d988f3bd705c4e8503aab6b7faf3,1.4185256820019276,measured,-0.13827901939549078,True
0.9572780531603706,C4_m6,44b6_eb2880fc,1,1,0,12,13,0.9362244897959183,367,44b6,48084,2be6b7fd7a6d1a63ea4f92eed695ea754f9ad8539118853e448ce82cedc7413b,0.9948717948717949,388,075fc5f5a52d11077f9dc2b074644618f26939e2,0.9948717948717949,37271,86608109721d49992f7a3cfcd25a27e7bac69aec8cff8a7d4eac3f9e881863dd,3.6218924009990587,measured,-0.22487729806172532,True
0.9520088668179052,C4_m6,44b6_f28707c6,0,0,0,1,1,0.967741935483871,60,44b6,18656,e05ec800139bd4a7b6d24a23e19524ed4d7b6bca303cd52525aea4d7804f9471,1.0,63,075fc5f5a52d11077f9dc2b074644618f26939e2,1.0,21689,8f21bc36e183c97ac8af982939f71f670069ca58b401402595f1f76a6dd27f56,1.6156552629981888,measured,0.16257504288164665,True
0.9690908226899541,C4_m6,6bba_05b6850b,0,0,0,15,15,0.9651162790697675,830,6bba,6362,0683f3a88ad1a7e00fabfe97e36ae69186b907873f64cfb579df6f2e294872b9,0.9941927990708479,856,075fc5f5a52d11077f9dc2b074644618f26939e2,0.9941927990708479,6100,a3cd178530446256e225ee1a51728273e4e78f5d5145fbb8aa662c7682258e5f,0.7486495940029272,measured,-0.04118201823325998,True
0.8771269175098673,C4_m6,6bba_05db0fb1,3,1,0,77,78,0.8770816812053925,1106,6bba,69800,761729212f669dae4246252c8313b35f813cb9e15b9a287ec030e0758835e9db,0.9804719283970708,1205,075fc5f5a52d11077f9dc2b074644618f26939e2,0.9804719283970708,69764,b7e93f7b3179a5dde90678ed4610e78ff51b316e0c7d5825707c3be00e76ebd7,10.115044950001902,measured,-0.0005157593123209169,True
1.0000256780613064,C4_m6,6bba_062c8d37,0,0,1,1,1,0.9977753058954394,897,6bba,6030,91bd7043fb317de1b49dfca446d4d1383fd2c008f71493eecac0a78ad6ce5199,1.0,930,075fc5f5a52d11077f9dc2b074644618f26939e2,1.0,5894,77f3340af14c3362232c2258177c0fe542812dadf1e4bc92741cdf0a199ed67e,0.8872248539992142,measured,-0.022553897180762852,True
0.9753529132377209,C4_m6,6bba_07477033,0,1,0,7,11,0.9706362153344209,595,6bba,4836,97ffcab1d6efc6eb5f1e4d27550e60ca23d615a225bf1b05220f1a2871c5d31a,1.0,613,075fc5f5a52d11077f9dc2b074644618f26939e2,1.0,4601,ac94785b77206c33afddcbc0de322f610cea647f865a8b30c456d220edc2a3fa,0.6544285559975833,measured,-0.04859387923904053,True
0.823420477089888,C4_m6,6bba_07e24132,2,0,0,36,17,0.8535911602209945,309,6bba,21485,0f3288a933de8abb4a23a353abc047bc368bb9e7e2ffa0c2eb3149f8f132604e,0.924791086350975,332,075fc5f5a52d11077f9dc2b074644618f26939e2,0.924791086350975,29079,3a84bc8add2431e193c4af72502f86b18e2d2afcae7a3505529b55ddc4c19255,3.820437013000628,measured,0.3534558994647428,True
0.9954038443864747,C4_m6,6bba_085bf656,1,0,0,6,2,0.9931623931623932,1162,6bba,8463,abb2d562b3353234e97f63114cca5b6c3cfdbf882753a433bf1cee0a218f4af6,0.9958263772954925,1193,075fc5f5a52d11077f9dc2b074644618f26939e2,0.9958263772954925,8272,7c2d01f9eadc28f755a3877ea32f487ba533d62adaf619f9240a8709cb92c093,1.2005753020021075,measured,-0.022568829020441925,True
0.9186891900727869,C4_m6,6bba_09961292,3,0,1,75,93,0.9144602851323829,1796,6bba,31117,e93bc07a27cd4fe95ec6c5d253245d2ef7e39b72b6a99da7c0eb4079925d27e8,0.9933333333333333,1937,075fc5f5a52d11077f9dc2b074644618f26939e2,0.9933333333333333,29678,50045194e60d3b736add3f052b4c73bc9cd450de959c58e84950283126dd0925,5.474619968001207,measured,-0.04624481794517466,True
0.9574381868131868,C4_m6,6bba_0c7fa718,0,1,0,21,13,0.9494047619047619,638,6bba,13650,cf5d6fb055eebeb2a826359dcb2dc5b2a615e26281eb869c476651b3cb932d3e,0.984375,693,075fc5f5a52d11077f9dc2b074644618f26939e2,0.984375,12495,3cf829ee7be4432767771e52381a5e3e5e91e8ad6a2331d7381e080358c1a6b6,1.192163306997827,measured,-0.08461538461538462,True
0.8156018126997785,C4_m6,6bba_0e7c0d07,1,0,0,22,18,0.8148148148148148,176,6bba,22467,8c726d642e528b4c4cbb002420d7833ba1446ef985509d1cf0d80257320736b6,0.9425837320574163,197,075fc5f5a52d11077f9dc2b074644618f26939e2,0.9425837320574163,22250,a8d33064456900001d13dbd1d08dc6dae4a3ab5a856b4f9001120906f3c178a7,2.363472021999769,measured,-0.009658610406373792,True
0.9635831224057342,C4_m6,6bba_12665c0e,3,1,0,33,6,0.9611553784860558,965,6bba,8314,2135377b4a4f50f2c47662c32e5544080bf6269c60475264ffa5ff068af7bcc5,0.9739382239382239,1009,075fc5f5a52d11077f9dc2b074644618f26939e2,0.9739382239382239,8104,40fdfed045cf9cce2e1a505ef98f6691a2e8f51e76b537ad4b7d67fe5cac0a7c,1.6933069730002899,measured,-0.02525859995188838,True
0.9812710564678269,C4_m6,6bba_13f19531,0,1,0,6,8,0.9803370786516854,698,6bba,5773,5db7172499a0cf9221633ac830686f02c31c984262e661655bad34a7dc068350,0.9972862957937585,735,075fc5f5a52d11077f9dc2b074644618f26939e2,0.9972862957937585,5718,5d7edb68e08285b4b57c045e0156cf9e3ee24a2fa8ab39b881183b83e49022ef,0.726945694997994,measured,-0.009527108955482418,True
0.9797067789229207,C4_m6,6bba_15403b9a,0,1,0,11,10,0.9715832205683356,718,6bba,6889,d81488fb2da7396812c8b21d909bf4a7d7a347e3fe4ffccc7873e60f16b87d31,0.9920844327176781,752,075fc5f5a52d11077f9dc2b074644618f26939e2,0.9920844327176781,6313,2523425870700d312cd6779e3944b3d47648107fe4b78a3184b9c3a7faf75234,0.7414625139972486,measured,-0.08361155465234432,True
0.8763211644464807,C4_m6,6bba_1d0d8384,1,0,0,104,79,0.8732686980609419,1261,6bba,17909,4f77795c910d5cdfb44b65d0a983d5aba14b28f6236b6444f89f9980fa24b354,0.9659248956884562,1389,075fc5f5a52d11077f9dc2b074644618f26939e2,0.9659248956884562,17283,68b7a24e7ca6f2f0068328fdb237edce7bdbec86677b7882028659cc963a9c3e,2.09730800500256,measured,-0.03495449215478251,True
0.9348078924205059,C4_m6,6bba_1ebfb80d,0,1,0,30,19,0.9336043360433605,689,6bba,11558,c90b50e8d1925c8e9d8d29c7ff6c9bdd1e4d8cf03e6694cb9c337fce3292b44c,0.9758389261744966,727,075fc5f5a52d11077f9dc2b074644618f26939e2,0.9758389261744966,11409,882d2eec9fe1ce9febcaf24e8e634e12e70f9435c336bf8f9b5b2b17e0e31b10,1.1150824579999608,measured,-0.012891503720366845,True
0.7994063606560579,C4_m6,6bba_1f58c2f6,0,0,0,30,34,0.8078078078078078,269,6bba,28903,deab94d9798f4c50de0ace7b12325e5b99214edededfa4439c0dcafdc1129c89,0.9747634069400631,309,075fc5f5a52d11077f9dc2b074644618f26939e2,0.9747634069400631,31909,23b309f2e6c86cdc7908e4732b878f978d74b44518da1a98b3c60999f118e0a3,2.327162726996903,measured,0.1040030446666436,True
0.6565757571174689,C4_m6,6bba_207c6aaf,1,3,0,94,68,0.6872586872586872,356,6bba,11999,d90c6c8b5136aeec4786e5314826066b8581e3d5aec332f6a2b4b160910e90bc,0.888421052631579,422,075fc5f5a52d11077f9dc2b074644618f26939e2,0.888421052631579,17356,7ea200fd90cc28de51f348c6ca8506b97d2b115e9488166660a7b1a9fe4e45b1,2.083270324001205,measured,0.44645387115592966,True
0.9004955750046651,C4_m6,6bba_20852818,3,2,0,63,29,0.9019189765458422,846,6bba,9758,648e320e887512bf6fa05ee67078cd7595d18f1eaaa1e2100c96ecb6fcc9a51a,0.9506302521008403,905,075fc5f5a52d11077f9dc2b074644618f26939e2,0.9506302521008403,9912,2a556ceda7b8b0a7b76d6277ea50dcca40dec54c657d41177627f74b2e079ae7,1.9507772479992127,measured,0.015781922525107604,True
0.982771871100345,C4_m6,6bba_2312ac41,0,0,2,8,8,0.9859649122807017,1124,6bba,11950,f41073972fe2ede5f624de66021435138793b891384235e2411504458f67586d,0.9982698961937716,1154,075fc5f5a52d11077f9dc2b074644618f26939e2,0.9982698961937716,12337,cff3056a37df17e28a32abdf872ae021bc32b1d9b89f0d0630183e9755c16d85,1.8742968330006988,measured,0.03238493723849373,True
1.0069213483146067,C4_m6,6bba_23af9eeb,0,0,0,0,0,1.0,499,6bba,4450,ef78bcbc10f54aed733bb865898698637f491368396eac2d89413873987c8bdf,1.0,513,075fc5f5a52d11077f9dc2b074644618f26939e2,1.0,4142,5361268308c18cc74eb73b3ddb80f1804eb7b27c744de4bc6c95a6e2b18bc337,0.5838569890001963,measured,-0.06921348314606741,True
1.008009516256939,C4_m6,6bba_2540cd90,0,0,0,0,0,1.0,523,6bba,3783,0edbe29f57072c910ac7937f40bc2663bf6a4ec90354c1b6e5d5d65fc4165369,1.0,529,075fc5f5a52d11077f9dc2b074644618f26939e2,1.0,3480,39ee7295047568f398b928bfa94894985f94316546e4e779769e605a8c53107b,0.5671253949985839,measured,-0.08009516256938938,True
0.9542559351476548,C4_m6,6bba_2646afc7,0,1,0,21,16,0.9497964721845319,700,6bba,5495,74159e9fcceb03b67a0162362399ccb7018b9a70605d38fb2f27805dc45348be,0.983739837398374,726,075fc5f5a52d11077f9dc2b074644618f26939e2,0.983739837398374,5237,5739529b7c71395467c94f21fd9cd0674e6e632270dd7a2be8bd5983fd3ca135,0.6778221540007507,measured,-0.04695177434030937,True
0.9271418667541637,C4_m6,6bba_268e1230,1,0,0,31,20,0.918918918918919,578,6bba,5107,175b8a93e36c3382cc53ca5ebecac4af4559a4dc94088db367ce56d49daa873d,0.9734789391575663,624,075fc5f5a52d11077f9dc2b074644618f26939e2,0.9734789391575663,4650,bb63097266c4417de3da76f850f7125977612746391b25e8ffefeb4244185bc5,0.831175263003388,measured,-0.08948502056001567,True
0.989221282458415,C4_m6,6bba_2819ca14,1,0,0,16,4,0.9790136411332634,933,6bba,5534,46de8b86d85158131c822f27774365acb33e043471da1627e819f18055d8aaec,0.986815415821501,973,075fc5f5a52d11077f9dc2b074644618f26939e2,0.986815415821501,4957,64728312d5db720bf300a9a55557a80d6846b9f175c8d5d49834dc136eb387dc,0.8189306509993912,measured,-0.10426454644018793,True
0.9548367987496091,C4_m6,6bba_283bf9f1,0,1,0,34,20,0.9587155963302753,1254,6bba,20861,77062dc6c9bd5bd8bea9c9e8c04829c475c911b8da7da6efe162757d932fff1e,0.9836065573770492,1320,075fc5f5a52d11077f9dc2b074644618f26939e2,0.9836065573770492,21705,3df296990a7ccbec99744dfc7dd0d3bc5a64fa2d6c4fe1b48da89ec14dca89d6,1.8301250699987577,measured,0.04045827141556014,True
0.9423988758406103,C4_m6,6bba_312f0dc3,0,1,0,12,20,0.9384615384615385,488,6bba,9963,58f62263dc2447a7d6a2fbcbf6130444f67f00ef0ced9d00d17c00a85a49b16d,0.9980769230769231,519,075fc5f5a52d11077f9dc2b074644618f26939e2,0.9980769230769231,9545,27247f0288da3eb661c673dd403b7a46b4a4c26368f3c763ddd8aaa1579db8d2,0.8303219190020172,measured,-0.041955234367158485,True
0.7464808963679797,C4_m6,6bba_32db13fc,1,2,0,126,94,0.7569060773480663,685,6bba,38705,c62e0d9278bd3d87f9e33b1fb1692e6fe57b6c818215a5119d72e2b59b9f884d,0.9234338747099768,796,075fc5f5a52d11077f9dc2b074644618f26939e2,0.9234338747099768,44036,04fcb5e6624ada561ce334ac3b0e5f3fe49d08f88c87a4bb5e5e65084a844132,4.395241633999831,measured,0.13773414287559746,True
0.9653384847811363,C4_m6,6bba_337b1b3a,1,1,1,20,27,0.9620967741935483,1193,6bba,30480,b2b99e9bd803de8f34123dbd97dbe78ab6f391ab8f8663b87411612396247301,0.9968553459119497,1268,075fc5f5a52d11077f9dc2b074644618f26939e2,0.9968553459119497,29453,1f210b75153974a2e0bcba50ea1e1e1d75ac7e39480b2b45d571a79bc061d3b7,3.6718415139985154,measured,-0.03369422572178478,True
1.0023549439636827,C4_m6,6bba_372c8cb8,0,0,0,4,0,0.9960278053624627,1003,6bba,7021,20c14aaba6d02edb3fc7af5872352b13fcaaf937460dc5bf0d4f0ad0e66c9bf7,0.9961389961389961,1032,075fc5f5a52d11077f9dc2b074644618f26939e2,0.9961389961389961,6575,634645504cf1be825205b39deebc24a113a50cd136767460f46bb3d3f30e3e11,0.7565421069994045,measured,-0.06352371457057399,True
0.9438414865867937,C4_m6,6bba_3a1849c2,0,1,0,34,39,0.9381879762912786,1108,6bba,7003,7a2ef6f1c5f20cb4a0948a4fef5baae9d44f56279fd14c40debbf2095ae95c37,0.9914748508098892,1163,075fc5f5a52d11077f9dc2b074644618f26939e2,0.9914748508098892,6581,5414400afb96e1920f44955083e71ad5e908e14eb81e61105703b1887f02df90,0.8087445459968876,measured,-0.06025988861916322,True
0.8145418732461525,C4_m6,6bba_3abfe10a,0,0,1,91,99,0.816247582205029,844,6bba,52065,cfa6858e6f2c229ef48daaceb940c895ee9cd15fd0ca24ae37dcac49e1cf7abf,0.9739217652958877,971,075fc5f5a52d11077f9dc2b074644618f26939e2,0.9739217652958877,53153,b2ac5f5cefad3785d9883e37277ae971fcab752057c36916a3786ab7e561805d,5.100939415002358,measured,0.020896955728416402,True
0.9900289336316181,C4_m6,6bba_3c5691b6,1,0,1,4,4,0.9893333333333333,742,6bba,6258,cfb0d6343baf0922e6f63fe32a3d58da47785dce18c1902509c39f8b736bc1e1,0.9986928104575163,764,075fc5f5a52d11077f9dc2b074644618f26939e2,0.9986928104575163,6214,1b7dbbf930d4945e19011b35e80ecbdafec1dabde5929563810aef484ba7e748,1.1371439520007698,measured,-0.007031000319590924,True
0.8747900880188975,C4_m6,6bba_3db54e20,1,1,0,31,33,0.873767258382643,443,6bba,23236,13b6bb29b8a68756784b2dd76bb99cefe72dfaee726711b23634cc270f4a94be,0.9760956175298805,490,075fc5f5a52d11077f9dc2b074644618f26939e2,0.9760956175298805,22964,8a1a8c891b79ced188bc86aae81c84ff218902e911418cfa2d09ca2a180d6e9b,2.4047199099986756,measured,-0.01170597348941298,True
1.0016932855573761,C4_m6,6bba_3fda6b25,0,0,1,10,6,0.9864978902953586,1169,6bba,9842,d3fc3fdbd87e8760a1748696e0e445d7686c67d5115c5054ea3fb26a88bf4b11,0.9950289975144988,1201,075fc5f5a52d11077f9dc2b074644618f26939e2,0.9950289975144988,8326,b76f5bfb9a94fef55a8dc6e1269d469b946e98f77feef44270efe26dba826011,1.213527496001916,measured,-0.1540337329811014,True
0.9813673535181974,C4_m6,6bba_43fea39d,0,1,0,17,5,0.9751412429378531,863,6bba,5748,ee62726f2ccbfaa00a591998cc32db91fea0e785c8bf3e31c663f03e200aa6e0,0.9868131868131869,898,075fc5f5a52d11077f9dc2b074644618f26939e2,0.9868131868131869,5381,d448516c86a8c2921efec5e1be9c0f9d67adb8fd8de4adbb3ac3771ccf8ce131,0.7411055359989405,measured,-0.063848295059151,True
0.7468409224697181,C4_m6,6bba_474be664,1,0,0,49,33,0.7429467084639498,237,6bba,28293,36529af1921c380cd06a53c1c4055ed28f317e0c13c859b98d483e9d4c5ccb77,0.8972602739726028,262,075fc5f5a52d11077f9dc2b074644618f26939e2,0.8972602739726028,26810,c437940ed9693c0e2334d8770291e4d6e2ca70a8a5c674a1bed9dff8bb8a426f,2.731953042999521,measured,-0.05241579189198742,True
0.939875651992489,C4_m6,6bba_48816121,5,0,0,30,22,0.9446808510638298,888,6bba,23965,151ab8d30be89ce6fc92a99e435e95f0e8409b1907b9bb840673236f72f77ad0,0.9893048128342246,925,075fc5f5a52d11077f9dc2b074644618f26939e2,0.9893048128342246,25184,7805cbf7eeacd56ea7524db8a0ea9389e4e7e8e600969f1c0c71078582777664,5.218979487999604,measured,0.050865846025453784,True
0.9137775025201886,C4_m6,6bba_4aa14c89,0,0,0,31,27,0.9180790960451978,650,6bba,6787,a70bf3f2bb2a0aadb25e97220570720f9427c37d08f5310ed6d24a84aa5a6be5,0.9787835926449788,692,075fc5f5a52d11077f9dc2b074644618f26939e2,0.9787835926449788,7105,326e59dd91d64fe4f786e5de0893e5edd9bdcf1c0320a88b46b3f5fe5e94f401,0.7976539209994371,measured,0.04685428024163843,True
0.9948361993284298,C4_m6,6bba_4f99ce20,1,0,1,11,4,0.985207100591716,999,6bba,5965,8e37a7e0f6a4587fd3b9a07b725346fb35de0a61d3f8ee5dcdc0a89fa551c968,0.9924314096499527,1049,075fc5f5a52d11077f9dc2b074644618f26939e2,0.9924314096499527,5382,06a6f755e5df85c593c9710d4a14ffdca2953c20e5371cc9e5e4009740735a28,1.0563669090006442,measured,-0.09773679798826487,True
0.8962305483822748,C4_m6,6bba_4ffd3da3,2,2,1,39,26,0.9090909090909091,650,6bba,17637,31dcae8d037c0f6e09fd1bcd45b5478fd25aebfb1c6082a39c8f629f33eeccc3,0.9745042492917847,688,075fc5f5a52d11077f9dc2b074644618f26939e2,0.9745042492917847,20132,bee01e2e7e4542c9c51084a94cad9e56961ea362d0591f9f3e5276213a0d0234,3.215197432000423,measured,0.14146396779497647,True
1.0042778572669153,C4_m6,6bba_55b7eebe,1,0,0,4,2,0.991304347826087,684,6bba,5257,8f54bc03be2ae806fbc2cfe533b83907dd94ee1137ab554b9307970e537ff245,0.9985815602836879,704,075fc5f5a52d11077f9dc2b074644618f26939e2,0.9985815602836879,4569,a53b0ae5558a48356568103462721c50b5fd3465b364add4f50ea5a147d1dfc7,0.7599221540003782,measured,-0.1308731215522161,True
0.7331842040762557,C4_m6,6bba_55c70843,0,1,0,70,71,0.7379182156133829,397,6bba,35415,627e7d0fd5cdcdf6454700a12c547c93cc3efbc9c6d28bd0f1e72f5acdafb7de,0.9448979591836735,463,075fc5f5a52d11077f9dc2b074644618f26939e2,0.9448979591836735,37687,39ab197023482945e50920381cd8e6c25722d72b56ce1bc0b6e57ec242ea7eb0,2.7741186620005465,measured,0.06415360722857547,True
0.6561854581096073,C4_m6,6bba_57b7cc1e,3,1,0,322,312,0.667016806722689,1270,6bba,65511,b0c61b79c88f63c5472924e059fe7d72a28a2bd0bcb32ea8bd6133a5024655f7,0.9270644966847499,1538,075fc5f5a52d11077f9dc2b074644618f26939e2,0.9270644966847499,76149,e86ffcc2034bf735e0de7d06b6636accae9a3df41e380b6a9247901858e7e957,12.220686687000125,measured,0.162384942986674,True
0.9973910836717035,C4_m6,6bba_5a4d9360,0,0,0,5,2,0.9903314917127072,717,6bba,5976,977e92a3731e928e00d6bd9627269da956df9e1dec630727629bf2eedef2607e,0.9946452476572959,743,075fc5f5a52d11077f9dc2b074644618f26939e2,0.9946452476572959,5550,8dc70dc70274193de27d5bd9327df82c04d2087e44a0679b9b0ed487dbca7877,0.6895174649980618,measured,-0.071285140562249,True
0.9828835761704332,C4_m6,6bba_5b28472a,0,0,0,9,3,0.9834938101788171,715,6bba,5802,730bde78803b063b00f05ef2a61ec40d2840c194f1d40259c08637fb0dffeab6,0.9877883310719131,728,075fc5f5a52d11077f9dc2b074644618f26939e2,0.9877883310719131,5838,cf82499c0c1fa07b7159d31cc1d10a0842ff24fe2c7013d7d6f6bc30815c8cdf,0.794791604999773,measured,0.0062047569803516025,True
0.9895256815346494,C4_m6,6bba_5c039895,0,1,3,9,12,0.9818496110630942,1136,6bba,8570,fb8a3b554e30713c53438bd98f1099c927b858525f491e58485925961a8ff60f,0.9982964224872232,1172,075fc5f5a52d11077f9dc2b074644618f26939e2,0.9982964224872232,7900,5fe120f0557c4d186b218368a82d07a40cc0d4043ebffcc0705a3e6258095a33,1.5677004449971719,measured,-0.07817969661610269,True
0.9338772647870118,C4_m6,6bba_5c824876,0,0,1,36,38,0.9366438356164384,1094,6bba,24647,b2b8cf3e3ef88c53bcf4019d364a6025d6917fb0cb2e331f0c81dadb87fee143,0.9880341880341881,1156,075fc5f5a52d11077f9dc2b074644618f26939e2,0.9880341880341881,25375,22d7a65a3a81fb431c2d0ccfac936755fe5f4e86d418b8ec762d540233e4d287,2.6801642659993377,measured,0.029537063334280033,True
0.9491422212313751,C4_m6,6bba_5dfe9ad1,0,0,0,48,13,0.9593333333333334,1439,6bba,26913,0778db564976b86cb58f9b5e2641f42b3deec82fc5016bf3fcaed4b3705cc782,0.9779507133592736,1508,075fc5f5a52d11077f9dc2b074644618f26939e2,0.9779507133592736,29772,0efa2768c9d330f07820965a6a1df9e194ce0d8fa76198d7ce1a8d864811a6c3,2.414846932999353,measured,0.10623118938802809,True
1.0040121448709607,C4_m6,6bba_5f89039d,0,0,0,0,0,1.0,885,6bba,4611,9d1ab846414f6e1c81e0b9f820b8535573bfd6dfc5026cc787f1f760851c5e1f,1.0,904,075fc5f5a52d11077f9dc2b074644618f26939e2,1.0,4426,e894331e23d6863ed106c879573c5027bf6a536fa8e1a80e514ef590896f1905,0.6170691959996475,measured,-0.04012144870960746,True
0.9653021040822403,C4_m6,6bba_61dd1e0d,0,0,0,13,9,0.9601449275362319,530,6bba,10128,b421d36e6f7aed7dba18e69f1e332c0e77478f576555cbdf6e06f7964823f5b1,0.9874551971326165,551,075fc5f5a52d11077f9dc2b074644618f26939e2,0.9874551971326165,9584,adc58e257c0c20ff57c0b96d46bd3651c9d923dad000dcb2c8792feb5b79b868,0.978546730002563,measured,-0.053712480252764615,True
0.9848427271043444,C4_m6,6bba_61ecbe65,1,0,0,7,5,0.9806138933764136,607,6bba,5774,c9c514a99ccd1aea9d9287ae7e22f71bbd64529db46ecce8f4cc16cb934ef398,0.9953125,637,075fc5f5a52d11077f9dc2b074644618f26939e2,0.9953125,5525,1b3bc788f1510f0d669cc24f217cf8d238efb20593647112f470d88ed86f986e,0.8826906960021006,measured,-0.043124350536889504,True
0.9804642004662438,C4_m6,6bba_6321a359,1,0,0,14,6,0.9751243781094527,784,6bba,4821,d99219f9a3c91780c6c3bb3d2508de0371144a3eb7787d6d24a894895de54617,0.9879081015719468,817,075fc5f5a52d11077f9dc2b074644618f26939e2,0.9879081015719468,4557,13d85480c1fdd6a9aece8a81a6dc57b356add490084074d001a06a291f842f54,0.8077993119986786,measured,-0.054760423148724334,True
0.727893043184056,C4_m6,6bba_6479435d,0,0,0,108,66,0.7306501547987616,472,6bba,23453,556e361edbe6c75db6bfaac51a12a5e97e9151a1a72de9804a318fdb732c0113,0.8978930307941653,554,075fc5f5a52d11077f9dc2b074644618f26939e2,0.8978930307941653,24338,43212be30a29b1be8758bb2095c3af9f0f8e99339b37a10ac353807c984f0d05,1.9953629020019434,measured,0.037735044557199504,True
0.7862649152115592,C4_m6,6bba_67ebd073,1,2,0,47,60,0.785140562248996,391,6bba,16061,fdc25daac99b401e310e8fe8861bcc6d11dda3a9757596575229237f0d9de4d7,0.9696969696969697,448,075fc5f5a52d11077f9dc2b074644618f26939e2,0.9696969696969697,15831,675760f5851dfe7a265ca01d15e46e172601c1ef3c400861d6e126707cc878df,1.7700690290002967,measured,-0.01432040346180188,True
0.9942443226826023,C4_m6,6bba_6ca87370,1,0,0,12,6,0.9829867674858223,1040,6bba,7195,e2b6ea5e7f239d177be596fb117a5631a95cc102d654a47d161830a973afccf7,0.9925994449583718,1073,075fc5f5a52d11077f9dc2b074644618f26939e2,0.9925994449583718,6371,cfd2ea0f2db340966b1a5fc84064130f8999d7a0f809d8ca42299518aa4b47e2,1.0203256490021886,measured,-0.11452397498262683,True
0.9610631917850214,C4_m6,6bba_6db0e9b4,0,0,0,10,12,0.9513274336283186,430,6bba,28435,f2451c9eb7ccf6a501b8e603b49e532ae16299db0b6563e11cd62e9eff98a3bd,1.0,449,075fc5f5a52d11077f9dc2b074644618f26939e2,1.0,25525,243fc4134a6a74da4a22d107fe2a5edbaf7a301c7f11bd470285e72f48bd798e,1.899090103997878,measured,-0.10233866713557235,True
0.7449613369917686,C4_m6,6bba_6feb10f0,0,0,0,230,101,0.7707756232686981,1113,6bba,8862,f9a80090f98da41d612f2daea5c21440cb0445bcc5afe2cd33d6b02c395a7cb1,0.8786549707602339,1202,075fc5f5a52d11077f9dc2b074644618f26939e2,0.8786549707602339,11830,d22cfa54ff964e2eee7f96e13c34ed304b4fa068d5876b3ba2d3ee3f15df9bfe,1.4445120810014487,measured,0.334913112164297,True
0.9871409209612906,C4_m6,6bba_6feeb0b1,0,1,0,20,9,0.9785502958579881,1323,6bba,7518,746d6a0db40a2a0cb9e24f0bf078157dbdd14d86a26e4de7bacac39e6c7de1a5,0.9892008639308856,1374,075fc5f5a52d11077f9dc2b074644618f26939e2,0.9892008639308856,6858,6d0f15575e653980596938a5be3626acc270ca9158221bfe1ba94ba72798cbf8,0.8801908399982494,measured,-0.08778930566640064,True
0.9149334470989761,C4_m6,6bba_705ec2c9,1,3,0,23,24,0.9197952218430034,539,6bba,5600,592b119077bb9abc1c30cd4e81ede238d7046d71060e7314ddf28b3ddb22a03f,0.9815436241610739,585,075fc5f5a52d11077f9dc2b074644618f26939e2,0.9815436241610739,5896,78db509809670cac1f389f29efcc97d1e8c94d33770564415aed1901ca3d4335,0.9597878549975576,measured,0.05285714285714286,True
0.999998967056953,C4_m6,6bba_718b21f9,0,0,0,3,0,0.995398773006135,649,6bba,4306,a19bd516585521f4865635f800c8243eb59bbcebf07496be905d686dfc2ba9c1,0.9954614220877458,658,075fc5f5a52d11077f9dc2b074644618f26939e2,0.9954614220877458,4107,3291f2637b8ab8884444e21b635ee0fe2e2557737cc5a2cde73ba047299054ff,0.6336665659982827,measured,-0.046214584300975386,True
0.9289900201166468,C4_m6,6bba_74686d6a,2,1,0,21,28,0.9188741721854304,555,6bba,29803,ce532350086fb5af0d43fa58f6d10ff5f1ea4202212f9d1d4ee0d772c41f0369,1.0,586,075fc5f5a52d11077f9dc2b074644618f26939e2,1.0,26522,8e9130c6ef9e7e0b191ed63d894a4feea19fe10588de1a55b1f8487bee4b7a70,4.184848898003111,measured,-0.11008958829648022,True
0.8010378592586382,C4_m6,6bba_767a1e17,0,1,0,81,62,0.8013888888888889,577,6bba,47714,b99ece4e98a7c837b718a13ab3a58ddca48228ab07f05ec23bba8168534a88fa,0.9442896935933147,678,075fc5f5a52d11077f9dc2b074644618f26939e2,0.9442896935933147,47923,c99a73a24ac7c0a5fe38a4552b1b49d61119c99a7524058392826afec7ab8d6f,4.118379152998386,measured,0.004380265750094312,True
1.0042636457260556,C4_m6,6bba_76db78c1,0,0,0,0,0,1.0,604,6bba,4855,b6893074e74963834d66cb311d4e557c9507d79428c47568d3f0e23a3778532d,1.0,617,075fc5f5a52d11077f9dc2b074644618f26939e2,1.0,4648,580a2dfe300b13155a79b0194f323fed786da85da446856ff90f2ae9090016ae,0.7918099210000946,measured,-0.04263645726055613,True
0.9948007669039014,C4_m6,6bba_784a78c9,1,2,0,10,4,0.9919678714859438,1729,6bba,13096,bcce95a4b72cf29f4f6cba62884f1241c32c2977f1ce9cbad483c5064816c18c,0.9966442953020134,1782,075fc5f5a52d11077f9dc2b074644618f26939e2,0.9966442953020134,12722,ce1992e2e3d3cc61daf8ee186524a668bcd69beee49b2b612ffd47b6f50c8fe3,1.7520735550024256,measured,-0.028558338423946242,True
0.718892517289828,C4_m6,6bba_786893ac,3,3,0,215,248,0.7181984175289106,1180,6bba,58979,452046deb4137bebf2d9bcaff5f2f7ce782d2b36ee744b3d1bc62ba547aa15a7,0.9583617747440273,1404,075fc5f5a52d11077f9dc2b074644618f26939e2,0.9583617747440273,58409,b342b7b661fb944b4817093ef7cc65a9d63bcd5faf31d50a37e20911b2dff7f2,9.711227091000183,measured,-0.009664456840570372,True
0.9825051415164568,C4_m6,6bba_789f8168,0,0,0,6,6,0.982532751091703,675,6bba,10676,7fd84064251190356f188641c0b9910a9bec117719988534f5d58cac7bbbebc8,0.9985974754558204,712,075fc5f5a52d11077f9dc2b074644618f26939e2,0.9985974754558204,10679,f839fe8f4971f6c971768e7178de6e6c774c53bc351b08c2401dcfa970461d3b,1.2851430570008233,measured,0.00028100412139378045,True
0.8072593596710391,C4_m6,6bba_78a7bd97,2,0,0,93,87,0.8041349292709467,739,6bba,40613,344e3384ecdf5c79a155a9eb7a0f5b4f4d1468d52c49ddd38108fdbf1f9bdfc7,0.9616252821670429,852,075fc5f5a52d11077f9dc2b074644618f26939e2,0.9616252821670429,39035,ff21a39b922fc9736190e93719ad93dd42fd49c177b8a4315ca7f17aaa804618,5.554710849002731,measured,-0.038854553960554504,True
0.9183086901877282,C4_m6,6bba_7af54fde,2,0,0,50,37,0.9229406554472985,1042,6bba,9624,5a8220ebf9a89b3b9aa60a7996aa14a5b662afd01172ddbd76158e767a91bf0c,0.97789566755084,1106,075fc5f5a52d11077f9dc2b074644618f26939e2,0.97789566755084,10107,4ca4726ecd5523225b5ca8ad7265880d1904a9926a57b74e54f7cf5600e2a7ea,2.188894902999891,measured,0.050187032418952615,True
0.9748345318868598,C4_m6,6bba_7b5d3b2c,0,0,0,10,7,0.9697508896797153,545,6bba,5780,eeb70563ccc2e94d501c2b969f0f880904d0b27b73a06a0d1c00d20c6120b9da,0.9911504424778761,560,075fc5f5a52d11077f9dc2b074644618f26939e2,0.9911504424778761,5477,06dcfdb2ab75d94160c013308ce2521f8bbd44df429e8673a828ad200beda019,0.7490446230003727,measured,-0.05242214532871972,True
0.99516775308205,C4_m6,6bba_7d3058ae,2,0,0,5,3,0.9931972789115646,1168,6bba,7611,7b4ae99c2cbe618af034e7b78ccd689bb3dbba8dcf73c7b29a2f7918fa3434c9,0.9991666666666666,1199,075fc5f5a52d11077f9dc2b074644618f26939e2,0.9991666666666666,7460,d0dcf6026b9576049392e1aaa95ccb645320c929fba4ee6722eb6af63de5151f,1.7806357000008575,measured,-0.019839705689134148,True
0.9668979463010415,C4_m6,6bba_7f87b3d8,3,0,0,22,20,0.9559748427672956,912,6bba,10581,5aa119b465f036f44a6227b369a17d408cf0b0ed8202e48abca9600640a91874,0.991,991,075fc5f5a52d11077f9dc2b074644618f26939e2,0.991,9372,fbab7924b4f9170f4d0485f984b6d3fee6268c2147970542a116ea65fc68678e,1.988421524001751,measured,-0.11426141196484264,True
0.9435164715167098,C4_m6,6bba_80d12824,0,0,1,26,16,0.9373134328358209,628,6bba,9021,34aa77c1cda18fa6489f94f20ac219c9e51e898df98d8b801d44eff0dcc32ed5,0.9735294117647059,662,075fc5f5a52d11077f9dc2b074644618f26939e2,0.9735294117647059,8424,8297013e9fba05bbc89f780625fed6e48725cd1dbcfe590b949c9bb962c344dd,1.1971256159995391,measured,-0.06617891586298637,True
0.9304909183728157,C4_m6,6bba_825bd1c6,0,2,0,32,44,0.9219712525667351,898,6bba,7586,b4052bb57c712d89342f49ef38fd6f11d98b8e43f59a2b4bfef8d3bf2534d070,0.9896694214876033,958,075fc5f5a52d11077f9dc2b074644618f26939e2,0.9896694214876033,6885,9f27e0b58c4c528fa3d2fe6b3f0dfd660f19d4ba8e0a2b25ff246a4ff55aa357,0.8099981470004423,measured,-0.09240706564724492,True
0.9751586412770354,C4_m6,6bba_87289e13,1,2,0,11,11,0.9690140845070423,688,6bba,14966,354b23d334366c6caa27e5cf45a66823166ede958ddcc071e127f1772f68e871,0.994475138121547,720,075fc5f5a52d11077f9dc2b074644618f26939e2,0.994475138121547,14017,9a51560eb03b1138cc022f4c49558471f0b09413055941adae21064dbaa7f5ce,1.6136091019980086,measured,-0.06341039689963918,True
1.0015678886706267,C4_m6,6bba_8b7818bf,1,0,1,1,0,0.9986206896551724,724,6bba,5828,e2c94ec0e6c4523271e9f1930c1b2f85ce700c373be89467185bf3040dc7dde3,1.0,741,075fc5f5a52d11077f9dc2b074644618f26939e2,1.0,5656,75a68580aeb9a9446ca5edd6534c6e0079c279c901b660b631bb7afc135ef932,1.045486538001569,measured,-0.029512697323266987,True
0.9930529893770557,C4_m6,6bba_907271db,1,0,0,7,5,0.9870410367170627,914,6bba,7306,581de7fdcb5c59dcac542dd388684ce7f6c6d34d335ff6d95292cc778e7eb805,0.9947089947089947,940,075fc5f5a52d11077f9dc2b074644618f26939e2,0.9947089947089947,6861,eea1d94f8616b18032b533c4b6fa86c6e67dcf228242705cad2616786b70d63d,1.0014731779992871,measured,-0.060908842047632084,True
0.9902919773573917,C4_m6,6bba_91951b3a,0,0,0,8,8,0.986159169550173,1140,6bba,11907,69348ad290c323131506de11a077fdeae3103906e2bfc90a3ff666565904d713,0.9974747474747475,1185,075fc5f5a52d11077f9dc2b074644618f26939e2,0.9974747474747475,11408,d1fbafb7ca4f0bff013e52cdeb8a0810c06efe861e8da992ab5c1c2eedce9ed8,1.0681653700012248,measured,-0.041908121273200635,True
0.9745108037478487,C4_m6,6bba_96833384,0,1,0,16,4,0.9724137931034482,705,6bba,4869,afc975af173bd5fb231673860d90d539441300c5e1a022d90d3c61a1818f4c4b,0.9841688654353562,746,075fc5f5a52d11077f9dc2b074644618f26939e2,0.9841688654353562,4764,53cd3ff3868a185af923eeaee195e614875bbd3968a7355b9cc746a8a8cf9bc3,0.693951138000557,measured,-0.021565003080714726,True
0.9755477048558422,C4_m6,6bba_969618f6,3,0,0,7,1,0.9878603945371776,651,6bba,13888,0de6138cc7dda86dfc0df1063c4681fa8636fc6af981ed57d7e73719672cd5b5,0.9926362297496318,674,075fc5f5a52d11077f9dc2b074644618f26939e2,0.9926362297496318,15619,5bd93024d09f938090da3d4259b5e94983339729043e6c1ab15596b93e7b435f,2.5656853020009294,measured,0.12463997695852534,True
1.0057059282163328,C4_m6,6bba_971fa5e0,0,1,0,2,2,0.9947984395318595,765,6bba,5609,fe2ba7e3c6a74bdea576e4f970317140ce011bb3dc944344a0f15d3a6b9638bc,1.0,792,075fc5f5a52d11077f9dc2b074644618f26939e2,1.0,4994,6c2a76b71011f813874717e71949813ecffd222cb2899d34a6f8726c1a990aa9,0.6256613600016863,measured,-0.10964521305045463,True
0.9504980317163145,C4_m6,6bba_9a41d029,1,1,1,39,28,0.9514844315713251,1314,6bba,18231,f77d18cf19c812ed6451d91959844e8edf3c1a73b899dcfe936faa5f4f5c2fce,0.9842969307637401,1379,075fc5f5a52d11077f9dc2b074644618f26939e2,0.9842969307637401,18420,4445add3813ccd48e6c99e83dd423292afdfe2bd47f072de8e4dcecb2c062c96,2.547752476999449,measured,0.010366957380286326,True
0.9501916473745148,C4_m6,6bba_9e23430b,1,0,0,26,22,0.9474260679079957,865,6bba,7708,acec83b67ab5a2c18a1b3ad82c6f576d02504647f269aacf83cccbed1c679736,0.9846827133479212,900,075fc5f5a52d11077f9dc2b074644618f26939e2,0.9846827133479212,7483,5aa19b39f1e2d3c5f6e0addd9bc17cce002d195cf4efd2e4b0415bd8f389fd72,1.069444224001927,measured,-0.029190451478982873,True
0.9870263184430776,C4_m6,6bba_a5e926bb,0,1,0,6,7,0.9815602836879432,692,6bba,8440,fd43c412927b497e8d398da502b07f5a06910974b456c5cc19aa324e50ff5633,0.9973009446693657,739,075fc5f5a52d11077f9dc2b074644618f26939e2,0.9973009446693657,7970,56a39181e1085f79ec03dbb455f21e4e682da93b16aff0111107aa7272949a7c,0.8869669109990355,measured,-0.05568720379146919,True
0.6805018100952969,C4_m6,6bba_a90a0b9c,0,0,0,238,192,0.6702453987730062,874,6bba,36896,af42ecc9bfc9ffd8e7199ab39401efe5f0436af0116776749fef71ee9033ebdc,0.8936355710549259,1025,075fc5f5a52d11077f9dc2b074644618f26939e2,0.8936355710549259,31250,2527ad4593c88385c42dfebc57b3305a46daed2f430f4d8ee65f5110a6ae4a6e,2.627783306998026,measured,-0.15302471812662619,True
0.7239953187686118,C4_m6,6bba_ab78413d,2,1,0,195,104,0.7592592592592593,943,6bba,9241,a70f053252282edde7bae7894616688a1bebd0f39c6e109489c31b9f8b7f0afe,0.8897370653095844,1049,075fc5f5a52d11077f9dc2b074644618f26939e2,0.8897370653095844,13533,1cb3983b89a221b6177c544816ae5f40ddb2b10f6838761f9e83167efc7398d9,2.1760338960011723,measured,0.46445189914511414,True
0.882980331280845,C4_m6,6bba_acd782a8,0,1,0,19,22,0.8835227272727273,311,6bba,19710,a565df1f996709d019207e002f4b20ec577aafd731e2fdddc591a215c1037d34,0.9859550561797753,351,075fc5f5a52d11077f9dc2b074644618f26939e2,0.9859550561797753,19831,707c9886e6637eed583e96e03b74eccebd756e5e06d25ba6bab1728f7f556d67,1.5233783799994853,measured,0.006139015728056824,True
0.9921666335426366,C4_m6,6bba_ae82a791,0,2,0,7,10,0.9885212694125591,1464,6bba,7403,c066b274742fe8ba06f1098682bb68077ad4a1e24c4aac378d0ea218edf844be,0.9979933110367893,1492,075fc5f5a52d11077f9dc2b074644618f26939e2,0.9979933110367893,7130,30a5c5e14bde6162ce16edf3a9413d8a4103a532b17f28a6732d252fe66a63f3,0.8527090729985503,measured,-0.036876941780359315,True
0.9886936706046553,C4_m6,6bba_aeee7805,1,0,0,6,4,0.9870466321243523,762,6bba,5034,ace8edd6487253f1f0d80df3294d78b72243f44815eae2193b7ddf8df4769111,0.9962264150943396,792,075fc5f5a52d11077f9dc2b074644618f26939e2,0.9962264150943396,4950,8fb3829199c0986d28734918476cc8b3cb0e5fb7d7d2ffc1e6b9b7d27bdda28d,0.7652051229997596,measured,-0.0166865315852205,True
0.958987028360962,C4_m6,6bba_af149c94,0,0,0,45,26,0.9471332836932241,1272,6bba,8933,39ccee016c8d94f7a0b34fe192cfd64583d06c18cae5d6b57b8e243e6343ca39,0.98,1323,075fc5f5a52d11077f9dc2b074644618f26939e2,0.98,7815,b46c085b82e39f5d884e5823365c4a7f455f920dd8eac899437f01e7f0062320,0.9227978039998561,measured,-0.12515392365386768,True
0.9579385786321042,C4_m6,6bba_afb141ff,3,1,1,13,19,0.9503875968992248,613,6bba,6054,5bb1d9b9539c71d933df815cbb48db82248e31f94c8521a68c277c9dd5eb6415,1.0,654,075fc5f5a52d11077f9dc2b074644618f26939e2,1.0,5573,ba068e66ec9c1226d62e051f7f2012f796ce06d21f25bc80d4e90e2b0e04e584,1.2968978249991778,measured,-0.07945160224644864,True
0.888425672495319,C4_m6,6bba_b1ae37b9,0,0,0,33,39,0.883495145631068,546,6bba,24298,9cc38e796b3f9d6637cc0ac87541b484e64bd95bbd9709723a2ec8efa45ef739,0.9836601307189542,602,075fc5f5a52d11077f9dc2b074644618f26939e2,0.9836601307189542,22942,a3ede638b3fa534f5abe24e07c2579c494bf149647a784dda97935a4298a8f66,1.8236579009972047,measured,-0.05580706230965512,True
0.966175788474946,C4_m6,6bba_b204cac7,2,0,0,16,7,0.9718826405867971,795,6bba,5092,2cd73e203814013a404e569e0b1821dde01b992e83a9d3e5df403d4b25423297,0.9854721549636803,814,075fc5f5a52d11077f9dc2b074644618f26939e2,0.9854721549636803,5391,76c4f6c6d1f4a01d855affa6a6d8058090af284b2b823434d6434f4a28ccd280,1.0620980380008405,measured,0.058719560094265516,True
0.8815576638770454,C4_m6,6bba_b329af44,1,1,0,90,63,0.8850488354620586,1178,6bba,62465,29720e72b23d9a1f56bd1b22c78510a938ed0005699a0c181b3b70f434d54faf,0.9635258358662614,1268,075fc5f5a52d11077f9dc2b074644618f26939e2,0.9635258358662614,64929,24c842947dac6c9b16a4a19fdbfcbbd08271b34b847f136875e340b1b2d2ee65,6.305061219998606,measured,0.039446089810293766,True
0.9738239034845876,C4_m6,6bba_b693381b,0,0,0,7,8,0.9840933191940615,928,6bba,5558,e76f2b2aa8914377a35b118bb5ce9d645e5fdc0a841a579d26d4231c8e5883aa,0.9969481180061037,980,075fc5f5a52d11077f9dc2b074644618f26939e2,0.9969481180061037,6138,df049053071402804f764639e2f9e218ba93037f7f7dcf5cd70e624520cc4366,0.7562270700000226,measured,0.1043540842029507,True
0.9164579306242118,C4_m6,6bba_bb9f20c3,3,1,0,82,83,0.9159021406727829,1797,6bba,23071,b50bf984aa6b02da5c4d4c6b7ad689aec4cbd69363c25e3a9446c929a2373ace,0.9880519480519481,1902,075fc5f5a52d11077f9dc2b074644618f26939e2,0.9880519480519481,22931,c73d046dac52021ddefe0ece32349b4b7f0f003515835c0d971846321a2eb8af,3.773978557001101,measured,-0.006068224177538902,True
0.9920387428696197,C4_m6,6bba_bbb708ca,0,1,0,7,3,0.9884259259259259,854,6bba,6785,cc5f9acc6589c73380b166bc0f39ad5b0a8dd909808a2cecd686f066988a11ff,0.9955156950672646,888,075fc5f5a52d11077f9dc2b074644618f26939e2,0.9955156950672646,6537,dad2ef69f5e48c6538f66cceabf336552940a4f6699c2e3fda559462d495310b,0.7303421340002387,measured,-0.036551215917465,True
0.9473717748811342,C4_m6,6bba_c27cba08,0,0,0,15,12,0.9465346534653465,478,6bba,6445,55cf5b3d763c0fa826f9a02f3ca4feb5cab4ec28cabbb9cb511f609385e6b67d,0.9864603481624759,510,075fc5f5a52d11077f9dc2b074644618f26939e2,0.9864603481624759,6388,b8cc5f1baf2cb33956e27ba93b8585eb5fc3322fe4b0eaa72af77a624fe2f26b,0.7208718759975454,measured,-0.008844065166795966,True
0.8372248157579596,C4_m6,6bba_c328f2fd,2,0,0,59,27,0.8368121442125237,441,6bba,31228,945270e90b154eccbc4d6842d760f9cc57ea93cf6a6350c65783e6393795a290,0.9217221135029354,471,075fc5f5a52d11077f9dc2b074644618f26939e2,0.9217221135029354,31074,e1a20c6e8a69a782febf99ff75f081b026b165338df337d49da50fbb6b9b9148,4.113460659998964,measured,-0.004931471756116306,True
0.6465272161664675,C4_m6,6bba_c73a1d11,0,2,0,165,93,0.6787048567870486,545,6bba,16315,8320344e65a572d0d0610ef2870f9cdf1bc34cc97a46861ba7e7a2860882c026,0.8738127544097694,644,075fc5f5a52d11077f9dc2b074644618f26939e2,0.8738127544097694,24050,18fc6397fcb90556e10a44799ed3ab5e3bc8a567ecee4d9ebf1ba0972140e33b,2.1082411000024877,measured,0.47410358565737054,True
0.9864062669721236,C4_m6,6bba_cdcfe533,3,2,1,13,12,0.9816176470588235,1335,6bba,29785,6cb39a54999a86f33d6b53ffd59834a149d34689da3f1c97c9720d210d8bd072,0.9992952783650458,1418,075fc5f5a52d11077f9dc2b074644618f26939e2,0.9992952783650458,28332,6a037077ac730a3d0114ac887aa0553c2d3bc2b83763b0c2fe9171e69f4159e2,5.053388871998322,measured,-0.048782944435118346,True
0.9932757306936784,C4_m6,6bba_cf35214c,0,0,0,2,3,0.9939024390243902,815,6bba,34890,a053a47bf10534e3b4aa6254ae930b2974dc684e9dd3aed4d05d386602d69c4b,1.0,842,075fc5f5a52d11077f9dc2b074644618f26939e2,1.0,35110,b3c6865d4e2c648fe11ac4dcf4ad88bc72d84cabdb92d78c6010f4d0d9806abe,2.5776195370017376,measured,0.006305531670965893,True
0.9409163941994662,C4_m6,6bba_cff5865f,0,1,0,46,43,0.9423575129533679,1455,6bba,46362,8a8329126218ea2a5d1998d4d53dcb21ffcabe451ce668868773b3e3a5df51ee,0.9929980903882877,1560,075fc5f5a52d11077f9dc2b074644618f26939e2,0.9929980903882877,47071,95b54612e64238418b719fe7ec932d73755c216eeb24bd0bcf935b0f108d76c2,3.414024588000757,measured,0.015292696604978215,True
1.006365570283096,C4_m6,6bba_d0fc38b5,0,0,0,0,0,1.0,813,6bba,6111,58c7cfabbcb13dbfe49d0c4ad622d06c0a930c25eab763a3a5807d90be806254,1.0,835,075fc5f5a52d11077f9dc2b074644618f26939e2,1.0,5722,fdcbac0518e46200c8326b3c6ac141bf56c27cfc8478da9bad85d6070a9a956e,0.6925417040001776,measured,-0.06365570283096056,True
0.899580986297536,C4_m6,6bba_d1acb6ff,1,3,0,34,27,0.908955223880597,609,6bba,14719,48335aa9911c09b927224b197ea94a2ce6f058ddedd27d00943f6ed44591a212,0.9750367107195301,664,075fc5f5a52d11077f9dc2b074644618f26939e2,0.9750367107195301,16237,7be79532e5babd35f3832ee6ec8baa3d0b1ed690ae3349e9a30a90bb7ce9e73f,1.8744942049997917,measured,0.10313200625042462,True
0.9948066731947734,C4_m6,6bba_d2b9fc0c,2,2,0,4,7,0.9881465517241379,917,6bba,20178,ad26f6febe57f02bfed9064673a2cfd4bb079fe73faf013b5d3ad0dfe7c2fbcd,1.0,944,075fc5f5a52d11077f9dc2b074644618f26939e2,1.0,18818,b8ee36a121f3cb768b5f9b656b6bbe70bdec71b220816c46fececfdba9765142,2.554634920001263,measured,-0.06740013876499157,True
0.9796423358539911,C4_m6,6bba_d3da753b,1,1,0,11,13,0.9724137931034482,846,6bba,17246,d1c0114bd820763912055099f5609a4aad4c9f14ad492eddab96b760a1ca1610,0.9988726042841037,886,075fc5f5a52d11077f9dc2b074644618f26939e2,0.9988726042841037,15964,5c7c1842009f878fc7793830b08958ba89fa49e1d38c55cfbc1284e384a4c8ed,1.80314390300191,measured,-0.07433607793111446,True
1.0086302279265325,C4_m6,6bba_d5eae175,0,0,0,0,0,1.0,519,6bba,4519,e96a3b2ecbbab1289e2d6f3677122e6c13e761c5d072f97496941818e83021c3,1.0,528,075fc5f5a52d11077f9dc2b074644618f26939e2,1.0,4129,b6b827effd04a859bd79f211b4b6003fa793032892f3ecbd062d33e5aff3b558,0.581774210997537,measured,-0.08630227926532419,True
0.9652431243190532,C4_m6,6bba_d6ecebbb,0,0,0,13,6,0.978110599078341,849,6bba,5359,4e720ab95a2c716f7df6cd1f25ce5bee5c54032b7f6f690cefe2b85035040403,0.9932279909706546,880,075fc5f5a52d11077f9dc2b074644618f26939e2,0.9932279909706546,6064,2a17eeb467905335e8a722b5309769731580b061a8165a706a982a4c5f5e140f,0.781120577998081,measured,0.13155439447658146,True
0.9249781806708923,C4_m6,6bba_d82a4fc6,0,0,0,21,18,0.9288321167883211,509,6bba,27716,6ed3c7b96dc19cb024206e17aff7450f8a0bb740f4e9227e086dfc6329dad312,0.9889908256880734,539,075fc5f5a52d11077f9dc2b074644618f26939e2,0.9889908256880734,28866,9b53363090b3cc56500b411b03a949603906536edbe5ccf17f264c16addbb4e3,2.2193381969991606,measured,0.041492278828113724,True
0.979663590319233,C4_m6,6bba_debd7bfa,3,0,1,10,5,0.9795640326975477,719,6bba,11807,804d1b096a3bed0934f2a7ef5f6b49f51339090287182f320756cafb27bdbcab,0.9921671018276762,760,075fc5f5a52d11077f9dc2b074644618f26939e2,0.9921671018276762,11795,fd9947d5328ae43d75ff1aebf788ac80fc101f7beb1543973e8f2e74edc4e069,2.3620227789979253,measured,-0.0010163462352841535,True
0.9707080991862119,C4_m6,6bba_df673a83,2,0,2,7,3,0.984779299847793,647,6bba,19239,283fb0e6ae7a0c53097d6e20d033dc94c80a6edbce0000894dac8577310b6000,0.9955089820359282,665,075fc5f5a52d11077f9dc2b074644618f26939e2,0.9955089820359282,21988,e6b5744802067ca88cdd707a437f20d793590ef27c2ff8e5680e426300c57692,4.122542635999707,measured,0.14288684443058372,True
0.987718316476897,C4_m6,6bba_e16ffc58,1,0,0,8,10,0.9810924369747899,934,6bba,6367,509eaa405c2004a0c47874c0dccd2ad308106e97c96243852655aae7b8e470dd,0.9989626556016598,963,075fc5f5a52d11077f9dc2b074644618f26939e2,0.9989626556016598,5937,e23e560779f6842731576c9ad962ce29d93688e18ad080079ebf88da0b6262e3,0.9598379810013284,measured,-0.06753573111355426,True
0.9842823757624404,C4_m6,6bba_e5e44988,0,0,0,10,5,0.9765258215962441,624,6bba,5615,0433be158c5c4532682533e8ed8ea9fd38924f2b6422eb59aeffed705ebc94cf,0.9894894894894894,659,075fc5f5a52d11077f9dc2b074644618f26939e2,0.9894894894894894,5169,11f668281bd477ef588010c5c83de62ae975f3841a68c43d8b4bc33d02902126,0.6731867029993737,measured,-0.07943009795191451,True
0.9059699951763412,C4_m6,6bba_ebdf3b34,2,1,0,42,33,0.9102870813397129,761,6bba,56847,b96da0020738ef6244a6eaf2ec181a965c769e6e357f9080c320da6f03219be4,0.9822904368358913,832,075fc5f5a52d11077f9dc2b074644618f26939e2,0.9822904368358913,59543,1d6df0538180b0ea3de8b87423d0fc50da42b4787172c2d056eab96f538673f3,7.223427570002968,measured,0.04742554576318891,True
0.6664170438347453,C4_m6,6bba_ebff6e76,0,0,0,230,250,0.6829590488771466,1034,6bba,41596,86a900d14c33d211afc9d2bc437b8e24bd1c55aaf5082375e570fa8a627ea190,0.9446130500758725,1245,075fc5f5a52d11077f9dc2b074644618f26939e2,0.9446130500758725,51671,0933d070a73e5afcd1b2a14639a49ce168c8c59bc72381b059ff74fec7f88e88,4.088974680998945,measured,0.24221078949899028,True
0.9765057614312888,C4_m6,6bba_ed9377fd,0,0,0,11,2,0.9745098039215686,497,6bba,4443,4c957895b9a610df8993d9ed5f2e3875895fefe130855f4c193c13088405dff0,0.9830508474576272,522,075fc5f5a52d11077f9dc2b074644618f26939e2,0.9830508474576272,4352,1dd5c06b3d214d1b101724545e92eff843b55ee638b22a2be1580ec3693a10eb,0.6826967370034254,measured,-0.02048165653837497,True
0.9280282127805635,C4_m6,6bba_edf14583,0,0,0,26,42,0.9152119700748129,734,6bba,59242,4daf835d46a9b706437829b051e376c0d587af43f5ec96b73cbe4d09909f3c65,0.9987515605493134,800,075fc5f5a52d11077f9dc2b074644618f26939e2,0.9987515605493134,50946,7f2dbca2ba81c42c66e80f10239117a064e9fe5cd17c9317243bdac5f3cc1781,3.7031214339986036,measured,-0.1400357854225043,True
0.8834330861884855,C4_m6,6bba_eebc57a5,0,1,0,61,71,0.8754716981132076,928,6bba,9347,e309c0a3486135058417cf15bfbcd8d317b657dcbc39db2c56ef40d4503cbee1,0.9775828460038987,1003,075fc5f5a52d11077f9dc2b074644618f26939e2,0.9775828460038987,8497,69e39ca208e7faa1cc3b4bc2c5294f905ae3a0cb347635b3fbb2d758bb3b2f96,0.9481873410004482,measured,-0.09093826896330373,True
0.9794449860490134,C4_m6,6bba_ef7b4f7e,2,0,0,23,7,0.9751655629139073,1178,6bba,6107,acdcd95dde94d673781515bca8994229ca8613c588a4b6a7e70372c63096e516,0.9878444084278768,1219,075fc5f5a52d11077f9dc2b074644618f26939e2,0.9878444084278768,5839,0842ef052cbf8e5a08337cba1e47c77d618e1e78cdf2e3c4e885c7520add3cc8,1.1055941080012417,measured,-0.0438840674635664,True
0.8396037187187083,C4_m6,6bba_f17befbc,0,1,0,94,78,0.8426349496797805,921,6bba,24963,16bd2dfd00f338f1fee50fbed3ddf5fc0c9ad62178209c66f3f7673802a2f922,0.9666048237476809,1042,075fc5f5a52d11077f9dc2b074644618f26939e2,0.9666048237476809,25861,a3bd54075d3206cd68c7f310e5f3a681dfd10b07380b3aff2be987a585a0c135,2.0771308519979357,measured,0.03597324039578576,True
0.9778729034038276,C4_m6,6bba_f1fde7e0,0,0,0,12,3,0.9665924276169265,434,6bba,9040,af70ebe7de3434587766db9d136584f1ff372b32b9deeaaefe353b3796670888,0.9789915966386554,466,075fc5f5a52d11077f9dc2b074644618f26939e2,0.9789915966386554,7985,b3f0862ced71b13cd5381e2b725b2caeb738475d843418576f7905173bf8b955,0.8470622799977718,measured,-0.11670353982300885,True
0.9820364301226021,C4_m6,6bba_f20478e9,1,0,0,19,10,0.9701952723535457,944,6bba,5973,6fb05226ad715825a81ae1a63cea038746ff14cb3a9b4290c07971c8c8946468,0.9910269192422732,994,075fc5f5a52d11077f9dc2b074644618f26939e2,0.9910269192422732,5244,9be649790b1e189b75e238e7938fb91e9d3eaeead08e5fde36e469d8def5b228,0.8320350949979911,measured,-0.1220492214967353,True
0.9858285302660539,C4_m6,6bba_f4ae811c,0,0,0,6,3,0.9907024793388429,959,6bba,8903,6edccf9b5432d433fe1a41a9f4035ee1dbc941712e26d0339317b4da40af9649,0.996003996003996,997,075fc5f5a52d11077f9dc2b074644618f26939e2,0.996003996003996,9341,bdfbd3ec4504f2c67b5897aceb5adff5a2ce99e2ed6e4b80bf850b63cad9229b,0.9205457529969863,measured,0.04919689992137482,True
0.9163071412785333,C4_m6,6bba_f8ffd5e7,2,0,0,14,16,0.9222797927461139,356,6bba,29540,5e51bac111a3c7c442a8a22a4fa37ab9fb29f4203b5ac930c9c441ad88450ec1,0.9948586118251928,387,075fc5f5a52d11077f9dc2b074644618f26939e2,0.9948586118251928,31453,16e12045e9f4f03d4e13144fd707654d4e90f9334c65b39e2045e9a29a1d3f9e,3.8668711760001315,measured,0.06475964793500338,True
0.982724071281678,C4_m6,6bba_fbc898dc,0,0,0,4,6,0.9844961240310077,635,6bba,4889,7dfc7935ad088462b814861c62cbec5a7fab94121430b06718931a0882c99678,1.0,655,075fc5f5a52d11077f9dc2b074644618f26939e2,1.0,4977,aa0affb44ef18afddd39726159febbf6181e8931fb6b45c8042e9750b6e95dbd,0.6121602700004587,measured,0.01799959091838822,True
0.9799276793141525,C4_m6,6bba_fc516dc6,0,0,0,13,11,0.9689521345407504,749,6bba,7866,d11a5e251fd065c607d87da0fd330758090aa8dd7b935db48cc4a9bcfeca5165,0.9911167512690355,781,075fc5f5a52d11077f9dc2b074644618f26939e2,0.9911167512690355,6975,cbebad6528520abe75f499d8a93c6da7d2adb293551d5b0527724e19688e6dba,0.8299957310009631,measured,-0.11327231121281464,True
0.8906034114878623,C4_m6,6bba_fc5f39dc,2,0,0,30,10,0.9145299145299145,428,6bba,14020,366936d703dead67afa06e598034bf7a135f2937f0ff50e64b72215b60c52694,0.9532908704883227,449,075fc5f5a52d11077f9dc2b074644618f26939e2,0.9532908704883227,17688,7dab2735bb2bddf1b4185c31ed13c5fe67b544f70d6f183b80cdd8c4c2a020fe,2.3919963170010305,measured,0.2616262482168331,True
0.8541332177977989,C4_m6,6bba_fc83837d,0,1,0,87,62,0.848730964467005,836,6bba,13087,c58ec6d8cf4e733364bc67d3df69f3bdb75e01cce444b9a27b98749cac8a879d,0.9508881922675027,910,075fc5f5a52d11077f9dc2b074644618f26939e2,0.9508881922675027,12254,a9467fab1f4a5a0c395c0ccafa45e9bb5024092f27029126cf438591a96e9c36,1.269421307999437,measured,-0.06365095132574311,True
0.9897312284275447,C4_m6,6bba_fe670320,2,0,0,8,5,0.981021897810219,672,6bba,10836,c73c2bea0fd6ea2a854e7984d35da5ab19d81ac77ef7d9a8ef69cd6b79e11b3e,0.9916201117318436,710,075fc5f5a52d11077f9dc2b074644618f26939e2,0.9916201117318436,9874,24ef098b5d2c731b31a2f8ef80bbbc420e183d49382164d5ccc5ec63bda51f4d,1.4684992549991875,measured,-0.08877814691768181,True
0.960391380314502,C0,44b6_0113de3b,0,0,0,2,0,0.96,48,44b6,25755,e920e3bc4e0c33243235a782e983af504271a1120112b71d76bb4d36b427da2c,0.9423076923076923,49,075fc5f5a52d11077f9dc2b074644618f26939e2,0.9423076923076923,25650,6dea947fdfab46e25064a63982a9b9b01a5e2d1331b94b35aa645b38255aa048,0.5671843190011714,measured,-0.004076878276062901,
1.0167466382070436,C0,44b6_0b24845f,0,1,0,0,1,0.98,49,44b6,32795,5db97dcd6a49c0f08996614c46a0d56050e04e99cfb3e8f1cbe7ed2b457d5036,1.0,51,075fc5f5a52d11077f9dc2b074644618f26939e2,1.0,20498,f66a698523e97105067229f4d904db1d1514e1858748e66143c6231a00ec3a15,0.3246850599989557,measured,-0.37496569599024243,
0.9066295389029491,C0,44b6_0c582fdc,0,0,0,3,4,0.9054054054054054,67,44b6,27958,4cb0cabe90dfdb3f63b3d083e08e36562e1e7e5c40f508511e425c702dd09da5,1.0,71,075fc5f5a52d11077f9dc2b074644618f26939e2,1.0,27580,2872ea8553f2ea245f3e99c4dbd5cd7704d43c371c26c70f03e5479e15255dd6,0.6581375799996749,measured,-0.013520280420630946,
0.9708356203723898,C0,44b6_0db75fae,0,0,0,2,0,0.9867549668874173,149,44b6,15335,75087b524b125f393597693bd12c7a9d0312139153648549ee75caa4392dd70a,0.9808917197452229,154,075fc5f5a52d11077f9dc2b074644618f26939e2,0.9808917197452229,17809,ddece0f1c0fe67d4c8617c7589eb65d622f53f122a14950b91d43ed07ff5f29c,0.504838123000809,measured,0.16133029018584935,
0.935966114094523,C0,44b6_12dfb391,1,0,0,36,33,0.9143920595533499,737,44b6,58672,8b0cea30f4314e2f9ab11c8e32bd60c275921ea77776168dc24b0ae1860f3c6e,0.9873096446700508,778,075fc5f5a52d11077f9dc2b074644618f26939e2,0.9873096446700508,44829,bec6c197cd8c082c262eab4347e6871bd1c0a7ac7773609de717cba6cd8dcd7e,1.6230167739995522,measured,-0.23593877829288246,
0.9942787487713352,C0,44b6_144b256d,0,0,0,3,4,0.943089430894309,116,44b6,65376,29110a697a5c60ef162650de3d396b8ce42af2fda48204bb1379a146d140bb45,1.0,121,075fc5f5a52d11077f9dc2b074644618f26939e2,1.0,29891,ec8b0df92e675d43047dc1f142fee93ba6d71406b9af4912181fa6c75369a41b,0.5881733450005413,measured,-0.5427832843857073,
0.8846294637696386,C0,44b6_1574802b,0,2,0,9,8,0.8944099378881988,144,44b6,17677,991e0dea3312a8f06b518e2b5354cf71062bbb576f3da6d0b609ef3ce5d27e7c,0.9612903225806452,149,075fc5f5a52d11077f9dc2b074644618f26939e2,0.9612903225806452,19610,66c513d5a67ea6a2d993ae98a5e7a79f94b03d044c4d3b5a485cf5b2de5b8ee2,0.4191911260004417,measured,0.10935113424223568,
0.8251863225821824,C0,44b6_18ced818,0,0,0,8,12,0.8198198198198198,91,44b6,78644,92528989064d9b213406135e581880abb2536a878b045082603e356e75b8d347,1.0,100,075fc5f5a52d11077f9dc2b074644618f26939e2,1.0,73496,4bf22ba4b68ca1708e46a27c1d25d9e0cbacf67a3a1e322a40a3fd0a2be4747a,1.326159516998814,measured,-0.06545953918925793,
0.8017264480111654,C0,44b6_1d530831,0,1,0,27,33,0.8026315789473685,244,44b6,35825,d5cfd96474d9cd3a6c4484dede180cc6302ef25c7a21ce3a660e50ba1432d963,0.9782608695652174,270,075fc5f5a52d11077f9dc2b074644618f26939e2,0.9782608695652174,36229,6cbb659c9fd8c6dabde02243406c11e050cdb413b86d74ff538d3c14b9c20b64,0.8053651330010325,measured,0.011277041172365667,
0.9118007592200251,C0,44b6_24264f12,0,1,0,8,12,0.9141630901287554,213,44b6,26353,b24cb4dbf3e131f4cef3d9e7424b149570673df5629d9b0151095d5dfc144008,0.991304347826087,228,075fc5f5a52d11077f9dc2b074644618f26939e2,0.991304347826087,27034,d91f5f2798e5d104cdee111c149a44de9c83216651b47832197df5fcbc261912,0.6492642810007965,measured,0.02584146017531211,
0.8494511238891793,C0,44b6_267148e4,0,0,1,17,24,0.8637873754152824,260,44b6,19130,7b388e055396523bdac4a869dc4b9cba00912ed7830b62182209090a56e10ea5,0.9964285714285714,279,075fc5f5a52d11077f9dc2b074644618f26939e2,0.9964285714285714,22305,66a4f5257985b3a557750cb3c0c4c1f3027b3ee2f562d52a6ab996debb10e68e,0.524526805998903,measured,0.16596968112911656,
0.8858814708883782,C0,44b6_2a2eff9f,1,0,0,12,20,0.8608695652173913,198,44b6,56367,99139d338235369b4f96643074ffdc0d342569a71a8bf198edc030c349d8907b,1.0,214,075fc5f5a52d11077f9dc2b074644618f26939e2,1.0,39990,1b64646a6e8372c092d60697209fb69efb7d52e8a3999123a8f124c475ac07c7,0.8834688790011569,measured,-0.2905423386023737,
0.5474189154723984,C0,44b6_2f31fc2f,0,0,0,20,36,0.5371900826446281,65,44b6,24368,b1166afcb234f5d5b8b0296bbd7dee13b7b9a39986a4f1950314fbeacc8ad3cf,1.0,89,075fc5f5a52d11077f9dc2b074644618f26939e2,1.0,19728,7d31afd98deeb63733834ed014e1aacbf2a7768e45a83906dceff2bc1a8e059b,0.4868313720016886,measured,-0.19041365725541695,
0.9975053579082727,C0,44b6_33b596bf,0,0,0,0,0,1.0,49,44b6,23330,5b963d046eb2776379a9cfbe829f645058792e9e0efdc51afe93f289b292f4b4,1.0,50,075fc5f5a52d11077f9dc2b074644618f26939e2,1.0,23912,489a0ff1ada72185a24c92b00a11611540e9ad1481879289794f111dc90d6e28,0.4979164470005344,measured,0.024946420917273896,
0.9824606015993576,C0,44b6_341df25f,1,0,0,1,0,0.9952153110047847,208,44b6,7436,81a3a1a44fbd60967df5b00b745d5069c9f0d4cefd1ed744d9b26aa08ba585df,1.0,216,075fc5f5a52d11077f9dc2b074644618f26939e2,1.0,8389,8bed591f15884e4994d4516c30a5f20b1050d46105e70dfd39aa1a6c37d15aea,0.3426201940001192,measured,0.12816030123722433,
0.955054349400524,C0,44b6_3a861e03,0,0,0,25,26,0.946031746031746,894,44b6,40546,519ffc2f42843465f0823877dd9f761f351d6abceddc3c963506cc112401b600,0.9882352941176471,924,075fc5f5a52d11077f9dc2b074644618f26939e2,0.9882352941176471,36679,29a6b6fbde98d0c76eb3c9926a546a06a85d1e53ed43ac0f2845d930a8154cc4,0.6321048200006771,measured,-0.09537315641493613,
0.9052967215251538,C0,44b6_3bb3690f,0,0,0,25,34,0.8627906976744186,371,44b6,31937,b8369f01df88241305ce55ea874fc4184d1a957a2310561ea0ce7d89ac570954,0.9925,397,075fc5f5a52d11077f9dc2b074644618f26939e2,0.9925,16203,00538c8673da0125b0873cbdfe46c2fb72d6ae4edddcdd28812bfcd7785cd10e,0.43951558700064197,measured,-0.4926574192942355,
0.9263961369942796,C0,44b6_40c45f5a,0,0,0,6,11,0.9186602870813397,192,44b6,32681,a8d4f036605c372928f22345b56094067c6b6766083856803a35a75f34692c7c,1.0,200,075fc5f5a52d11077f9dc2b074644618f26939e2,1.0,29929,d94a474045043c448b91cdeab201ff65bb0074c69a49010aac0318d00ec3edf2,0.6873450000002777,measured,-0.08420794957314648,
0.9717158157329132,C0,44b6_415c0a3a,0,0,0,10,12,0.9341317365269461,312,44b6,57292,5a684d3a4ec3898603b952f8f87995524aef77b1a60fc29f140847a0bca3ecb7,1.0,331,075fc5f5a52d11077f9dc2b074644618f26939e2,1.0,34241,cc1b9a3e2f0bbe2bc932cfce31bed98c5c60f20153940e6bf92cccd94985a6bf,0.5911916100012604,measured,-0.4023423863715702,
0.9604941606243427,C0,44b6_53f95252,0,0,0,2,2,0.9428571428571428,66,44b6,38715,abcf86488d9e53e7feff32b1baa012a76add54715a6bd472aabc517db8ab47f1,1.0,70,075fc5f5a52d11077f9dc2b074644618f26939e2,1.0,31473,ca4c821ae85d234a0cd8922ad800c4f49675816e90af4d2dfa1b91f0b0eb842c,0.5534270130010555,measured,-0.1870592793490895,
0.8051518895264926,C0,44b6_551a5dba,0,1,0,26,33,0.7704280155642024,198,44b6,57627,3bf23784084aaa2a359dec872c8808175300a65b8a0bdf4ef5a6d86dacb04f3d,0.9780701754385965,223,075fc5f5a52d11077f9dc2b074644618f26939e2,0.9780701754385965,31654,c9013e5264d45bf18f6080859fd91d42798db668678c3e594852f16141593f7a,0.7584652890000143,measured,-0.4507088691064952,
1.023701372031193,C0,44b6_5740d24b,0,0,0,2,1,0.9824561403508771,168,44b6,19730,b72c95b3199638461070c970980c4a38614db27d8aac0404df5191d1833aced4,1.0,173,075fc5f5a52d11077f9dc2b074644618f26939e2,1.0,11447,5dec36893049c6d90601113e67bf2ee83914d989c956bda22063f163c8dd680f,0.26055111499954364,measured,-0.419817536746072,
0.9751402739668176,C0,44b6_587a1e22,0,0,1,3,5,0.9787234042553191,368,44b6,18137,a8ec5380571eea27e97fe659ffcdf4671de2f18c899fe83b4f368340556b0542,1.0,381,075fc5f5a52d11077f9dc2b074644618f26939e2,1.0,18801,ee1757df407a9de39b289eaf50a1c3c3ee48c5e822190251720d6dfbb84d4be9,0.5214598649999971,measured,0.036610244252081384,
0.9089752596515862,C0,44b6_5f15d135,1,0,0,16,17,0.8862068965517241,257,44b6,29519,3fd9cdd4b9f9e7cc6c92ddb90244ba952aceb80a88843329d7019534af076104,0.9856115107913669,274,075fc5f5a52d11077f9dc2b074644618f26939e2,0.9856115107913669,21935,8ed4970fa7c412227d36e54513467f6776022eae4a502609e282b0966e1efcab,0.5510778179996123,measured,-0.2569192723330736,
0.9600843954263641,C0,44b6_668e0cc7,0,0,0,14,21,0.946319018404908,617,44b6,39701,b884d72000e65661b796790cab14bee629a37ca5aed65af399bed412934fdc05,0.9984447900466563,642,075fc5f5a52d11077f9dc2b074644618f26939e2,0.9984447900466563,33926,ff6f0308db5a02d8b870300f1e4b1cca757f92120c7210642a25a7373724ae15,0.8826256189986452,measured,-0.14546233092365432,
1.039217046101309,C0,44b6_66f9292d,0,0,0,1,2,0.985,197,44b6,52710,fbf1220008817ad17ff8387a7875d556e88834829da4a0ab7280dce5c23bb335,1.0,200,075fc5f5a52d11077f9dc2b074644618f26939e2,1.0,23697,54efff4913bc4d7671f8d5c23ba4ccf0ee35a904300bd5a296a9e1f6122e3aed,0.4241044669997791,measured,-0.5504268639726807,
0.7575070369062297,C0,44b6_706092f0,1,0,0,21,17,0.7164179104477612,96,44b6,69898,7dcf59cf1cdf2c0f0692568df4b5ee43183679c4987f0905f468b9385bde1cba,0.9491525423728814,112,075fc5f5a52d11077f9dc2b074644618f26939e2,0.9491525423728814,29809,ff1f0a6b120d29d37dffb23632712279ac2c8bdda0895d068fc7eef6f8776b84,0.71960074999879,measured,-0.5735357234827893,
0.7260197906010947,C0,44b6_71a4179f,0,1,0,19,26,0.6896551724137931,100,44b6,67688,814e9f6acfe8f3f62f6201015f534e125791f403f516132c7da66b151d73019f,0.9752066115702479,118,075fc5f5a52d11077f9dc2b074644618f26939e2,0.9752066115702479,31997,455031e50c3b11b2ccf0cdadf4a4851dc52e8026e0309b51ef3fff5267612ed7,0.5968224050011486,measured,-0.5272869637158728,
0.956046342633852,C0,44b6_74d0c52e,1,0,0,6,6,0.9172413793103448,133,44b6,15090,b27a2a71f57746309dab4b2b514ae6f6421f33aeb6d40f10872a2ce4a332eb19,1.0,140,075fc5f5a52d11077f9dc2b074644618f26939e2,1.0,8706,48f44eb6bca7409fdf63d91db61c4510331e92e4a3bc405cf9cbc1883d15141b,0.27204735499981325,measured,-0.42306163021868787,
0.9531534045312551,C0,44b6_7a302da0,1,0,0,17,24,0.9227871939736346,490,44b6,66858,c5fd7f858ff2d1cbda0902603b10ed3fd4927d68f53df476b3de0e4e6e8894f0,1.0,516,075fc5f5a52d11077f9dc2b074644618f26939e2,1.0,44857,f777450af3cb18693518c15d13bf8f000e2d8ae8464c37784cc445ae0da7eb8a,1.0088794860002963,measured,-0.3290705674713572,
0.9664278566642759,C0,44b6_7e557709,0,0,0,16,14,0.9477351916376306,544,44b6,56060,d024a63a46901d6ea03f0861ea5b8e6dbdb49c57e554df1ee3797cbf613c8d2b,0.9929824561403509,566,075fc5f5a52d11077f9dc2b074644618f26939e2,0.9929824561403509,45003,3565174f78e118d932fd75e50eea82c04f3d8991bc8f0ea629a459ca5a2848a4,1.136449845000243,measured,-0.197235105244381,
1.0041100241392453,C0,44b6_808952d6,0,0,0,0,0,1.0,179,44b6,15742,794d6d0b7a84a76531c17dd1d477254fb39c533f0bf4a56aaaba15da3e9db720,1.0,181,075fc5f5a52d11077f9dc2b074644618f26939e2,1.0,15095,5886b867c436aaf75828ee98d46a5e5513329117615e0b01f7c6c0db05a03a91,0.40356222999980673,measured,-0.04110024139245331,
0.9877437325905293,C0,44b6_81c256f0,0,0,0,0,0,1.0,197,44b6,10052,3f1d8bc910b4abd380bfde1f9014d2bfd021197d21bae665c022ef78a3f46e3e,1.0,199,075fc5f5a52d11077f9dc2b074644618f26939e2,1.0,11284,df1c4cabec4ab9767dbf0096dd840f14f03b6748c6182fd9155277d3043572b3,0.2527679660015565,measured,0.12256267409470752,
0.6038993590219217,C0,44b6_87bba6c4,0,1,0,35,39,0.6063829787234043,114,44b6,28102,514cecd84f0614c8ead31e8c0806c0d0c0f24cf8ddb5349938de82ff7746f7e5,0.934640522875817,143,075fc5f5a52d11077f9dc2b074644618f26939e2,0.934640522875817,29253,2c409c5331f1442e635e2b002a87667bd725d353b877dcfb062317aa2cbdbb1d,0.5053537370004051,measured,0.040957938936730484,
0.9997625944627231,C0,44b6_8cc6506c,0,0,0,10,6,0.9601990049751243,386,44b6,32172,64e3b926b7c4e91cc6df26d73d3327b0aac04e52c182c5db8f1bfe0a8cd9b893,0.995,398,075fc5f5a52d11077f9dc2b074644618f26939e2,0.995,18916,636afd311eb3f7131aec60a2bb7c03b468d1db22c6c3576efb2869d85c3d20ab,0.5907971710003039,measured,-0.41203531020763395,
0.8626784596172499,C0,44b6_8f5ab931,0,3,0,40,49,0.8637059724349158,564,44b6,27571,b6604de2986c5e7c97f79d0125a9b11aea87e43bf1e360556d6856c2a3bc5bad,0.9821428571428571,605,075fc5f5a52d11077f9dc2b074644618f26939e2,0.9821428571428571,27899,8b5e676cdd9aa66df9d854c96ce673a353e6e4724a602a126805c9863c0bcec8,0.6884443090002605,measured,0.011896557977585143,
1.014402636982793,C0,44b6_8f9ecab4,0,0,0,6,5,0.9706666666666667,364,44b6,74833,3e678c96174315e48e11fb0afe865f3bca01600481bdbc5633f3b9e481750bda,1.0,374,075fc5f5a52d11077f9dc2b074644618f26939e2,1.0,41115,78467a85fc2f60c875776c393256390321e6d0d1e5bb20a38db7a0dd7258a090,0.7723055360002036,measured,-0.4505766172677829,
0.8032402674476962,C0,44b6_90724892,0,0,0,9,15,0.7966101694915254,94,44b6,25532,cc05c19800d2a38854f84491e3a66ea8991a71e5d89970e578dad98bdf291e8b,1.0,105,075fc5f5a52d11077f9dc2b074644618f26939e2,1.0,23407,54b44677a71cd8622d3b87ec28e729f27d75637167bd42fa68965d31325654f3,0.42474107399903005,measured,-0.08322888923703588,
0.8184841187937163,C0,44b6_949adeb1,0,0,0,34,40,0.8229665071770335,344,44b6,37179,cf6c11ffe202996b101ec28fc4e18ad98ebf0d23d70192860c50c4fe4906bfc0,0.9768041237113402,379,075fc5f5a52d11077f9dc2b074644618f26939e2,0.9768041237113402,39204,54e03cf19ad72612117d93b7868daf29b80c3c531c6ea230e0c721541e6ea99d,0.8675777520002157,measured,0.054466230936819175,
1.0071691532648712,C0,44b6_95029e92,0,0,0,0,0,1.0,198,44b6,5161,9e74cdb9a38ba2061dc7e118ec838e2432128d927ed8e296d248114b5851e09b,1.0,200,075fc5f5a52d11077f9dc2b074644618f26939e2,1.0,4791,bfb5b02171a65e6c9f1b144e98414ab13b3b7ac078596a161030a1b5de4fee7a,0.15108129500003997,measured,-0.07169153264871149,
0.9741756086046353,C0,44b6_97725144,0,1,0,3,4,0.9688888888888889,218,44b6,35774,5169bf239bfd995ba2818c451fbe770857d5155d7bf6c7bcca06fae5d892de6e,0.9955555555555555,224,075fc5f5a52d11077f9dc2b074644618f26939e2,0.9955555555555555,33822,39e2e954da3fc2d9e6470b0f771e5a54e8d48edc0bf2a4f9c7440c66c85b811b,0.5791614189984102,measured,-0.05456476770839157,
0.9542350671581131,C0,44b6_996155de,0,0,1,7,2,0.9762532981530343,370,44b6,7573,831465bf918671f358dc618d9437f594d0f42cab5b79b90b24e063ca1304c3fb,0.9868421052631579,375,075fc5f5a52d11077f9dc2b074644618f26939e2,0.9868421052631579,9281,b9058b6422d2b3984fc70ff0f386cf2b462e6c1185e2780b7a9de0bdc0137288,0.36222763400110125,measured,0.22553809586689555,
0.9213736770011831,C0,44b6_9be80b04,1,1,0,13,17,0.8734177215189873,207,44b6,57877,acee47d6712152fc95379c1d5bc3c1d1fb612ca4e88c8f6f6f736aac640b9e9e,0.9864864864864865,219,075fc5f5a52d11077f9dc2b074644618f26939e2,0.9864864864864865,26099,cbda274f4320c910542f4f9aee025ec11e09b538db5569528d75e2d20ee5e79a,0.7951565710009163,measured,-0.5490609395787619,
0.9047325149503728,C0,44b6_9bfa6a0a,0,0,0,15,21,0.8714285714285714,244,44b6,64308,36fc9b4af32cdc94daa710a5a03f0cd3defae300010eb14350d5be249b462e9c,1.0,264,075fc5f5a52d11077f9dc2b074644618f26939e2,1.0,39731,cd43f41f0fa7c93f86a39f7e02b8986c7c4ca8f2b4d0939dc5cc01882203dd29,0.9160742650001339,measured,-0.38217640106985135,
0.9939192557104143,C0,44b6_a21120c2,1,0,1,2,1,0.9895470383275261,284,44b6,23040,df7c162fb511ca9f3511852037a6942af530128ceb0545f35960d25364531b5d,1.0,296,075fc5f5a52d11077f9dc2b074644618f26939e2,1.0,22022,3dd4823857dedc77621e3753314839522c513d6a920aeec048c472c3f7ae32cd,0.736099251998894,measured,-0.04418402777777778,
0.8564781265729929,C0,44b6_a2bb48bb,0,1,0,34,39,0.8374164810690423,376,44b6,60613,57a5f60c51e97ff5fb872d128c842f81522302300abe986591c2889b6cb545b3,0.9975961538461539,415,075fc5f5a52d11077f9dc2b074644618f26939e2,0.9975961538461539,46816,1de4e08bb293f20cebccb036956f401d8348056ec3071c547b119991db9c4b60,1.124924813000689,measured,-0.22762443700196328,
1.0151886238317684,C0,44b6_aaf8b0ea,1,0,0,3,0,0.9854368932038835,203,44b6,22099,a102c224b75a879e80a13b384cfdf86c9e88233581aa4cd416e600c366f6a91d,0.9904306220095693,207,075fc5f5a52d11077f9dc2b074644618f26939e2,0.9904306220095693,15427,7ee8bfc059351eced5b9d3139b9ebf84a7915f2a99d03290732700ef31a71e2d,0.5501637260003918,measured,-0.3019141137608037,
0.9936209855169731,C0,44b6_abf82518,0,1,0,0,1,0.9894736842105263,94,44b6,27604,fe14333bc7408c434f7a1fcc915920fe971e5c7140a61e0498ee4b15a62b2695,1.0,96,075fc5f5a52d11077f9dc2b074644618f26939e2,1.0,26447,760768d95b762e27b3a32ee0bb29024aeb334a566f28d2eabb5ff1bfa55834f2,0.650866677000522,measured,-0.041914215331111435,
0.872183789679561,C0,44b6_b2c44266,0,0,0,14,15,0.8415300546448088,154,44b6,59729,89a3f4d18a1e40c73a90864152449bd7ed4ed1bdaa9607cb1fb6233048ad844b,0.9647058823529412,164,075fc5f5a52d11077f9dc2b074644618f26939e2,0.9647058823529412,37972,b53c9b2e088556d917ca6f08f2ad48781e8db4be0fcf3d1a2ae51992a56684e5,0.8843473710003309,measured,-0.3642619163220546,
0.920541815449504,C0,44b6_c15fded2,0,0,0,4,5,0.9158878504672897,98,44b6,20585,610d71cd1fff8f9fa164f16e4f866e8ef2c14378a524be93cf567979cf104ca9,1.0,104,075fc5f5a52d11077f9dc2b074644618f26939e2,1.0,19539,9a51a2c387ee1b9fca700acee4b0ebb7ec690b037c6169712efd4ab2d482f776,0.3872015309989365,measured,-0.050813699295603594,
0.8271453610493059,C0,44b6_c50204e0,1,1,1,32,36,0.8116343490304709,293,44b6,47078,3293e74e5b1a1057784c4b8acf8f9d40b9514b48f0de918de610db5401c94f9f,0.987987987987988,329,075fc5f5a52d11077f9dc2b074644618f26939e2,0.987987987987988,38081,6de736cefe2b6ac63ef67684515d9cd18e9d4fc8ba154cc1ee686be2fb55e1a0,1.2291823380001006,measured,-0.19110837333786482,
0.8485041705891777,C0,44b6_c771cb04,0,1,0,19,28,0.8127490039840638,204,44b6,53345,6f0f6d09a810a553bae24df9e433796287fd5c9fb509f0d85135d8e1ec0dd9a1,0.9911894273127754,225,075fc5f5a52d11077f9dc2b074644618f26939e2,0.9911894273127754,29877,f8e99766a50cdd04874d0e969484864f4624c6df77c993d933334c3ab7af5eec,0.750237788000959,measured,-0.4399287655825288,
0.865881688437251,C0,44b6_c8e2a523,1,0,0,11,15,0.8547486033519553,153,44b6,33144,2838ec9a9c860e2e4a7100603e68a1c0ae948697cf1f642d54c93a37a366ac77,0.9821428571428571,165,075fc5f5a52d11077f9dc2b074644618f26939e2,0.9821428571428571,28827,d23179b55b1ecee8058d99160524c5baa1294d713b3db78a7fcf61194cff684c,0.6750996950013359,measured,-0.1302498189717596,
0.9482552720195906,C0,44b6_c96cfa10,0,0,0,25,18,0.9321766561514195,591,44b6,46236,105ed53be97b3ea48f6656386d215601769b538df9449926ab3a6b5b4280b068,0.9809220985691574,617,075fc5f5a52d11077f9dc2b074644618f26939e2,0.9809220985691574,38261,1d7eaa9b7e00aa620de461b2fbd9372553db8f72d6304fa0271959b5382c0cbe,0.909146050000345,measured,-0.17248464400034605,
0.9299215165250662,C0,44b6_cf2536e8,0,0,0,4,6,0.8765432098765432,71,44b6,57565,dce9c4aecc64d1bede45f464568114ce9d5ebc467514b402782ae80970a52bc9,1.0,76,075fc5f5a52d11077f9dc2b074644618f26939e2,1.0,22510,5ff9c673486250fe768122436d36ee0eed8a28d4b3e4010a9b459f111420119a,0.4305472150008427,measured,-0.6089637800746982,
0.9529736688927326,C0,44b6_cf8fed6b,0,0,0,4,6,0.9484536082474226,184,44b6,43729,9d2e3320c212ddcd7aed8d550822d5ef0ee1782bce0f1ee97d6f5e5ffea93308,1.0,191,075fc5f5a52d11077f9dc2b074644618f26939e2,1.0,41645,5ee5e8acf25f185a91179a39179c669630b9ac814c387a58aa929952fdec4356,0.7116750380009762,measured,-0.047657161151638504,
0.9633622591976261,C0,44b6_d29c9ab2,0,0,0,26,29,0.9594694178334562,1302,44b6,38055,58f9124109ee3841506460f1fb83d02835687a64d2c136051508733b8d4070af,0.9940872135994088,1345,075fc5f5a52d11077f9dc2b074644618f26939e2,0.9940872135994088,36511,fd4ebc0aa27869a123502f2312f7911d5bcd07c7a7851dc68e02caa8244492fe,0.6580032269994263,measured,-0.040572855078176324,
0.9960594016402642,C0,44b6_d2f34f90,2,0,0,7,4,0.9614035087719298,274,44b6,24074,85f0f77d8adbf8e4a651673430c2848ba5afa284b1dafc8c8bdcfefe78b186cc,0.9893992932862191,280,075fc5f5a52d11077f9dc2b074644618f26939e2,0.9893992932862191,15396,e85690072fc3eb446887b5b3c60867324cdd6850d019b3a7f7a4fd0e6ebbccb2,0.8140895610013104,measured,-0.3604718783750104,
0.8574061572468379,C0,44b6_d5e7d891,2,1,0,64,77,0.8546391752577319,829,44b6,44848,73494a5d0d6f7069f29c1cc25cddc00f6b2cdff376a8f08ea354f7225ea621a0,0.9922737306843267,899,075fc5f5a52d11077f9dc2b074644618f26939e2,0.9922737306843267,43396,c9ef276cce89b34c7373d817d10beacfc4c83a170a6ab080623e1f7c7178696a,1.2682959489993664,measured,-0.03237602568676418,
0.9364812307956767,C0,44b6_d754aa59,0,0,1,2,2,0.9444444444444444,68,44b6,5171,ef7d1315d1aae152dc7cf73effd4985a9719429bc182719e9df566d42aee7dd2,0.9861111111111112,71,075fc5f5a52d11077f9dc2b074644618f26939e2,0.9861111111111112,5607,3a6d1cafb1e7e09acb7b3d2d57f795db7be28779b28b6bc85532ecfc4a6837e0,0.1958823829991161,measured,0.08431637981048153,
0.8933843286828653,C0,44b6_d78e09d9,0,0,0,25,23,0.8987341772151899,426,44b6,22259,4f693e4e89bcf87c15b8f66354e65ca56b0042917f5d4c3264d0c508d541681c,0.9740820734341252,451,075fc5f5a52d11077f9dc2b074644618f26939e2,0.9740820734341252,23584,feeb9ab5650fbabacd72abc886d59267c0744546f569c6d2b48a78416b4fc9bf,0.5141518250002264,measured,0.05952648366952693,
0.8967110430672968,C0,44b6_db3c847b,0,0,0,9,8,0.9,153,44b6,15023,7e37fe8c3be7e62679ae02441745987c3ce8d5ba110312354bf9276a23e6c9d5,0.9757575757575757,161,075fc5f5a52d11077f9dc2b074644618f26939e2,0.9757575757575757,15572,8e6ddce0326b8b7d97b444f28b4fd14ac2b6c51155e9fa39fa1d71abd6a90745,0.4557483759999741,measured,0.036543965918924316,
0.8798437890900633,C0,44b6_ddf577ad,0,0,0,43,59,0.8555240793201133,604,44b6,53492,0fb42a752bf5e387b9468e8d206fdb144fbe2c9a3f4238374cfdd865044d2a64,0.9893778452200304,652,075fc5f5a52d11077f9dc2b074644618f26939e2,0.9893778452200304,38286,d9184c1a13c6a0848246532189ff625c2ca42aa9a886a7ef767df0ad9d7895c0,0.7487465789999987,measured,-0.2842668062514021,
0.9194248777885922,C0,44b6_deabac95,0,2,1,3,6,0.9307692307692308,121,44b6,13989,61447b62585e30c41300c43343f12b8767ec854e235c3806367c0dd10c6cfb6a,0.9920634920634921,125,075fc5f5a52d11077f9dc2b074644618f26939e2,0.9920634920634921,15694,f723cee7c9745e2557daf11ca5e219818b5937971d1cdd058fa0885fcab35e23,0.4073418579991994,measured,0.12188147830438202,
0.9567062586878884,C0,44b6_e28840c6,2,0,0,22,10,0.8996865203761756,287,44b6,74686,f28bbb846ec90b3402877c05f3b2c5a2615f97197ec1fe056740be6d7ab4e25b,0.9678456591639871,301,075fc5f5a52d11077f9dc2b074644618f26939e2,0.9678456591639871,27352,b4125ccb99e8f2f3808fcb83d82edd5d9a08dd0d0d4ed39b1b1a25a466348135,1.1418080999992526,measured,-0.633773397959457,
0.8830111572297947,C0,44b6_e29f0176,0,0,0,3,3,0.8867924528301887,47,44b6,12969,b999b7cd2eb41a2e33d70fa2db61b0067ea878d46b10d7dc5b8303d69d28261b,0.9803921568627451,50,075fc5f5a52d11077f9dc2b074644618f26939e2,0.9803921568627451,13522,11db616898ba68576c6e82fdaf13f5c7e5d2772611cbd958bb0ded35c4df0375,0.34963158299979114,measured,0.0426401418767831,
0.8915254658345638,C0,44b6_e31261b4,0,0,0,6,8,0.8842975206611571,107,44b6,72856,e3767577498a9889643e31d071166fdd032274e7f3906fa2e187ce1b1e720b21,0.9913793103448276,115,075fc5f5a52d11077f9dc2b074644618f26939e2,0.9913793103448276,66901,459e254c853b66c41965b700418505136278e000af1b7e065db4c58c58a520af,1.0411659870005678,measured,-0.08173657626001976,
0.8511707528752853,C0,44b6_e35b117d,0,1,0,29,21,0.8257839721254355,237,44b6,28641,cd9ac7a39b2e74bcbde47374f44b7084076d9cc3846ee558117f5cee17423bc4,0.9407407407407408,254,075fc5f5a52d11077f9dc2b074644618f26939e2,0.9407407407407408,19836,24b42a07a14a8a0fd8265174b63be23b117952548b9865b689449e3adb7f0ced,0.3846424340008525,measured,-0.3074264166753954,
0.8019832657133746,C0,44b6_e57ff5c6,0,0,0,27,15,0.7910447761194029,159,44b6,20314,3865e7129e2dc866f6af3ceaf43468d5e052f540a9e320b7209b907b6abca8c4,0.9119170984455959,176,075fc5f5a52d11077f9dc2b074644618f26939e2,0.9119170984455959,17505,2f33647285b249c02846d2063744f328b66f71e34d48f435867f8d77c577d549,0.33986431199991785,measured,-0.13827901939549078,
0.9572780531603706,C0,44b6_eb2880fc,1,1,0,12,13,0.9362244897959183,367,44b6,48084,2be6b7fd7a6d1a63ea4f92eed695ea754f9ad8539118853e448ce82cedc7413b,0.9948717948717949,388,075fc5f5a52d11077f9dc2b074644618f26939e2,0.9948717948717949,37271,86608109721d49992f7a3cfcd25a27e7bac69aec8cff8a7d4eac3f9e881863dd,0.9750773279993155,measured,-0.22487729806172532,
0.9520088668179052,C0,44b6_f28707c6,0,0,0,1,1,0.967741935483871,60,44b6,18656,bff15589e024dd7b8b29704144d871c7607139c0e71ad76a9f3532cb08043087,1.0,63,075fc5f5a52d11077f9dc2b074644618f26939e2,1.0,21689,b4aceaf8923433599434a3ed60c29be51e112fa2b9551d2f436b858448a2b7f5,0.37829874999988533,measured,0.16257504288164665,
0.9690908226899541,C0,6bba_05b6850b,0,0,0,15,15,0.9651162790697675,830,6bba,6362,0683f3a88ad1a7e00fabfe97e36ae69186b907873f64cfb579df6f2e294872b9,0.9941927990708479,856,075fc5f5a52d11077f9dc2b074644618f26939e2,0.9941927990708479,6100,a3cd178530446256e225ee1a51728273e4e78f5d5145fbb8aa662c7682258e5f,0.2759033319998707,measured,-0.04118201823325998,
0.8771269175098673,C0,6bba_05db0fb1,3,1,0,77,78,0.8770816812053925,1106,6bba,69800,761729212f669dae4246252c8313b35f813cb9e15b9a287ec030e0758835e9db,0.9804719283970708,1205,075fc5f5a52d11077f9dc2b074644618f26939e2,0.9804719283970708,69764,b7e93f7b3179a5dde90678ed4610e78ff51b316e0c7d5825707c3be00e76ebd7,2.6530549969993444,measured,-0.0005157593123209169,
1.0000256780613064,C0,6bba_062c8d37,0,0,1,1,1,0.9977753058954394,897,6bba,6030,91bd7043fb317de1b49dfca446d4d1383fd2c008f71493eecac0a78ad6ce5199,1.0,930,075fc5f5a52d11077f9dc2b074644618f26939e2,1.0,5894,77f3340af14c3362232c2258177c0fe542812dadf1e4bc92741cdf0a199ed67e,0.2163617210007942,measured,-0.022553897180762852,
0.9753529132377209,C0,6bba_07477033,0,1,0,7,11,0.9706362153344209,595,6bba,4836,97ffcab1d6efc6eb5f1e4d27550e60ca23d615a225bf1b05220f1a2871c5d31a,1.0,613,075fc5f5a52d11077f9dc2b074644618f26939e2,1.0,4601,ac94785b77206c33afddcbc0de322f610cea647f865a8b30c456d220edc2a3fa,0.20887162899998657,measured,-0.04859387923904053,
0.823420477089888,C0,6bba_07e24132,2,0,0,36,17,0.8535911602209945,309,6bba,21485,0f3288a933de8abb4a23a353abc047bc368bb9e7e2ffa0c2eb3149f8f132604e,0.924791086350975,332,075fc5f5a52d11077f9dc2b074644618f26939e2,0.924791086350975,29079,3a84bc8add2431e193c4af72502f86b18e2d2afcae7a3505529b55ddc4c19255,0.883564875999582,measured,0.3534558994647428,
0.9954038443864747,C0,6bba_085bf656,1,0,0,6,2,0.9931623931623932,1162,6bba,8463,46286176cabc8dee653220b7099ba8b58c9fc138e274cb5f914fbf94802ab265,0.9958263772954925,1193,075fc5f5a52d11077f9dc2b074644618f26939e2,0.9958263772954925,8272,73951ee941755809464958e1968b5a87fca292f3f4b98328f704885cc10d4755,0.3885652240005584,measured,-0.022568829020441925,
0.9186891900727869,C0,6bba_09961292,3,0,1,75,93,0.9144602851323829,1796,6bba,31117,e93bc07a27cd4fe95ec6c5d253245d2ef7e39b72b6a99da7c0eb4079925d27e8,0.9933333333333333,1937,075fc5f5a52d11077f9dc2b074644618f26939e2,0.9933333333333333,29678,50045194e60d3b736add3f052b4c73bc9cd450de959c58e84950283126dd0925,1.429915112999879,measured,-0.04624481794517466,
0.9574381868131868,C0,6bba_0c7fa718,0,1,0,21,13,0.9494047619047619,638,6bba,13650,cf5d6fb055eebeb2a826359dcb2dc5b2a615e26281eb869c476651b3cb932d3e,0.984375,693,075fc5f5a52d11077f9dc2b074644618f26939e2,0.984375,12495,3cf829ee7be4432767771e52381a5e3e5e91e8ad6a2331d7381e080358c1a6b6,0.2782578630012722,measured,-0.08461538461538462,
0.8156018126997785,C0,6bba_0e7c0d07,1,0,0,22,18,0.8148148148148148,176,6bba,22467,f42b402daca1017d94709c3e867013b544812ba699cc9bddee78b0d38447cdf8,0.9425837320574163,197,075fc5f5a52d11077f9dc2b074644618f26939e2,0.9425837320574163,22250,26c8a4da956d234cd1176cc8ed73c4ba91e93f1219427682c3dca258934564cc,0.8220310090000567,measured,-0.009658610406373792,
0.9635831224057342,C0,6bba_12665c0e,3,1,0,33,6,0.9611553784860558,965,6bba,8314,2135377b4a4f50f2c47662c32e5544080bf6269c60475264ffa5ff068af7bcc5,0.9739382239382239,1009,075fc5f5a52d11077f9dc2b074644618f26939e2,0.9739382239382239,8104,40fdfed045cf9cce2e1a505ef98f6691a2e8f51e76b537ad4b7d67fe5cac0a7c,0.39832644299895037,measured,-0.02525859995188838,
0.9812710564678269,C0,6bba_13f19531,0,1,0,6,8,0.9803370786516854,698,6bba,5773,5db7172499a0cf9221633ac830686f02c31c984262e661655bad34a7dc068350,0.9972862957937585,735,075fc5f5a52d11077f9dc2b074644618f26939e2,0.9972862957937585,5718,5d7edb68e08285b4b57c045e0156cf9e3ee24a2fa8ab39b881183b83e49022ef,0.17235824199997296,measured,-0.009527108955482418,
0.9797067789229207,C0,6bba_15403b9a,0,1,0,11,10,0.9715832205683356,718,6bba,6889,d81488fb2da7396812c8b21d909bf4a7d7a347e3fe4ffccc7873e60f16b87d31,0.9920844327176781,752,075fc5f5a52d11077f9dc2b074644618f26939e2,0.9920844327176781,6313,2523425870700d312cd6779e3944b3d47648107fe4b78a3184b9c3a7faf75234,0.1927087139993091,measured,-0.08361155465234432,
0.8763211644464807,C0,6bba_1d0d8384,1,0,0,104,79,0.8732686980609419,1261,6bba,17909,4f77795c910d5cdfb44b65d0a983d5aba14b28f6236b6444f89f9980fa24b354,0.9659248956884562,1389,075fc5f5a52d11077f9dc2b074644618f26939e2,0.9659248956884562,17283,68b7a24e7ca6f2f0068328fdb237edce7bdbec86677b7882028659cc963a9c3e,0.6777262249997875,measured,-0.03495449215478251,
0.9348078924205059,C0,6bba_1ebfb80d,0,1,0,30,19,0.9336043360433605,689,6bba,11558,c90b50e8d1925c8e9d8d29c7ff6c9bdd1e4d8cf03e6694cb9c337fce3292b44c,0.9758389261744966,727,075fc5f5a52d11077f9dc2b074644618f26939e2,0.9758389261744966,11409,882d2eec9fe1ce9febcaf24e8e634e12e70f9435c336bf8f9b5b2b17e0e31b10,0.2753501369988953,measured,-0.012891503720366845,
0.7994063606560579,C0,6bba_1f58c2f6,0,0,0,30,34,0.8078078078078078,269,6bba,28903,deab94d9798f4c50de0ace7b12325e5b99214edededfa4439c0dcafdc1129c89,0.9747634069400631,309,075fc5f5a52d11077f9dc2b074644618f26939e2,0.9747634069400631,31909,23b309f2e6c86cdc7908e4732b878f978d74b44518da1a98b3c60999f118e0a3,0.5904076320002787,measured,0.1040030446666436,
0.6565757571174689,C0,6bba_207c6aaf,1,3,0,94,68,0.6872586872586872,356,6bba,11999,d90c6c8b5136aeec4786e5314826066b8581e3d5aec332f6a2b4b160910e90bc,0.888421052631579,422,075fc5f5a52d11077f9dc2b074644618f26939e2,0.888421052631579,17356,7ea200fd90cc28de51f348c6ca8506b97d2b115e9488166660a7b1a9fe4e45b1,0.4813150329991913,measured,0.44645387115592966,
0.9004955750046651,C0,6bba_20852818,3,2,0,63,29,0.9019189765458422,846,6bba,9758,b1868ab1effddb22d1ccafec732a8e0b93ddd69df9ad4fb04d1f392c8da2b069,0.9506302521008403,905,075fc5f5a52d11077f9dc2b074644618f26939e2,0.9506302521008403,9912,4e3029b9396d513b33daaea1e7f40e47c9138a60ae19aed7c4b00043014bc4e6,0.46882212899981823,measured,0.015781922525107604,
0.982771871100345,C0,6bba_2312ac41,0,0,2,8,8,0.9859649122807017,1124,6bba,11950,f41073972fe2ede5f624de66021435138793b891384235e2411504458f67586d,0.9982698961937716,1154,075fc5f5a52d11077f9dc2b074644618f26939e2,0.9982698961937716,12337,cff3056a37df17e28a32abdf872ae021bc32b1d9b89f0d0630183e9755c16d85,0.4405536350004695,measured,0.03238493723849373,
1.0069213483146067,C0,6bba_23af9eeb,0,0,0,0,0,1.0,499,6bba,4450,ef78bcbc10f54aed733bb865898698637f491368396eac2d89413873987c8bdf,1.0,513,075fc5f5a52d11077f9dc2b074644618f26939e2,1.0,4142,5361268308c18cc74eb73b3ddb80f1804eb7b27c744de4bc6c95a6e2b18bc337,0.17805877400132886,measured,-0.06921348314606741,
1.008009516256939,C0,6bba_2540cd90,0,0,0,0,0,1.0,523,6bba,3783,0edbe29f57072c910ac7937f40bc2663bf6a4ec90354c1b6e5d5d65fc4165369,1.0,529,075fc5f5a52d11077f9dc2b074644618f26939e2,1.0,3480,39ee7295047568f398b928bfa94894985f94316546e4e779769e605a8c53107b,0.16239277599925117,measured,-0.08009516256938938,
0.9542559351476548,C0,6bba_2646afc7,0,1,0,21,16,0.9497964721845319,700,6bba,5495,74159e9fcceb03b67a0162362399ccb7018b9a70605d38fb2f27805dc45348be,0.983739837398374,726,075fc5f5a52d11077f9dc2b074644618f26939e2,0.983739837398374,5237,5739529b7c71395467c94f21fd9cd0674e6e632270dd7a2be8bd5983fd3ca135,0.17522057599853724,measured,-0.04695177434030937,
0.9271418667541637,C0,6bba_268e1230,1,0,0,31,20,0.918918918918919,578,6bba,5107,175b8a93e36c3382cc53ca5ebecac4af4559a4dc94088db367ce56d49daa873d,0.9734789391575663,624,075fc5f5a52d11077f9dc2b074644618f26939e2,0.9734789391575663,4650,bb63097266c4417de3da76f850f7125977612746391b25e8ffefeb4244185bc5,0.204829875001451,measured,-0.08948502056001567,
0.989221282458415,C0,6bba_2819ca14,1,0,0,16,4,0.9790136411332634,933,6bba,5534,46de8b86d85158131c822f27774365acb33e043471da1627e819f18055d8aaec,0.986815415821501,973,075fc5f5a52d11077f9dc2b074644618f26939e2,0.986815415821501,4957,64728312d5db720bf300a9a55557a80d6846b9f175c8d5d49834dc136eb387dc,0.23158307599987893,measured,-0.10426454644018793,
0.9548367987496091,C0,6bba_283bf9f1,0,1,0,34,20,0.9587155963302753,1254,6bba,20861,77062dc6c9bd5bd8bea9c9e8c04829c475c911b8da7da6efe162757d932fff1e,0.9836065573770492,1320,075fc5f5a52d11077f9dc2b074644618f26939e2,0.9836065573770492,21705,3df296990a7ccbec99744dfc7dd0d3bc5a64fa2d6c4fe1b48da89ec14dca89d6,0.6453844629995729,measured,0.04045827141556014,
0.9423988758406103,C0,6bba_312f0dc3,0,1,0,12,20,0.9384615384615385,488,6bba,9963,58f62263dc2447a7d6a2fbcbf6130444f67f00ef0ced9d00d17c00a85a49b16d,0.9980769230769231,519,075fc5f5a52d11077f9dc2b074644618f26939e2,0.9980769230769231,9545,27247f0288da3eb661c673dd403b7a46b4a4c26368f3c763ddd8aaa1579db8d2,0.22002063999934762,measured,-0.041955234367158485,
0.7464808963679797,C0,6bba_32db13fc,1,2,0,126,94,0.7569060773480663,685,6bba,38705,c62e0d9278bd3d87f9e33b1fb1692e6fe57b6c818215a5119d72e2b59b9f884d,0.9234338747099768,796,075fc5f5a52d11077f9dc2b074644618f26939e2,0.9234338747099768,44036,04fcb5e6624ada561ce334ac3b0e5f3fe49d08f88c87a4bb5e5e65084a844132,1.0644791579998127,measured,0.13773414287559746,
0.9653384847811363,C0,6bba_337b1b3a,1,1,1,20,27,0.9620967741935483,1193,6bba,30480,11e18795e13538c0d640e5e7480c8d12d1998cbb3dabbdb4f96803501ca379ac,0.9968553459119497,1268,075fc5f5a52d11077f9dc2b074644618f26939e2,0.9968553459119497,29453,6b42a184bd3932300a03ae823cadaa27879f91b6b502da08164e4058a6a27b02,1.0800644509999984,measured,-0.03369422572178478,
1.0023549439636827,C0,6bba_372c8cb8,0,0,0,4,0,0.9960278053624627,1003,6bba,7021,20c14aaba6d02edb3fc7af5872352b13fcaaf937460dc5bf0d4f0ad0e66c9bf7,0.9961389961389961,1032,075fc5f5a52d11077f9dc2b074644618f26939e2,0.9961389961389961,6575,634645504cf1be825205b39deebc24a113a50cd136767460f46bb3d3f30e3e11,0.2372440179988189,measured,-0.06352371457057399,
0.9438414865867937,C0,6bba_3a1849c2,0,1,0,34,39,0.9381879762912786,1108,6bba,7003,7a2ef6f1c5f20cb4a0948a4fef5baae9d44f56279fd14c40debbf2095ae95c37,0.9914748508098892,1163,075fc5f5a52d11077f9dc2b074644618f26939e2,0.9914748508098892,6581,5414400afb96e1920f44955083e71ad5e908e14eb81e61105703b1887f02df90,0.29287247200045385,measured,-0.06025988861916322,
0.8145418732461525,C0,6bba_3abfe10a,0,0,1,91,99,0.816247582205029,844,6bba,52065,fc304ece7cc25dd5f8a8a81a89129b786439f68d09671cd920972cc81eaa96ab,0.9739217652958877,971,075fc5f5a52d11077f9dc2b074644618f26939e2,0.9739217652958877,53153,9967074b0866e75bb7dd7c23bdb12c4f1d0a5c1348a38ca336adbd493ab9d4fd,1.7775604909984395,measured,0.020896955728416402,
0.9900289336316181,C0,6bba_3c5691b6,1,0,1,4,4,0.9893333333333333,742,6bba,6258,cfb0d6343baf0922e6f63fe32a3d58da47785dce18c1902509c39f8b736bc1e1,0.9986928104575163,764,075fc5f5a52d11077f9dc2b074644618f26939e2,0.9986928104575163,6214,1b7dbbf930d4945e19011b35e80ecbdafec1dabde5929563810aef484ba7e748,0.2812613149999379,measured,-0.007031000319590924,
0.8747900880188975,C0,6bba_3db54e20,1,1,0,31,33,0.873767258382643,443,6bba,23236,f03a158b5508a07dc86b0d4b63f2ee204ae3bb34bca4cfff2090d29960358a24,0.9760956175298805,490,075fc5f5a52d11077f9dc2b074644618f26939e2,0.9760956175298805,22964,6430b17b3f24f3efdbdfbaed6b39962c778c322f533877d529ff97cdd806ff5d,0.5950970319991029,measured,-0.01170597348941298,
1.0016932855573761,C0,6bba_3fda6b25,0,0,1,10,6,0.9864978902953586,1169,6bba,9842,d3fc3fdbd87e8760a1748696e0e445d7686c67d5115c5054ea3fb26a88bf4b11,0.9950289975144988,1201,075fc5f5a52d11077f9dc2b074644618f26939e2,0.9950289975144988,8326,b76f5bfb9a94fef55a8dc6e1269d469b946e98f77feef44270efe26dba826011,0.42812548899928515,measured,-0.1540337329811014,
0.9813673535181974,C0,6bba_43fea39d,0,1,0,17,5,0.9751412429378531,863,6bba,5748,ee62726f2ccbfaa00a591998cc32db91fea0e785c8bf3e31c663f03e200aa6e0,0.9868131868131869,898,075fc5f5a52d11077f9dc2b074644618f26939e2,0.9868131868131869,5381,d448516c86a8c2921efec5e1be9c0f9d67adb8fd8de4adbb3ac3771ccf8ce131,0.2554906530003791,measured,-0.063848295059151,
0.7468409224697181,C0,6bba_474be664,1,0,0,49,33,0.7429467084639498,237,6bba,28293,36529af1921c380cd06a53c1c4055ed28f317e0c13c859b98d483e9d4c5ccb77,0.8972602739726028,262,075fc5f5a52d11077f9dc2b074644618f26939e2,0.8972602739726028,26810,c437940ed9693c0e2334d8770291e4d6e2ca70a8a5c674a1bed9dff8bb8a426f,0.9599844410004152,measured,-0.05241579189198742,
0.939875651992489,C0,6bba_48816121,5,0,0,30,22,0.9446808510638298,888,6bba,23965,151ab8d30be89ce6fc92a99e435e95f0e8409b1907b9bb840673236f72f77ad0,0.9893048128342246,925,075fc5f5a52d11077f9dc2b074644618f26939e2,0.9893048128342246,25184,7805cbf7eeacd56ea7524db8a0ea9389e4e7e8e600969f1c0c71078582777664,1.832846873001472,measured,0.050865846025453784,
0.9137775025201886,C0,6bba_4aa14c89,0,0,0,31,27,0.9180790960451978,650,6bba,6787,a70bf3f2bb2a0aadb25e97220570720f9427c37d08f5310ed6d24a84aa5a6be5,0.9787835926449788,692,075fc5f5a52d11077f9dc2b074644618f26939e2,0.9787835926449788,7105,326e59dd91d64fe4f786e5de0893e5edd9bdcf1c0320a88b46b3f5fe5e94f401,0.20870872500017867,measured,0.04685428024163843,
0.996815083710589,C0,6bba_4f99ce20,1,0,1,10,3,0.9871668311944719,1000,6bba,5965,3978e954a58fbb8b83e6c2d95dfacdc0b8a582d4ee90abb6d6b345d43faa11a9,0.9924314096499527,1049,075fc5f5a52d11077f9dc2b074644618f26939e2,0.9924314096499527,5382,3412d5dff6fddac4b9f564d832c17f634e1fb2680055a20d26c6a0faab75c7fc,0.25638993800021126,measured,-0.09773679798826487,
0.8962305483822748,C0,6bba_4ffd3da3,2,2,1,39,26,0.9090909090909091,650,6bba,17637,31dcae8d037c0f6e09fd1bcd45b5478fd25aebfb1c6082a39c8f629f33eeccc3,0.9745042492917847,688,075fc5f5a52d11077f9dc2b074644618f26939e2,0.9745042492917847,20132,bee01e2e7e4542c9c51084a94cad9e56961ea362d0591f9f3e5276213a0d0234,1.1880666300003213,measured,0.14146396779497647,
1.0042778572669153,C0,6bba_55b7eebe,1,0,0,4,2,0.991304347826087,684,6bba,5257,8f54bc03be2ae806fbc2cfe533b83907dd94ee1137ab554b9307970e537ff245,0.9985815602836879,704,075fc5f5a52d11077f9dc2b074644618f26939e2,0.9985815602836879,4569,a53b0ae5558a48356568103462721c50b5fd3465b364add4f50ea5a147d1dfc7,0.18825743900015368,measured,-0.1308731215522161,
0.7331842040762557,C0,6bba_55c70843,0,1,0,70,71,0.7379182156133829,397,6bba,35415,627e7d0fd5cdcdf6454700a12c547c93cc3efbc9c6d28bd0f1e72f5acdafb7de,0.9448979591836735,463,075fc5f5a52d11077f9dc2b074644618f26939e2,0.9448979591836735,37687,39ab197023482945e50920381cd8e6c25722d72b56ce1bc0b6e57ec242ea7eb0,0.6840064699990762,measured,0.06415360722857547,
0.6561854581096073,C0,6bba_57b7cc1e,3,1,0,322,312,0.667016806722689,1270,6bba,65511,de9c89faf22dbaecc53f853b26e504a5ae6642a457d46c0fa6c3da3a2fa0a264,0.9270644966847499,1538,075fc5f5a52d11077f9dc2b074644618f26939e2,0.9270644966847499,76149,0cc33faadf2ea4d0afc6f0ace395df507a403010cbd149b49800bdf9a17a4aa8,2.9649938279999333,measured,0.162384942986674,
0.9973910836717035,C0,6bba_5a4d9360,0,0,0,5,2,0.9903314917127072,717,6bba,5976,321191d5b242a3733511ce52d7d83b609e0aadf3d3d383516b2ad8c71b9fba4c,0.9946452476572959,743,075fc5f5a52d11077f9dc2b074644618f26939e2,0.9946452476572959,5550,c9e5b144516e3f074838dee7d8cbbc37a4264e3c5c20a7c3f5e8c269b452dbc9,0.17488188699826424,measured,-0.071285140562249,
0.9828835761704332,C0,6bba_5b28472a,0,0,0,9,3,0.9834938101788171,715,6bba,5802,730bde78803b063b00f05ef2a61ec40d2840c194f1d40259c08637fb0dffeab6,0.9877883310719131,728,075fc5f5a52d11077f9dc2b074644618f26939e2,0.9877883310719131,5838,cf82499c0c1fa07b7159d31cc1d10a0842ff24fe2c7013d7d6f6bc30815c8cdf,0.28623072300069907,measured,0.0062047569803516025,
0.9895256815346494,C0,6bba_5c039895,0,1,3,9,12,0.9818496110630942,1136,6bba,8570,fb8a3b554e30713c53438bd98f1099c927b858525f491e58485925961a8ff60f,0.9982964224872232,1172,075fc5f5a52d11077f9dc2b074644618f26939e2,0.9982964224872232,7900,5fe120f0557c4d186b218368a82d07a40cc0d4043ebffcc0705a3e6258095a33,0.5100541830015572,measured,-0.07817969661610269,
0.9338772647870118,C0,6bba_5c824876,0,0,1,36,38,0.9366438356164384,1094,6bba,24647,b2b8cf3e3ef88c53bcf4019d364a6025d6917fb0cb2e331f0c81dadb87fee143,0.9880341880341881,1156,075fc5f5a52d11077f9dc2b074644618f26939e2,0.9880341880341881,25375,22d7a65a3a81fb431c2d0ccfac936755fe5f4e86d418b8ec762d540233e4d287,0.6969306169994525,measured,0.029537063334280033,
0.9491422212313751,C0,6bba_5dfe9ad1,0,0,0,48,13,0.9593333333333334,1439,6bba,26913,0778db564976b86cb58f9b5e2641f42b3deec82fc5016bf3fcaed4b3705cc782,0.9779507133592736,1508,075fc5f5a52d11077f9dc2b074644618f26939e2,0.9779507133592736,29772,0efa2768c9d330f07820965a6a1df9e194ce0d8fa76198d7ce1a8d864811a6c3,0.6054217430009885,measured,0.10623118938802809,
1.0040121448709607,C0,6bba_5f89039d,0,0,0,0,0,1.0,885,6bba,4611,9d1ab846414f6e1c81e0b9f820b8535573bfd6dfc5026cc787f1f760851c5e1f,1.0,904,075fc5f5a52d11077f9dc2b074644618f26939e2,1.0,4426,e894331e23d6863ed106c879573c5027bf6a536fa8e1a80e514ef590896f1905,0.15697652400012885,measured,-0.04012144870960746,
0.9653021040822403,C0,6bba_61dd1e0d,0,0,0,13,9,0.9601449275362319,530,6bba,10128,b421d36e6f7aed7dba18e69f1e332c0e77478f576555cbdf6e06f7964823f5b1,0.9874551971326165,551,075fc5f5a52d11077f9dc2b074644618f26939e2,0.9874551971326165,9584,adc58e257c0c20ff57c0b96d46bd3651c9d923dad000dcb2c8792feb5b79b868,0.3301234930004284,measured,-0.053712480252764615,
0.9848427271043444,C0,6bba_61ecbe65,1,0,0,7,5,0.9806138933764136,607,6bba,5774,b3a1228f410053d84df15fdad88c7e9337e34d34b3af82255e3cbc0cbe288a45,0.9953125,637,075fc5f5a52d11077f9dc2b074644618f26939e2,0.9953125,5525,6af76b87856deda34e69f7aa74ffa6864b2be7fb393407c74eaefbf96b17a395,0.27231640699938,measured,-0.043124350536889504,
0.9804642004662438,C0,6bba_6321a359,1,0,0,14,6,0.9751243781094527,784,6bba,4821,d99219f9a3c91780c6c3bb3d2508de0371144a3eb7787d6d24a894895de54617,0.9879081015719468,817,075fc5f5a52d11077f9dc2b074644618f26939e2,0.9879081015719468,4557,13d85480c1fdd6a9aece8a81a6dc57b356add490084074d001a06a291f842f54,0.24815268999918771,measured,-0.054760423148724334,
0.727893043184056,C0,6bba_6479435d,0,0,0,108,66,0.7306501547987616,472,6bba,23453,556e361edbe6c75db6bfaac51a12a5e97e9151a1a72de9804a318fdb732c0113,0.8978930307941653,554,075fc5f5a52d11077f9dc2b074644618f26939e2,0.8978930307941653,24338,43212be30a29b1be8758bb2095c3af9f0f8e99339b37a10ac353807c984f0d05,0.5312148800003342,measured,0.037735044557199504,
0.7862649152115592,C0,6bba_67ebd073,1,2,0,47,60,0.785140562248996,391,6bba,16061,fdc25daac99b401e310e8fe8861bcc6d11dda3a9757596575229237f0d9de4d7,0.9696969696969697,448,075fc5f5a52d11077f9dc2b074644618f26939e2,0.9696969696969697,15831,675760f5851dfe7a265ca01d15e46e172601c1ef3c400861d6e126707cc878df,0.4344540699985373,measured,-0.01432040346180188,
0.9942443226826023,C0,6bba_6ca87370,1,0,0,12,6,0.9829867674858223,1040,6bba,7195,fef755dc8aba5f0d8dbb9150ed05dde68d83035bdaaa93c9c67f0d3aaae6c299,0.9925994449583718,1073,075fc5f5a52d11077f9dc2b074644618f26939e2,0.9925994449583718,6371,3d02a9beee7256ee857bce85def7a6eb1be6008980f9957c8b66a1dba302d38d,0.250602436999543,measured,-0.11452397498262683,
0.9610631917850214,C0,6bba_6db0e9b4,0,0,0,10,12,0.9513274336283186,430,6bba,28435,54e98800c14411d50c3efbe5d72ed843b8489e39ee9b7a6c524e5749ba365807,1.0,449,075fc5f5a52d11077f9dc2b074644618f26939e2,1.0,25525,19130d58edb4407d907fead67be035b6b440a5d122b971010d600a4bd91a6b13,0.6794788279985369,measured,-0.10233866713557235,
0.7449613369917686,C0,6bba_6feb10f0,0,0,0,230,101,0.7707756232686981,1113,6bba,8862,f9a80090f98da41d612f2daea5c21440cb0445bcc5afe2cd33d6b02c395a7cb1,0.8786549707602339,1202,075fc5f5a52d11077f9dc2b074644618f26939e2,0.8786549707602339,11830,d22cfa54ff964e2eee7f96e13c34ed304b4fa068d5876b3ba2d3ee3f15df9bfe,0.5078782060008962,measured,0.334913112164297,
0.9871409209612906,C0,6bba_6feeb0b1,0,1,0,20,9,0.9785502958579881,1323,6bba,7518,746d6a0db40a2a0cb9e24f0bf078157dbdd14d86a26e4de7bacac39e6c7de1a5,0.9892008639308856,1374,075fc5f5a52d11077f9dc2b074644618f26939e2,0.9892008639308856,6858,6d0f15575e653980596938a5be3626acc270ca9158221bfe1ba94ba72798cbf8,0.27919456100062234,measured,-0.08778930566640064,
0.9149334470989761,C0,6bba_705ec2c9,1,3,0,23,24,0.9197952218430034,539,6bba,5600,fd3f8b1e3e9a52597f710b89c9c1b6b1a6b67a29ace948d558352fb042fb76dc,0.9815436241610739,585,075fc5f5a52d11077f9dc2b074644618f26939e2,0.9815436241610739,5896,ce080093c1a56fcc2705a0692f06edf6f4d1e6db19c8869e53dfbcec08686afb,0.23864646400033962,measured,0.05285714285714286,
0.999998967056953,C0,6bba_718b21f9,0,0,0,3,0,0.995398773006135,649,6bba,4306,a19bd516585521f4865635f800c8243eb59bbcebf07496be905d686dfc2ba9c1,0.9954614220877458,658,075fc5f5a52d11077f9dc2b074644618f26939e2,0.9954614220877458,4107,3291f2637b8ab8884444e21b635ee0fe2e2557737cc5a2cde73ba047299054ff,0.1757440769997629,measured,-0.046214584300975386,
0.9289900201166468,C0,6bba_74686d6a,2,1,0,21,28,0.9188741721854304,555,6bba,29803,ce532350086fb5af0d43fa58f6d10ff5f1ea4202212f9d1d4ee0d772c41f0369,1.0,586,075fc5f5a52d11077f9dc2b074644618f26939e2,1.0,26522,8e9130c6ef9e7e0b191ed63d894a4feea19fe10588de1a55b1f8487bee4b7a70,1.128980806999607,measured,-0.11008958829648022,
0.8010378592586382,C0,6bba_767a1e17,0,1,0,81,62,0.8013888888888889,577,6bba,47714,bf5c482ac842e47e9819195789c86aa37500c2356946f6201c1d3928279c5379,0.9442896935933147,678,075fc5f5a52d11077f9dc2b074644618f26939e2,0.9442896935933147,47923,737a2acc4076743e826bb7a8f645e9a2af5ff441c0c289c6e061a8c41c695e2c,0.830432311999175,measured,0.004380265750094312,
1.0042636457260556,C0,6bba_76db78c1,0,0,0,0,0,1.0,604,6bba,4855,b6893074e74963834d66cb311d4e557c9507d79428c47568d3f0e23a3778532d,1.0,617,075fc5f5a52d11077f9dc2b074644618f26939e2,1.0,4648,580a2dfe300b13155a79b0194f323fed786da85da446856ff90f2ae9090016ae,0.20551124600024195,measured,-0.04263645726055613,
0.9948007669039014,C0,6bba_784a78c9,1,2,0,10,4,0.9919678714859438,1729,6bba,13096,bcce95a4b72cf29f4f6cba62884f1241c32c2977f1ce9cbad483c5064816c18c,0.9966442953020134,1782,075fc5f5a52d11077f9dc2b074644618f26939e2,0.9966442953020134,12722,ce1992e2e3d3cc61daf8ee186524a668bcd69beee49b2b612ffd47b6f50c8fe3,0.39050608400066267,measured,-0.028558338423946242,
0.718892517289828,C0,6bba_786893ac,3,3,0,215,248,0.7181984175289106,1180,6bba,58979,57f51e8ba3447db58047e8ca15d326daad6bea20fe3902a22ffb738599d38db6,0.9583617747440273,1404,075fc5f5a52d11077f9dc2b074644618f26939e2,0.9583617747440273,58409,1ff37ea04402531639b8f511b86ee791f83adcfe1c31b78f765acc3e847b696f,2.128509569000016,measured,-0.009664456840570372,
0.9825051415164568,C0,6bba_789f8168,0,0,0,6,6,0.982532751091703,675,6bba,10676,dce32e747409ca963b1f13ad3c6d466e451eedf1e724d735b3b023f64987715a,0.9985974754558204,712,075fc5f5a52d11077f9dc2b074644618f26939e2,0.9985974754558204,10679,4c86e0434ea039fa8457d7a86b056ef30a709f82f7477583c14ee7cec5c8b86f,0.33183132199883403,measured,0.00028100412139378045,
0.8072593596710391,C0,6bba_78a7bd97,2,0,0,93,87,0.8041349292709467,739,6bba,40613,344e3384ecdf5c79a155a9eb7a0f5b4f4d1468d52c49ddd38108fdbf1f9bdfc7,0.9616252821670429,852,075fc5f5a52d11077f9dc2b074644618f26939e2,0.9616252821670429,39035,ff21a39b922fc9736190e93719ad93dd42fd49c177b8a4315ca7f17aaa804618,1.7335767189997568,measured,-0.038854553960554504,
0.9183086901877282,C0,6bba_7af54fde,2,0,0,50,37,0.9229406554472985,1042,6bba,9624,5a8220ebf9a89b3b9aa60a7996aa14a5b662afd01172ddbd76158e767a91bf0c,0.97789566755084,1106,075fc5f5a52d11077f9dc2b074644618f26939e2,0.97789566755084,10107,4ca4726ecd5523225b5ca8ad7265880d1904a9926a57b74e54f7cf5600e2a7ea,0.5077854180017312,measured,0.050187032418952615,
0.9748345318868598,C0,6bba_7b5d3b2c,0,0,0,10,7,0.9697508896797153,545,6bba,5780,eeb70563ccc2e94d501c2b969f0f880904d0b27b73a06a0d1c00d20c6120b9da,0.9911504424778761,560,075fc5f5a52d11077f9dc2b074644618f26939e2,0.9911504424778761,5477,06dcfdb2ab75d94160c013308ce2521f8bbd44df429e8673a828ad200beda019,0.17520371200043883,measured,-0.05242214532871972,
0.99516775308205,C0,6bba_7d3058ae,2,0,0,5,3,0.9931972789115646,1168,6bba,7611,7b4ae99c2cbe618af034e7b78ccd689bb3dbba8dcf73c7b29a2f7918fa3434c9,0.9991666666666666,1199,075fc5f5a52d11077f9dc2b074644618f26939e2,0.9991666666666666,7460,d0dcf6026b9576049392e1aaa95ccb645320c929fba4ee6722eb6af63de5151f,0.47577821199956816,measured,-0.019839705689134148,
0.9668979463010415,C0,6bba_7f87b3d8,3,0,0,22,20,0.9559748427672956,912,6bba,10581,5aa119b465f036f44a6227b369a17d408cf0b0ed8202e48abca9600640a91874,0.991,991,075fc5f5a52d11077f9dc2b074644618f26939e2,0.991,9372,fbab7924b4f9170f4d0485f984b6d3fee6268c2147970542a116ea65fc68678e,0.6106980290005595,measured,-0.11426141196484264,
0.9435164715167098,C0,6bba_80d12824,0,0,1,26,16,0.9373134328358209,628,6bba,9021,34aa77c1cda18fa6489f94f20ac219c9e51e898df98d8b801d44eff0dcc32ed5,0.9735294117647059,662,075fc5f5a52d11077f9dc2b074644618f26939e2,0.9735294117647059,8424,8297013e9fba05bbc89f780625fed6e48725cd1dbcfe590b949c9bb962c344dd,0.2873028419999173,measured,-0.06617891586298637,
0.9304909183728157,C0,6bba_825bd1c6,0,2,0,32,44,0.9219712525667351,898,6bba,7586,b4052bb57c712d89342f49ef38fd6f11d98b8e43f59a2b4bfef8d3bf2534d070,0.9896694214876033,958,075fc5f5a52d11077f9dc2b074644618f26939e2,0.9896694214876033,6885,9f27e0b58c4c528fa3d2fe6b3f0dfd660f19d4ba8e0a2b25ff246a4ff55aa357,0.30674028099929274,measured,-0.09240706564724492,
0.9751586412770354,C0,6bba_87289e13,1,2,0,11,11,0.9690140845070423,688,6bba,14966,02d4d9ce12c633c91949c0962992f4ba6fff960b13538f6ff207911a80b12fea,0.994475138121547,720,075fc5f5a52d11077f9dc2b074644618f26939e2,0.994475138121547,14017,1957e5a0f27a8d78986fe88b8850932fbcb2835a75a33a0bb69dea8c303e5191,0.3990912939989357,measured,-0.06341039689963918,
1.0015678886706267,C0,6bba_8b7818bf,1,0,1,1,0,0.9986206896551724,724,6bba,5828,e2c94ec0e6c4523271e9f1930c1b2f85ce700c373be89467185bf3040dc7dde3,1.0,741,075fc5f5a52d11077f9dc2b074644618f26939e2,1.0,5656,75a68580aeb9a9446ca5edd6534c6e0079c279c901b660b631bb7afc135ef932,0.34074225099902833,measured,-0.029512697323266987,
0.9930529893770557,C0,6bba_907271db,1,0,0,7,5,0.9870410367170627,914,6bba,7306,da92f5e65709e63b80a210dc88c7364c3040afeb95bebf155308a8c34202ce8d,0.9947089947089947,940,075fc5f5a52d11077f9dc2b074644618f26939e2,0.9947089947089947,6861,e4f3732083c80a4329fc79ddacdf6f647870d67a43e699d3e5465df8983b8519,0.247460549000607,measured,-0.060908842047632084,
0.9902919773573917,C0,6bba_91951b3a,0,0,0,8,8,0.986159169550173,1140,6bba,11907,69348ad290c323131506de11a077fdeae3103906e2bfc90a3ff666565904d713,0.9974747474747475,1185,075fc5f5a52d11077f9dc2b074644618f26939e2,0.9974747474747475,11408,d1fbafb7ca4f0bff013e52cdeb8a0810c06efe861e8da992ab5c1c2eedce9ed8,0.3908375649989466,measured,-0.041908121273200635,
0.9745108037478487,C0,6bba_96833384,0,1,0,16,4,0.9724137931034482,705,6bba,4869,afc975af173bd5fb231673860d90d539441300c5e1a022d90d3c61a1818f4c4b,0.9841688654353562,746,075fc5f5a52d11077f9dc2b074644618f26939e2,0.9841688654353562,4764,53cd3ff3868a185af923eeaee195e614875bbd3968a7355b9cc746a8a8cf9bc3,0.19372568799917644,measured,-0.021565003080714726,
0.9755477048558422,C0,6bba_969618f6,3,0,0,7,1,0.9878603945371776,651,6bba,13888,0de6138cc7dda86dfc0df1063c4681fa8636fc6af981ed57d7e73719672cd5b5,0.9926362297496318,674,075fc5f5a52d11077f9dc2b074644618f26939e2,0.9926362297496318,15619,5bd93024d09f938090da3d4259b5e94983339729043e6c1ab15596b93e7b435f,0.6092527639993932,measured,0.12463997695852534,
1.0057059282163328,C0,6bba_971fa5e0,0,1,0,2,2,0.9947984395318595,765,6bba,5609,fe2ba7e3c6a74bdea576e4f970317140ce011bb3dc944344a0f15d3a6b9638bc,1.0,792,075fc5f5a52d11077f9dc2b074644618f26939e2,1.0,4994,6c2a76b71011f813874717e71949813ecffd222cb2899d34a6f8726c1a990aa9,0.22558706800009531,measured,-0.10964521305045463,
0.9504980317163145,C0,6bba_9a41d029,1,1,1,39,28,0.9514844315713251,1314,6bba,18231,f77d18cf19c812ed6451d91959844e8edf3c1a73b899dcfe936faa5f4f5c2fce,0.9842969307637401,1379,075fc5f5a52d11077f9dc2b074644618f26939e2,0.9842969307637401,18420,4445add3813ccd48e6c99e83dd423292afdfe2bd47f072de8e4dcecb2c062c96,0.6363925770001515,measured,0.010366957380286326,
0.9501916473745148,C0,6bba_9e23430b,1,0,0,26,22,0.9474260679079957,865,6bba,7708,acec83b67ab5a2c18a1b3ad82c6f576d02504647f269aacf83cccbed1c679736,0.9846827133479212,900,075fc5f5a52d11077f9dc2b074644618f26939e2,0.9846827133479212,7483,5aa19b39f1e2d3c5f6e0addd9bc17cce002d195cf4efd2e4b0415bd8f389fd72,0.3797583499999746,measured,-0.029190451478982873,
0.9870263184430776,C0,6bba_a5e926bb,0,1,0,6,7,0.9815602836879432,692,6bba,8440,1cffabc00a536b8053b3da794ffefca75a040473e8249b04746d16ebd31450fb,0.9973009446693657,739,075fc5f5a52d11077f9dc2b074644618f26939e2,0.9973009446693657,7970,ac4e9a0c37a39b9eb7e42459510c067abf5550e1a54ac99cbd4956fcfa4743c3,0.33180366800115735,measured,-0.05568720379146919,
0.6805018100952969,C0,6bba_a90a0b9c,0,0,0,238,192,0.6702453987730062,874,6bba,36896,af42ecc9bfc9ffd8e7199ab39401efe5f0436af0116776749fef71ee9033ebdc,0.8936355710549259,1025,075fc5f5a52d11077f9dc2b074644618f26939e2,0.8936355710549259,31250,2527ad4593c88385c42dfebc57b3305a46daed2f430f4d8ee65f5110a6ae4a6e,0.9586058579989185,measured,-0.15302471812662619,
0.7239953187686118,C0,6bba_ab78413d,2,1,0,195,104,0.7592592592592593,943,6bba,9241,a70f053252282edde7bae7894616688a1bebd0f39c6e109489c31b9f8b7f0afe,0.8897370653095844,1049,075fc5f5a52d11077f9dc2b074644618f26939e2,0.8897370653095844,13533,1cb3983b89a221b6177c544816ae5f40ddb2b10f6838761f9e83167efc7398d9,0.7236010690012336,measured,0.46445189914511414,
0.882980331280845,C0,6bba_acd782a8,0,1,0,19,22,0.8835227272727273,311,6bba,19710,a565df1f996709d019207e002f4b20ec577aafd731e2fdddc591a215c1037d34,0.9859550561797753,351,075fc5f5a52d11077f9dc2b074644618f26939e2,0.9859550561797753,19831,707c9886e6637eed583e96e03b74eccebd756e5e06d25ba6bab1728f7f556d67,0.3783104379999713,measured,0.006139015728056824,
0.9921666335426366,C0,6bba_ae82a791,0,2,0,7,10,0.9885212694125591,1464,6bba,7403,c066b274742fe8ba06f1098682bb68077ad4a1e24c4aac378d0ea218edf844be,0.9979933110367893,1492,075fc5f5a52d11077f9dc2b074644618f26939e2,0.9979933110367893,7130,30a5c5e14bde6162ce16edf3a9413d8a4103a532b17f28a6732d252fe66a63f3,0.3171804110006633,measured,-0.036876941780359315,
0.9886936706046553,C0,6bba_aeee7805,1,0,0,6,4,0.9870466321243523,762,6bba,5034,ace8edd6487253f1f0d80df3294d78b72243f44815eae2193b7ddf8df4769111,0.9962264150943396,792,075fc5f5a52d11077f9dc2b074644618f26939e2,0.9962264150943396,4950,8fb3829199c0986d28734918476cc8b3cb0e5fb7d7d2ffc1e6b9b7d27bdda28d,0.24573455800054944,measured,-0.0166865315852205,
0.958987028360962,C0,6bba_af149c94,0,0,0,45,26,0.9471332836932241,1272,6bba,8933,39ccee016c8d94f7a0b34fe192cfd64583d06c18cae5d6b57b8e243e6343ca39,0.98,1323,075fc5f5a52d11077f9dc2b074644618f26939e2,0.98,7815,b46c085b82e39f5d884e5823365c4a7f455f920dd8eac899437f01e7f0062320,0.34304300799885823,measured,-0.12515392365386768,
0.9579385786321042,C0,6bba_afb141ff,3,1,1,13,19,0.9503875968992248,613,6bba,6054,df37954f2ce00393bd92be429175d3c1f1df58c0248e8039c74c32c46fa1365f,1.0,654,075fc5f5a52d11077f9dc2b074644618f26939e2,1.0,5573,a7fc916d921b7d36bd08d52f5d4862c8ca56ceb914334cbdd2c9841fa603cab2,0.33749434600031236,measured,-0.07945160224644864,
0.888425672495319,C0,6bba_b1ae37b9,0,0,0,33,39,0.883495145631068,546,6bba,24298,9cc38e796b3f9d6637cc0ac87541b484e64bd95bbd9709723a2ec8efa45ef739,0.9836601307189542,602,075fc5f5a52d11077f9dc2b074644618f26939e2,0.9836601307189542,22942,a3ede638b3fa534f5abe24e07c2579c494bf149647a784dda97935a4298a8f66,0.6736347529986233,measured,-0.05580706230965512,
0.966175788474946,C0,6bba_b204cac7,2,0,0,16,7,0.9718826405867971,795,6bba,5092,2cd73e203814013a404e569e0b1821dde01b992e83a9d3e5df403d4b25423297,0.9854721549636803,814,075fc5f5a52d11077f9dc2b074644618f26939e2,0.9854721549636803,5391,76c4f6c6d1f4a01d855affa6a6d8058090af284b2b823434d6434f4a28ccd280,0.3468089760008297,measured,0.058719560094265516,
0.8815576638770454,C0,6bba_b329af44,1,1,0,90,63,0.8850488354620586,1178,6bba,62465,29720e72b23d9a1f56bd1b22c78510a938ed0005699a0c181b3b70f434d54faf,0.9635258358662614,1268,075fc5f5a52d11077f9dc2b074644618f26939e2,0.9635258358662614,64929,24c842947dac6c9b16a4a19fdbfcbbd08271b34b847f136875e340b1b2d2ee65,2.283992071999819,measured,0.039446089810293766,
0.9759081800186261,C0,6bba_b693381b,0,0,0,6,7,0.9861995753715499,929,6bba,5558,e38ff64bd204249cfb9a1c2aeeee64de1716d6248550a7685fc845adc467a438,0.9969481180061037,980,075fc5f5a52d11077f9dc2b074644618f26939e2,0.9969481180061037,6138,b49db53166ea5cf18d737ff0e73cb99417af8e55dfae12804d3560c6f5064cb5,0.18884480400083703,measured,0.1043540842029507,
0.9164579306242118,C0,6bba_bb9f20c3,3,1,0,82,83,0.9159021406727829,1797,6bba,23071,b50bf984aa6b02da5c4d4c6b7ad689aec4cbd69363c25e3a9446c929a2373ace,0.9880519480519481,1902,075fc5f5a52d11077f9dc2b074644618f26939e2,0.9880519480519481,22931,c73d046dac52021ddefe0ece32349b4b7f0f003515835c0d971846321a2eb8af,0.909720498999377,measured,-0.006068224177538902,
0.9920387428696197,C0,6bba_bbb708ca,0,1,0,7,3,0.9884259259259259,854,6bba,6785,4cd52e03c7583872ed77a426fec154ec9d8e58bc5e1a9da2db90eecde2ff5f12,0.9955156950672646,888,075fc5f5a52d11077f9dc2b074644618f26939e2,0.9955156950672646,6537,87f84c41b803c596e53818b445f4ff10e60236a8073dcfb075577cb4549e7e5b,0.27114356200036127,measured,-0.036551215917465,
0.9473717748811342,C0,6bba_c27cba08,0,0,0,15,12,0.9465346534653465,478,6bba,6445,55cf5b3d763c0fa826f9a02f3ca4feb5cab4ec28cabbb9cb511f609385e6b67d,0.9864603481624759,510,075fc5f5a52d11077f9dc2b074644618f26939e2,0.9864603481624759,6388,b8cc5f1baf2cb33956e27ba93b8585eb5fc3322fe4b0eaa72af77a624fe2f26b,0.2987083040006837,measured,-0.008844065166795966,
0.8372248157579596,C0,6bba_c328f2fd,2,0,0,59,27,0.8368121442125237,441,6bba,31228,945270e90b154eccbc4d6842d760f9cc57ea93cf6a6350c65783e6393795a290,0.9217221135029354,471,075fc5f5a52d11077f9dc2b074644618f26939e2,0.9217221135029354,31074,e1a20c6e8a69a782febf99ff75f081b026b165338df337d49da50fbb6b9b9148,1.5094802730000083,measured,-0.004931471756116306,
0.6465272161664675,C0,6bba_c73a1d11,0,2,0,165,93,0.6787048567870486,545,6bba,16315,8320344e65a572d0d0610ef2870f9cdf1bc34cc97a46861ba7e7a2860882c026,0.8738127544097694,644,075fc5f5a52d11077f9dc2b074644618f26939e2,0.8738127544097694,24050,18fc6397fcb90556e10a44799ed3ab5e3bc8a567ecee4d9ebf1ba0972140e33b,0.8676544800000556,measured,0.47410358565737054,
0.9864062669721236,C0,6bba_cdcfe533,3,2,1,13,12,0.9816176470588235,1335,6bba,29785,6cb39a54999a86f33d6b53ffd59834a149d34689da3f1c97c9720d210d8bd072,0.9992952783650458,1418,075fc5f5a52d11077f9dc2b074644618f26939e2,0.9992952783650458,28332,6a037077ac730a3d0114ac887aa0553c2d3bc2b83763b0c2fe9171e69f4159e2,1.6661980629996833,measured,-0.048782944435118346,
0.9932757306936784,C0,6bba_cf35214c,0,0,0,2,3,0.9939024390243902,815,6bba,34890,a053a47bf10534e3b4aa6254ae930b2974dc684e9dd3aed4d05d386602d69c4b,1.0,842,075fc5f5a52d11077f9dc2b074644618f26939e2,1.0,35110,b3c6865d4e2c648fe11ac4dcf4ad88bc72d84cabdb92d78c6010f4d0d9806abe,0.6313224509995052,measured,0.006305531670965893,
0.9409163941994662,C0,6bba_cff5865f,0,1,0,46,43,0.9423575129533679,1455,6bba,46362,cc3134e801c5dfddf4ca784be7687d589db6afa8f0046defb690bdfe3e847800,0.9929980903882877,1560,075fc5f5a52d11077f9dc2b074644618f26939e2,0.9929980903882877,47071,02e2bd9f6b55e72f5c7b12f7ab3c4493b4dfc3afb066eb232739d0eafff6341a,1.2167290170000342,measured,0.015292696604978215,
1.006365570283096,C0,6bba_d0fc38b5,0,0,0,0,0,1.0,813,6bba,6111,58c7cfabbcb13dbfe49d0c4ad622d06c0a930c25eab763a3a5807d90be806254,1.0,835,075fc5f5a52d11077f9dc2b074644618f26939e2,1.0,5722,fdcbac0518e46200c8326b3c6ac141bf56c27cfc8478da9bad85d6070a9a956e,0.17428725600075268,measured,-0.06365570283096056,
0.899580986297536,C0,6bba_d1acb6ff,1,3,0,34,27,0.908955223880597,609,6bba,14719,48335aa9911c09b927224b197ea94a2ce6f058ddedd27d00943f6ed44591a212,0.9750367107195301,664,075fc5f5a52d11077f9dc2b074644618f26939e2,0.9750367107195301,16237,7be79532e5babd35f3832ee6ec8baa3d0b1ed690ae3349e9a30a90bb7ce9e73f,0.6393160930001613,measured,0.10313200625042462,
0.9948066731947734,C0,6bba_d2b9fc0c,2,2,0,4,7,0.9881465517241379,917,6bba,20178,ad26f6febe57f02bfed9064673a2cfd4bb079fe73faf013b5d3ad0dfe7c2fbcd,1.0,944,075fc5f5a52d11077f9dc2b074644618f26939e2,1.0,18818,b8ee36a121f3cb768b5f9b656b6bbe70bdec71b220816c46fececfdba9765142,0.7209733850013436,measured,-0.06740013876499157,
0.9796423358539911,C0,6bba_d3da753b,1,1,0,11,13,0.9724137931034482,846,6bba,17246,66911a927717b0442913128793f97872bfa627c00cb78233bc5b46744836d654,0.9988726042841037,886,075fc5f5a52d11077f9dc2b074644618f26939e2,0.9988726042841037,15964,f38de41aa1424ef362bf48f294bcff890b765f3092e631734e108a773630d1cf,0.6354578179998498,measured,-0.07433607793111446,
1.0086302279265325,C0,6bba_d5eae175,0,0,0,0,0,1.0,519,6bba,4519,e96a3b2ecbbab1289e2d6f3677122e6c13e761c5d072f97496941818e83021c3,1.0,528,075fc5f5a52d11077f9dc2b074644618f26939e2,1.0,4129,b6b827effd04a859bd79f211b4b6003fa793032892f3ecbd062d33e5aff3b558,0.32441964500139875,measured,-0.08630227926532419,
0.9652431243190532,C0,6bba_d6ecebbb,0,0,0,13,6,0.978110599078341,849,6bba,5359,0f238fbe14369327b4b5b7d6c09d4bd4844746167a904532a7122c24eeb2f4e0,0.9932279909706546,880,075fc5f5a52d11077f9dc2b074644618f26939e2,0.9932279909706546,6064,5b72456b998a6cc1d382c99a190bf036c27b23ff582fba8e3d94c105b5ffd927,0.18569552199915051,measured,0.13155439447658146,
0.9249781806708923,C0,6bba_d82a4fc6,0,0,0,21,18,0.9288321167883211,509,6bba,27716,6ed3c7b96dc19cb024206e17aff7450f8a0bb740f4e9227e086dfc6329dad312,0.9889908256880734,539,075fc5f5a52d11077f9dc2b074644618f26939e2,0.9889908256880734,28866,9b53363090b3cc56500b411b03a949603906536edbe5ccf17f264c16addbb4e3,0.5339733189994149,measured,0.041492278828113724,
0.979663590319233,C0,6bba_debd7bfa,3,0,1,10,5,0.9795640326975477,719,6bba,11807,804d1b096a3bed0934f2a7ef5f6b49f51339090287182f320756cafb27bdbcab,0.9921671018276762,760,075fc5f5a52d11077f9dc2b074644618f26939e2,0.9921671018276762,11795,fd9947d5328ae43d75ff1aebf788ac80fc101f7beb1543973e8f2e74edc4e069,0.779404359000182,measured,-0.0010163462352841535,
0.9707080991862119,C0,6bba_df673a83,2,0,2,7,3,0.984779299847793,647,6bba,19239,283fb0e6ae7a0c53097d6e20d033dc94c80a6edbce0000894dac8577310b6000,0.9955089820359282,665,075fc5f5a52d11077f9dc2b074644618f26939e2,0.9955089820359282,21988,e6b5744802067ca88cdd707a437f20d793590ef27c2ff8e5680e426300c57692,0.9551078900003631,measured,0.14288684443058372,
0.987718316476897,C0,6bba_e16ffc58,1,0,0,8,10,0.9810924369747899,934,6bba,6367,509eaa405c2004a0c47874c0dccd2ad308106e97c96243852655aae7b8e470dd,0.9989626556016598,963,075fc5f5a52d11077f9dc2b074644618f26939e2,0.9989626556016598,5937,e23e560779f6842731576c9ad962ce29d93688e18ad080079ebf88da0b6262e3,0.31479087799925765,measured,-0.06753573111355426,
0.9842823757624404,C0,6bba_e5e44988,0,0,0,10,5,0.9765258215962441,624,6bba,5615,0433be158c5c4532682533e8ed8ea9fd38924f2b6422eb59aeffed705ebc94cf,0.9894894894894894,659,075fc5f5a52d11077f9dc2b074644618f26939e2,0.9894894894894894,5169,11f668281bd477ef588010c5c83de62ae975f3841a68c43d8b4bc33d02902126,0.1703760839991446,measured,-0.07943009795191451,
0.9059699951763412,C0,6bba_ebdf3b34,2,1,0,42,33,0.9102870813397129,761,6bba,56847,b96da0020738ef6244a6eaf2ec181a965c769e6e357f9080c320da6f03219be4,0.9822904368358913,832,075fc5f5a52d11077f9dc2b074644618f26939e2,0.9822904368358913,59543,1d6df0538180b0ea3de8b87423d0fc50da42b4787172c2d056eab96f538673f3,2.229423674998543,measured,0.04742554576318891,
0.6664170438347453,C0,6bba_ebff6e76,0,0,0,230,250,0.6829590488771466,1034,6bba,41596,86a900d14c33d211afc9d2bc437b8e24bd1c55aaf5082375e570fa8a627ea190,0.9446130500758725,1245,075fc5f5a52d11077f9dc2b074644618f26939e2,0.9446130500758725,51671,0933d070a73e5afcd1b2a14639a49ce168c8c59bc72381b059ff74fec7f88e88,1.318925756999306,measured,0.24221078949899028,
0.9765057614312888,C0,6bba_ed9377fd,0,0,0,11,2,0.9745098039215686,497,6bba,4443,4c957895b9a610df8993d9ed5f2e3875895fefe130855f4c193c13088405dff0,0.9830508474576272,522,075fc5f5a52d11077f9dc2b074644618f26939e2,0.9830508474576272,4352,1dd5c06b3d214d1b101724545e92eff843b55ee638b22a2be1580ec3693a10eb,0.19243587299934006,measured,-0.02048165653837497,
0.9280282127805635,C0,6bba_edf14583,0,0,0,26,42,0.9152119700748129,734,6bba,59242,4daf835d46a9b706437829b051e376c0d587af43f5ec96b73cbe4d09909f3c65,0.9987515605493134,800,075fc5f5a52d11077f9dc2b074644618f26939e2,0.9987515605493134,50946,7f2dbca2ba81c42c66e80f10239117a064e9fe5cd17c9317243bdac5f3cc1781,1.3483543010006542,measured,-0.1400357854225043,
0.8834330861884855,C0,6bba_eebc57a5,0,1,0,61,71,0.8754716981132076,928,6bba,9347,f4b7114fc987bc357e2fdb0d0d90c9fbe5b99976e6e6c109681eceb7c3bd60ad,0.9775828460038987,1003,075fc5f5a52d11077f9dc2b074644618f26939e2,0.9775828460038987,8497,ad47db15ae304706c2d278a639b287f98733d84cdc1aeab80a9fc4262e87e4d2,0.3033424240002205,measured,-0.09093826896330373,
0.9794449860490134,C0,6bba_ef7b4f7e,2,0,0,23,7,0.9751655629139073,1178,6bba,6107,1c23a1504fa70cb3641e2951a3adf0c077ff7637fa19fad0c56dd4265220ec5b,0.9878444084278768,1219,075fc5f5a52d11077f9dc2b074644618f26939e2,0.9878444084278768,5839,7dd51344b5701be0c5f4431075b88b1a89d6cadb16ca1bd86b35f24ddc1946ca,0.43888603699997475,measured,-0.0438840674635664,
0.8396037187187083,C0,6bba_f17befbc,0,1,0,94,78,0.8426349496797805,921,6bba,24963,16bd2dfd00f338f1fee50fbed3ddf5fc0c9ad62178209c66f3f7673802a2f922,0.9666048237476809,1042,075fc5f5a52d11077f9dc2b074644618f26939e2,0.9666048237476809,25861,a3bd54075d3206cd68c7f310e5f3a681dfd10b07380b3aff2be987a585a0c135,0.6511433139985456,measured,0.03597324039578576,
0.9778729034038276,C0,6bba_f1fde7e0,0,0,0,12,3,0.9665924276169265,434,6bba,9040,af70ebe7de3434587766db9d136584f1ff372b32b9deeaaefe353b3796670888,0.9789915966386554,466,075fc5f5a52d11077f9dc2b074644618f26939e2,0.9789915966386554,7985,b3f0862ced71b13cd5381e2b725b2caeb738475d843418576f7905173bf8b955,0.25550948599993717,measured,-0.11670353982300885,
0.9820364301226021,C0,6bba_f20478e9,1,0,0,19,10,0.9701952723535457,944,6bba,5973,6fb05226ad715825a81ae1a63cea038746ff14cb3a9b4290c07971c8c8946468,0.9910269192422732,994,075fc5f5a52d11077f9dc2b074644618f26939e2,0.9910269192422732,5244,9be649790b1e189b75e238e7938fb91e9d3eaeead08e5fde36e469d8def5b228,0.3670047699997667,measured,-0.1220492214967353,
0.9858285302660539,C0,6bba_f4ae811c,0,0,0,6,3,0.9907024793388429,959,6bba,8903,99624168de04d9d10df06b0e171b6f95198ea6d39e2f62db5d8d582e97a1c444,0.996003996003996,997,075fc5f5a52d11077f9dc2b074644618f26939e2,0.996003996003996,9341,bc13ead0f46adfad8750d6a06b0a5073f37b1e733c3c215fab6d4be2694dc48c,0.24561705700034508,measured,0.04919689992137482,
0.9163071412785333,C0,6bba_f8ffd5e7,2,0,0,14,16,0.9222797927461139,356,6bba,29540,5e51bac111a3c7c442a8a22a4fa37ab9fb29f4203b5ac930c9c441ad88450ec1,0.9948586118251928,387,075fc5f5a52d11077f9dc2b074644618f26939e2,0.9948586118251928,31453,16e12045e9f4f03d4e13144fd707654d4e90f9334c65b39e2045e9a29a1d3f9e,0.9852550129999145,measured,0.06475964793500338,
0.982724071281678,C0,6bba_fbc898dc,0,0,0,4,6,0.9844961240310077,635,6bba,4889,7dfc7935ad088462b814861c62cbec5a7fab94121430b06718931a0882c99678,1.0,655,075fc5f5a52d11077f9dc2b074644618f26939e2,1.0,4977,aa0affb44ef18afddd39726159febbf6181e8931fb6b45c8042e9750b6e95dbd,0.28129241699934937,measured,0.01799959091838822,
0.9799276793141525,C0,6bba_fc516dc6,0,0,0,13,11,0.9689521345407504,749,6bba,7866,eacfb26445f224074802d67ae7ea2d769c3b4ec8f9cce51dc0bbee1073cdd488,0.9911167512690355,781,075fc5f5a52d11077f9dc2b074644618f26939e2,0.9911167512690355,6975,2cc19de495cfe103609355d84be75d3c13baa1e4f1a9e02c7d2404eac87c17f4,0.280758496000999,measured,-0.11327231121281464,
0.8906034114878623,C0,6bba_fc5f39dc,2,0,0,30,10,0.9145299145299145,428,6bba,14020,366936d703dead67afa06e598034bf7a135f2937f0ff50e64b72215b60c52694,0.9532908704883227,449,075fc5f5a52d11077f9dc2b074644618f26939e2,0.9532908704883227,17688,7dab2735bb2bddf1b4185c31ed13c5fe67b544f70d6f183b80cdd8c4c2a020fe,0.8401952679996612,measured,0.2616262482168331,
0.8541332177977989,C0,6bba_fc83837d,0,1,0,87,62,0.848730964467005,836,6bba,13087,c58ec6d8cf4e733364bc67d3df69f3bdb75e01cce444b9a27b98749cac8a879d,0.9508881922675027,910,075fc5f5a52d11077f9dc2b074644618f26939e2,0.9508881922675027,12254,a9467fab1f4a5a0c395c0ccafa45e9bb5024092f27029126cf438591a96e9c36,0.41697045900036755,measured,-0.06365095132574311,
0.9897312284275447,C0,6bba_fe670320,2,0,0,8,5,0.981021897810219,672,6bba,10836,c73c2bea0fd6ea2a854e7984d35da5ab19d81ac77ef7d9a8ef69cd6b79e11b3e,0.9916201117318436,710,075fc5f5a52d11077f9dc2b074644618f26939e2,0.9916201117318436,9874,24ef098b5d2c731b31a2f8ef80bbbc420e183d49382164d5ccc5ec63bda51f4d,0.38278168800025014,measured,-0.08877814691768181,
0.960391380314502,D00,44b6_0113de3b,0,0,0,2,0,0.96,48,44b6,25755,367f5b8c10251ca03538d61271225082c87205e9cae0e06665419a3464682b99,0.9423076923076923,49,075fc5f5a52d11077f9dc2b074644618f26939e2,0.9423076923076923,25650,d5ff37142a694eb55f7e2324a78c9cb34cc5188586f218776329a987186e8572,1.846067509999557,measured,-0.004076878276062901,True
1.0167466382070436,D00,44b6_0b24845f,0,1,0,0,1,0.98,49,44b6,32795,10ba2fef67696f525e328c5c140b41bb9d1e66e917553541a76d9ba3bc635250,1.0,51,075fc5f5a52d11077f9dc2b074644618f26939e2,1.0,20498,8747d761cd79cf81d46fb5b302827b2ef468e9c568d730675d510ae651502e62,1.467850944998645,measured,-0.37496569599024243,True
0.9066295389029491,D00,44b6_0c582fdc,0,0,0,3,4,0.9054054054054054,67,44b6,27958,c7b8b2e55d1738d83c116d780ea0fdc2428d7480d3d4c1b88fa9e39aed33c7ab,1.0,71,075fc5f5a52d11077f9dc2b074644618f26939e2,1.0,27580,aaf4e0c431daad9734885cea25c9284c435b39c70fccee60e8222c143f99c7f7,1.9698901000010665,measured,-0.013520280420630946,True
0.9708356203723898,D00,44b6_0db75fae,0,0,0,2,0,0.9867549668874173,149,44b6,15335,738a8e7a0b58ba741f600af2aba0bbb9dd5182e0505fc98f5663f10a26d6c5ed,0.9808917197452229,154,075fc5f5a52d11077f9dc2b074644618f26939e2,0.9808917197452229,17809,9063798ef287b182bb6a21836ed8fee004b597959d1baccc2ac41a9004c9ea14,1.492959276001784,measured,0.16133029018584935,True
0.935966114094523,D00,44b6_12dfb391,1,0,0,36,33,0.9143920595533499,737,44b6,58672,aa8b0e6e4fe926621952c951080a9c5cfeb34323c22c9dfb0309ee46dadc2fa8,0.9873096446700508,778,075fc5f5a52d11077f9dc2b074644618f26939e2,0.9873096446700508,44829,c8385d0b6a1520152c90c11853dcfd96b7c7aad227310aa8e6f9be54e0f38930,4.361286831997859,measured,-0.23593877829288246,True
1.0028501172952258,D00,44b6_144b256d,0,0,0,2,4,0.9512195121951219,117,44b6,65376,739a37373bbfe6af06ea7cf706a167c837a8994c9af82233b5e76093fe377dc5,1.0,121,075fc5f5a52d11077f9dc2b074644618f26939e2,1.0,29891,8d30a678b074d674a29d886b7003fe29ec524062bcd1b80a08d7cc3888960b42,2.1818382460005523,measured,-0.5427832843857073,True
0.8846294637696386,D00,44b6_1574802b,0,2,0,9,8,0.8944099378881988,144,44b6,17677,303637a45102952f427433a93e39f0eb888b592befb63f2ec04dea898542e0c0,0.9612903225806452,149,075fc5f5a52d11077f9dc2b074644618f26939e2,0.9612903225806452,19610,cd5318f23f9e9059cdf2bb4f553c59f5ad902ab50b94d2fb142ac605c5e38e44,1.567376344002696,measured,0.10935113424223568,True
0.8251863225821824,D00,44b6_18ced818,0,0,0,8,12,0.8198198198198198,91,44b6,78644,57f21c293da17d19ce4f02684412e21c1e4a5779231ed67da4930044e4d78b20,1.0,100,075fc5f5a52d11077f9dc2b074644618f26939e2,1.0,73496,1097a99b8848efe47f0abdf099c24b62549c86e7f4789c3c7882c0faae885475,4.9365124230025685,measured,-0.06545953918925793,True
0.8017264480111654,D00,44b6_1d530831,0,1,0,27,33,0.8026315789473685,244,44b6,35825,6ff6dca18325ba7669e8408da288853ac35d44fec02e2c538a7ab7ae8a05b65b,0.9782608695652174,270,075fc5f5a52d11077f9dc2b074644618f26939e2,0.9782608695652174,36229,f7ea8f0cff2118433ca5408abf7f5cb8a1c70a7197fc37f2b3f7ea627b5ec576,2.691136336001364,measured,0.011277041172365667,True
0.9118007592200251,D00,44b6_24264f12,0,1,0,8,12,0.9141630901287554,213,44b6,26353,11326a7b8cdc30a06f477266fcd0d25c11b61581888842fb86e14f303401beff,0.991304347826087,228,075fc5f5a52d11077f9dc2b074644618f26939e2,0.991304347826087,27034,9ec5cc9a0dbff7ee88173d3c32e777b24610e58610f34606c426886d1b739c9c,2.0259653739994974,measured,0.02584146017531211,True
0.8494511238891793,D00,44b6_267148e4,0,0,1,17,24,0.8637873754152824,260,44b6,19130,a4e2c45e9b64b7b8066e2c3e961994c1aadf2837cd3f8fca9eddc1cf5283f5bf,0.9964285714285714,279,075fc5f5a52d11077f9dc2b074644618f26939e2,0.9964285714285714,22305,9d9d5fe38b503bd1f152bee6f64971497b1c73b5bf74ba3b8c60178b04bfef86,2.2979234699996596,measured,0.16596968112911656,True
0.8858814708883782,D00,44b6_2a2eff9f,1,0,0,12,20,0.8608695652173913,198,44b6,56367,9f0670a5d7e60b8a8f43eec69b57341abfecff3286823cad20921c9f0827d2fd,1.0,214,075fc5f5a52d11077f9dc2b074644618f26939e2,1.0,39990,06f4c091720c90e67755539f0d9a51c47bc5c1a0b5e17352587825e4a528b02d,3.7344063879972964,measured,-0.2905423386023737,True
0.5474189154723984,D00,44b6_2f31fc2f,0,0,0,20,36,0.5371900826446281,65,44b6,24368,33d3bf6960cdc6de9f364a820782d7ec833d616b2d70d69155ad687147289bf9,1.0,89,075fc5f5a52d11077f9dc2b074644618f26939e2,1.0,19728,9fd1edfe51cef68f12f60fe2632649272df0b4a568cac4bebf5e586fdb86645c,1.571988417999819,measured,-0.19041365725541695,True
0.9975053579082727,D00,44b6_33b596bf,0,0,0,0,0,1.0,49,44b6,23330,5b963d046eb2776379a9cfbe829f645058792e9e0efdc51afe93f289b292f4b4,1.0,50,075fc5f5a52d11077f9dc2b074644618f26939e2,1.0,23912,489a0ff1ada72185a24c92b00a11611540e9ad1481879289794f111dc90d6e28,1.5590392209996935,measured,0.024946420917273896,True
0.9824606015993576,D00,44b6_341df25f,1,0,0,1,0,0.9952153110047847,208,44b6,7436,bbaac8594591173bfd3fb6d370e9700bb5a180043a1695a0bf8f9f6615884e60,1.0,216,075fc5f5a52d11077f9dc2b074644618f26939e2,1.0,8389,fbdcec1358ea8f764c187639b77356b34acd011df83e0233fd87c066564ffd45,1.0631217600021046,measured,0.12816030123722433,True
0.955054349400524,D00,44b6_3a861e03,0,0,0,25,26,0.946031746031746,894,44b6,40546,920b8c5404eb1f0bb923834b21ea1f0742cb1a5ae675d8d5740ae94190415cc7,0.9882352941176471,924,075fc5f5a52d11077f9dc2b074644618f26939e2,0.9882352941176471,36679,35519f2d20266e36010ebd69d986e6598818c5c3aa01f447be76f215ceb3f228,2.7153658930001257,measured,-0.09537315641493613,True
0.9052967215251538,D00,44b6_3bb3690f,0,0,0,25,34,0.8627906976744186,371,44b6,31937,b8369f01df88241305ce55ea874fc4184d1a957a2310561ea0ce7d89ac570954,0.9925,397,075fc5f5a52d11077f9dc2b074644618f26939e2,0.9925,16203,00538c8673da0125b0873cbdfe46c2fb72d6ae4edddcdd28812bfcd7785cd10e,1.3897451779994299,measured,-0.4926574192942355,True
0.9263961369942796,D00,44b6_40c45f5a,0,0,0,6,11,0.9186602870813397,192,44b6,32681,ccc38622b6c32d7bc97e40afa3358a50780d8bfd6edaaf4dda259557cef3357c,1.0,200,075fc5f5a52d11077f9dc2b074644618f26939e2,1.0,29929,b7fac26bf489545632161542c4657af652830ea7ea7ea8f3d24198eeea0f5ab8,2.3259617389994673,measured,-0.08420794957314648,True
0.9748302895012879,D00,44b6_415c0a3a,0,0,0,9,12,0.937125748502994,313,44b6,57292,fd423de2200dfa8bea1772e2d9e11d83454796beb59a4ab361c6b43b9262ca0d,1.0,331,075fc5f5a52d11077f9dc2b074644618f26939e2,1.0,34241,088e77d5925451c0ae6ed63fd76cd319fb384098333e309c8ffb0bb42129cd88,2.46333628299908,measured,-0.4023423863715702,True
0.9604941606243427,D00,44b6_53f95252,0,0,0,2,2,0.9428571428571428,66,44b6,38715,20889b25201f11cd573c67f25265d5532ae4ed077cd7abdb380d511dd59e34f7,1.0,70,075fc5f5a52d11077f9dc2b074644618f26939e2,1.0,31473,c74e8a8af797ea3f4c3387de6546984b58c9f529b123f9278d0af026ff45f503,2.1618506660015555,measured,-0.1870592793490895,True
0.8020311457686381,D00,44b6_551a5dba,0,1,0,26,34,0.7674418604651163,198,44b6,57627,3b5a0d09a2e63a9aa9bf124f595a5549f7771a206a9f528a388c9bfe788cbb86,0.9780701754385965,223,075fc5f5a52d11077f9dc2b074644618f26939e2,0.9780701754385965,31654,37c5341d927c69e5e9488d221f22a11e3292d30c5cfaeaa0526a0c050fd022d0,2.282832120999956,measured,-0.4507088691064952,True
1.023701372031193,D00,44b6_5740d24b,0,0,0,2,1,0.9824561403508771,168,44b6,19730,b47eb5f43c25a4595542c8cf78d879f6f676cadb078df9af6ef386cc40ed84ef,1.0,173,075fc5f5a52d11077f9dc2b074644618f26939e2,1.0,11447,fde232ff67e3253883a5d2c5e2a35254a6ee61d8a0933d5a8a0f7b10be95b2e8,1.1027488689978782,measured,-0.419817536746072,True
0.9751402739668176,D00,44b6_587a1e22,0,0,1,3,5,0.9787234042553191,368,44b6,18137,fc08872b39fb185d4a861a8a213c092f2d881437256bcef27cb7cfb14a0b31c2,1.0,381,075fc5f5a52d11077f9dc2b074644618f26939e2,1.0,18801,415f060e8b5e0777f75e0f6000d14766672d7ce5d689701d4d54275413eb7846,1.9395088480014238,measured,0.036610244252081384,True
0.9089752596515862,D00,44b6_5f15d135,1,0,0,16,17,0.8862068965517241,257,44b6,29519,ffc7806d6a14728a5ac82737ce14cfaf085c47ff3c258d3b48a57997a264178f,0.9856115107913669,274,075fc5f5a52d11077f9dc2b074644618f26939e2,0.9856115107913669,21935,64873a53deee3b1f0258cfb4bd929e11283504b930c5f9adddba29aefe229311,2.2268096879997756,measured,-0.2569192723330736,True
0.9600843954263641,D00,44b6_668e0cc7,0,0,0,14,21,0.946319018404908,617,44b6,39701,0ffd0c710455fd29d18cfafe4538fd9672913956d70d934b5763623f11f94d52,0.9984447900466563,642,075fc5f5a52d11077f9dc2b074644618f26939e2,0.9984447900466563,33926,2376663b549609bedf28c76a211aaadc0011d2dde55c034241d1acaab2fb0718,2.4896216669985733,measured,-0.14546233092365432,True
1.039217046101309,D00,44b6_66f9292d,0,0,0,1,2,0.985,197,44b6,52710,49783688e81dcba857f491a06a838c6fad02d7ac20a3b28d47c922a82f3a9fad,1.0,200,075fc5f5a52d11077f9dc2b074644618f26939e2,1.0,23697,3e8fe0a120026546f8c30fbe4e7cb9a35b5d6c685fca6e22f0a7c0e0df912718,1.8368509280007856,measured,-0.5504268639726807,True
0.7575070369062297,D00,44b6_706092f0,1,0,0,21,17,0.7164179104477612,96,44b6,69898,d5a0ccb18d530206447e6cc7df8d9d7986dd1e3b16f611693257472902c7f785,0.9491525423728814,112,075fc5f5a52d11077f9dc2b074644618f26939e2,0.9491525423728814,29809,47ffc2c12b21dbe6086c1c7a32be8e43675146bb5aa944ff61001c6ba387a003,2.9250206600008823,measured,-0.5735357234827893,True
0.7282575228323993,D00,44b6_71a4179f,0,1,0,18,27,0.6917808219178082,101,44b6,67688,867683368d62c1572e5c4a78a0b6f9e0497cec1dbbb964972716842c67d5e2b3,0.9752066115702479,118,075fc5f5a52d11077f9dc2b074644618f26939e2,0.9752066115702479,31997,cbddcba9a0122d41ea2bd3abe35de066a0b0c20829976c7911216824185eab29,2.3671966140027507,measured,-0.5272869637158728,True
0.956046342633852,D00,44b6_74d0c52e,1,0,0,6,6,0.9172413793103448,133,44b6,15090,5cc423a6d837b40fad0b706b69160c767b9674cfef5e21d9a1d20d59d4508dda,1.0,140,075fc5f5a52d11077f9dc2b074644618f26939e2,1.0,8706,eb6cf02372b5272ae54493ac950d93ee6e1b5d584b1b1857869f2a6b5b6d75b4,1.1823945840005763,measured,-0.42306163021868787,True
0.9531534045312551,D00,44b6_7a302da0,1,0,0,17,24,0.9227871939736346,490,44b6,66858,631a23a77ffb7ad078ff91157924649a19210d7ffa6d330ca1c4fe373f918369,1.0,516,075fc5f5a52d11077f9dc2b074644618f26939e2,1.0,44857,171a3592118feccf2b47a85a3b869564fab4d42004b8488b050192583744591f,4.302666610998131,measured,-0.3290705674713572,True
0.9664278566642759,D00,44b6_7e557709,0,0,0,16,14,0.9477351916376306,544,44b6,56060,591dad4f07d6d0a704a3a1b9b91625d7b709cdfc8fdc9e7354a0c4a959c092a6,0.9929824561403509,566,075fc5f5a52d11077f9dc2b074644618f26939e2,0.9929824561403509,45003,7d63ea4b66d472f3061b0fcccbdbb1876b93a622c187bb5be154928787cc1447,3.3552018820009835,measured,-0.197235105244381,True
1.0041100241392453,D00,44b6_808952d6,0,0,0,0,0,1.0,179,44b6,15742,45365c54715e04787f7e681fc092c5c152dd32e20ce4947b8fef966ee5f0b347,1.0,181,075fc5f5a52d11077f9dc2b074644618f26939e2,1.0,15095,edcb3f67cb75f7fdb9fa0ba48413810f39cd7bbcea2fcc484f7552149d454a21,1.2079795399986324,measured,-0.04110024139245331,True
0.9877437325905293,D00,44b6_81c256f0,0,0,0,0,0,1.0,197,44b6,10052,79be762b4c8ccd79fa8ec1346a38e8e59e8ecc19071429feb153bda2fc77c298,1.0,199,075fc5f5a52d11077f9dc2b074644618f26939e2,1.0,11284,8731e64f19a926b989f8ac5b25fdf752e5bb14e47a9b9fa48b42d82ce824bbc4,1.044045503000234,measured,0.12256267409470752,True
0.6038993590219217,D00,44b6_87bba6c4,0,1,0,35,39,0.6063829787234043,114,44b6,28102,f511c6575246d208e5e036d1cc911bda4d2feb2f17b3fae35bf136b31d11c9ed,0.934640522875817,143,075fc5f5a52d11077f9dc2b074644618f26939e2,0.934640522875817,29253,d277e65f6546e86b4f9362808d9b265fd2738f23d9e940a6afabacaa5a93fc84,2.081786586000817,measured,0.040957938936730484,True
0.9997625944627231,D00,44b6_8cc6506c,0,0,0,10,6,0.9601990049751243,386,44b6,32172,17e9dec7f6d110deb69d06dcb4383a5adcd4c3d1a1f546663538e5d503b389ac,0.995,398,075fc5f5a52d11077f9dc2b074644618f26939e2,0.995,18916,d6938f6299c73fa22e429619e78b4562304c6b61e13b7bd2c26f677ff2c8a51d,1.509639246000006,measured,-0.41203531020763395,True
0.8626784596172499,D00,44b6_8f5ab931,0,3,0,40,49,0.8637059724349158,564,44b6,27571,08ef1f8198f53267c6d70144f235d6874a24f17cf0e7ec424f71346d4ce6db16,0.9821428571428571,605,075fc5f5a52d11077f9dc2b074644618f26939e2,0.9821428571428571,27899,bc1852a6a054c6485adea2c39aa12c1c8ca2fc3cf87e2ea016808d8707deecc1,2.1335175700005493,measured,0.011896557977585143,True
1.014402636982793,D00,44b6_8f9ecab4,0,0,0,6,5,0.9706666666666667,364,44b6,74833,7d5eb74118ae4bb3675bb655d9d7ae8716ac76e559c2c9ee0463645809e6b354,1.0,374,075fc5f5a52d11077f9dc2b074644618f26939e2,1.0,41115,6670418e0ad760a4c5b38fcacca9ae4615af59a8cda414e888d2952446d52a03,2.942548113001976,measured,-0.4505766172677829,True
0.8032402674476962,D00,44b6_90724892,0,0,0,9,15,0.7966101694915254,94,44b6,25532,dc92e666778584cef1ecb53f6c127b9176c06a1118ac80bc4e0f16d65da9b3a1,1.0,105,075fc5f5a52d11077f9dc2b074644618f26939e2,1.0,23407,ec1e7cdc4b1f4a635b9e9e9425234c561264d92fcc66f2d1e5c20d1f425601ac,1.6424483290029457,measured,-0.08322888923703588,True
0.8184841187937163,D00,44b6_949adeb1,0,0,0,34,40,0.8229665071770335,344,44b6,37179,207e1a67d5153aa6a1f253909e77b6c62d3e2bc5f02b5da56be6ebd619eb3616,0.9768041237113402,379,075fc5f5a52d11077f9dc2b074644618f26939e2,0.9768041237113402,39204,db54e818e49d71cd78f47b0bb40afab2e5cce39be8e08ae5e2cf76be71c31224,2.802355294003064,measured,0.054466230936819175,True
1.0071691532648712,D00,44b6_95029e92,0,0,0,0,0,1.0,198,44b6,5161,0987a181d6423ecc3fd4543a6097f1443f704e6041e07c30520d3118f9bef70d,1.0,200,075fc5f5a52d11077f9dc2b074644618f26939e2,1.0,4791,95d7c1a452d89f0217aedfc0fb3ad8a756118d4a4ff1160f0b51d44950e0c156,0.587523203001183,measured,-0.07169153264871149,True
0.9741756086046353,D00,44b6_97725144,0,1,0,3,4,0.9688888888888889,218,44b6,35774,282b26f425cf7daada3cd452cbb8c7a73d565a973613535b19f96260b4b234fa,0.9955555555555555,224,075fc5f5a52d11077f9dc2b074644618f26939e2,0.9955555555555555,33822,7414c049adc9c612ac6fab7552d58647f3119d4d31396224603b54aa1b776f80,2.5090677599982882,measured,-0.05456476770839157,True
0.9542350671581131,D00,44b6_996155de,0,0,1,7,2,0.9762532981530343,370,44b6,7573,36e54433aa9c218b857f78f44d4ab9a55d12fe21b40bde1412a755648c4d6215,0.9868421052631579,375,075fc5f5a52d11077f9dc2b074644618f26939e2,0.9868421052631579,9281,df3b892e2112c3b11e7f50fb0ccd357b96ee0ed7f4a1c1069a5389ddefdc54c3,1.2002800989976095,measured,0.22553809586689555,True
0.9213736770011831,D00,44b6_9be80b04,1,1,0,13,17,0.8734177215189873,207,44b6,57877,5151c5f8fd3f5313d1b19ae50c32736cf8d3220215f838262200d8bde3ac1fd3,0.9864864864864865,219,075fc5f5a52d11077f9dc2b074644618f26939e2,0.9864864864864865,26099,95167a61703631ba5680bd4d4ae6ef92a090be0129a9b659c6c73ff09e550192,2.7248112300003413,measured,-0.5490609395787619,True
0.9047325149503728,D00,44b6_9bfa6a0a,0,0,0,15,21,0.8714285714285714,244,44b6,64308,e8801752a67c542abb8eaaa0c5b495ae4edecc404d43942720c506cd960f3c25,1.0,264,075fc5f5a52d11077f9dc2b074644618f26939e2,1.0,39731,59409035b55c729d30e479ce637370300d9ae1c384262631ceb51e6ccf38cbe1,2.7844264039995323,measured,-0.38217640106985135,True
0.9939192557104143,D00,44b6_a21120c2,1,0,1,2,1,0.9895470383275261,284,44b6,23040,7b25656e166a01460e20242eaf9f9a757f84d99f27514d71e692169756b44e82,1.0,296,075fc5f5a52d11077f9dc2b074644618f26939e2,1.0,22022,a8504d7248491a1e4e96f4d52fdf00716386a5bb999fe9bae19c7093e0dc370f,2.8519815770014247,measured,-0.04418402777777778,True
0.8564781265729929,D00,44b6_a2bb48bb,0,1,0,34,39,0.8374164810690423,376,44b6,60613,a3c97652cf0d4e98d9fb49fc5542b2d9e321240fdc8509c1bc053c47c7380f46,0.9975961538461539,415,075fc5f5a52d11077f9dc2b074644618f26939e2,0.9975961538461539,46816,adb0060b2f681741f8c26c256cad9b1720757d8854c2a36fcfcd3558327fd692,3.311219761999382,measured,-0.22762443700196328,True
1.0151886238317684,D00,44b6_aaf8b0ea,1,0,0,3,0,0.9854368932038835,203,44b6,22099,1db36bdafe9f40ca72e6152b831de2b1588e740fb9316c193d1a3a83463bc256,0.9904306220095693,207,075fc5f5a52d11077f9dc2b074644618f26939e2,0.9904306220095693,15427,594380e6a39c749dc954df4bff0553b8ad80c715b592ef6990bd367dbbf762d9,1.7357086560004973,measured,-0.3019141137608037,True
0.9936209855169731,D00,44b6_abf82518,0,1,0,0,1,0.9894736842105263,94,44b6,27604,cefddecc195a0b5f5991e45ae3e8bc0153ec3a546e2c4cb10c23c89737ecb52f,1.0,96,075fc5f5a52d11077f9dc2b074644618f26939e2,1.0,26447,3057a7517b7a09eda46236aa7111464e225dbfb91a0494bb0efd76a777ad5336,1.832463081998867,measured,-0.041914215331111435,True
0.872183789679561,D00,44b6_b2c44266,0,0,0,14,15,0.8415300546448088,154,44b6,59729,e0511ab74e249cc450fbce6cb4505758b3143e33696637e16cc24cd19e7a1c1a,0.9647058823529412,164,075fc5f5a52d11077f9dc2b074644618f26939e2,0.9647058823529412,37972,c149aa1ac885b8defe17dd0081e1b400e80bd8027a63595c566dc047caf63293,2.753118453998468,measured,-0.3642619163220546,True
0.920541815449504,D00,44b6_c15fded2,0,0,0,4,5,0.9158878504672897,98,44b6,20585,e1cd5742bd1ea38af15893c07fb6c7ec1111cbf61f968e1e96be0aff986cdfd2,1.0,104,075fc5f5a52d11077f9dc2b074644618f26939e2,1.0,19539,544b6e5834fa3cc5456e5bea5486e5f81ed5dc79e6fb741f27afbec84f5cf6c7,1.4461339710032917,measured,-0.050813699295603594,True
0.8271453610493059,D00,44b6_c50204e0,1,1,1,32,36,0.8116343490304709,293,44b6,47078,b51311c5352bccdc9094f82fee4295267c718c83365cf56f2b2cfd68c2853668,0.987987987987988,329,075fc5f5a52d11077f9dc2b074644618f26939e2,0.987987987987988,38081,1800d3e8961d8366dd441fbebee559272101103a1de802df3367ff5108cfa014,4.692357814998104,measured,-0.19110837333786482,True
0.8485041705891777,D00,44b6_c771cb04,0,1,0,19,28,0.8127490039840638,204,44b6,53345,3686003170ab2f48aa6a91555eb399b57803b1f2f5327e6a63677c05b93aa56c,0.9911894273127754,225,075fc5f5a52d11077f9dc2b074644618f26939e2,0.9911894273127754,29877,1ce7b491ad8baea3284892d088eae23a81438c5f9e38fdea2760dadbc3a8a8ba,2.2118057719999342,measured,-0.4399287655825288,True
0.865881688437251,D00,44b6_c8e2a523,1,0,0,11,15,0.8547486033519553,153,44b6,33144,a116dfac8cf40eff274bca581c03e7e1e13ca65d1a58ec20ca2d8f026e4b83ff,0.9821428571428571,165,075fc5f5a52d11077f9dc2b074644618f26939e2,0.9821428571428571,28827,6cfe6d1b9f935bbf26f8e04076c8ba8dfeb2e00edab5af9f678fecad406caa16,2.89032626900007,measured,-0.1302498189717596,True
0.9482552720195906,D00,44b6_c96cfa10,0,0,0,25,18,0.9321766561514195,591,44b6,46236,94d0e392fe52f08f3109780e46f8bdaf1aef263ae1f370f777f2651814427f58,0.9809220985691574,617,075fc5f5a52d11077f9dc2b074644618f26939e2,0.9809220985691574,38261,13575810785232a871e4881d2ba9f3aa171952b6a462f580e5b6c171084b6c81,2.849477479001507,measured,-0.17248464400034605,True
0.9299215165250662,D00,44b6_cf2536e8,0,0,0,4,6,0.8765432098765432,71,44b6,57565,f99cfbabb92b4bce6bf63e513def6d492588cd32b05c9033754cb31c5b4b2475,1.0,76,075fc5f5a52d11077f9dc2b074644618f26939e2,1.0,22510,ae871bb91eb7d3d780c5ebc58a4dd56fe48e24b51947171a36e3a38c9eebcf5a,1.667025767997984,measured,-0.6089637800746982,True
0.9529736688927326,D00,44b6_cf8fed6b,0,0,0,4,6,0.9484536082474226,184,44b6,43729,054d2e9cadc474930ea6019b4a3fa8d9902f4016a6b13430569f5dc9ce628a4c,1.0,191,075fc5f5a52d11077f9dc2b074644618f26939e2,1.0,41645,84ad6933b727c220ecac04e017e17c5ee4426d624189587a2992ca3279ba6377,2.961775604999275,measured,-0.047657161151638504,True
0.9633622591976261,D00,44b6_d29c9ab2,0,0,0,26,29,0.9594694178334562,1302,44b6,38055,58bf396b4ac168902b3aa9f1a6f6fb0936d910b881b87b86f15eee3d748897cf,0.9940872135994088,1345,075fc5f5a52d11077f9dc2b074644618f26939e2,0.9940872135994088,36511,a6741e964c544c1cbf24ff94351a678dff991771d556edfb18b1d9b99c4582f8,2.6934631370022544,measured,-0.040572855078176324,True
0.9960594016402642,D00,44b6_d2f34f90,2,0,0,7,4,0.9614035087719298,274,44b6,24074,c59edebe353eca27c1b85b7abcd59426ba8c3fef819ef8b868e40416d1cc4585,0.9893992932862191,280,075fc5f5a52d11077f9dc2b074644618f26939e2,0.9893992932862191,15396,6e3a2604cd670d6947b849273fbffab431c6a796d9c4d9061e5b6b737dbdb44c,2.109827098000096,measured,-0.3604718783750104,True
0.8574061572468379,D00,44b6_d5e7d891,2,1,0,64,77,0.8546391752577319,829,44b6,44848,c46114e2b42a3f06659a0ae3199d0dac5580acfed7bd53f0f80215119475fd12,0.9922737306843267,899,075fc5f5a52d11077f9dc2b074644618f26939e2,0.9922737306843267,43396,a1f461638d7c6da63d72b8742942662abef70129c96a036f9161ddac417f12da,5.535287122998852,measured,-0.03237602568676418,True
0.9364812307956767,D00,44b6_d754aa59,0,0,1,2,2,0.9444444444444444,68,44b6,5171,9abaccbd86323c99158c3bac0df9678559046fc70e4acbde2c7ee1cb5c471043,0.9861111111111112,71,075fc5f5a52d11077f9dc2b074644618f26939e2,0.9861111111111112,5607,76b7f04f6b91421c8e7befeccb3f0b386977d25cd1286150b4621640720b3f7a,0.7719106629992893,measured,0.08431637981048153,True
0.8933843286828653,D00,44b6_d78e09d9,0,0,0,25,23,0.8987341772151899,426,44b6,22259,9ca799c76ef7e8ed335636256c7a7585dfc21644cd6a86411e1dbeecabf587c9,0.9740820734341252,451,075fc5f5a52d11077f9dc2b074644618f26939e2,0.9740820734341252,23584,779b1a405c72568264df0d9a03324499ba5e6409aa9e1fb2d5467f040415ae7b,1.9314976099994965,measured,0.05952648366952693,True
0.8967110430672968,D00,44b6_db3c847b,0,0,0,9,8,0.9,153,44b6,15023,a68b9d654ba24b97ecf67a32af5553d74431851bef31373fe85603ed0ff3ef6e,0.9757575757575757,161,075fc5f5a52d11077f9dc2b074644618f26939e2,0.9757575757575757,15572,e4949478b4724cda0fab457c41af0700c27939973aab62ff01d847d0d34b0fd3,1.3140265900001395,measured,0.036543965918924316,True
0.8798437890900633,D00,44b6_ddf577ad,0,0,0,43,59,0.8555240793201133,604,44b6,53492,2846fa91afeaf13c00843e93408925cf39c9d7f92d189c7cf7d0f951fd0b1873,0.9893778452200304,652,075fc5f5a52d11077f9dc2b074644618f26939e2,0.9893778452200304,38286,a3282113456e870a6a200370ad79f7dfe35597cab16c28cbb6381e451c41ff53,2.959628803997475,measured,-0.2842668062514021,True
0.9194248777885922,D00,44b6_deabac95,0,2,1,3,6,0.9307692307692308,121,44b6,13989,8ac49d826aa234430ba3b50cae77723abf8a1729dea5ff6905033506e4a9af66,0.9920634920634921,125,075fc5f5a52d11077f9dc2b074644618f26939e2,0.9920634920634921,15694,c8e9e53773ea11cee0c81b9d38cfad076bbafe138cb4c8ba2e984727cbf41e74,1.7091509279998718,measured,0.12188147830438202,True
0.9567062586878884,D00,44b6_e28840c6,2,0,0,22,10,0.8996865203761756,287,44b6,74686,41d59b58a6b31a3c5a4fa32f35a75589302a7e9bc6fee2ea0e82424da174acd3,0.9678456591639871,301,075fc5f5a52d11077f9dc2b074644618f26939e2,0.9678456591639871,27352,13e91d0335822a891b301fe75437f96af0f87c6d347a33937d4267d747a4ac06,3.646719372998632,measured,-0.633773397959457,True
0.8830111572297947,D00,44b6_e29f0176,0,0,0,3,3,0.8867924528301887,47,44b6,12969,809122cc9c14727cf8b269cc33fe78220d1c90011257dfba6ca7c7abe159c91e,0.9803921568627451,50,075fc5f5a52d11077f9dc2b074644618f26939e2,0.9803921568627451,13522,40f7d018d8c6272be4447c03686f32008c533ea082158f1f178dc150be55e236,1.0443068189997575,measured,0.0426401418767831,True
0.8915254658345638,D00,44b6_e31261b4,0,0,0,6,8,0.8842975206611571,107,44b6,72856,54163ff1555f0ba897965c47a8fe03d1eb82d76ace32f683547a42b45ae87055,0.9913793103448276,115,075fc5f5a52d11077f9dc2b074644618f26939e2,0.9913793103448276,66901,3762d499c8db361d40f74b813b283a1923568a80d6a4834317b1213c17351b83,4.524615412999992,measured,-0.08173657626001976,True
0.8511707528752853,D00,44b6_e35b117d,0,1,0,29,21,0.8257839721254355,237,44b6,28641,3281883d00ac27e4021890a785984e20d821e7ca00a0cff4d39be65029ff3a04,0.9407407407407408,254,075fc5f5a52d11077f9dc2b074644618f26939e2,0.9407407407407408,19836,1bbdff83b2cc903686b4d11f42aaaf2b630b48cae07589c344eec56bef9a9e5a,1.630381771003158,measured,-0.3074264166753954,True
0.8019832657133746,D00,44b6_e57ff5c6,0,0,0,27,15,0.7910447761194029,159,44b6,20314,6d5021154530fd0cdcca3a503e7c64629d2f6a3f90ab2442fb6f791314cf3efd,0.9119170984455959,176,075fc5f5a52d11077f9dc2b074644618f26939e2,0.9119170984455959,17505,807d11d9f5dcdaa8f44bbbeae3ef99f0405c0945c1230445327fa15ceaad7661,1.4905981709998741,measured,-0.13827901939549078,True
0.9572780531603706,D00,44b6_eb2880fc,1,1,0,12,13,0.9362244897959183,367,44b6,48084,98a97efaf758723a4c7b1468d0a3f2865fa24da0825facd288bbd61f8117b67e,0.9948717948717949,388,075fc5f5a52d11077f9dc2b074644618f26939e2,0.9948717948717949,37271,2953f0378f64baaf5980f23cd5db56865e04ddf7ce4f6165a97331b590d6a352,3.6971141780013568,measured,-0.22487729806172532,True
0.9520088668179052,D00,44b6_f28707c6,0,0,0,1,1,0.967741935483871,60,44b6,18656,3b91273d20109dbd7c3f45a6b13c518924e62eabf9da76f36bbe307032ce0ee7,1.0,63,075fc5f5a52d11077f9dc2b074644618f26939e2,1.0,21689,45ec91664c119c14f8edddd80d583c6769bb0a315f58c6499aed4d272d58036b,1.6622919020010158,measured,0.16257504288164665,True
0.9690908226899541,D00,6bba_05b6850b,0,0,0,15,15,0.9651162790697675,830,6bba,6362,7f81c32857f8b18a4b33d2d1d605afc4a0cc3647644071ca04ee648d81ccd57c,0.9941927990708479,856,075fc5f5a52d11077f9dc2b074644618f26939e2,0.9941927990708479,6100,963f87d89d068fa978d93307fd65c1c1c31446bcec8df1037ae3dd8da1e2aab6,0.7887371430006169,measured,-0.04118201823325998,True
0.8771269175098673,D00,6bba_05db0fb1,3,1,0,77,78,0.8770816812053925,1106,6bba,69800,556c2e968994a89625b11a39cfaf8862d225270c76e43445c7eb273c890ea4a5,0.9804719283970708,1205,075fc5f5a52d11077f9dc2b074644618f26939e2,0.9804719283970708,69764,745064c2a47e085bd233c02b7cd2039594d5317ce3a78ffa7c84c505fed1e08b,10.67622867099999,measured,-0.0005157593123209169,True
1.0000256780613064,D00,6bba_062c8d37,0,0,1,1,1,0.9977753058954394,897,6bba,6030,d1148c9c79efebcaed81b3f9ea1dc9c383deb5df0c63a40fe01e6c4830af5e9a,1.0,930,075fc5f5a52d11077f9dc2b074644618f26939e2,1.0,5894,ef26ae19056c7e965332302d1b370f9c9d35709a4de863bee6fdef14ca68e6e0,1.0598074000008637,measured,-0.022553897180762852,True
0.9769921618313978,D00,6bba_07477033,0,1,0,6,11,0.9722675367047309,596,6bba,4836,1bb3ecae5dc83c39b29b22dfdbbd2c13d8ac39a3502bad221bdcefec6f3c7b61,1.0,613,075fc5f5a52d11077f9dc2b074644618f26939e2,1.0,4601,60aa7049b191a4fef9e54d76ca0d792e1b5db2dd9ef99f1d2e5119cfcb52ee1c,0.648804051001207,measured,-0.04859387923904053,True
0.8211521011199434,D00,6bba_07e24132,2,0,0,36,18,0.8512396694214877,309,6bba,21485,966edf95d10176951f3c24898f501b311c741702e6f882f05ff07896e0b1753b,0.924791086350975,332,075fc5f5a52d11077f9dc2b074644618f26939e2,0.924791086350975,29079,ff914293eb0aaa207b6201dd9989d10029f34d815b735638e39e428b800926f9,3.886115240999061,measured,0.3534558994647428,True
0.9954038443864747,D00,6bba_085bf656,1,0,0,6,2,0.9931623931623932,1162,6bba,8463,42ef4e692530df28d012bb0778763d278275c01fdbe766c1172b962de8f52784,0.9958263772954925,1193,075fc5f5a52d11077f9dc2b074644618f26939e2,0.9958263772954925,8272,b3c60a4882f754c9ed72092ef3dc26ae88c0b2f0033f73e01c29d21ee82e83fb,1.1792181380005786,measured,-0.022568829020441925,True
0.9192007096663687,D00,6bba_09961292,3,0,1,74,93,0.914969450101833,1797,6bba,31117,71c090577705de2667867b9e6970656ff03f17dcf53d10986b8c6b1ca97263fb,0.9933333333333333,1937,075fc5f5a52d11077f9dc2b074644618f26939e2,0.9933333333333333,29678,425ebbeb2b798d54475347ab90c2023ee4f7208e58dd7e11aba6abbefa7718d6,5.58645401800095,measured,-0.04624481794517466,True
0.9589388736263736,D00,6bba_0c7fa718,0,1,0,20,13,0.9508928571428571,639,6bba,13650,a3435f448c52a3a1ae7b532f7bccaf65da0727250367f83a712dd134ad586732,0.984375,693,075fc5f5a52d11077f9dc2b074644618f26939e2,0.984375,12495,adf75a4347adb7f568a7d89ca0cbf5df896d5b826d47b0cbf736bb5158ec2ca8,1.2744171000013012,measured,-0.08461538461538462,True
0.8156018126997785,D00,6bba_0e7c0d07,1,0,0,22,18,0.8148148148148148,176,6bba,22467,dab64afd5a6a20a6860f5080922a3580de18ca7916a2edd71046418a54607599,0.9425837320574163,197,075fc5f5a52d11077f9dc2b074644618f26939e2,0.9425837320574163,22250,bd7d93612bbef4e157c24ec5bd8d78b6c641493600430bb0ebdc8253aec87a20,2.3447828639982617,measured,-0.009658610406373792,True
0.9645816541387972,D00,6bba_12665c0e,3,1,0,32,6,0.9621513944223108,966,6bba,8314,23a3c647e4c35e39f6cf328999aa532abe171de48ec69847934658cd9f8b526d,0.9739382239382239,1009,075fc5f5a52d11077f9dc2b074644618f26939e2,0.9739382239382239,8104,5515ad1be806615baed04a046697f0e107643b2f322d09882f59ae1497c8d2d7,1.7450235559990688,measured,-0.02525859995188838,True
0.9812710564678269,D00,6bba_13f19531,0,1,0,6,8,0.9803370786516854,698,6bba,5773,81e1da88e0703c01b8dbc53b5ffebb4e410347db214b995c5559025ba6623802,0.9972862957937585,735,075fc5f5a52d11077f9dc2b074644618f26939e2,0.9972862957937585,5718,1ced2d9ef2e70ba8ffec7ca73c2d60d4eaac17aeec22b52dc17f34a9c5b1c586,0.7335179920009978,measured,-0.009527108955482418,True
0.9797067789229207,D00,6bba_15403b9a,0,1,0,11,10,0.9715832205683356,718,6bba,6889,d81488fb2da7396812c8b21d909bf4a7d7a347e3fe4ffccc7873e60f16b87d31,0.9920844327176781,752,075fc5f5a52d11077f9dc2b074644618f26939e2,0.9920844327176781,6313,2523425870700d312cd6779e3944b3d47648107fe4b78a3184b9c3a7faf75234,0.7511170090001542,measured,-0.08361155465234432,True
0.8763211644464807,D00,6bba_1d0d8384,1,0,0,104,79,0.8732686980609419,1261,6bba,17909,2a0e3063ae664450097dbe40103137a602bf8095a03eb9b79321784f725999b9,0.9659248956884562,1389,075fc5f5a52d11077f9dc2b074644618f26939e2,0.9659248956884562,17283,272b55a0598392e9d612ba165ea1f1702e4793f4ba62ff76c95e7492b22591dc,2.1010375559999375,measured,-0.03495449215478251,True
0.9348078924205059,D00,6bba_1ebfb80d,0,1,0,30,19,0.9336043360433605,689,6bba,11558,a38d6c53b9a284971a9da681078640f4707e464c12b82747c96c215e55ce445b,0.9758389261744966,727,075fc5f5a52d11077f9dc2b074644618f26939e2,0.9758389261744966,11409,a24c33300664f735c396511ae455adebfb0ee978b0ad4dda387cdf398a9ae361,1.1784288009985175,measured,-0.012891503720366845,True
0.8023781315135154,D00,6bba_1f58c2f6,0,0,0,29,34,0.8108108108108109,270,6bba,28903,61f9b2752e6c4205df9b813ce1bcf4deb5af12f1f25d7cfc144fdbee7227821a,0.9747634069400631,309,075fc5f5a52d11077f9dc2b074644618f26939e2,0.9747634069400631,31909,ea58b4ba2a4e31186c2759428130b847a8ad18ab5dfc295e27aa9bc71e9d84f7,2.312736441999732,measured,0.1040030446666436,True
0.6565757571174689,D00,6bba_207c6aaf,1,3,0,94,68,0.6872586872586872,356,6bba,11999,3a60f1a3ad3487a1cfaf615c4017030523117514730b2f81c475e6ef59141501,0.888421052631579,422,075fc5f5a52d11077f9dc2b074644618f26939e2,0.888421052631579,17356,2c6c3ccc1523dd1b34c1166a78a819c24b859ef9e91831b01aaf1faaffce4a06,2.0549197950022062,measured,0.44645387115592966,True
0.9004955750046651,D00,6bba_20852818,3,2,0,63,29,0.9019189765458422,846,6bba,9758,0a736d04eba5ff84704256acd0df38787cfc0ac4152cf8f486590a3adaa276af,0.9506302521008403,905,075fc5f5a52d11077f9dc2b074644618f26939e2,0.9506302521008403,9912,648981e9ead350f24945e8d8174936378773fccac8a8b110f38010a50558e788,1.952954709999176,measured,0.015781922525107604,True
0.982771871100345,D00,6bba_2312ac41,0,0,2,8,8,0.9859649122807017,1124,6bba,11950,01b22afbb49a8a073d509d5fa6c5de91c13dd44ba14f59b7a66c38bad033cf63,0.9982698961937716,1154,075fc5f5a52d11077f9dc2b074644618f26939e2,0.9982698961937716,12337,bcec90022869a9b310886637066e9f974facb599a3293fb4f24861b302c74069,1.8004751290027343,measured,0.03238493723849373,True
1.0069213483146067,D00,6bba_23af9eeb,0,0,0,0,0,1.0,499,6bba,4450,f5ed32f0934b4bfd72bdf9e81063d4449874430cc959ad6456e99d2b9d3f7706,1.0,513,075fc5f5a52d11077f9dc2b074644618f26939e2,1.0,4142,c983cb02153cad54e5d66abd4b86dfa31c3a2c7c7fe7c388422b8565ee9e39b2,0.6603446820008685,measured,-0.06921348314606741,True
1.008009516256939,D00,6bba_2540cd90,0,0,0,0,0,1.0,523,6bba,3783,0edbe29f57072c910ac7937f40bc2663bf6a4ec90354c1b6e5d5d65fc4165369,1.0,529,075fc5f5a52d11077f9dc2b074644618f26939e2,1.0,3480,39ee7295047568f398b928bfa94894985f94316546e4e779769e605a8c53107b,0.5306630969971593,measured,-0.08009516256938938,True
0.9542559351476548,D00,6bba_2646afc7,0,1,0,21,16,0.9497964721845319,700,6bba,5495,36965d0070d3502b093609bf403609f6d7b631fc6f45000ae7f28349e224c6c1,0.983739837398374,726,075fc5f5a52d11077f9dc2b074644618f26939e2,0.983739837398374,5237,24c1e3957c0f0d76453ad6bdbd018cb4698bc8080329803e9be02aac7783d11c,0.6967253820002952,measured,-0.04695177434030937,True
0.9256702129974109,D00,6bba_268e1230,1,0,0,31,21,0.9174603174603174,578,6bba,5107,e74f3cd2347352ce07099656b4385ac7e575403ef9d51c1a00d6f92e518bb880,0.9734789391575663,624,075fc5f5a52d11077f9dc2b074644618f26939e2,0.9734789391575663,4650,8982ab2d060ae324894c63b5e9f090a136e91cd307dbbd6ab36ec98c2d867827,0.7913398250020691,measured,-0.08948502056001567,True
0.989221282458415,D00,6bba_2819ca14,1,0,0,16,4,0.9790136411332634,933,6bba,5534,2f7ca8e09f30db898da02dc80e92a6ec89468fadeb18df81f1f832c9a44f56d9,0.986815415821501,973,075fc5f5a52d11077f9dc2b074644618f26939e2,0.986815415821501,4957,49b95c7bb6a348b512f7022af72d9eb9ae89a8c67a6b867912eb0a16e9fbf631,0.8873947100000805,measured,-0.10426454644018793,True
0.9541073588727952,D00,6bba_283bf9f1,0,1,0,34,21,0.957983193277311,1254,6bba,20861,50258f154ac48b7eb387f67af5864f524d17c418ca274e8641aa6ff63d274d50,0.9836065573770492,1320,075fc5f5a52d11077f9dc2b074644618f26939e2,0.9836065573770492,21705,14f5425bb8c84424b937e04515710dfb7bf4a647656e60882c1ce4519fa02132,1.8706877909971809,measured,0.04045827141556014,True
0.9443300210779886,D00,6bba_312f0dc3,0,1,0,11,20,0.9403846153846154,489,6bba,9963,47d0c5fb395ad987d070ca9c20f99084da6c112d7b04325258dbb1cd2f3bf29a,0.9980769230769231,519,075fc5f5a52d11077f9dc2b074644618f26939e2,0.9980769230769231,9545,ab7535ce0efb5c1199d3004f34d0ee28071e67ac488b154f85411b3b1642b14e,0.9141265239995846,measured,-0.041955234367158485,True
0.7456569660187876,D00,6bba_32db13fc,1,2,0,126,95,0.7560706401766004,685,6bba,38705,8d450075eca91b4e896b635a6dc9453725151067f7f32f060b0d7f6a63edd743,0.9234338747099768,796,075fc5f5a52d11077f9dc2b074644618f26939e2,0.9234338747099768,44036,488e559959f7513005663856e3a48da38a4f6bf167ddf64ec7c5fcbf1ee7705c,4.486335705998499,measured,0.13773414287559746,True
0.9645606133187824,D00,6bba_337b1b3a,1,1,1,20,28,0.9613215149073328,1193,6bba,30480,ced32c9b5645329c92197b940f597949c6a7878004a6a9cb9b764d1e85def3b5,0.9968553459119497,1268,075fc5f5a52d11077f9dc2b074644618f26939e2,0.9968553459119497,29453,7309097a0dbb83a06b2af656d715dc97d32ca00e93883bf0d7a2f96c1aedabd4,3.6974252309992153,measured,-0.03369422572178478,True
1.0023549439636827,D00,6bba_372c8cb8,0,0,0,4,0,0.9960278053624627,1003,6bba,7021,abc825f785485af628e471bc2fd0ff3956d367675d59e7a3d45b6065f596c169,0.9961389961389961,1032,075fc5f5a52d11077f9dc2b074644618f26939e2,0.9961389961389961,6575,fc4cf5e94fca18375f9447b38555f45c65c1d291199eaede1531093aaff51503,0.7883204589998059,measured,-0.06352371457057399,True
0.9438414865867937,D00,6bba_3a1849c2,0,1,0,34,39,0.9381879762912786,1108,6bba,7003,594c382f3b684bafbc1778e4d0f15a112a9ec356374cc5cafacec4fa749c0018,0.9914748508098892,1163,075fc5f5a52d11077f9dc2b074644618f26939e2,0.9914748508098892,6581,437315b9d3ed7bc6a18672e550c9d8774a3d175ffcd8465fa4ee0608887f2059,0.833506513001339,measured,-0.06025988861916322,True
0.8139326324719582,D00,6bba_3abfe10a,0,0,1,90,101,0.8156370656370656,845,6bba,52065,03214580b3a2decd2fba01d2252c1863c0df04d267754a11d800267c2268f235,0.9739217652958877,971,075fc5f5a52d11077f9dc2b074644618f26939e2,0.9739217652958877,53153,08cd2e564b580264540af4db2744f1e8f54bed32ffb9f03bee0baca83b516339,5.1022396059997845,measured,0.020896955728416402,True
0.9900289336316181,D00,6bba_3c5691b6,1,0,1,4,4,0.9893333333333333,742,6bba,6258,b65e36733ab8508200c4fd0d2666e1e192fce954e9d513aed6eb81120dc6a3cb,0.9986928104575163,764,075fc5f5a52d11077f9dc2b074644618f26939e2,0.9986928104575163,6214,33c8b4aaf5bfd02d35c40a9d3e5fc2910a5dd2d356fa565a5b6eec5ed1cbd6b9,1.176214949999121,measured,-0.007031000319590924,True
0.8747900880188975,D00,6bba_3db54e20,1,1,0,31,33,0.873767258382643,443,6bba,23236,b9b3d2091e08b33c05146e0009c3ab1477626b70ac3995a35d076a9ed9c66967,0.9760956175298805,490,075fc5f5a52d11077f9dc2b074644618f26939e2,0.9760956175298805,22964,be08461b84eb8b81327b2ba0a6397e76591e90833082c5f7e8662ccf803dde6e,2.452635926001676,measured,-0.01170597348941298,True
1.0016932855573761,D00,6bba_3fda6b25,0,0,1,10,6,0.9864978902953586,1169,6bba,9842,443ac866774225287df6ce53cede3ed89b326d4b03ece491717a93a769ce12d5,0.9950289975144988,1201,075fc5f5a52d11077f9dc2b074644618f26939e2,0.9950289975144988,8326,5927ed0750e1305f0d2134391a3f511e034ef25186b051a6ef36bbb17d30bc4f,1.1425763499973982,measured,-0.1540337329811014,True
0.9813673535181974,D00,6bba_43fea39d,0,1,0,17,5,0.9751412429378531,863,6bba,5748,edb6ed5ba0b995967c78de2ab515faf43b235790e6393e75fce40721c27226b0,0.9868131868131869,898,075fc5f5a52d11077f9dc2b074644618f26939e2,0.9868131868131869,5381,637b836f923f3cad1ab73453eb98f9a801aada248ede0bf85967d8403150fa56,0.7175587040001119,measured,-0.063848295059151,True
0.7468409224697181,D00,6bba_474be664,1,0,0,49,33,0.7429467084639498,237,6bba,28293,1761f23c362ed098a225e826a99a6d89951f57febd33cc700525cf1527e481f8,0.8972602739726028,262,075fc5f5a52d11077f9dc2b074644618f26939e2,0.8972602739726028,26810,97fe591ee0384c2afa3e3b5453390b556bf89b5d63be543f06a16ed311ef5b49,2.880407507997006,measured,-0.05241579189198742,True
0.939875651992489,D00,6bba_48816121,5,0,0,30,22,0.9446808510638298,888,6bba,23965,0022cc372e9fd5b56dd61faf2f61f217d73b7b4c56c68977d28b744f818846ba,0.9893048128342246,925,075fc5f5a52d11077f9dc2b074644618f26939e2,0.9893048128342246,25184,bc8add6574b99fabdfab6430b10f5733a20499aa9c337f409e2731c57f8aa74c,5.2915367360001255,measured,0.050865846025453784,True
0.9137775025201886,D00,6bba_4aa14c89,0,0,0,31,27,0.9180790960451978,650,6bba,6787,c565fb241e1443a049ddb39dd1969fb6178898f3290a559c5721c71c196c20c5,0.9787835926449788,692,075fc5f5a52d11077f9dc2b074644618f26939e2,0.9787835926449788,7105,23ae8b65e9c82ac558099537d612df8286bf80e6dff5a3ab5b238693b8acd32b,0.8817071580015181,measured,0.04685428024163843,True
0.996815083710589,D00,6bba_4f99ce20,1,0,1,10,3,0.9871668311944719,1000,6bba,5965,4fbbb546c9427b08f3b00e6b29570ff9210dfe6a99f28d959b65f345b2863932,0.9924314096499527,1049,075fc5f5a52d11077f9dc2b074644618f26939e2,0.9924314096499527,5382,739fd4701b58ef972de4af2485778648767f3c4687df6eeb42e780da142fec22,1.1176423200013232,measured,-0.09773679798826487,True
0.8989881808388357,D00,6bba_4ffd3da3,2,2,1,37,26,0.9118881118881119,652,6bba,17637,2108d42384e072a7836cb13d9ed377944662db7d3e1781f6829be7fdfdfa7152,0.9745042492917847,688,075fc5f5a52d11077f9dc2b074644618f26939e2,0.9745042492917847,20132,3053373ca4d38a3a107fa54611192b04931d504ee8c66d80a397e9d6ffef77b2,3.4358718920011597,measured,0.14146396779497647,True
1.0042778572669153,D00,6bba_55b7eebe,1,0,0,4,2,0.991304347826087,684,6bba,5257,307b7d4e8c27915f965c1e1cdc4870459c73934ab6cf3c889bb84d52262bc245,0.9985815602836879,704,075fc5f5a52d11077f9dc2b074644618f26939e2,0.9985815602836879,4569,786ba61bd390c7270f9807c7e799adf00ea4e8ea0dbbdafa5e9c2e62e9271c97,0.8052729410010215,measured,-0.1308731215522161,True
0.7350310156734251,D00,6bba_55c70843,0,1,0,69,71,0.7397769516728625,398,6bba,35415,2b8b3b4d0f8f160839f88d6125ca2695f70d82c6ba5b0ba2b8c4d3ff576002f3,0.9448979591836735,463,075fc5f5a52d11077f9dc2b074644618f26939e2,0.9448979591836735,37687,793e28d9ce26e8502340a2225aaa73bf3022972e53c83284edbfd5f5a67b22fc,2.8262724929991236,measured,0.06415360722857547,True
0.6565291895341527,D00,6bba_57b7cc1e,3,1,0,320,314,0.6673662119622246,1272,6bba,65511,131f8f5910f631d9491c2d33bbe1a646c90fa79436532618258ba0419155748b,0.9270644966847499,1538,075fc5f5a52d11077f9dc2b074644618f26939e2,0.9270644966847499,76149,3d42acecdcde3963ae7d59820709389ee3eaa3843eb5ee4054c7a39e5f3be864,11.684332352000638,measured,0.162384942986674,True
0.9973910836717035,D00,6bba_5a4d9360,0,0,0,5,2,0.9903314917127072,717,6bba,5976,321191d5b242a3733511ce52d7d83b609e0aadf3d3d383516b2ad8c71b9fba4c,0.9946452476572959,743,075fc5f5a52d11077f9dc2b074644618f26939e2,0.9946452476572959,5550,c9e5b144516e3f074838dee7d8cbbc37a4264e3c5c20a7c3f5e8c269b452dbc9,0.7245699470004183,measured,-0.071285140562249,True
0.9828835761704332,D00,6bba_5b28472a,0,0,0,9,3,0.9834938101788171,715,6bba,5802,1342db05e7e4baf0790178fc559addd16ef58b6a126d7efd3611c1c7b9f3696b,0.9877883310719131,728,075fc5f5a52d11077f9dc2b074644618f26939e2,0.9877883310719131,5838,64ec7960609d7843cceddf222e8c4bc86ee19cdb3f632db9b42652a2499310bd,0.7957042840025679,measured,0.0062047569803516025,True
0.9895256815346494,D00,6bba_5c039895,0,1,3,9,12,0.9818496110630942,1136,6bba,8570,3d9269e2e162f068c89149f1d083031ee88e1491b217338a37345a4e7bd82c24,0.9982964224872232,1172,075fc5f5a52d11077f9dc2b074644618f26939e2,0.9982964224872232,7900,bbbfc606290f3f2c419d14e14f3fa7d69f134bbdefb9766763150c33e0153dde,1.5806557350006187,measured,-0.07817969661610269,True
0.9338772647870118,D00,6bba_5c824876,0,0,1,36,38,0.9366438356164384,1094,6bba,24647,590152d3922cc09a945b50618867d63c138dea82372551cf75f275259fa5b2cd,0.9880341880341881,1156,075fc5f5a52d11077f9dc2b074644618f26939e2,0.9880341880341881,25375,129597dd9e44ee7679425ecddb011be7cad8721186988a838488c7da8ee5ebca,2.8271591890006675,measured,0.029537063334280033,True
0.9498018058187492,D00,6bba_5dfe9ad1,0,0,0,47,13,0.96,1440,6bba,26913,2eb742810a3cdc6399d595f84773c87e55dca39e35f843d3e9e0b3b5adfa4ccb,0.9779507133592736,1508,075fc5f5a52d11077f9dc2b074644618f26939e2,0.9779507133592736,29772,087f914576c3cc43e920a83ca6eb47cb6639e1367a6ee0a94285adb217f00b71,2.4725665420010046,measured,0.10623118938802809,True
1.0040121448709607,D00,6bba_5f89039d,0,0,0,0,0,1.0,885,6bba,4611,f58b69e0f902acde12408c34910f2fe16baf628c810102b00e417bea5ec504ef,1.0,904,075fc5f5a52d11077f9dc2b074644618f26939e2,1.0,4426,4b6b07a87280ad5e0097d7a2c62d3e9229c537fd5751f23bc8ba9e5b71291fe3,0.6949936589990102,measured,-0.04012144870960746,True
0.9671234288069237,D00,6bba_61dd1e0d,0,0,0,12,9,0.9619565217391305,531,6bba,10128,789ba33eb6781e22bfa7d64c4f43a47b5af741c02a6695221d65ce042e5b3d40,0.9874551971326165,551,075fc5f5a52d11077f9dc2b074644618f26939e2,0.9874551971326165,9584,6ba629128b77caa60d22cb2cea1a71d11f26701738bc389fe9879a5fb24187c6,0.9556042030017124,measured,-0.053712480252764615,True
0.9848427271043444,D00,6bba_61ecbe65,1,0,0,7,5,0.9806138933764136,607,6bba,5774,ada55de260bf9b078c74738b29f75a2fcba00572ab1a00e151cb28f07bd3f5cc,0.9953125,637,075fc5f5a52d11077f9dc2b074644618f26939e2,0.9953125,5525,31a5c2ea70433f9b02c9de3bcee83e7e825e259b82feb6a2a19bc0bd86cad34b,0.831973439999274,measured,-0.043124350536889504,True
0.9804642004662438,D00,6bba_6321a359,1,0,0,14,6,0.9751243781094527,784,6bba,4821,c522399c9e4dd6190df65c74bbf6f6a50bae92d9c522b4874733f575dfe52f66,0.9879081015719468,817,075fc5f5a52d11077f9dc2b074644618f26939e2,0.9879081015719468,4557,a6f6886266f598dc4009ee3cce1f452f1f678f2be3afcb63539c2405e94ad068,0.8168772819990409,measured,-0.054760423148724334,True
0.7294351894619883,D00,6bba_6479435d,0,0,0,107,66,0.7321981424148607,473,6bba,23453,464f0f5a65b7cf14a268d5b3a86647b85033c9f92b6b3ecccfa1395737bade4d,0.8978930307941653,554,075fc5f5a52d11077f9dc2b074644618f26939e2,0.8978930307941653,24338,d67b35c4598648d8e0f78c3e5924865e85c11014f3b43085ec144b1e250cbba0,2.0254063499996846,measured,0.037735044557199504,True
0.7862649152115592,D00,6bba_67ebd073,1,2,0,47,60,0.785140562248996,391,6bba,16061,d6e02b217063878c4d7962378581420b8c4959ac661f9f3e218e5abfc93c1c36,0.9696969696969697,448,075fc5f5a52d11077f9dc2b074644618f26939e2,0.9696969696969697,15831,a4e6bc4c5346989ae42d63a95075cd912f1c0d63d36501f0d26fed08d605f593,1.8216579959989758,measured,-0.01432040346180188,True
0.9942443226826023,D00,6bba_6ca87370,1,0,0,12,6,0.9829867674858223,1040,6bba,7195,fd28184288db7693a37612ee3dc9941283b7c26e1cbdedf9c69431abbcea3887,0.9925994449583718,1073,075fc5f5a52d11077f9dc2b074644618f26939e2,0.9925994449583718,6371,70bcd2652e88084a0fb820d8e505207369c9960a2052c658fe2da1a055d302a7,0.9604586950008525,measured,-0.11452397498262683,True
0.9611717363212874,D00,6bba_6db0e9b4,0,0,0,9,13,0.9514348785871964,431,6bba,28435,72862a9dce52507127291ca1d445de1997c98cbb7c0a91448b240dc35c3515b1,1.0,449,075fc5f5a52d11077f9dc2b074644618f26939e2,1.0,25525,318d81ba5c72e53f66ca8e767a7b857aedd034063c6b473299d297113be6caf4,2.0226057449981454,measured,-0.10233866713557235,True
0.7456306643385715,D00,6bba_6feb10f0,0,0,0,229,101,0.7714681440443213,1114,6bba,8862,ff50c61f9db19787bb827d47bdff0d6454cbf2a12cf8eb7225cd9a2c0d4f5348,0.8786549707602339,1202,075fc5f5a52d11077f9dc2b074644618f26939e2,0.8786549707602339,11830,8797e19d77438d15863283cc3d1fd1e2a7f9984deaa679b3f89c5a52a839ffbd,1.4950805629996466,measured,0.334913112164297,True
0.9871409209612906,D00,6bba_6feeb0b1,0,1,0,20,9,0.9785502958579881,1323,6bba,7518,9acebffb4227c3d67d3bfc10d623e8493cc9b038a7290f8572279e25a9731003,0.9892008639308856,1374,075fc5f5a52d11077f9dc2b074644618f26939e2,0.9892008639308856,6858,076c1b2e1f5d587de738adab8c0eae926baf2636546402735fecbe2adb59e97e,0.8663857299980009,measured,-0.08778930566640064,True
0.9149334470989761,D00,6bba_705ec2c9,1,3,0,23,24,0.9197952218430034,539,6bba,5600,e0c7e7519c8525cab9eb4af75634fac11086fcebd3ed232905743359e99d6284,0.9815436241610739,585,075fc5f5a52d11077f9dc2b074644618f26939e2,0.9815436241610739,5896,70933691c3ed2ad0e435aebf2b1d2d2b5fe2ece0253aeb0284a1c86901ac6f53,0.9433319430027041,measured,0.05285714285714286,True
0.999998967056953,D00,6bba_718b21f9,0,0,0,3,0,0.995398773006135,649,6bba,4306,a19bd516585521f4865635f800c8243eb59bbcebf07496be905d686dfc2ba9c1,0.9954614220877458,658,075fc5f5a52d11077f9dc2b074644618f26939e2,0.9954614220877458,4107,3291f2637b8ab8884444e21b635ee0fe2e2557737cc5a2cde73ba047299054ff,0.6140780220011948,measured,-0.046214584300975386,True
0.9289900201166468,D00,6bba_74686d6a,2,1,0,21,28,0.9188741721854304,555,6bba,29803,14701cc575f3804a89fc70575a66ce311f4a62ff2f333093ac3c50aa0546f6d3,1.0,586,075fc5f5a52d11077f9dc2b074644618f26939e2,1.0,26522,91fd9bc256ca3ad01d9879834e97b8c3d625cea404be7cabc944db87896dcad2,3.4679968599994027,measured,-0.11008958829648022,True
0.7988189178202487,D00,6bba_767a1e17,0,1,0,81,64,0.7991689750692521,577,6bba,47714,1558fe462496106791e47586fa2142faad1adf021eadb6e3b0c2fa033ee9642d,0.9442896935933147,678,075fc5f5a52d11077f9dc2b074644618f26939e2,0.9442896935933147,47923,9c921d0350eaf433738d0f1bbeecfc192e35157ecaa67a8561a8d4db11b3096b,3.3136360620010237,measured,0.004380265750094312,True
1.0042636457260556,D00,6bba_76db78c1,0,0,0,0,0,1.0,604,6bba,4855,d3623543899533499c8e1eb759a63bfb7a866ed0eaabcda99f567e105e944e60,1.0,617,075fc5f5a52d11077f9dc2b074644618f26939e2,1.0,4648,ffb2f0d63e67afd38206a73a7133c29fdfa0c037c5a99426775b5fa4cc5c8516,0.6275342649969389,measured,-0.04263645726055613,True
0.9953761288280795,D00,6bba_784a78c9,1,2,0,9,4,0.9925415949512335,1730,6bba,13096,5fef1e16ba0186429b7505a3ffe6aac8e97c67154c0a7376ed305a542b3304a6,0.9966442953020134,1782,075fc5f5a52d11077f9dc2b074644618f26939e2,0.9966442953020134,12722,49061ef5e9e4f062a4e50cd490146592941db4640a6746643e60187f8dd32d4f,1.612554107003234,measured,-0.028558338423946242,True
0.7186269740746938,D00,6bba_786893ac,3,3,0,214,250,0.7179331306990882,1181,6bba,58979,cd729d1b567e245bedc5df54878467f37191f9a4b8b083194e9d063069e785d9,0.9583617747440273,1404,075fc5f5a52d11077f9dc2b074644618f26939e2,0.9583617747440273,58409,a783c2c6dfaab12cb7a97d9e33091d5363564f8ee11770628136a10c328e121c,8.693314469997858,measured,-0.009664456840570372,True
0.9825051415164568,D00,6bba_789f8168,0,0,0,6,6,0.982532751091703,675,6bba,10676,c18ba52f17156b385ef6eb7fbbb6b309206cb2e9825cd5f8c7f709ae16e8d62f,0.9985974754558204,712,075fc5f5a52d11077f9dc2b074644618f26939e2,0.9985974754558204,10679,2e7bc15a0c7bdf9e44b84f363a385146ea018905f988c4eb844450e726a77e0d,0.9872014850006963,measured,0.00028100412139378045,True
0.8083517268695114,D00,6bba_78a7bd97,2,0,0,92,87,0.8052230685527747,740,6bba,40613,73eeb25fa0c1b8c4547e2de6dbd6f5726f01f52e5fab629acb72651d1d85bde4,0.9616252821670429,852,075fc5f5a52d11077f9dc2b074644618f26939e2,0.9616252821670429,39035,d9a4c4b725d0ef095caf93db2d74bd10c758abe17e8fbd874377b4e8b7acee71,5.047657422001066,measured,-0.038854553960554504,True
0.9183086901877282,D00,6bba_7af54fde,2,0,0,50,37,0.9229406554472985,1042,6bba,9624,d46b78e412378bf88297382d46b039e4cff8ecdeffe58c7d16d62ce00970deb8,0.97789566755084,1106,075fc5f5a52d11077f9dc2b074644618f26939e2,0.97789566755084,10107,828de0fed731c9349bc7b61f9f5221905bd946baf07dea892ab0a255e0b8a896,1.6505045279991464,measured,0.050187032418952615,True
0.9748345318868598,D00,6bba_7b5d3b2c,0,0,0,10,7,0.9697508896797153,545,6bba,5780,025a4c3d5b35b1b8f11b5a133e4a57974f29cde39f2715c7750c88aebf68bdab,0.9911504424778761,560,075fc5f5a52d11077f9dc2b074644618f26939e2,0.9911504424778761,5477,00ef0fee5ca7a65f7da827d0113b5e9c2bde08a49834e018bc7be991d3a126cd,0.7387063650021446,measured,-0.05242214532871972,True
0.99516775308205,D00,6bba_7d3058ae,2,0,0,5,3,0.9931972789115646,1168,6bba,7611,6a54a79adb0775e1a52415e735987c509d479401dd51dcb2a36b6a8b289394ed,0.9991666666666666,1199,075fc5f5a52d11077f9dc2b074644618f26939e2,0.9991666666666666,7460,89c6182f035aaaee5cc98b8502b3f00858384fdf6c9d24c1e21df60317a09651,1.2656329050005297,measured,-0.019839705689134148,True
0.9668979463010415,D00,6bba_7f87b3d8,3,0,0,22,20,0.9559748427672956,912,6bba,10581,30bd08aea6ec5febeb2f83eeee343bbe4b74e666272e7518feccb0b634be4da0,0.991,991,075fc5f5a52d11077f9dc2b074644618f26939e2,0.991,9372,23ceb4d5e96dab738fa71ac9a759770112fc994e9a12068e5c54d2718e0f1dea,1.869731161998061,measured,-0.11426141196484264,True
0.9435164715167098,D00,6bba_80d12824,0,0,1,26,16,0.9373134328358209,628,6bba,9021,4196d009960e026ba53f10dc3966764031d1d83e75be34dc20e1fb4f1d28ac17,0.9735294117647059,662,075fc5f5a52d11077f9dc2b074644618f26939e2,0.9735294117647059,8424,6d679bd8b58a35e67082f6ffb2c31a5effd7a638c6ac77d7fb7ea515bfe79965,1.3395682820009824,measured,-0.06617891586298637,True
0.9304909183728157,D00,6bba_825bd1c6,0,2,0,32,44,0.9219712525667351,898,6bba,7586,6807c780c95b58fd1604d109a201c5f0579c3410b5f04b8769111dce227fa125,0.9896694214876033,958,075fc5f5a52d11077f9dc2b074644618f26939e2,0.9896694214876033,6885,cccc6686efd4297465973a8f7564874461573f6da6ece30d877e94de932ed689,0.9173273349988449,measured,-0.09240706564724492,True
0.9737871101359988,D00,6bba_87289e13,1,2,0,11,12,0.9676511954992968,688,6bba,14966,5662817ce77e28fccd203b04e415238aa5f99b306b5ad0f24c6564f2ac8dc676,0.994475138121547,720,075fc5f5a52d11077f9dc2b074644618f26939e2,0.994475138121547,14017,98820204ad2b636c223164f6fd6a733a50784c9ce1746ad63e2dc1b7dd0812d7,1.6857972670004528,measured,-0.06341039689963918,True
1.0015678886706267,D00,6bba_8b7818bf,1,0,1,1,0,0.9986206896551724,724,6bba,5828,ca5c48d0816baba6b3735a71e6b80cf14c7523079c844f3cae1e66a97b9432b3,1.0,741,075fc5f5a52d11077f9dc2b074644618f26939e2,1.0,5656,16ca4b62d8dd08ae62396205795841b4614e416da0cf00ffbd8ddcb5fcc91f10,1.0713858739982243,measured,-0.029512697323266987,True
0.9930529893770557,D00,6bba_907271db,1,0,0,7,5,0.9870410367170627,914,6bba,7306,a0956e517312e92ee1e5f7feef296262a94630318a9fb3a286f2476503da3fe1,0.9947089947089947,940,075fc5f5a52d11077f9dc2b074644618f26939e2,0.9947089947089947,6861,6825fba6dde9367eb4d0ac3f266741e20c3d4f8ed3ec3c31e569b2b4296704a6,1.1237342860003992,measured,-0.060908842047632084,True
0.9902919773573917,D00,6bba_91951b3a,0,0,0,8,8,0.986159169550173,1140,6bba,11907,0d91b9115cd31072529542ea053b6be36f9bb00286dc5c751e839a963d8b4af0,0.9974747474747475,1185,075fc5f5a52d11077f9dc2b074644618f26939e2,0.9974747474747475,11408,39ae5a78864db54045b40fc552fb843028d49e6d3a7e0e58cdb8b3ee52388bb2,1.1491025780014752,measured,-0.041908121273200635,True
0.9745108037478487,D00,6bba_96833384,0,1,0,16,4,0.9724137931034482,705,6bba,4869,f33446dfff814840b6a38114383db5f14635e5e05f1fbadde4705919be955779,0.9841688654353562,746,075fc5f5a52d11077f9dc2b074644618f26939e2,0.9841688654353562,4764,654743289d8858545face2bc15f537409634215547efaf2f72e19bce7069ef74,0.7103859729977557,measured,-0.021565003080714726,True
0.9755477048558422,D00,6bba_969618f6,3,0,0,7,1,0.9878603945371776,651,6bba,13888,9e26798d54db643d6270eee2d919716db0d06edb2351f23bc2c6bab795d8d9a0,0.9926362297496318,674,075fc5f5a52d11077f9dc2b074644618f26939e2,0.9926362297496318,15619,6b65a58bdef1dd4731edb54bdb235fcb1a9ae8f9dedfccaeda11e1dc959bf9e7,2.6911412270019355,measured,0.12463997695852534,True
1.0096481612512629,D00,6bba_971fa5e0,0,1,0,0,1,0.9986979166666666,767,6bba,5609,9e4fdf74c6d8c0b82035c0cac6ce682e3259100f29fd5cb8f167d545b6cb218d,1.0,792,075fc5f5a52d11077f9dc2b074644618f26939e2,1.0,4994,5929f988959a56917402da642b7514973e02039322486f909d4bf0d7e5c70cac,0.653181248002511,measured,-0.10964521305045463,True
0.9504980317163145,D00,6bba_9a41d029,1,1,1,39,28,0.9514844315713251,1314,6bba,18231,9515a383c5bcb8d167a32591c6b3deb1f96fcddf6a42221bd5fba7b300f6d82f,0.9842969307637401,1379,075fc5f5a52d11077f9dc2b074644618f26939e2,0.9842969307637401,18420,f775f908edbdb4c0479ae11390c31f9cb07d24dbac8cd9c7a5203626b9870c82,2.717086977998406,measured,0.010366957380286326,True
0.9501916473745148,D00,6bba_9e23430b,1,0,0,26,22,0.9474260679079957,865,6bba,7708,452f51dbe60a24955acccdf66ab49e216bd68d9686f2df9e6e518f0869c51ee2,0.9846827133479212,900,075fc5f5a52d11077f9dc2b074644618f26939e2,0.9846827133479212,7483,c6c94e4f93cca17463f4ce114f6fd2b2deacd47d2b48d7079d4531e1e9f76cc2,1.10463539400007,measured,-0.029190451478982873,True
0.9870263184430776,D00,6bba_a5e926bb,0,1,0,6,7,0.9815602836879432,692,6bba,8440,52c999db2d21b487c4de2d777f81e66af086bddc313a9cca876f9aabf9a5c925,0.9973009446693657,739,075fc5f5a52d11077f9dc2b074644618f26939e2,0.9973009446693657,7970,359337323eb2a0ad662066b681d641865a9c909a8fec1068fd52c85fcce91274,0.8568327969987877,measured,-0.05568720379146919,True
0.6805018100952969,D00,6bba_a90a0b9c,0,0,0,238,192,0.6702453987730062,874,6bba,36896,8fb010d65b10157155a7b690b8615243eae7bd5fe49fb9f0cfb576799b5f1b2d,0.8936355710549259,1025,075fc5f5a52d11077f9dc2b074644618f26939e2,0.8936355710549259,31250,2259a9117dd7d25d06f65b6635291d5de11a02b3a606a64623e67874a242c54d,2.802156970999931,measured,-0.15302471812662619,True
0.7239953187686118,D00,6bba_ab78413d,2,1,0,195,104,0.7592592592592593,943,6bba,9241,a047d4a050af054493810017e68cec7692c901bbac1a0061dac4f57599dec2d6,0.8897370653095844,1049,075fc5f5a52d11077f9dc2b074644618f26939e2,0.8897370653095844,13533,9cc8fd82c430d69dc5d7217ce8438c02aff77cfd0fc717dc7584d47f69adc5a8,2.3886419880000176,measured,0.46445189914511414,True
0.882980331280845,D00,6bba_acd782a8,0,1,0,19,22,0.8835227272727273,311,6bba,19710,83e456c35e096692dea6fb96600791110de8b4f6660abc78af34372ec8758759,0.9859550561797753,351,075fc5f5a52d11077f9dc2b074644618f26939e2,0.9859550561797753,19831,fc93e859ff66bc915aa003d27f97b149901ac366daec7ada88094f03b59f6ce9,1.6899929239989433,measured,0.006139015728056824,True
0.9921666335426366,D00,6bba_ae82a791,0,2,0,7,10,0.9885212694125591,1464,6bba,7403,c066b274742fe8ba06f1098682bb68077ad4a1e24c4aac378d0ea218edf844be,0.9979933110367893,1492,075fc5f5a52d11077f9dc2b074644618f26939e2,0.9979933110367893,7130,30a5c5e14bde6162ce16edf3a9413d8a4103a532b17f28a6732d252fe66a63f3,0.8887719190024654,measured,-0.036876941780359315,True
0.9886936706046553,D00,6bba_aeee7805,1,0,0,6,4,0.9870466321243523,762,6bba,5034,893e59436e2d9b161f9731f37dd3aa4238501c196b06099cecbd33cdc6589825,0.9962264150943396,792,075fc5f5a52d11077f9dc2b074644618f26939e2,0.9962264150943396,4950,8a0305bf5c86f2b801ec9058caaa5dc7d7a7e2e5c5a37cb5596aba53988c38bf,0.815008243000193,measured,-0.0166865315852205,True
0.958987028360962,D00,6bba_af149c94,0,0,0,45,26,0.9471332836932241,1272,6bba,8933,096422aed10ed1e6676ac032f61fac8be11e1a025cf49aea7b55055f809b1b7f,0.98,1323,075fc5f5a52d11077f9dc2b074644618f26939e2,0.98,7815,24d49bb5dff968d7c8668a7ca662444f916d5862ca6821ee69adc907da087c36,0.9737347430018417,measured,-0.12515392365386768,True
0.9564557015753982,D00,6bba_afb141ff,3,1,1,13,20,0.9489164086687306,613,6bba,6054,75a7286b7e7997992e9af4f599e5042b3c0a247a093f5928325093d3c19749c5,1.0,654,075fc5f5a52d11077f9dc2b074644618f26939e2,1.0,5573,fc7bbf784a0f4cfd570cea6401cf17abfeea89f497950cdf61eff839ee95077b,1.3989422199992987,measured,-0.07945160224644864,True
0.888425672495319,D00,6bba_b1ae37b9,0,0,0,33,39,0.883495145631068,546,6bba,24298,878f4c0008b99a6bfe23ec13f081f2e16d1f357f041ff7236255736188c2ea30,0.9836601307189542,602,075fc5f5a52d11077f9dc2b074644618f26939e2,0.9836601307189542,22942,a76c5995a5645e4812a9e20e12af8d6384a5b7a8b23b180705b44d6340be2fca,1.8451111969989142,measured,-0.05580706230965512,True
0.966175788474946,D00,6bba_b204cac7,2,0,0,16,7,0.9718826405867971,795,6bba,5092,46742c3d0d0db25ecd60daf70af72ba2e91926671c8f56d36320f321e0a9849a,0.9854721549636803,814,075fc5f5a52d11077f9dc2b074644618f26939e2,0.9854721549636803,5391,58a524c1874288c390ebc958155a67449e96962ebcf95e026a4c2d99b441b4f4,1.083251468000526,measured,0.058719560094265516,True
0.8815576638770454,D00,6bba_b329af44,1,1,0,90,63,0.8850488354620586,1178,6bba,62465,d794e4ee32a823f906401a19264709dd05b8a3091be9af1bc464125ef726e41e,0.9635258358662614,1268,075fc5f5a52d11077f9dc2b074644618f26939e2,0.9635258358662614,64929,28ebe90a5b3ef9ad64dab3bd7fd2be36c83ddc946a8c641bd454a2142f3e972c,6.418910626998695,measured,0.039446089810293766,True
0.9759081800186261,D00,6bba_b693381b,0,0,0,6,7,0.9861995753715499,929,6bba,5558,530b1d380092d5b00021c39c652fd1c2fc7df636eb941a20b9c55040829f6c71,0.9969481180061037,980,075fc5f5a52d11077f9dc2b074644618f26939e2,0.9969481180061037,6138,06d376e3c22986b24f7da7dc17d08e0477a3415d2e5043899aaea13b47b8da48,0.8080758869982674,measured,0.1043540842029507,True
0.9164579306242118,D00,6bba_bb9f20c3,3,1,0,82,83,0.9159021406727829,1797,6bba,23071,cc08a8933ffbfe261c1a103b2dc0d7173f365e032bbbfbba9cf9d2ad90607c72,0.9880519480519481,1902,075fc5f5a52d11077f9dc2b074644618f26939e2,0.9880519480519481,22931,c5fdbbb616b94933298e35bc3ca4a09bc6f844db9e4af76bca593f328ca3fb44,3.952629755000089,measured,-0.006068224177538902,True
0.9920387428696197,D00,6bba_bbb708ca,0,1,0,7,3,0.9884259259259259,854,6bba,6785,013af173a636b359d4beeac5aeb977c17fa526e2feea8bb8a74edbb8dd904a3b,0.9955156950672646,888,075fc5f5a52d11077f9dc2b074644618f26939e2,0.9955156950672646,6537,cbcddf4de0897fd3147329cb8192f8966105047598f2e88b00714b685abb5c41,0.8340981700021075,measured,-0.036551215917465,True
0.9473717748811342,D00,6bba_c27cba08,0,0,0,15,12,0.9465346534653465,478,6bba,6445,7770795e99732f1a80ad6c55f91e8e2a496e43fec0dd1f665895650abb9d2dab,0.9864603481624759,510,075fc5f5a52d11077f9dc2b074644618f26939e2,0.9864603481624759,6388,6f208ebc150e0e90d3b5fd74a787f831a676dec95968957fed0a555347aeefc6,0.8039969349993044,measured,-0.008844065166795966,True
0.8372248157579596,D00,6bba_c328f2fd,2,0,0,59,27,0.8368121442125237,441,6bba,31228,5f9264cea8ad9ba4ded53f2d8d8507a3f67ebc08d0af790a2b05a3f61881e939,0.9217221135029354,471,075fc5f5a52d11077f9dc2b074644618f26939e2,0.9217221135029354,31074,3f1d8b57d32ada53760fbc771e254865dd93ddf533c4ea655cc53f6323ca55dd,4.210889264002617,measured,-0.004931471756116306,True
0.6449209373685382,D00,6bba_c73a1d11,0,2,0,165,95,0.6770186335403726,545,6bba,16315,e600e17f3851cb4eb0a3316810a9af0c177527fa21767bc3b79e0006b62cc30d,0.8738127544097694,644,075fc5f5a52d11077f9dc2b074644618f26939e2,0.8738127544097694,24050,b3db6fdca7ba4aaa6d54750fe67256bb81433036533d3aadeb8b37c669524447,2.2537234099982015,measured,0.47410358565737054,True
0.9856815011624454,D00,6bba_cdcfe533,3,2,1,13,13,0.9808963997060984,1335,6bba,29785,8a43b94a1363ce0369b38750a0fe4a33f4ba9853c26922bc0f2cef6e09a9129a,0.9992952783650458,1418,075fc5f5a52d11077f9dc2b074644618f26939e2,0.9992952783650458,28332,df50c7db62a65ad12ab2657effa50c9ab2fe356dfd1b084b969002ff50957931,5.308751346001372,measured,-0.048782944435118346,True
0.9932757306936784,D00,6bba_cf35214c,0,0,0,2,3,0.9939024390243902,815,6bba,34890,71fdb417865d6f6957c5547b8da88fb63ad825e3217bbd650f6750ae4d3e9c76,1.0,842,075fc5f5a52d11077f9dc2b074644618f26939e2,1.0,35110,8e2eb98e4e90be1a5c7ebc88e84b543ed9c0a3f08a65d40efa19b69faf795ab4,2.7351889920028043,measured,0.006305531670965893,True
0.9409536461969678,D00,6bba_cff5865f,0,1,0,45,44,0.9423948220064725,1456,6bba,46362,d4277dced2c92bc1423a53a719b2dc012a3eb71432126dc86b8b8d78967edcbd,0.9929980903882877,1560,075fc5f5a52d11077f9dc2b074644618f26939e2,0.9929980903882877,47071,4082f5e1e06ff3deb1a5daffa8c1e66dbc5917a64da96f8e62c3e26caa1356c7,3.5637123190026614,measured,0.015292696604978215,True
1.006365570283096,D00,6bba_d0fc38b5,0,0,0,0,0,1.0,813,6bba,6111,f054c55bcf764f02d44550e0617ebd1997e930767ed916e0b933f33dc3b04eb0,1.0,835,075fc5f5a52d11077f9dc2b074644618f26939e2,1.0,5722,f3e2dd0a740f72496244ffffc742c015c158eb39fad0ac84f0e17cef0f05f618,0.7701241599970672,measured,-0.06365570283096056,True
0.8982403290899391,D00,6bba_d1acb6ff,1,3,0,34,28,0.9076005961251863,609,6bba,14719,0cb2df097f7e9a1950cd9384afa3e60f854d5acb2e1d19185aa5e8d7fe70e6ff,0.9750367107195301,664,075fc5f5a52d11077f9dc2b074644618f26939e2,0.9750367107195301,16237,7f67b8be1d198bc83f6045345f542e07887afe2db533804e75eee0cfec52edd9,1.9030221409993828,measured,0.10313200625042462,True
0.9948066731947734,D00,6bba_d2b9fc0c,2,2,0,4,7,0.9881465517241379,917,6bba,20178,1ce21f6db956619b2a8998b7ea0a2aa68fc889ee4f04c158d18787b105f27105,1.0,944,075fc5f5a52d11077f9dc2b074644618f26939e2,1.0,18818,53ecca2fee5147fd7c87fd9b08b410c635e71208e59fc612a168d96b052bf2c3,2.5924665099992126,measured,-0.06740013876499157,True
0.9796423358539911,D00,6bba_d3da753b,1,1,0,11,13,0.9724137931034482,846,6bba,17246,112e24781dd389748993a90b6fc006fc333d9e7c2354bc042e9acf45551c75b5,0.9988726042841037,886,075fc5f5a52d11077f9dc2b074644618f26939e2,0.9988726042841037,15964,110631e45c7e0aa785fd0f1202d5b646d6ef9db174494878823e4bd50dddc830,1.7875580430008995,measured,-0.07433607793111446,True
1.0086302279265325,D00,6bba_d5eae175,0,0,0,0,0,1.0,519,6bba,4519,e96a3b2ecbbab1289e2d6f3677122e6c13e761c5d072f97496941818e83021c3,1.0,528,075fc5f5a52d11077f9dc2b074644618f26939e2,1.0,4129,b6b827effd04a859bd79f211b4b6003fa793032892f3ecbd062d33e5aff3b558,0.6319979899999453,measured,-0.08630227926532419,True
0.9663800420155422,D00,6bba_d6ecebbb,0,0,0,12,6,0.9792626728110599,850,6bba,5359,79b79bc4fb3b8e265d24fc1b143ff391c97c81c8959f27879e167fec7fcec6ac,0.9932279909706546,880,075fc5f5a52d11077f9dc2b074644618f26939e2,0.9932279909706546,6064,aa6476a360bf7d2386d386bbfdac05e545cf474c336bc0c2ec1cdf939e9ada4e,0.7618436819975614,measured,0.13155439447658146,True
0.9234252614177567,D00,6bba_d82a4fc6,0,0,0,20,20,0.9272727272727272,510,6bba,27716,a2ae5d822ef055849df46ef721a7b985331f86b3d32456a6a569ab75fdadf483,0.9889908256880734,539,075fc5f5a52d11077f9dc2b074644618f26939e2,0.9889908256880734,28866,b4bc0519f3b158484adbee54fb5e7d8288dc5be24f26c4d811549040a1233926,2.1856113969988655,measured,0.041492278828113724,True
0.979663590319233,D00,6bba_debd7bfa,3,0,1,10,5,0.9795640326975477,719,6bba,11807,5bacee29cffaf510b648bbb16c735a2d85dbc1a109bcca30394a1ccb632f7a9b,0.9921671018276762,760,075fc5f5a52d11077f9dc2b074644618f26939e2,0.9921671018276762,11795,ace341d4819dbf746ed4fcf6891b83cd2b4a6db36234e0f6a8b1f6a2a74df3ee,2.452015011000185,measured,-0.0010163462352841535,True
0.9707080991862119,D00,6bba_df673a83,2,0,2,7,3,0.984779299847793,647,6bba,19239,98cd9c2fa6c16a6d162f86ba066c951f3dfbfec3416b85418820062eccf0a0f4,0.9955089820359282,665,075fc5f5a52d11077f9dc2b074644618f26939e2,0.9955089820359282,21988,97dcd35d2cdef97009d8336bd120307bb259ff3c6e1a24dd34b89a750cabfd31,4.090513787999953,measured,0.14288684443058372,True
0.9866818859244555,D00,6bba_e16ffc58,1,0,0,8,11,0.9800629590766002,934,6bba,6367,8ead1213f4b0ba5ca6ba9ec5ddc9bfabffa59008b494c3ea45f1c961a472a8a4,0.9989626556016598,963,075fc5f5a52d11077f9dc2b074644618f26939e2,0.9989626556016598,5937,71e5f94d2ef47085083b1e55051c2c3d86ef98785256e3e3e6018ffb899ad030,0.9173884930023632,measured,-0.06753573111355426,True
0.9842823757624404,D00,6bba_e5e44988,0,0,0,10,5,0.9765258215962441,624,6bba,5615,0433be158c5c4532682533e8ed8ea9fd38924f2b6422eb59aeffed705ebc94cf,0.9894894894894894,659,075fc5f5a52d11077f9dc2b074644618f26939e2,0.9894894894894894,5169,11f668281bd477ef588010c5c83de62ae975f3841a68c43d8b4bc33d02902126,0.7294978530007938,measured,-0.07943009795191451,True
0.9071604945129725,D00,6bba_ebdf3b34,2,1,0,41,33,0.9114832535885168,762,6bba,56847,1c1526e6a1b4d00cf43fbaf3eb29887e41d9627ffd2e0917e3c52e1c0f0f2efd,0.9822904368358913,832,075fc5f5a52d11077f9dc2b074644618f26939e2,0.9822904368358913,59543,903abc4c07b4f4390b00aa6e66112f61f35a650dbfdf4391059a463d0d3a217e,7.220857560001605,measured,0.04742554576318891,True
0.667265321589376,D00,6bba_ebff6e76,0,0,0,228,251,0.6838283828382838,1036,6bba,41596,eb40ff6075b091d198517dfdecc59a5a0ea8491a0156b25c64f787b7ff275dd0,0.9446130500758725,1245,075fc5f5a52d11077f9dc2b074644618f26939e2,0.9446130500758725,51671,faa43fcd5b5f9dd131a5909b64ed45274a07cde053f7df65c9f26c1180b6885f,4.1172016849996,measured,0.24221078949899028,True
0.9765057614312888,D00,6bba_ed9377fd,0,0,0,11,2,0.9745098039215686,497,6bba,4443,32b88de7ee86933a8018948dcb673cdf1677d6cf420b4feb93afbbb1fa602af4,0.9830508474576272,522,075fc5f5a52d11077f9dc2b074644618f26939e2,0.9830508474576272,4352,515a6c04a8ce8953a40d145a492bf0dccc77a4f2c5d84a17feceeb79928af093,0.6306807789987943,measured,-0.02048165653837497,True
0.9280282127805635,D00,6bba_edf14583,0,0,0,26,42,0.9152119700748129,734,6bba,59242,c6774679dc422be085a858b6ea344156e67adb7b2898491d4784722f9209cfd8,0.9987515605493134,800,075fc5f5a52d11077f9dc2b074644618f26939e2,0.9987515605493134,50946,0b0a749daf6ebac9b6e87f4f1d080a509ede7bbbfd35c535b052f66b3a208ee2,3.8289625469988096,measured,-0.1400357854225043,True
0.8834330861884855,D00,6bba_eebc57a5,0,1,0,61,71,0.8754716981132076,928,6bba,9347,c1718bc56c3d4e0f5ea1cabe5930dd2f61b317f34c6ae13d47dd324964995c6a,0.9775828460038987,1003,075fc5f5a52d11077f9dc2b074644618f26939e2,0.9775828460038987,8497,5bbb9658036ab74379d6328fbe45ab2a5549bfd68cb33576cb0f799f88fb528d,0.9929381110014219,measured,-0.09093826896330373,True
0.9802764334055915,D00,6bba_ef7b4f7e,2,0,0,22,7,0.9759933774834437,1179,6bba,6107,871fae0e37c20803075402609d4efd049d3b51e364133e37ac6a033cb0d0e73d,0.9878444084278768,1219,075fc5f5a52d11077f9dc2b074644618f26939e2,0.9878444084278768,5839,9dce779c212254444f63506421c705a773a3899fc904c5f8f99ece6a5154e030,1.14382667999962,measured,-0.0438840674635664,True
0.8408000662898898,D00,6bba_f17befbc,0,1,0,91,80,0.8438356164383561,924,6bba,24963,440f3888333e8c1e810143b54de1c30b0f5a95151cd61220f2767948dde84b49,0.9666048237476809,1042,075fc5f5a52d11077f9dc2b074644618f26939e2,0.9666048237476809,25861,077c02ad3ad2dac0044edabf104f7c3a9192d58e63e4c8f2cca36e6380fe5a8b,2.1235357990008197,measured,0.03597324039578576,True
0.9778729034038276,D00,6bba_f1fde7e0,0,0,0,12,3,0.9665924276169265,434,6bba,9040,af70ebe7de3434587766db9d136584f1ff372b32b9deeaaefe353b3796670888,0.9789915966386554,466,075fc5f5a52d11077f9dc2b074644618f26939e2,0.9789915966386554,7985,b3f0862ced71b13cd5381e2b725b2caeb738475d843418576f7905173bf8b955,0.9098102540010586,measured,-0.11670353982300885,True
0.9820364301226021,D00,6bba_f20478e9,1,0,0,19,10,0.9701952723535457,944,6bba,5973,1b3a102524bcfe440a411c4230299a3104b12a84b826946bbdbf3dd47f348a04,0.9910269192422732,994,075fc5f5a52d11077f9dc2b074644618f26939e2,0.9910269192422732,5244,02f92de16386a72cd8ad4e6b6d0ab1cd46b99fe6a79b155abf3131d8a95b50bf,0.8872825430007651,measured,-0.1220492214967353,True
0.9858285302660539,D00,6bba_f4ae811c,0,0,0,6,3,0.9907024793388429,959,6bba,8903,9c6e4c33449ced65aed6942a7e8af94c9c5da8c779d8db497f676285b99f074a,0.996003996003996,997,075fc5f5a52d11077f9dc2b074644618f26939e2,0.996003996003996,9341,263757008c364a2c5f98aa35771193e7e2c6814b26ddb20ac795441bca029eda,0.9460354410002765,measured,0.04919689992137482,True
0.9163071412785333,D00,6bba_f8ffd5e7,2,0,0,14,16,0.9222797927461139,356,6bba,29540,7abb1f68c417989d29006b30e7ea535c6429a82a54ff61ff68fa2064adbb20d5,0.9948586118251928,387,075fc5f5a52d11077f9dc2b074644618f26939e2,0.9948586118251928,31453,1a1667f237b8b785f1d4c0ad2865403a88add2405c4b92777bb96fa367d2fed6,3.904958882001665,measured,0.06475964793500338,True
0.982724071281678,D00,6bba_fbc898dc,0,0,0,4,6,0.9844961240310077,635,6bba,4889,da46dd33f8849d36592bc41e27b28eff8779307967f21d9f3d4f512ec836a972,1.0,655,075fc5f5a52d11077f9dc2b074644618f26939e2,1.0,4977,2a19cbce06f99ea9fb2a422a6cf0e0443a02673f21619107384de9f8c66d3fa8,0.6603201939979044,measured,0.01799959091838822,True
0.9786616228809301,D00,6bba_fc516dc6,0,0,0,13,12,0.9677002583979328,749,6bba,7866,4bb932d359119d88f02dce90990bd009af90b03a486646084a7df8f2acffeead,0.9911167512690355,781,075fc5f5a52d11077f9dc2b074644618f26939e2,0.9911167512690355,6975,aee9ebce7339a452b47e064aceeb4dace4517becc92ed2589ec2d4f54dc109e4,0.7769577860017307,measured,-0.11327231121281464,True
0.8926842605801236,D00,6bba_fc5f39dc,2,0,0,29,10,0.9166666666666666,429,6bba,14020,d77c0b59146271dd129d3c83cb5e3f91259f2304c136bd1f9fef68e5db52f228,0.9532908704883227,449,075fc5f5a52d11077f9dc2b074644618f26939e2,0.9532908704883227,17688,a842a849bf308230cfd4d266df38feca5707d811e463b90d6037241b38d03713,2.386014959000022,measured,0.2616262482168331,True
0.8534220715561952,D00,6bba_fc83837d,0,1,0,86,64,0.8480243161094225,837,6bba,13087,ef36fb4c128be150008f3f6079b9f7949a0975909cb361506b8e32025cfafba5,0.9508881922675027,910,075fc5f5a52d11077f9dc2b074644618f26939e2,0.9508881922675027,12254,2ac224c8393808f079315088e33554ca765350b3e8c75e56c0655097a071a7c0,1.206470403001731,measured,-0.06365095132574311,True
0.9897312284275447,D00,6bba_fe670320,2,0,0,8,5,0.981021897810219,672,6bba,10836,31d230e9577424c696394b1247c316fd62d2c6a74dca9fef2384513673d9e8c3,0.9916201117318436,710,075fc5f5a52d11077f9dc2b074644618f26939e2,0.9916201117318436,9874,fab35a32b2996b19fcecba0e6971cbd08ec47824cbcac93f36429090d1457d34,1.4743583700001182,measured,-0.08877814691768181,True
