edge_tp,edge_fp,edge_fn,division_tp,division_fp,division_fn,num_pred_nodes,node_recall,total_node_ratio,edge_jaccard,adj_edge_jaccard,dataset,estimated_total,gt_node_recall,matched_nodes,graph_hash,metric_revision,variant,embryo,gt_sha256,seconds
48,0,2,0,0,0,25650,0.9423076923076923,-0.004076878276062901,0.96,0.960391380314502,44b6_0113de3b,25755,0.9423076923076923,49,e920e3bc4e0c33243235a782e983af504271a1120112b71d76bb4d36b427da2c,075fc5f5a52d11077f9dc2b074644618f26939e2,C0,44b6,de9ed9ada67e717ca85d19af2ac9f59d9b6e3e3a7773619912991f3f6d15dfaf,1.1926293652504683
49,1,0,0,1,0,20498,1.0,-0.37496569599024243,0.98,1.0167466382070436,44b6_0b24845f,32795,1.0,51,5db97dcd6a49c0f08996614c46a0d56050e04e99cfb3e8f1cbe7ed2b457d5036,075fc5f5a52d11077f9dc2b074644618f26939e2,C0,44b6,e8e52e2c2dbfff1dcdf2c910d92f77a03c6447adcd65024c8089cc4a46503213,0.9668468781746924
67,4,3,0,0,0,27580,1.0,-0.013520280420630946,0.9054054054054054,0.9066295389029491,44b6_0c582fdc,27958,1.0,71,4cb0cabe90dfdb3f63b3d083e08e36562e1e7e5c40f508511e425c702dd09da5,075fc5f5a52d11077f9dc2b074644618f26939e2,C0,44b6,1f5d42dbef9295dfc88b718954d254676a0928ae9e5f10e078b3a7d4b4ba8741,1.2330487230792642
149,0,2,0,0,0,17809,0.9808917197452229,0.16133029018584935,0.9867549668874173,0.9708356203723898,44b6_0db75fae,15335,0.9808917197452229,154,75087b524b125f393597693bd12c7a9d0312139153648549ee75caa4392dd70a,075fc5f5a52d11077f9dc2b074644618f26939e2,C0,44b6,59ae72eb52cee12d6e88759b98aa38bd53677145816c8db68308c6abb8b38232,0.8940088329836726
737,33,36,0,0,1,44829,0.9873096446700508,-0.23593877829288246,0.9143920595533499,0.935966114094523,44b6_12dfb391,58672,0.9873096446700508,778,8b0cea30f4314e2f9ab11c8e32bd60c275921ea77776168dc24b0ae1860f3c6e,075fc5f5a52d11077f9dc2b074644618f26939e2,C0,44b6,158385ca7466da3481b2a299e179daf6c645674c927de3fc40710c854c2db598,2.449683044105768
116,4,3,0,0,0,29891,1.0,-0.5427832843857073,0.943089430894309,0.9942787487713352,44b6_144b256d,65376,1.0,121,29110a697a5c60ef162650de3d396b8ce42af2fda48204bb1379a146d140bb45,075fc5f5a52d11077f9dc2b074644618f26939e2,C0,44b6,61a562b357e2ded5cef55ce588e9faecec694cf4acaf294180fab0aa5fc41b60,1.2828201581723988
144,8,9,0,2,0,19610,0.9612903225806452,0.10935113424223568,0.8944099378881988,0.8846294637696386,44b6_1574802b,17677,0.9612903225806452,149,991e0dea3312a8f06b518e2b5354cf71062bbb576f3da6d0b609ef3ce5d27e7c,075fc5f5a52d11077f9dc2b074644618f26939e2,C0,44b6,cee8da6b13acaeda538f872c5ded6c2d5892c4980c079d67d9bb1d8483fe3312,1.0735066570341587
91,12,8,0,0,0,73496,1.0,-0.06545953918925793,0.8198198198198198,0.8251863225821824,44b6_18ced818,78644,1.0,100,92528989064d9b213406135e581880abb2536a878b045082603e356e75b8d347,075fc5f5a52d11077f9dc2b074644618f26939e2,C0,44b6,126bcd299f3065b8232c68975597b2b9a548376255a49d7c33271f251c489810,2.9258651467971504
244,33,27,0,1,0,36229,0.9782608695652174,0.011277041172365667,0.8026315789473685,0.8017264480111654,44b6_1d530831,35825,0.9782608695652174,270,d5cfd96474d9cd3a6c4484dede180cc6302ef25c7a21ce3a660e50ba1432d963,075fc5f5a52d11077f9dc2b074644618f26939e2,C0,44b6,c1e9f66d608c0f5742fb11bf2ade8cdd4a65cfaea97971e59bfefcd40a9b134c,1.4274701229296625
213,12,8,0,1,0,27034,0.991304347826087,0.02584146017531211,0.9141630901287554,0.9118007592200251,44b6_24264f12,26353,0.991304347826087,228,b24cb4dbf3e131f4cef3d9e7424b149570673df5629d9b0151095d5dfc144008,075fc5f5a52d11077f9dc2b074644618f26939e2,C0,44b6,cfc2c4a6c7b6dbcee1ba7a0bedef2eceb1d1c4f4a67d8d627200ded6104355b8,1.1629874128848314
260,24,17,1,0,0,22305,0.9964285714285714,0.16596968112911656,0.8637873754152824,0.8494511238891793,44b6_267148e4,19130,0.9964285714285714,279,7b388e055396523bdac4a869dc4b9cba00912ed7830b62182209090a56e10ea5,075fc5f5a52d11077f9dc2b074644618f26939e2,C0,44b6,39f7a8c69214feaab8aaa8e3b1aef20f253a1d779901a2347d70dcbb0e6bd667,1.1802948112599552
198,20,12,0,0,1,39990,1.0,-0.2905423386023737,0.8608695652173913,0.8858814708883782,44b6_2a2eff9f,56367,1.0,214,99139d338235369b4f96643074ffdc0d342569a71a8bf198edc030c349d8907b,075fc5f5a52d11077f9dc2b074644618f26939e2,C0,44b6,9643390912842976c6a5c01fb3057784994c21b88ceaee9ca1267336fdea71ae,2.1442029741592705
65,36,20,0,0,0,19728,1.0,-0.19041365725541695,0.5371900826446281,0.5474189154723984,44b6_2f31fc2f,24368,1.0,89,b1166afcb234f5d5b8b0296bbd7dee13b7b9a39986a4f1950314fbeacc8ad3cf,075fc5f5a52d11077f9dc2b074644618f26939e2,C0,44b6,bd30bdca3cae1d7f9c6cb83578fd78fcd2a146a7f0bd234a691a74111f2fa32f,0.7941462458111346
49,0,0,0,0,0,23912,1.0,0.024946420917273896,1.0,0.9975053579082727,44b6_33b596bf,23330,1.0,50,5b963d046eb2776379a9cfbe829f645058792e9e0efdc51afe93f289b292f4b4,075fc5f5a52d11077f9dc2b074644618f26939e2,C0,44b6,4113d4d244eb3f04877ebc213cecc7df94de2df9b9bc1f5cb604906a06e3dd79,0.9065964776091278
208,0,1,0,0,1,8389,1.0,0.12816030123722433,0.9952153110047847,0.9824606015993576,44b6_341df25f,7436,1.0,216,81a3a1a44fbd60967df5b00b745d5069c9f0d4cefd1ed744d9b26aa08ba585df,075fc5f5a52d11077f9dc2b074644618f26939e2,C0,44b6,0cf5f0566cf146b1ec41a6c9d6e303235924f4e1035c33af0fa275b061805abc,0.6087384768761694
894,26,25,0,0,0,36679,0.9882352941176471,-0.09537315641493613,0.946031746031746,0.955054349400524,44b6_3a861e03,40546,0.9882352941176471,924,519ffc2f42843465f0823877dd9f761f351d6abceddc3c963506cc112401b600,075fc5f5a52d11077f9dc2b074644618f26939e2,C0,44b6,e7de3156439f9db2527853dc67ee66e2f4b8a829b0dbda0f63c8930dbfd44d7f,1.4863164690323174
371,34,25,0,0,0,16203,0.9925,-0.4926574192942355,0.8627906976744186,0.9052967215251538,44b6_3bb3690f,31937,0.9925,397,b8369f01df88241305ce55ea874fc4184d1a957a2310561ea0ce7d89ac570954,075fc5f5a52d11077f9dc2b074644618f26939e2,C0,44b6,fc1421e949308326471b34084eea8698cb5f4bcc5a8f74c01a491cd39662effe,0.6379616288468242
192,11,6,0,0,0,29929,1.0,-0.08420794957314648,0.9186602870813397,0.9263961369942796,44b6_40c45f5a,32681,1.0,200,a8d4f036605c372928f22345b56094067c6b6766083856803a35a75f34692c7c,075fc5f5a52d11077f9dc2b074644618f26939e2,C0,44b6,9ba1bbf38c215ad27490e4b3eae4e599ed733708ad08a00c62a1dec4ac0e63a3,1.207244385033846
312,12,10,0,0,0,34241,1.0,-0.4023423863715702,0.9341317365269461,0.9717158157329132,44b6_415c0a3a,57292,1.0,331,5a684d3a4ec3898603b952f8f87995524aef77b1a60fc29f140847a0bca3ecb7,075fc5f5a52d11077f9dc2b074644618f26939e2,C0,44b6,4ddf9ce29d848644c83f667276933911d60d2a399ab1d06a4b7ec5c7432bdc6c,1.2804014780558646
66,2,2,0,0,0,31473,1.0,-0.1870592793490895,0.9428571428571428,0.9604941606243427,44b6_53f95252,38715,1.0,70,abcf86488d9e53e7feff32b1baa012a76add54715a6bd472aabc517db8ab47f1,075fc5f5a52d11077f9dc2b074644618f26939e2,C0,44b6,a75e9ef963879f66e5c9316b7e02f78a75535cdebe589f8469f411acb0f63fc2,1.2529544630087912
198,33,26,0,1,0,31654,0.9780701754385965,-0.4507088691064952,0.7704280155642024,0.8051518895264926,44b6_551a5dba,57627,0.9780701754385965,223,3bf23784084aaa2a359dec872c8808175300a65b8a0bdf4ef5a6d86dacb04f3d,075fc5f5a52d11077f9dc2b074644618f26939e2,C0,44b6,86aa0ab3f94bc2e338d8d126b8e006d8b7522a0ae973a7552f7fdec778815e9a,1.2946971063502133
168,1,2,0,0,0,11447,1.0,-0.419817536746072,0.9824561403508771,1.023701372031193,44b6_5740d24b,19730,1.0,173,b72c95b3199638461070c970980c4a38614db27d8aac0404df5191d1833aced4,075fc5f5a52d11077f9dc2b074644618f26939e2,C0,44b6,e99fe6481a0cb5005289bf88d03f63eb5fcd88b356b8d5c9b25e3c4a781db094,0.6071716859005392
368,5,3,1,0,0,18801,1.0,0.036610244252081384,0.9787234042553191,0.9751402739668176,44b6_587a1e22,18137,1.0,381,a8ec5380571eea27e97fe659ffcdf4671de2f18c899fe83b4f368340556b0542,075fc5f5a52d11077f9dc2b074644618f26939e2,C0,44b6,b1c5074945420066b5e9c2406887594d6cff2d631dc2adadb6156575b4d66e44,0.9658245937898755
257,17,16,0,0,1,21935,0.9856115107913669,-0.2569192723330736,0.8862068965517241,0.9089752596515862,44b6_5f15d135,29519,0.9856115107913669,274,3fd9cdd4b9f9e7cc6c92ddb90244ba952aceb80a88843329d7019534af076104,075fc5f5a52d11077f9dc2b074644618f26939e2,C0,44b6,754d7b8a78b453bc903ba884fcc0f16647411b29c64ce6d8845dd968e7dff384,1.171202912926674
617,21,14,0,0,0,33926,0.9984447900466563,-0.14546233092365432,0.946319018404908,0.9600843954263641,44b6_668e0cc7,39701,0.9984447900466563,642,b884d72000e65661b796790cab14bee629a37ca5aed65af399bed412934fdc05,075fc5f5a52d11077f9dc2b074644618f26939e2,C0,44b6,307ec01d3fd223391034da895638d51052f565962ab2b0b5ecc046ebb7ac8ad9,1.2987805549055338
197,2,1,0,0,0,23697,1.0,-0.5504268639726807,0.985,1.039217046101309,44b6_66f9292d,52710,1.0,200,fbf1220008817ad17ff8387a7875d556e88834829da4a0ab7280dce5c23bb335,075fc5f5a52d11077f9dc2b074644618f26939e2,C0,44b6,8fdcb7d70a85c4fd3bc437cacbe50824b529f4f9a33111e14f239888b9bc94f5,1.0645361640490592
96,17,21,0,0,1,29809,0.9491525423728814,-0.5735357234827893,0.7164179104477612,0.7575070369062297,44b6_706092f0,69898,0.9491525423728814,112,7dcf59cf1cdf2c0f0692568df4b5ee43183679c4987f0905f468b9385bde1cba,075fc5f5a52d11077f9dc2b074644618f26939e2,C0,44b6,94540b8fae9e3a1f867fb14ce253cbba9f2c49768cea295329949de1ab07bc3e,1.4181422502733767
100,26,19,0,1,0,31997,0.9752066115702479,-0.5272869637158728,0.6896551724137931,0.7260197906010947,44b6_71a4179f,67688,0.9752066115702479,118,814e9f6acfe8f3f62f6201015f534e125791f403f516132c7da66b151d73019f,075fc5f5a52d11077f9dc2b074644618f26939e2,C0,44b6,872ec5cdfbe918d43cb776e25bba0970654b292a8b6ffd3f2f0d4cbfd22b7ffb,1.192266201134771
133,6,6,0,0,1,8706,1.0,-0.42306163021868787,0.9172413793103448,0.956046342633852,44b6_74d0c52e,15090,1.0,140,b27a2a71f57746309dab4b2b514ae6f6421f33aeb6d40f10872a2ce4a332eb19,075fc5f5a52d11077f9dc2b074644618f26939e2,C0,44b6,7a6e33c79f009ffdd61750205572dd22365d343bcfe086f25c1d59bcdf2bd94d,0.48104458302259445
490,24,17,0,0,1,44857,1.0,-0.3290705674713572,0.9227871939736346,0.9531534045312551,44b6_7a302da0,66858,1.0,516,c5fd7f858ff2d1cbda0902603b10ed3fd4927d68f53df476b3de0e4e6e8894f0,075fc5f5a52d11077f9dc2b074644618f26939e2,C0,44b6,0fdca1fc848cd4dedafda2789f83562b3b1f136e3635a3b1e8726a62e302cb1c,2.0822787331417203
544,14,16,0,0,0,45003,0.9929824561403509,-0.197235105244381,0.9477351916376306,0.9664278566642759,44b6_7e557709,56060,0.9929824561403509,566,d024a63a46901d6ea03f0861ea5b8e6dbdb49c57e554df1ee3797cbf613c8d2b,075fc5f5a52d11077f9dc2b074644618f26939e2,C0,44b6,3fb8cddc22fb7d2fa30f5ec8ff509c0b5a69533645ee39d4f55f33a4b0494c2e,1.683126893825829
179,0,0,0,0,0,15095,1.0,-0.04110024139245331,1.0,1.0041100241392453,44b6_808952d6,15742,1.0,181,794d6d0b7a84a76531c17dd1d477254fb39c533f0bf4a56aaaba15da3e9db720,075fc5f5a52d11077f9dc2b074644618f26939e2,C0,44b6,5e0bc5b3a692cccd7f39cbb1ab5a67e985019bd6979e140985a897df83ee9918,0.5948744919151068
197,0,0,0,0,0,11284,1.0,0.12256267409470752,1.0,0.9877437325905293,44b6_81c256f0,10052,1.0,199,3f1d8bc910b4abd380bfde1f9014d2bfd021197d21bae665c022ef78a3f46e3e,075fc5f5a52d11077f9dc2b074644618f26939e2,C0,44b6,4b8c574da6f93aebdcf4ce3980702cb85157958d8a78b81d77f83d2db4f62b56,0.6066264430992305
114,39,35,0,1,0,29253,0.934640522875817,0.040957938936730484,0.6063829787234043,0.6038993590219217,44b6_87bba6c4,28102,0.934640522875817,143,514cecd84f0614c8ead31e8c0806c0d0c0f24cf8ddb5349938de82ff7746f7e5,075fc5f5a52d11077f9dc2b074644618f26939e2,C0,44b6,640b906f30bf4400dea8c78c105d3b99513838717ee77d21739361cd76324b6d,1.1850554598495364
386,6,10,0,0,0,18916,0.995,-0.41203531020763395,0.9601990049751243,0.9997625944627231,44b6_8cc6506c,32172,0.995,398,64e3b926b7c4e91cc6df26d73d3327b0aac04e52c182c5db8f1bfe0a8cd9b893,075fc5f5a52d11077f9dc2b074644618f26939e2,C0,44b6,477301caf583ffa262d5d6d43a523a98525cb50939a0295c20317fa5088b9698,0.9173429147340357
564,49,40,0,3,0,27899,0.9821428571428571,0.011896557977585143,0.8637059724349158,0.8626784596172499,44b6_8f5ab931,27571,0.9821428571428571,605,b6604de2986c5e7c97f79d0125a9b11aea87e43bf1e360556d6856c2a3bc5bad,075fc5f5a52d11077f9dc2b074644618f26939e2,C0,44b6,dbad4e855df771a28f5d2a26ba5a70f64706e0b4234a83683cb7a73f79ff980d,1.1869019898585975
364,5,6,0,0,0,41115,1.0,-0.4505766172677829,0.9706666666666667,1.014402636982793,44b6_8f9ecab4,74833,1.0,374,3e678c96174315e48e11fb0afe865f3bca01600481bdbc5633f3b9e481750bda,075fc5f5a52d11077f9dc2b074644618f26939e2,C0,44b6,ded4238d57456c22f5538fff60734587fa85f9b38312cf2bea960337d023545c,1.5544497738592327
94,15,9,0,0,0,23407,1.0,-0.08322888923703588,0.7966101694915254,0.8032402674476962,44b6_90724892,25532,1.0,105,cc05c19800d2a38854f84491e3a66ea8991a71e5d89970e578dad98bdf291e8b,075fc5f5a52d11077f9dc2b074644618f26939e2,C0,44b6,de9a8ae784065a5bd2c5345ba7ce77bb035776def0c5a72b5d88c855b568bf50,0.884555228985846
344,40,34,0,0,0,39204,0.9768041237113402,0.054466230936819175,0.8229665071770335,0.8184841187937163,44b6_949adeb1,37179,0.9768041237113402,379,cf6c11ffe202996b101ec28fc4e18ad98ebf0d23d70192860c50c4fe4906bfc0,075fc5f5a52d11077f9dc2b074644618f26939e2,C0,44b6,2aad4f04ccf44e676e7401b32d8688d9e8bee7d3be7bfe0f549046e416aa83cb,1.523476016242057
198,0,0,0,0,0,4791,1.0,-0.07169153264871149,1.0,1.0071691532648712,44b6_95029e92,5161,1.0,200,9e74cdb9a38ba2061dc7e118ec838e2432128d927ed8e296d248114b5851e09b,075fc5f5a52d11077f9dc2b074644618f26939e2,C0,44b6,79ce0f26aebe2d03ff5010fe046576324fa76e20af0636c2d70e1dd4022303a1,0.3252175347879529
218,4,3,0,1,0,33822,0.9955555555555555,-0.05456476770839157,0.9688888888888889,0.9741756086046353,44b6_97725144,35774,0.9955555555555555,224,5169bf239bfd995ba2818c451fbe770857d5155d7bf6c7bcca06fae5d892de6e,075fc5f5a52d11077f9dc2b074644618f26939e2,C0,44b6,76c0c708d7dcf645e8bdfe745dcb4b9823f1527b84f4f5b8647d503e946f67b4,1.2867348790168762
370,2,7,1,0,0,9281,0.9868421052631579,0.22553809586689555,0.9762532981530343,0.9542350671581131,44b6_996155de,7573,0.9868421052631579,375,831465bf918671f358dc618d9437f594d0f42cab5b79b90b24e063ca1304c3fb,075fc5f5a52d11077f9dc2b074644618f26939e2,C0,44b6,9f8108d8a81f36e7201f37adedda9d5be4e9e8743a306993574d0a82c61b0713,0.6527770739048719
207,17,13,0,1,1,26099,0.9864864864864865,-0.5490609395787619,0.8734177215189873,0.9213736770011831,44b6_9be80b04,57877,0.9864864864864865,219,acee47d6712152fc95379c1d5bc3c1d1fb612ca4e88c8f6f6f736aac640b9e9e,075fc5f5a52d11077f9dc2b074644618f26939e2,C0,44b6,6b7ebe0d92ee443a03c2ecb5a660f355395c6d93889530730df2099226718d4f,1.3904328509233892
244,21,15,0,0,0,39731,1.0,-0.38217640106985135,0.8714285714285714,0.9047325149503728,44b6_9bfa6a0a,64308,1.0,264,36fc9b4af32cdc94daa710a5a03f0cd3defae300010eb14350d5be249b462e9c,075fc5f5a52d11077f9dc2b074644618f26939e2,C0,44b6,00f64faf4972f923d6a60b5286e2791a75385d15832cfc577448bec0d47ac8e4,1.5641580834053457
284,1,2,1,0,1,22022,1.0,-0.04418402777777778,0.9895470383275261,0.9939192557104143,44b6_a21120c2,23040,1.0,296,df7c162fb511ca9f3511852037a6942af530128ceb0545f35960d25364531b5d,075fc5f5a52d11077f9dc2b074644618f26939e2,C0,44b6,a4f453dbbaae03704fbe1c4d46b33b4c1a29aff32d0d91c9012121f1d5269e90,1.3133474737405777
376,39,34,0,1,0,46816,0.9975961538461539,-0.22762443700196328,0.8374164810690423,0.8564781265729929,44b6_a2bb48bb,60613,0.9975961538461539,415,57a5f60c51e97ff5fb872d128c842f81522302300abe986591c2889b6cb545b3,075fc5f5a52d11077f9dc2b074644618f26939e2,C0,44b6,b1945b351bcce082cbcf46c1cfcd5f1182002eec09b4c2fa826c221e4224f055,1.7671794099733233
203,0,3,0,0,1,15427,0.9904306220095693,-0.3019141137608037,0.9854368932038835,1.0151886238317684,44b6_aaf8b0ea,22099,0.9904306220095693,207,a102c224b75a879e80a13b384cfdf86c9e88233581aa4cd416e600c366f6a91d,075fc5f5a52d11077f9dc2b074644618f26939e2,C0,44b6,fadb16b6d346d8ee69078b5e67f6282b4d4446b6b756f65a7b0f8d3ecd4904eb,0.876169737894088
94,1,0,0,1,0,26447,1.0,-0.041914215331111435,0.9894736842105263,0.9936209855169731,44b6_abf82518,27604,1.0,96,fe14333bc7408c434f7a1fcc915920fe971e5c7140a61e0498ee4b15a62b2695,075fc5f5a52d11077f9dc2b074644618f26939e2,C0,44b6,4e8a6ca33d5d25c0bb9ff57a02a53ecf8cb00da080899cf82df3c537cda8f1dc,1.0498668099753559
154,15,14,0,0,0,37972,0.9647058823529412,-0.3642619163220546,0.8415300546448088,0.872183789679561,44b6_b2c44266,59729,0.9647058823529412,164,89a3f4d18a1e40c73a90864152449bd7ed4ed1bdaa9607cb1fb6233048ad844b,075fc5f5a52d11077f9dc2b074644618f26939e2,C0,44b6,78a75717da2cd928f079b75332a969e2faf5207838e4028929143e5d70a12c68,1.5050212312489748
98,5,4,0,0,0,19539,1.0,-0.050813699295603594,0.9158878504672897,0.920541815449504,44b6_c15fded2,20585,1.0,104,610d71cd1fff8f9fa164f16e4f866e8ef2c14378a524be93cf567979cf104ca9,075fc5f5a52d11077f9dc2b074644618f26939e2,C0,44b6,a777e16fadac5dec7e5c74b56a124b4161072fcc2ae5f22c874f3d7db52a50c4,0.7967661810107529
293,36,32,1,1,1,38081,0.987987987987988,-0.19110837333786482,0.8116343490304709,0.8271453610493059,44b6_c50204e0,47078,0.987987987987988,329,3293e74e5b1a1057784c4b8acf8f9d40b9514b48f0de918de610db5401c94f9f,075fc5f5a52d11077f9dc2b074644618f26939e2,C0,44b6,5fa068d99f653a64c566b7e45007763cebe9c6f948fdd2b8344c182f1435713a,2.179795159958303
204,28,19,0,1,0,29877,0.9911894273127754,-0.4399287655825288,0.8127490039840638,0.8485041705891777,44b6_c771cb04,53345,0.9911894273127754,225,6f0f6d09a810a553bae24df9e433796287fd5c9fb509f0d85135d8e1ec0dd9a1,075fc5f5a52d11077f9dc2b074644618f26939e2,C0,44b6,680396e49cce8e0ac2350a76b3d9ff816086c0f8e20156f83968b54427032688,1.2491084383800626
153,15,11,0,0,1,28827,0.9821428571428571,-0.1302498189717596,0.8547486033519553,0.865881688437251,44b6_c8e2a523,33144,0.9821428571428571,165,2838ec9a9c860e2e4a7100603e68a1c0ae948697cf1f642d54c93a37a366ac77,075fc5f5a52d11077f9dc2b074644618f26939e2,C0,44b6,7e2b7a116d4e65dcb3320d43d82808662ab45400fe730679494c78a781756d01,1.5286627877503633
591,18,25,0,0,0,38261,0.9809220985691574,-0.17248464400034605,0.9321766561514195,0.9482552720195906,44b6_c96cfa10,46236,0.9809220985691574,617,105ed53be97b3ea48f6656386d215601769b538df9449926ab3a6b5b4280b068,075fc5f5a52d11077f9dc2b074644618f26939e2,C0,44b6,a4e7738a6c1e7e34021054bd963e6cb1451558d180dcc7e390e7c4f64cdf9d87,1.5639859605580568
71,6,4,0,0,0,22510,1.0,-0.6089637800746982,0.8765432098765432,0.9299215165250662,44b6_cf2536e8,57565,1.0,76,dce9c4aecc64d1bede45f464568114ce9d5ebc467514b402782ae80970a52bc9,075fc5f5a52d11077f9dc2b074644618f26939e2,C0,44b6,7b132683eb4a64414809c506a75058e2a1283e0e6fcba082d51f84b11484fb08,0.9796407748945057
184,6,4,0,0,0,41645,1.0,-0.047657161151638504,0.9484536082474226,0.9529736688927326,44b6_cf8fed6b,43729,1.0,191,9d2e3320c212ddcd7aed8d550822d5ef0ee1782bce0f1ee97d6f5e5ffea93308,075fc5f5a52d11077f9dc2b074644618f26939e2,C0,44b6,071b56596407f896f2f945130d5b5031270588a152cf6ac4c66752f2a2b3f186,1.6177025330252945
1302,29,26,0,0,0,36511,0.9940872135994088,-0.040572855078176324,0.9594694178334562,0.9633622591976261,44b6_d29c9ab2,38055,0.9940872135994088,1345,58f9124109ee3841506460f1fb83d02835687a64d2c136051508733b8d4070af,075fc5f5a52d11077f9dc2b074644618f26939e2,C0,44b6,ba54e483baa73ba026fd8bcb60663c78cda567a84c15e6e93e6568a74010fa95,1.4680400360375643
274,4,7,0,0,2,15396,0.9893992932862191,-0.3604718783750104,0.9614035087719298,0.9960594016402642,44b6_d2f34f90,24074,0.9893992932862191,280,85f0f77d8adbf8e4a651673430c2848ba5afa284b1dafc8c8bdcfefe78b186cc,075fc5f5a52d11077f9dc2b074644618f26939e2,C0,44b6,f0c30da6320a29632b3c6de8417f8f3466b21f623749cbc5488a294a3e3cc4ac,1.0845558186993003
829,77,64,0,1,2,43396,0.9922737306843267,-0.03237602568676418,0.8546391752577319,0.8574061572468379,44b6_d5e7d891,44848,0.9922737306843267,899,73494a5d0d6f7069f29c1cc25cddc00f6b2cdff376a8f08ea354f7225ea621a0,075fc5f5a52d11077f9dc2b074644618f26939e2,C0,44b6,b23656804986faa4310d01145b289d1b17af0808a709e5219df014253254efc6,2.552457374986261
68,2,2,1,0,0,5607,0.9861111111111112,0.08431637981048153,0.9444444444444444,0.9364812307956767,44b6_d754aa59,5171,0.9861111111111112,71,ef7d1315d1aae152dc7cf73effd4985a9719429bc182719e9df566d42aee7dd2,075fc5f5a52d11077f9dc2b074644618f26939e2,C0,44b6,0562e61d18e74aada56db19ece7b95d665b627d1334df4aa99302455be98d9c3,0.3272481895983219
426,23,25,0,0,0,23584,0.9740820734341252,0.05952648366952693,0.8987341772151899,0.8933843286828653,44b6_d78e09d9,22259,0.9740820734341252,451,4f693e4e89bcf87c15b8f66354e65ca56b0042917f5d4c3264d0c508d541681c,075fc5f5a52d11077f9dc2b074644618f26939e2,C0,44b6,92dd087b889f768df52bc622801fcbfee2944e0c8bd5f0fec8160f64a901c567,0.9270270164124668
153,8,9,0,0,0,15572,0.9757575757575757,0.036543965918924316,0.9,0.8967110430672968,44b6_db3c847b,15023,0.9757575757575757,161,7e37fe8c3be7e62679ae02441745987c3ce8d5ba110312354bf9276a23e6c9d5,075fc5f5a52d11077f9dc2b074644618f26939e2,C0,44b6,9fdd47d9be028edbd201f10cb8cb12886621d1e533001c6548d5e5ea549fd06f,0.6933143278583884
604,59,43,0,0,0,38286,0.9893778452200304,-0.2842668062514021,0.8555240793201133,0.8798437890900633,44b6_ddf577ad,53492,0.9893778452200304,652,0fb42a752bf5e387b9468e8d206fdb144fbe2c9a3f4238374cfdd865044d2a64,075fc5f5a52d11077f9dc2b074644618f26939e2,C0,44b6,0163b86e2c1c91ad4753d28f8eaf547de137b3dad6041fe0f983ebbc93475400,1.5422118781134486
121,6,3,1,2,0,15694,0.9920634920634921,0.12188147830438202,0.9307692307692308,0.9194248777885922,44b6_deabac95,13989,0.9920634920634921,125,61447b62585e30c41300c43343f12b8767ec854e235c3806367c0dd10c6cfb6a,075fc5f5a52d11077f9dc2b074644618f26939e2,C0,44b6,150a32fc7b571a7a75a59291bd3556cd34863a209b83fb380d5deb81ec637dd3,0.8373264237307012
287,10,22,0,0,2,27352,0.9678456591639871,-0.633773397959457,0.8996865203761756,0.9567062586878884,44b6_e28840c6,74686,0.9678456591639871,301,f28bbb846ec90b3402877c05f3b2c5a2615f97197ec1fe056740be6d7ab4e25b,075fc5f5a52d11077f9dc2b074644618f26939e2,C0,44b6,ca4941f7292a031504dbf8d39464ccfdafed9be293f60b70f76cccb9db6e5a22,1.778971967753023
47,3,3,0,0,0,13522,0.9803921568627451,0.0426401418767831,0.8867924528301887,0.8830111572297947,44b6_e29f0176,12969,0.9803921568627451,50,b999b7cd2eb41a2e33d70fa2db61b0067ea878d46b10d7dc5b8303d69d28261b,075fc5f5a52d11077f9dc2b074644618f26939e2,C0,44b6,33ce041798e3afba35d1378b431fdddd59f93155183a0f0ea89c232ba24e8398,0.5192314558662474
107,8,6,0,0,0,66901,0.9913793103448276,-0.08173657626001976,0.8842975206611571,0.8915254658345638,44b6_e31261b4,72856,0.9913793103448276,115,e3767577498a9889643e31d071166fdd032274e7f3906fa2e187ce1b1e720b21,075fc5f5a52d11077f9dc2b074644618f26939e2,C0,44b6,ea4a690b61ef8e2774db8b36f1dc91fd533a5889731038d82a08b3c135e27e6b,2.373115195892751
237,21,29,0,1,0,19836,0.9407407407407408,-0.3074264166753954,0.8257839721254355,0.8511707528752853,44b6_e35b117d,28641,0.9407407407407408,254,cd9ac7a39b2e74bcbde47374f44b7084076d9cc3846ee558117f5cee17423bc4,075fc5f5a52d11077f9dc2b074644618f26939e2,C0,44b6,db200a69bc393d51f6cb9a57963b6e333d89e38c27223f1ee3638ac65b1751ca,0.7704773279838264
159,15,27,0,0,0,17505,0.9119170984455959,-0.13827901939549078,0.7910447761194029,0.8019832657133746,44b6_e57ff5c6,20314,0.9119170984455959,176,3865e7129e2dc866f6af3ceaf43468d5e052f540a9e320b7209b907b6abca8c4,075fc5f5a52d11077f9dc2b074644618f26939e2,C0,44b6,02886139106136aca896dfe4dbea7d2909b9011db6017ef8ab355346ca140000,0.7796633606776595
367,13,12,0,1,1,37271,0.9948717948717949,-0.22487729806172532,0.9362244897959183,0.9572780531603706,44b6_eb2880fc,48084,0.9948717948717949,388,2be6b7fd7a6d1a63ea4f92eed695ea754f9ad8539118853e448ce82cedc7413b,075fc5f5a52d11077f9dc2b074644618f26939e2,C0,44b6,b3984772ce9057adde6b8ee4df16872a4b2cfee09fceaeb1a58752d6407431db,1.9069280726835132
60,1,1,0,0,0,21689,1.0,0.16257504288164665,0.967741935483871,0.9520088668179052,44b6_f28707c6,18656,1.0,63,bff15589e024dd7b8b29704144d871c7607139c0e71ad76a9f3532cb08043087,075fc5f5a52d11077f9dc2b074644618f26939e2,C0,44b6,94671461ff546f460f6e5e25023cbcf113179b7592126a3c5e7340d4181439ca,0.755255535710603
830,15,15,0,0,0,6100,0.9941927990708479,-0.04118201823325998,0.9651162790697675,0.9690908226899541,6bba_05b6850b,6362,0.9941927990708479,856,0683f3a88ad1a7e00fabfe97e36ae69186b907873f64cfb579df6f2e294872b9,075fc5f5a52d11077f9dc2b074644618f26939e2,C0,6bba,570a1ab676ab4278e8487e3022bc2926d628769d2d9a9e255b03c58421984bdf,0.4375225258991122
1106,78,77,0,1,3,69764,0.9804719283970708,-0.0005157593123209169,0.8770816812053925,0.8771269175098673,6bba_05db0fb1,69800,0.9804719283970708,1205,761729212f669dae4246252c8313b35f813cb9e15b9a287ec030e0758835e9db,075fc5f5a52d11077f9dc2b074644618f26939e2,C0,6bba,88a508ee21498259a5c170880d61e383dc5b5b1165e1c86790331ba0372a8d32,4.882805475965142
897,1,1,1,0,0,5894,1.0,-0.022553897180762852,0.9977753058954394,1.0000256780613064,6bba_062c8d37,6030,1.0,930,91bd7043fb317de1b49dfca446d4d1383fd2c008f71493eecac0a78ad6ce5199,075fc5f5a52d11077f9dc2b074644618f26939e2,C0,6bba,94c9312e5e70e00df95db2899f80ac4e51b0b7f58a5ca0989253555c1756f098,0.4085418409667909
595,11,7,0,1,0,4601,1.0,-0.04859387923904053,0.9706362153344209,0.9753529132377209,6bba_07477033,4836,1.0,613,97ffcab1d6efc6eb5f1e4d27550e60ca23d615a225bf1b05220f1a2871c5d31a,075fc5f5a52d11077f9dc2b074644618f26939e2,C0,6bba,5a17f5ab03ecbcab3817b8609239c51fd913e92e1a5e5c0888a935022d99d022,0.29483247408643365
309,17,36,0,0,2,29079,0.924791086350975,0.3534558994647428,0.8535911602209945,0.823420477089888,6bba_07e24132,21485,0.924791086350975,332,0f3288a933de8abb4a23a353abc047bc368bb9e7e2ffa0c2eb3149f8f132604e,075fc5f5a52d11077f9dc2b074644618f26939e2,C0,6bba,08c7a0632453a7d9d89afa64e518a180ce1742b1d5fe187c2d948c4588aa32e1,1.843692042864859
1162,2,6,0,0,1,8272,0.9958263772954925,-0.022568829020441925,0.9931623931623932,0.9954038443864747,6bba_085bf656,8463,0.9958263772954925,1193,46286176cabc8dee653220b7099ba8b58c9fc138e274cb5f914fbf94802ab265,075fc5f5a52d11077f9dc2b074644618f26939e2,C0,6bba,dda72ce8c7d10bd856affe0aa5acb59757dde301bce162e9a7398fe72b6d84cd,0.5116170146502554
1796,93,75,1,0,3,29678,0.9933333333333333,-0.04624481794517466,0.9144602851323829,0.9186891900727869,6bba_09961292,31117,0.9933333333333333,1937,e93bc07a27cd4fe95ec6c5d253245d2ef7e39b72b6a99da7c0eb4079925d27e8,075fc5f5a52d11077f9dc2b074644618f26939e2,C0,6bba,30a8e86d429e49adad8302858fe597bc390d28ba2d1ad5a04cc123dba311caf0,2.3762869648635387
638,13,21,0,1,0,12495,0.984375,-0.08461538461538462,0.9494047619047619,0.9574381868131868,6bba_0c7fa718,13650,0.984375,693,cf5d6fb055eebeb2a826359dcb2dc5b2a615e26281eb869c476651b3cb932d3e,075fc5f5a52d11077f9dc2b074644618f26939e2,C0,6bba,1f69d14db7d94faab55a8e584dffbe94171c67a9b6eac1f650a3b12715cb9d00,0.5715008890256286
176,18,22,0,0,1,22250,0.9425837320574163,-0.009658610406373792,0.8148148148148148,0.8156018126997785,6bba_0e7c0d07,22467,0.9425837320574163,197,f42b402daca1017d94709c3e867013b544812ba699cc9bddee78b0d38447cdf8,075fc5f5a52d11077f9dc2b074644618f26939e2,C0,6bba,d6a59b482d19dfadc58f85e8128a5f535f8d2bf2a2d4d1751eda52d08864a543,1.0034079877659678
965,6,33,0,1,3,8104,0.9739382239382239,-0.02525859995188838,0.9611553784860558,0.9635831224057342,6bba_12665c0e,8314,0.9739382239382239,1009,2135377b4a4f50f2c47662c32e5544080bf6269c60475264ffa5ff068af7bcc5,075fc5f5a52d11077f9dc2b074644618f26939e2,C0,6bba,228c98506a8ee59e3241c0b54690d0b1e5bf4cb0c9d0aeeba1a303b342c6cd04,0.7198735009878874
698,8,6,0,1,0,5718,0.9972862957937585,-0.009527108955482418,0.9803370786516854,0.9812710564678269,6bba_13f19531,5773,0.9972862957937585,735,5db7172499a0cf9221633ac830686f02c31c984262e661655bad34a7dc068350,075fc5f5a52d11077f9dc2b074644618f26939e2,C0,6bba,72ddacbcb0ea4c61a0b40a517cfa5f5cfdbe9d2aacd9956c00e00ff26067c46c,0.3420731327496469
718,10,11,0,1,0,6313,0.9920844327176781,-0.08361155465234432,0.9715832205683356,0.9797067789229207,6bba_15403b9a,6889,0.9920844327176781,752,d81488fb2da7396812c8b21d909bf4a7d7a347e3fe4ffccc7873e60f16b87d31,075fc5f5a52d11077f9dc2b074644618f26939e2,C0,6bba,56991646e3c0e3a92bbd90ac748226b2513570cf4eb8d91465bf7a2da86d5145,0.3839451801031828
1261,79,104,0,0,1,17283,0.9659248956884562,-0.03495449215478251,0.8732686980609419,0.8763211644464807,6bba_1d0d8384,17909,0.9659248956884562,1389,4f77795c910d5cdfb44b65d0a983d5aba14b28f6236b6444f89f9980fa24b354,075fc5f5a52d11077f9dc2b074644618f26939e2,C0,6bba,f8ccf7aaac245daa829b859708b59f8be7b59280a2b21b53ff2b02debb170507,0.9953306950628757
689,19,30,0,1,0,11409,0.9758389261744966,-0.012891503720366845,0.9336043360433605,0.9348078924205059,6bba_1ebfb80d,11558,0.9758389261744966,727,c90b50e8d1925c8e9d8d29c7ff6c9bdd1e4d8cf03e6694cb9c337fce3292b44c,075fc5f5a52d11077f9dc2b074644618f26939e2,C0,6bba,a06efb570877ceffb03e57182f5826250c4186a69c4e34a12bb6d7a3fc7aa8d1,0.641712736338377
269,34,30,0,0,0,31909,0.9747634069400631,0.1040030446666436,0.8078078078078078,0.7994063606560579,6bba_1f58c2f6,28903,0.9747634069400631,309,deab94d9798f4c50de0ace7b12325e5b99214edededfa4439c0dcafdc1129c89,075fc5f5a52d11077f9dc2b074644618f26939e2,C0,6bba,14081f9f218d79f9e2fe67fa5341ba0a0f0eee4a1929211e34e191a242cf72a1,1.3122149636037648
356,68,94,0,3,1,17356,0.888421052631579,0.44645387115592966,0.6872586872586872,0.6565757571174689,6bba_207c6aaf,11999,0.888421052631579,422,d90c6c8b5136aeec4786e5314826066b8581e3d5aec332f6a2b4b160910e90bc,075fc5f5a52d11077f9dc2b074644618f26939e2,C0,6bba,02e6f63c3da766c0cf3bf055fa72edb2f6af10c12bd41f5e5e936e0c62b15488,1.0683635757304728
846,29,63,0,2,3,9912,0.9506302521008403,0.015781922525107604,0.9019189765458422,0.9004955750046651,6bba_20852818,9758,0.9506302521008403,905,b1868ab1effddb22d1ccafec732a8e0b93ddd69df9ad4fb04d1f392c8da2b069,075fc5f5a52d11077f9dc2b074644618f26939e2,C0,6bba,4a125e627edbc76739c8a378102e34248e978131d953ce549912cc7aee56324e,0.9549210071563721
1124,8,8,2,0,0,12337,0.9982698961937716,0.03238493723849373,0.9859649122807017,0.982771871100345,6bba_2312ac41,11950,0.9982698961937716,1154,f41073972fe2ede5f624de66021435138793b891384235e2411504458f67586d,075fc5f5a52d11077f9dc2b074644618f26939e2,C0,6bba,c87f2237f25ccced3ea4d50426b9bd52904a1f354eeb165577c1e5fab84b4df1,0.8446986428461969
499,0,0,0,0,0,4142,1.0,-0.06921348314606741,1.0,1.0069213483146067,6bba_23af9eeb,4450,1.0,513,ef78bcbc10f54aed733bb865898698637f491368396eac2d89413873987c8bdf,075fc5f5a52d11077f9dc2b074644618f26939e2,C0,6bba,a4d36b2b414debc81b165bcfa9da4689049fc963332aec40aa0bf950800fb173,0.29473466193303466
523,0,0,0,0,0,3480,1.0,-0.08009516256938938,1.0,1.008009516256939,6bba_2540cd90,3783,1.0,529,0edbe29f57072c910ac7937f40bc2663bf6a4ec90354c1b6e5d5d65fc4165369,075fc5f5a52d11077f9dc2b074644618f26939e2,C0,6bba,f8095594e0661d6a5a6199050c8cd1520f29360d8150c7601672128dc62920b4,0.2846111753024161
700,16,21,0,1,0,5237,0.983739837398374,-0.04695177434030937,0.9497964721845319,0.9542559351476548,6bba_2646afc7,5495,0.983739837398374,726,74159e9fcceb03b67a0162362399ccb7018b9a70605d38fb2f27805dc45348be,075fc5f5a52d11077f9dc2b074644618f26939e2,C0,6bba,609ad87f8a4242ad2a0b1ece37017189f325ce9fa4b845d8f0b9aa48339aeeac,0.3436918668448925
578,20,31,0,0,1,4650,0.9734789391575663,-0.08948502056001567,0.918918918918919,0.9271418667541637,6bba_268e1230,5107,0.9734789391575663,624,175b8a93e36c3382cc53ca5ebecac4af4559a4dc94088db367ce56d49daa873d,075fc5f5a52d11077f9dc2b074644618f26939e2,C0,6bba,5a70250b298722e0cde0a35b2375cd869334f7e012e209390c72db5113450089,0.39343771198764443
933,4,16,0,0,1,4957,0.986815415821501,-0.10426454644018793,0.9790136411332634,0.989221282458415,6bba_2819ca14,5534,0.986815415821501,973,46de8b86d85158131c822f27774365acb33e043471da1627e819f18055d8aaec,075fc5f5a52d11077f9dc2b074644618f26939e2,C0,6bba,c298ad04645631bac03a916876aa9948f232b0917d30c1ee3403c08fffd4c022,0.3970061461441219
1254,20,34,0,1,0,21705,0.9836065573770492,0.04045827141556014,0.9587155963302753,0.9548367987496091,6bba_283bf9f1,20861,0.9836065573770492,1320,77062dc6c9bd5bd8bea9c9e8c04829c475c911b8da7da6efe162757d932fff1e,075fc5f5a52d11077f9dc2b074644618f26939e2,C0,6bba,9275e39b0f35b5a7b3c8cf6cc50fd7c5b10ed1d75963af8faed93eb60eac8229,0.8546304358169436
488,20,12,0,1,0,9545,0.9980769230769231,-0.041955234367158485,0.9384615384615385,0.9423988758406103,6bba_312f0dc3,9963,0.9980769230769231,519,58f62263dc2447a7d6a2fbcbf6130444f67f00ef0ced9d00d17c00a85a49b16d,075fc5f5a52d11077f9dc2b074644618f26939e2,C0,6bba,90593bcd131a14a043c4d94122ee71f7b5609d33813a98b83188f98d1df08bc4,0.4239810802973807
685,94,126,0,2,1,44036,0.9234338747099768,0.13773414287559746,0.7569060773480663,0.7464808963679797,6bba_32db13fc,38705,0.9234338747099768,796,c62e0d9278bd3d87f9e33b1fb1692e6fe57b6c818215a5119d72e2b59b9f884d,075fc5f5a52d11077f9dc2b074644618f26939e2,C0,6bba,77c97b6660e33629989ff0df270febf274bf7114295a61f1db2617665d8ed6e7,2.2483290266245604
1193,27,20,1,1,1,29453,0.9968553459119497,-0.03369422572178478,0.9620967741935483,0.9653384847811363,6bba_337b1b3a,30480,0.9968553459119497,1268,11e18795e13538c0d640e5e7480c8d12d1998cbb3dabbdb4f96803501ca379ac,075fc5f5a52d11077f9dc2b074644618f26939e2,C0,6bba,41a80c758c9a3e7e261f2c9fd0721e9898d48d11847e3a5f1ce755a4e4c8992b,1.8433926501311362
1003,0,4,0,0,0,6575,0.9961389961389961,-0.06352371457057399,0.9960278053624627,1.0023549439636827,6bba_372c8cb8,7021,0.9961389961389961,1032,20c14aaba6d02edb3fc7af5872352b13fcaaf937460dc5bf0d4f0ad0e66c9bf7,075fc5f5a52d11077f9dc2b074644618f26939e2,C0,6bba,c5939b80dcc378e322c79f3d89a7a2fab4c6154f2ae6f69ba39a83b32dd9fbba,0.3803169559687376
1108,39,34,0,1,0,6581,0.9914748508098892,-0.06025988861916322,0.9381879762912786,0.9438414865867937,6bba_3a1849c2,7003,0.9914748508098892,1163,7a2ef6f1c5f20cb4a0948a4fef5baae9d44f56279fd14c40debbf2095ae95c37,075fc5f5a52d11077f9dc2b074644618f26939e2,C0,6bba,e77054eff9b81473f02f10a102ba13e2e5af5cb8794a5a3cce10d5e57b111080,0.4088521399535239
844,99,91,1,0,0,53153,0.9739217652958877,0.020896955728416402,0.816247582205029,0.8145418732461525,6bba_3abfe10a,52065,0.9739217652958877,971,fc304ece7cc25dd5f8a8a81a89129b786439f68d09671cd920972cc81eaa96ab,075fc5f5a52d11077f9dc2b074644618f26939e2,C0,6bba,327490cf8aed8b6e562bc881a25c74080f92f3b48a6903ecdc6bc76c8c40cb49,2.615451455116272
742,4,4,1,0,1,6214,0.9986928104575163,-0.007031000319590924,0.9893333333333333,0.9900289336316181,6bba_3c5691b6,6258,0.9986928104575163,764,cfb0d6343baf0922e6f63fe32a3d58da47785dce18c1902509c39f8b736bc1e1,075fc5f5a52d11077f9dc2b074644618f26939e2,C0,6bba,610357674557297d431cd4fad094ed25832fb99c45965d9d8d8af69f69f2b06d,0.6025284007191658
443,33,31,0,1,1,22964,0.9760956175298805,-0.01170597348941298,0.873767258382643,0.8747900880188975,6bba_3db54e20,23236,0.9760956175298805,490,f03a158b5508a07dc86b0d4b63f2ee204ae3bb34bca4cfff2090d29960358a24,075fc5f5a52d11077f9dc2b074644618f26939e2,C0,6bba,b1abcc4ac0f0331e8bc0fe46bbc1e0d469f9708d6b68076538a93e981a9ca47d,1.2066442747600377
1169,6,10,1,0,0,8326,0.9950289975144988,-0.1540337329811014,0.9864978902953586,1.0016932855573761,6bba_3fda6b25,9842,0.9950289975144988,1201,d3fc3fdbd87e8760a1748696e0e445d7686c67d5115c5054ea3fb26a88bf4b11,075fc5f5a52d11077f9dc2b074644618f26939e2,C0,6bba,c85e944ef912efb58d9604eaf75b4ca0056c13a0cc326fe04ed269e395c208e5,0.6280120750889182
863,5,17,0,1,0,5381,0.9868131868131869,-0.063848295059151,0.9751412429378531,0.9813673535181974,6bba_43fea39d,5748,0.9868131868131869,898,ee62726f2ccbfaa00a591998cc32db91fea0e785c8bf3e31c663f03e200aa6e0,075fc5f5a52d11077f9dc2b074644618f26939e2,C0,6bba,6f7ea1cf65325add2fb614a1e2caab33273074be3642ecacd2028704fffdcab1,0.4336826573126018
237,33,49,0,0,1,26810,0.8972602739726028,-0.05241579189198742,0.7429467084639498,0.7468409224697181,6bba_474be664,28293,0.8972602739726028,262,36529af1921c380cd06a53c1c4055ed28f317e0c13c859b98d483e9d4c5ccb77,075fc5f5a52d11077f9dc2b074644618f26939e2,C0,6bba,a7161bdfdf28927536ddb6872e12f5f5209575bdcebb2c2775b751303cec02c5,1.3781236088834703
888,22,30,0,0,5,25184,0.9893048128342246,0.050865846025453784,0.9446808510638298,0.939875651992489,6bba_48816121,23965,0.9893048128342246,925,151ab8d30be89ce6fc92a99e435e95f0e8409b1907b9bb840673236f72f77ad0,075fc5f5a52d11077f9dc2b074644618f26939e2,C0,6bba,045c3cae56430d123271691950d27f30468d4817fe380ab4d5cbabaceccf3aa2,2.4001849461346865
650,27,31,0,0,0,7105,0.9787835926449788,0.04685428024163843,0.9180790960451978,0.9137775025201886,6bba_4aa14c89,6787,0.9787835926449788,692,a70bf3f2bb2a0aadb25e97220570720f9427c37d08f5310ed6d24a84aa5a6be5,075fc5f5a52d11077f9dc2b074644618f26939e2,C0,6bba,f2b0625c9265dea51aa524f58fd928537e215c270fae04dc48f5addbebd61307,0.40349287912249565
1000,3,10,1,0,1,5382,0.9924314096499527,-0.09773679798826487,0.9871668311944719,0.996815083710589,6bba_4f99ce20,5965,0.9924314096499527,1049,3978e954a58fbb8b83e6c2d95dfacdc0b8a582d4ee90abb6d6b345d43faa11a9,075fc5f5a52d11077f9dc2b074644618f26939e2,C0,6bba,4a73573c9640c5a8f41aa448409d2f91e31d5dd007e4ff7e014b8e396212ad0b,0.4704274982213974
650,26,39,1,2,2,20132,0.9745042492917847,0.14146396779497647,0.9090909090909091,0.8962305483822748,6bba_4ffd3da3,17637,0.9745042492917847,688,31dcae8d037c0f6e09fd1bcd45b5478fd25aebfb1c6082a39c8f629f33eeccc3,075fc5f5a52d11077f9dc2b074644618f26939e2,C0,6bba,977f33514b5835bf3b0898a4a5701a4df6e0fad892e2c112d6ee365455c45283,1.509357140865177
684,2,4,0,0,1,4569,0.9985815602836879,-0.1308731215522161,0.991304347826087,1.0042778572669153,6bba_55b7eebe,5257,0.9985815602836879,704,8f54bc03be2ae806fbc2cfe533b83907dd94ee1137ab554b9307970e537ff245,075fc5f5a52d11077f9dc2b074644618f26939e2,C0,6bba,88072f40b6e9f63f7dce9bf42c61032a7a25b21d146251c9ce55727f43e1faea,0.3640574458986521
397,71,70,0,1,0,37687,0.9448979591836735,0.06415360722857547,0.7379182156133829,0.7331842040762557,6bba_55c70843,35415,0.9448979591836735,463,627e7d0fd5cdcdf6454700a12c547c93cc3efbc9c6d28bd0f1e72f5acdafb7de,075fc5f5a52d11077f9dc2b074644618f26939e2,C0,6bba,a3fe3a203859cf7e77910139129c865790852785676902baafac306b823857d1,1.30788699304685
1270,312,322,0,1,3,76149,0.9270644966847499,0.162384942986674,0.667016806722689,0.6561854581096073,6bba_57b7cc1e,65511,0.9270644966847499,1538,de9c89faf22dbaecc53f853b26e504a5ae6642a457d46c0fa6c3da3a2fa0a264,075fc5f5a52d11077f9dc2b074644618f26939e2,C0,6bba,ba41f44e393d996e258f7e12e48ff55eee2e67d6b8f1d45d3a994489d8b8ae7d,5.276400941889733
717,2,5,0,0,0,5550,0.9946452476572959,-0.071285140562249,0.9903314917127072,0.9973910836717035,6bba_5a4d9360,5976,0.9946452476572959,743,321191d5b242a3733511ce52d7d83b609e0aadf3d3d383516b2ad8c71b9fba4c,075fc5f5a52d11077f9dc2b074644618f26939e2,C0,6bba,661d77c331d7a955e251e0185323aa77d8f728c666542c9734b1007d96b32475,0.3476134720258415
715,3,9,0,0,0,5838,0.9877883310719131,0.0062047569803516025,0.9834938101788171,0.9828835761704332,6bba_5b28472a,5802,0.9877883310719131,728,730bde78803b063b00f05ef2a61ec40d2840c194f1d40259c08637fb0dffeab6,075fc5f5a52d11077f9dc2b074644618f26939e2,C0,6bba,f74e1155f939505101360f62e0ec26fdd7a2c37a0a52ad8d8892bfd2654f0f5a,0.3476413828320801
1136,12,9,3,1,0,7900,0.9982964224872232,-0.07817969661610269,0.9818496110630942,0.9895256815346494,6bba_5c039895,8570,0.9982964224872232,1172,fb8a3b554e30713c53438bd98f1099c927b858525f491e58485925961a8ff60f,075fc5f5a52d11077f9dc2b074644618f26939e2,C0,6bba,4827ca4019ff8d4e16b684b7da1389be167abaad1cc2ab29f8c7a726a8bd23b1,0.6990276239812374
1094,38,36,1,0,0,25375,0.9880341880341881,0.029537063334280033,0.9366438356164384,0.9338772647870118,6bba_5c824876,24647,0.9880341880341881,1156,b2b8cf3e3ef88c53bcf4019d364a6025d6917fb0cb2e331f0c81dadb87fee143,075fc5f5a52d11077f9dc2b074644618f26939e2,C0,6bba,cf8b3452c56ea88212e58179ef5603d3d956152fd764647a2d115c14a2498be5,1.2897154041565955
1439,13,48,0,0,0,29772,0.9779507133592736,0.10623118938802809,0.9593333333333334,0.9491422212313751,6bba_5dfe9ad1,26913,0.9779507133592736,1508,0778db564976b86cb58f9b5e2641f42b3deec82fc5016bf3fcaed4b3705cc782,075fc5f5a52d11077f9dc2b074644618f26939e2,C0,6bba,4ce035fcc16acd04864464283626c635ab7c4fe40b92e71bb3da671094c87580,1.4714385503903031
885,0,0,0,0,0,4426,1.0,-0.04012144870960746,1.0,1.0040121448709607,6bba_5f89039d,4611,1.0,904,9d1ab846414f6e1c81e0b9f820b8535573bfd6dfc5026cc787f1f760851c5e1f,075fc5f5a52d11077f9dc2b074644618f26939e2,C0,6bba,700fcb2881e258d8e1206e10ea0fd66d031d97d052bb220ffa016c2117aeaa27,0.2914901077747345
530,9,13,0,0,0,9584,0.9874551971326165,-0.053712480252764615,0.9601449275362319,0.9653021040822403,6bba_61dd1e0d,10128,0.9874551971326165,551,b421d36e6f7aed7dba18e69f1e332c0e77478f576555cbdf6e06f7964823f5b1,075fc5f5a52d11077f9dc2b074644618f26939e2,C0,6bba,7ba18ccacee2b379d01c367fd2daf839649e4942e75e31a369adb0f972d54584,0.4583752299658954
607,5,7,0,0,1,5525,0.9953125,-0.043124350536889504,0.9806138933764136,0.9848427271043444,6bba_61ecbe65,5774,0.9953125,637,b3a1228f410053d84df15fdad88c7e9337e34d34b3af82255e3cbc0cbe288a45,075fc5f5a52d11077f9dc2b074644618f26939e2,C0,6bba,24783edc5cfba15f1cb6bbd2d5105afb711e96e1c8b60593d8dac75dddeebe16,0.37613794626668096
784,6,14,0,0,1,4557,0.9879081015719468,-0.054760423148724334,0.9751243781094527,0.9804642004662438,6bba_6321a359,4821,0.9879081015719468,817,d99219f9a3c91780c6c3bb3d2508de0371144a3eb7787d6d24a894895de54617,075fc5f5a52d11077f9dc2b074644618f26939e2,C0,6bba,de847ab2e5c2ca71f2e4dd8fcf00c19166fef417c600e5b0df9eaa3211583d42,0.45374069875106215
472,66,108,0,0,0,24338,0.8978930307941653,0.037735044557199504,0.7306501547987616,0.727893043184056,6bba_6479435d,23453,0.8978930307941653,554,556e361edbe6c75db6bfaac51a12a5e97e9151a1a72de9804a318fdb732c0113,075fc5f5a52d11077f9dc2b074644618f26939e2,C0,6bba,d0dba177ae997e49a8abff412bb061870ec591af4c5bf8643bf4193d5f8a6dcf,1.1876429659314454
391,60,47,0,2,1,15831,0.9696969696969697,-0.01432040346180188,0.785140562248996,0.7862649152115592,6bba_67ebd073,16061,0.9696969696969697,448,fdc25daac99b401e310e8fe8861bcc6d11dda3a9757596575229237f0d9de4d7,075fc5f5a52d11077f9dc2b074644618f26939e2,C0,6bba,ea30d60cdf9f7dada73c4fc96351d1741477575729bfae8391df7c3e4fb4fd0e,0.9039872349239886
1040,6,12,0,0,1,6371,0.9925994449583718,-0.11452397498262683,0.9829867674858223,0.9942443226826023,6bba_6ca87370,7195,0.9925994449583718,1073,fef755dc8aba5f0d8dbb9150ed05dde68d83035bdaaa93c9c67f0d3aaae6c299,075fc5f5a52d11077f9dc2b074644618f26939e2,C0,6bba,a5274d9b9b28d3d161467d049a503de80d29f18b49be39468ffa71865edbc702,0.46100814966484904
430,12,10,0,0,0,25525,1.0,-0.10233866713557235,0.9513274336283186,0.9610631917850214,6bba_6db0e9b4,28435,1.0,449,54e98800c14411d50c3efbe5d72ed843b8489e39ee9b7a6c524e5749ba365807,075fc5f5a52d11077f9dc2b074644618f26939e2,C0,6bba,e24f37dfc5fe9f8523961da01d59806a2469c8a37dc4cae3792ba6ef3d941427,1.0674526067450643
1113,101,230,0,0,0,11830,0.8786549707602339,0.334913112164297,0.7707756232686981,0.7449613369917686,6bba_6feb10f0,8862,0.8786549707602339,1202,f9a80090f98da41d612f2daea5c21440cb0445bcc5afe2cd33d6b02c395a7cb1,075fc5f5a52d11077f9dc2b074644618f26939e2,C0,6bba,e7cc6db273d9155b676e5e608fd2954f883d77ef84911e03f72e28d3fabaeb12,0.7179812262766063
1323,9,20,0,1,0,6858,0.9892008639308856,-0.08778930566640064,0.9785502958579881,0.9871409209612906,6bba_6feeb0b1,7518,0.9892008639308856,1374,746d6a0db40a2a0cb9e24f0bf078157dbdd14d86a26e4de7bacac39e6c7de1a5,075fc5f5a52d11077f9dc2b074644618f26939e2,C0,6bba,ff6c50d7e278b125297a398d9f4e567d5fe48439f1a304405d26731bcdc19ddb,0.41845418605953455
539,24,23,0,3,1,5896,0.9815436241610739,0.05285714285714286,0.9197952218430034,0.9149334470989761,6bba_705ec2c9,5600,0.9815436241610739,585,fd3f8b1e3e9a52597f710b89c9c1b6b1a6b67a29ace948d558352fb042fb76dc,075fc5f5a52d11077f9dc2b074644618f26939e2,C0,6bba,37f2d6142d1831d5605c0456007031f48cf9cde52e88711f12b002a1c0868e4c,0.45271592075005174
649,0,3,0,0,0,4107,0.9954614220877458,-0.046214584300975386,0.995398773006135,0.999998967056953,6bba_718b21f9,4306,0.9954614220877458,658,a19bd516585521f4865635f800c8243eb59bbcebf07496be905d686dfc2ba9c1,075fc5f5a52d11077f9dc2b074644618f26939e2,C0,6bba,202fec4785c300ef705d098f7dce3b21ef28e248dbb62ef40dd1cea1df422bfb,0.3069758377969265
555,28,21,0,1,2,26522,1.0,-0.11008958829648022,0.9188741721854304,0.9289900201166468,6bba_74686d6a,29803,1.0,586,ce532350086fb5af0d43fa58f6d10ff5f1ea4202212f9d1d4ee0d772c41f0369,075fc5f5a52d11077f9dc2b074644618f26939e2,C0,6bba,c70c22b8bde0da19a51e255dea2c91a3e1b79809ce6794bff873b9f4c8679445,1.5998099371790886
577,62,81,0,1,0,47923,0.9442896935933147,0.004380265750094312,0.8013888888888889,0.8010378592586382,6bba_767a1e17,47714,0.9442896935933147,678,bf5c482ac842e47e9819195789c86aa37500c2356946f6201c1d3928279c5379,075fc5f5a52d11077f9dc2b074644618f26939e2,C0,6bba,0c1f64ae1486d41cb84ecf235f6a100ab70272395182cf7c6ee04d189e791762,1.7277938122861087
604,0,0,0,0,0,4648,1.0,-0.04263645726055613,1.0,1.0042636457260556,6bba_76db78c1,4855,1.0,617,b6893074e74963834d66cb311d4e557c9507d79428c47568d3f0e23a3778532d,075fc5f5a52d11077f9dc2b074644618f26939e2,C0,6bba,9395503f161cdc30527566ff124f1e2625c1d65d0cf7dc8e3ca72b473215e7ec,0.29680398805066943
1729,4,10,0,2,1,12722,0.9966442953020134,-0.028558338423946242,0.9919678714859438,0.9948007669039014,6bba_784a78c9,13096,0.9966442953020134,1782,bcce95a4b72cf29f4f6cba62884f1241c32c2977f1ce9cbad483c5064816c18c,075fc5f5a52d11077f9dc2b074644618f26939e2,C0,6bba,ac386192a59a0766d822de1da213cbe271e00ae1254416e4b7da630e78130fc6,0.7275199387222528
1180,248,215,0,3,3,58409,0.9583617747440273,-0.009664456840570372,0.7181984175289106,0.718892517289828,6bba_786893ac,58979,0.9583617747440273,1404,57f51e8ba3447db58047e8ca15d326daad6bea20fe3902a22ffb738599d38db6,075fc5f5a52d11077f9dc2b074644618f26939e2,C0,6bba,ada52ca6bbce36cb71ff868955951d014d81691ec64d5a9f5a38d38b831dae15,4.306646986864507
675,6,6,0,0,0,10679,0.9985974754558204,0.00028100412139378045,0.982532751091703,0.9825051415164568,6bba_789f8168,10676,0.9985974754558204,712,dce32e747409ca963b1f13ad3c6d466e451eedf1e724d735b3b023f64987715a,075fc5f5a52d11077f9dc2b074644618f26939e2,C0,6bba,3fc74ad86f28108b98fc670dfd003b8f94ffff8773a9be27d3d9a6f993681d01,0.5713041382841766
739,87,93,0,0,2,39035,0.9616252821670429,-0.038854553960554504,0.8041349292709467,0.8072593596710391,6bba_78a7bd97,40613,0.9616252821670429,852,344e3384ecdf5c79a155a9eb7a0f5b4f4d1468d52c49ddd38108fdbf1f9bdfc7,075fc5f5a52d11077f9dc2b074644618f26939e2,C0,6bba,8ec4b40c9a00eee0a01823b8c82a50439c09c7f5c568e110b7da5c6c5f68d31b,2.4242287119850516
1042,37,50,0,0,2,10107,0.97789566755084,0.050187032418952615,0.9229406554472985,0.9183086901877282,6bba_7af54fde,9624,0.97789566755084,1106,5a8220ebf9a89b3b9aa60a7996aa14a5b662afd01172ddbd76158e767a91bf0c,075fc5f5a52d11077f9dc2b074644618f26939e2,C0,6bba,f3553a3666c385efeb68539582a50b9a430dc655c8b97a68b4595ca8b2ed357c,0.710055438335985
545,7,10,0,0,0,5477,0.9911504424778761,-0.05242214532871972,0.9697508896797153,0.9748345318868598,6bba_7b5d3b2c,5780,0.9911504424778761,560,eeb70563ccc2e94d501c2b969f0f880904d0b27b73a06a0d1c00d20c6120b9da,075fc5f5a52d11077f9dc2b074644618f26939e2,C0,6bba,28cb4f29a94bfdaa6cb93fdd18a35352e0bed4bb10095ef36ae5044248a714d3,0.3715490158647299
1168,3,5,0,0,2,7460,0.9991666666666666,-0.019839705689134148,0.9931972789115646,0.99516775308205,6bba_7d3058ae,7611,0.9991666666666666,1199,7b4ae99c2cbe618af034e7b78ccd689bb3dbba8dcf73c7b29a2f7918fa3434c9,075fc5f5a52d11077f9dc2b074644618f26939e2,C0,6bba,545c895d658d6efdcdfe52acee549f2d8116f6872dee93a2a12d6383764158ed,0.5993475001305342
912,20,22,0,0,3,9372,0.991,-0.11426141196484264,0.9559748427672956,0.9668979463010415,6bba_7f87b3d8,10581,0.991,991,5aa119b465f036f44a6227b369a17d408cf0b0ed8202e48abca9600640a91874,075fc5f5a52d11077f9dc2b074644618f26939e2,C0,6bba,033ad56da5428f43ae44588ea60059a055f9520f81d0ee7c60bfecb2b2bb47f7,0.7446684832684696
628,16,26,1,0,0,8424,0.9735294117647059,-0.06617891586298637,0.9373134328358209,0.9435164715167098,6bba_80d12824,9021,0.9735294117647059,662,34aa77c1cda18fa6489f94f20ac219c9e51e898df98d8b801d44eff0dcc32ed5,075fc5f5a52d11077f9dc2b074644618f26939e2,C0,6bba,8f9295736377b8718cc321c417baff674e06215a965c50bd9612512617a445e1,0.5954407472163439
898,44,32,0,2,0,6885,0.9896694214876033,-0.09240706564724492,0.9219712525667351,0.9304909183728157,6bba_825bd1c6,7586,0.9896694214876033,958,b4052bb57c712d89342f49ef38fd6f11d98b8e43f59a2b4bfef8d3bf2534d070,075fc5f5a52d11077f9dc2b074644618f26939e2,C0,6bba,3560fda98f3dac065cb49d14a8fcebfe984e28f406ce3de924e0bbac04aa9e70,0.4259007638320327
688,11,11,0,2,1,14017,0.994475138121547,-0.06341039689963918,0.9690140845070423,0.9751586412770354,6bba_87289e13,14966,0.994475138121547,720,02d4d9ce12c633c91949c0962992f4ba6fff960b13538f6ff207911a80b12fea,075fc5f5a52d11077f9dc2b074644618f26939e2,C0,6bba,8d54c867cf7e51bc672b6524317e273489b5ef7927f09bd96309feb804869191,0.7097736210562289
724,0,1,1,0,1,5656,1.0,-0.029512697323266987,0.9986206896551724,1.0015678886706267,6bba_8b7818bf,5828,1.0,741,e2c94ec0e6c4523271e9f1930c1b2f85ce700c373be89467185bf3040dc7dde3,075fc5f5a52d11077f9dc2b074644618f26939e2,C0,6bba,a3e0870bf19cb0d012365ca8d05db74d2a24da4a0715cde758a7d22bda985e73,0.5175551776774228
914,5,7,0,0,1,6861,0.9947089947089947,-0.060908842047632084,0.9870410367170627,0.9930529893770557,6bba_907271db,7306,0.9947089947089947,940,da92f5e65709e63b80a210dc88c7364c3040afeb95bebf155308a8c34202ce8d,075fc5f5a52d11077f9dc2b074644618f26939e2,C0,6bba,e2854641e15629583768996f46cc6847ef269589aa566444d1f05167c38ee90e,0.46852574963122606
1140,8,8,0,0,0,11408,0.9974747474747475,-0.041908121273200635,0.986159169550173,0.9902919773573917,6bba_91951b3a,11907,0.9974747474747475,1185,69348ad290c323131506de11a077fdeae3103906e2bfc90a3ff666565904d713,075fc5f5a52d11077f9dc2b074644618f26939e2,C0,6bba,149583e4174be23548c52e31ee00f51d8ed02e80e228da1e995b3bb42374d8b6,0.5919120539911091
705,4,16,0,1,0,4764,0.9841688654353562,-0.021565003080714726,0.9724137931034482,0.9745108037478487,6bba_96833384,4869,0.9841688654353562,746,afc975af173bd5fb231673860d90d539441300c5e1a022d90d3c61a1818f4c4b,075fc5f5a52d11077f9dc2b074644618f26939e2,C0,6bba,d6993a7776df193814def81e8516caa7a76ebdafd780a3eb405289e9eec8c994,0.334781093057245
651,1,7,0,0,3,15619,0.9926362297496318,0.12463997695852534,0.9878603945371776,0.9755477048558422,6bba_969618f6,13888,0.9926362297496318,674,0de6138cc7dda86dfc0df1063c4681fa8636fc6af981ed57d7e73719672cd5b5,075fc5f5a52d11077f9dc2b074644618f26939e2,C0,6bba,dadb132d29e10848110d077926ce36c92257ab8b4e63272acb702a5f117db529,1.2295985301025212
765,2,2,0,1,0,4994,1.0,-0.10964521305045463,0.9947984395318595,1.0057059282163328,6bba_971fa5e0,5609,1.0,792,fe2ba7e3c6a74bdea576e4f970317140ce011bb3dc944344a0f15d3a6b9638bc,075fc5f5a52d11077f9dc2b074644618f26939e2,C0,6bba,c42293123c03aadb6d803c2093e52b9d4b3e7c36534d38577b5fec42cad14c1c,0.31459166994318366
1314,28,39,1,1,1,18420,0.9842969307637401,0.010366957380286326,0.9514844315713251,0.9504980317163145,6bba_9a41d029,18231,0.9842969307637401,1379,f77d18cf19c812ed6451d91959844e8edf3c1a73b899dcfe936faa5f4f5c2fce,075fc5f5a52d11077f9dc2b074644618f26939e2,C0,6bba,15755cb1848191cb91837f99ff8afc9004a18c0a85be80b0e36683e80a3fc00c,1.317400983069092
865,22,26,0,0,1,7483,0.9846827133479212,-0.029190451478982873,0.9474260679079957,0.9501916473745148,6bba_9e23430b,7708,0.9846827133479212,900,acec83b67ab5a2c18a1b3ad82c6f576d02504647f269aacf83cccbed1c679736,075fc5f5a52d11077f9dc2b074644618f26939e2,C0,6bba,f4d9b80e1c55f1fcb36e88a0e99fa101226637546dc21094510c234f3d6c3959,0.4897755831480026
692,7,6,0,1,0,7970,0.9973009446693657,-0.05568720379146919,0.9815602836879432,0.9870263184430776,6bba_a5e926bb,8440,0.9973009446693657,739,1cffabc00a536b8053b3da794ffefca75a040473e8249b04746d16ebd31450fb,075fc5f5a52d11077f9dc2b074644618f26939e2,C0,6bba,b4f4c029f30af81d88df40e5d27100c0399b0b538ecbadf53a5f8c8321509861,0.3940709517337382
874,192,238,0,0,0,31250,0.8936355710549259,-0.15302471812662619,0.6702453987730062,0.6805018100952969,6bba_a90a0b9c,36896,0.8936355710549259,1025,af42ecc9bfc9ffd8e7199ab39401efe5f0436af0116776749fef71ee9033ebdc,075fc5f5a52d11077f9dc2b074644618f26939e2,C0,6bba,3277a65aac3dce59b661b76ae17f8a6aa701dfe9301802388f1b1dccab405f10,1.4593951180577278
943,104,195,0,1,2,13533,0.8897370653095844,0.46445189914511414,0.7592592592592593,0.7239953187686118,6bba_ab78413d,9241,0.8897370653095844,1049,a70f053252282edde7bae7894616688a1bebd0f39c6e109489c31b9f8b7f0afe,075fc5f5a52d11077f9dc2b074644618f26939e2,C0,6bba,8b064d77ea98f4376c9f2337b8254dc0aaaacb698c168b571932e2cd6443626b,1.1308953701518476
311,22,19,0,1,0,19831,0.9859550561797753,0.006139015728056824,0.8835227272727273,0.882980331280845,6bba_acd782a8,19710,0.9859550561797753,351,a565df1f996709d019207e002f4b20ec577aafd731e2fdddc591a215c1037d34,075fc5f5a52d11077f9dc2b074644618f26939e2,C0,6bba,468a326f52838bca5d17898327410483d562d9610f70b258866f7dea78abc03d,0.8297557649202645
1464,10,7,0,2,0,7130,0.9979933110367893,-0.036876941780359315,0.9885212694125591,0.9921666335426366,6bba_ae82a791,7403,0.9979933110367893,1492,c066b274742fe8ba06f1098682bb68077ad4a1e24c4aac378d0ea218edf844be,075fc5f5a52d11077f9dc2b074644618f26939e2,C0,6bba,28eded4f56ce161d42d4f886fb80dd6dac037b327e9cde1661de6e21dec48e97,0.39162707701325417
762,4,6,0,0,1,4950,0.9962264150943396,-0.0166865315852205,0.9870466321243523,0.9886936706046553,6bba_aeee7805,5034,0.9962264150943396,792,ace8edd6487253f1f0d80df3294d78b72243f44815eae2193b7ddf8df4769111,075fc5f5a52d11077f9dc2b074644618f26939e2,C0,6bba,607090fb9469006abb02ea2d3324b7396689a2e0154a47337b89cb53e86c4498,0.39785141311585903
1272,26,45,0,0,0,7815,0.98,-0.12515392365386768,0.9471332836932241,0.958987028360962,6bba_af149c94,8933,0.98,1323,39ccee016c8d94f7a0b34fe192cfd64583d06c18cae5d6b57b8e243e6343ca39,075fc5f5a52d11077f9dc2b074644618f26939e2,C0,6bba,45acffba027656cba1365398ae0d091bd6caeac9c9b83fcf751866ebffcf8f01,0.4569585658609867
613,19,13,1,1,3,5573,1.0,-0.07945160224644864,0.9503875968992248,0.9579385786321042,6bba_afb141ff,6054,1.0,654,df37954f2ce00393bd92be429175d3c1f1df58c0248e8039c74c32c46fa1365f,075fc5f5a52d11077f9dc2b074644618f26939e2,C0,6bba,b1bf2ec774d268c5c69155b673d5b61d09ebe6a10f015f1651ef21977433736e,0.6457178480923176
546,39,33,0,0,0,22942,0.9836601307189542,-0.05580706230965512,0.883495145631068,0.888425672495319,6bba_b1ae37b9,24298,0.9836601307189542,602,9cc38e796b3f9d6637cc0ac87541b484e64bd95bbd9709723a2ec8efa45ef739,075fc5f5a52d11077f9dc2b074644618f26939e2,C0,6bba,5b66ec537aef81c709723e2cc11419ffc70f628c57dd7263f3120193a36682cb,0.9539035097695887
795,7,16,0,0,2,5391,0.9854721549636803,0.058719560094265516,0.9718826405867971,0.966175788474946,6bba_b204cac7,5092,0.9854721549636803,814,2cd73e203814013a404e569e0b1821dde01b992e83a9d3e5df403d4b25423297,075fc5f5a52d11077f9dc2b074644618f26939e2,C0,6bba,7ef731b18adc698052a2033445a04f8dbf4fa0114539caae7e3556a006ff36af,0.4816759889945388
1178,63,90,0,1,1,64929,0.9635258358662614,0.039446089810293766,0.8850488354620586,0.8815576638770454,6bba_b329af44,62465,0.9635258358662614,1268,29720e72b23d9a1f56bd1b22c78510a938ed0005699a0c181b3b70f434d54faf,075fc5f5a52d11077f9dc2b074644618f26939e2,C0,6bba,10eb5a7afd39f021cda5a1f27b312dea2a35ef9e8e1ccb8313a5ad2cf6df0f33,3.0571741019375622
929,7,6,0,0,0,6138,0.9969481180061037,0.1043540842029507,0.9861995753715499,0.9759081800186261,6bba_b693381b,5558,0.9969481180061037,980,e38ff64bd204249cfb9a1c2aeeee64de1716d6248550a7685fc845adc467a438,075fc5f5a52d11077f9dc2b074644618f26939e2,C0,6bba,3a14d2f79aefb1898b6a42d88072e03aca8c777eefa43856b61b11f16fc9af91,0.4271506881341338
1797,83,82,0,1,3,22931,0.9880519480519481,-0.006068224177538902,0.9159021406727829,0.9164579306242118,6bba_bb9f20c3,23071,0.9880519480519481,1902,b50bf984aa6b02da5c4d4c6b7ad689aec4cbd69363c25e3a9446c929a2373ace,075fc5f5a52d11077f9dc2b074644618f26939e2,C0,6bba,ce197916694d318271ebf6488445ee968ec343875e6b3303d8778e42dcd2fd00,1.7476176540367305
854,3,7,0,1,0,6537,0.9955156950672646,-0.036551215917465,0.9884259259259259,0.9920387428696197,6bba_bbb708ca,6785,0.9955156950672646,888,4cd52e03c7583872ed77a426fec154ec9d8e58bc5e1a9da2db90eecde2ff5f12,075fc5f5a52d11077f9dc2b074644618f26939e2,C0,6bba,985bda012de967a3c603c018f55993dba06d9175b0f917089e7197c76703899a,0.36836616275832057
478,12,15,0,0,0,6388,0.9864603481624759,-0.008844065166795966,0.9465346534653465,0.9473717748811342,6bba_c27cba08,6445,0.9864603481624759,510,55cf5b3d763c0fa826f9a02f3ca4feb5cab4ec28cabbb9cb511f609385e6b67d,075fc5f5a52d11077f9dc2b074644618f26939e2,C0,6bba,17717944d987df85dba214d6b65b3f0c4e59da6f0bd16b87eac702bdfc95fe7d,0.38941122917458415
441,27,59,0,0,2,31074,0.9217221135029354,-0.004931471756116306,0.8368121442125237,0.8372248157579596,6bba_c328f2fd,31228,0.9217221135029354,471,945270e90b154eccbc4d6842d760f9cc57ea93cf6a6350c65783e6393795a290,075fc5f5a52d11077f9dc2b074644618f26939e2,C0,6bba,dcb18f571f63be2f9f69e2e0abfb1cbf576ca5bc73917b2d64c5a89276ee7c33,1.866646092850715
545,93,165,0,2,0,24050,0.8738127544097694,0.47410358565737054,0.6787048567870486,0.6465272161664675,6bba_c73a1d11,16315,0.8738127544097694,644,8320344e65a572d0d0610ef2870f9cdf1bc34cc97a46861ba7e7a2860882c026,075fc5f5a52d11077f9dc2b074644618f26939e2,C0,6bba,dde2c47d285222085e468e2b292c089ebfed67780fde42204d1f4c595b1cd4f7,1.0525864595547318
1335,12,13,1,2,3,28332,0.9992952783650458,-0.048782944435118346,0.9816176470588235,0.9864062669721236,6bba_cdcfe533,29785,0.9992952783650458,1418,6cb39a54999a86f33d6b53ffd59834a149d34689da3f1c97c9720d210d8bd072,075fc5f5a52d11077f9dc2b074644618f26939e2,C0,6bba,8f74b18d254a7b0fe69deec626ff78b06068e4c95e893a3f360dee2db93cd538,2.324850853998214
815,3,2,0,0,0,35110,1.0,0.006305531670965893,0.9939024390243902,0.9932757306936784,6bba_cf35214c,34890,1.0,842,a053a47bf10534e3b4aa6254ae930b2974dc684e9dd3aed4d05d386602d69c4b,075fc5f5a52d11077f9dc2b074644618f26939e2,C0,6bba,298cbb2186d7842768ca70a2c950c7f37af3143dea03660870d74982f6c26514,1.4664508481509984
1455,43,46,0,1,0,47071,0.9929980903882877,0.015292696604978215,0.9423575129533679,0.9409163941994662,6bba_cff5865f,46362,0.9929980903882877,1560,cc3134e801c5dfddf4ca784be7687d589db6afa8f0046defb690bdfe3e847800,075fc5f5a52d11077f9dc2b074644618f26939e2,C0,6bba,7d2da5e35eab3bb3b4eccdcfa39ceb0387e28df6be00992e962eb206afb024e0,1.9150521541014314
813,0,0,0,0,0,5722,1.0,-0.06365570283096056,1.0,1.006365570283096,6bba_d0fc38b5,6111,1.0,835,58c7cfabbcb13dbfe49d0c4ad622d06c0a930c25eab763a3a5807d90be806254,075fc5f5a52d11077f9dc2b074644618f26939e2,C0,6bba,9417537c24450e1c34add04fc58740b95c70e91bde81cc67eec4fe231559d1a3,0.34935595002025366
609,27,34,0,3,1,16237,0.9750367107195301,0.10313200625042462,0.908955223880597,0.899580986297536,6bba_d1acb6ff,14719,0.9750367107195301,664,48335aa9911c09b927224b197ea94a2ce6f058ddedd27d00943f6ed44591a212,075fc5f5a52d11077f9dc2b074644618f26939e2,C0,6bba,b7c0e2f4c936584411f5c799fc5ed43ec007197e9c69fb5107347d88e30d0bd5,0.8852109936997294
917,7,4,0,2,2,18818,1.0,-0.06740013876499157,0.9881465517241379,0.9948066731947734,6bba_d2b9fc0c,20178,1.0,944,ad26f6febe57f02bfed9064673a2cfd4bb079fe73faf013b5d3ad0dfe7c2fbcd,075fc5f5a52d11077f9dc2b074644618f26939e2,C0,6bba,c1a4622dad474fd57575969e1324ab5f44577fb6c3a07b5e723492b0642addcf,1.2188434097915888
846,13,11,0,1,1,15964,0.9988726042841037,-0.07433607793111446,0.9724137931034482,0.9796423358539911,6bba_d3da753b,17246,0.9988726042841037,886,66911a927717b0442913128793f97872bfa627c00cb78233bc5b46744836d654,075fc5f5a52d11077f9dc2b074644618f26939e2,C0,6bba,a872fa7d1654e88164d5fa058d08a7071c2dd69ee925f30a2c310ea271ccafce,0.9335384531877935
519,0,0,0,0,0,4129,1.0,-0.08630227926532419,1.0,1.0086302279265325,6bba_d5eae175,4519,1.0,528,e96a3b2ecbbab1289e2d6f3677122e6c13e761c5d072f97496941818e83021c3,075fc5f5a52d11077f9dc2b074644618f26939e2,C0,6bba,5a706371d97be15d93373dc82bcdb4ad33457988051784aedf679961ed449878,0.28546325117349625
849,6,13,0,0,0,6064,0.9932279909706546,0.13155439447658146,0.978110599078341,0.9652431243190532,6bba_d6ecebbb,5359,0.9932279909706546,880,0f238fbe14369327b4b5b7d6c09d4bd4844746167a904532a7122c24eeb2f4e0,075fc5f5a52d11077f9dc2b074644618f26939e2,C0,6bba,99bd49638b6d1ac5f8a37140536f0a90d098a6dfc8579e1cdb564b514fa4d315,0.3560167271643877
509,18,21,0,0,0,28866,0.9889908256880734,0.041492278828113724,0.9288321167883211,0.9249781806708923,6bba_d82a4fc6,27716,0.9889908256880734,539,6ed3c7b96dc19cb024206e17aff7450f8a0bb740f4e9227e086dfc6329dad312,075fc5f5a52d11077f9dc2b074644618f26939e2,C0,6bba,64aa252ea4de813f2804c967bb49e7655eead9198d6539d7a7e142345404f51e,1.190939003136009
719,5,10,1,0,3,11795,0.9921671018276762,-0.0010163462352841535,0.9795640326975477,0.979663590319233,6bba_debd7bfa,11807,0.9921671018276762,760,804d1b096a3bed0934f2a7ef5f6b49f51339090287182f320756cafb27bdbcab,075fc5f5a52d11077f9dc2b074644618f26939e2,C0,6bba,4955e427e283e8ca374bd618e27a0d2a9fe2c179912b764f43dc4ac5d73038c5,1.028821534011513
647,3,7,2,0,2,21988,0.9955089820359282,0.14288684443058372,0.984779299847793,0.9707080991862119,6bba_df673a83,19239,0.9955089820359282,665,283fb0e6ae7a0c53097d6e20d033dc94c80a6edbce0000894dac8577310b6000,075fc5f5a52d11077f9dc2b074644618f26939e2,C0,6bba,c66cba265ccaf4ded8e95d98722482cd1c077b1326ca42e234222acdda126f83,1.9452108950354159
934,10,8,0,0,1,5937,0.9989626556016598,-0.06753573111355426,0.9810924369747899,0.987718316476897,6bba_e16ffc58,6367,0.9989626556016598,963,509eaa405c2004a0c47874c0dccd2ad308106e97c96243852655aae7b8e470dd,075fc5f5a52d11077f9dc2b074644618f26939e2,C0,6bba,319ef2c1e706288ba6369f12a8fd4f6c306e1f1d3dfa6267b3defa078c4f7732,0.43636475317180157
624,5,10,0,0,0,5169,0.9894894894894894,-0.07943009795191451,0.9765258215962441,0.9842823757624404,6bba_e5e44988,5615,0.9894894894894894,659,0433be158c5c4532682533e8ed8ea9fd38924f2b6422eb59aeffed705ebc94cf,075fc5f5a52d11077f9dc2b074644618f26939e2,C0,6bba,36400e9adc97fc7d05fbdd425b9e5735c5b0e1b768abde0f7c9f4d0a38890572,0.32769493805244565
761,33,42,0,1,2,59543,0.9822904368358913,0.04742554576318891,0.9102870813397129,0.9059699951763412,6bba_ebdf3b34,56847,0.9822904368358913,832,b96da0020738ef6244a6eaf2ec181a965c769e6e357f9080c320da6f03219be4,075fc5f5a52d11077f9dc2b074644618f26939e2,C0,6bba,e906ca1675c6f9875c46dee095b21fbf9ba5455e74aa521fcd73fa0a9a0ecb69,3.4229414891451597
1034,250,230,0,0,0,51671,0.9446130500758725,0.24221078949899028,0.6829590488771466,0.6664170438347453,6bba_ebff6e76,41596,0.9446130500758725,1245,86a900d14c33d211afc9d2bc437b8e24bd1c55aaf5082375e570fa8a627ea190,075fc5f5a52d11077f9dc2b074644618f26939e2,C0,6bba,b60c8a2d1c9d0c0bf256548949112ed4776016edeec751426358950424eb622d,2.0027831392362714
497,2,11,0,0,0,4352,0.9830508474576272,-0.02048165653837497,0.9745098039215686,0.9765057614312888,6bba_ed9377fd,4443,0.9830508474576272,522,4c957895b9a610df8993d9ed5f2e3875895fefe130855f4c193c13088405dff0,075fc5f5a52d11077f9dc2b074644618f26939e2,C0,6bba,512991b898206474ff0eaccb88a184161fd05d792ac7833cdab6a5aa676f5b2f,0.3129284679889679
734,42,26,0,0,0,50946,0.9987515605493134,-0.1400357854225043,0.9152119700748129,0.9280282127805635,6bba_edf14583,59242,0.9987515605493134,800,4daf835d46a9b706437829b051e376c0d587af43f5ec96b73cbe4d09909f3c65,075fc5f5a52d11077f9dc2b074644618f26939e2,C0,6bba,9ff0710835cccc159abdb5fe223168dc320c482bd15f024a0af0f79d9af0c1de,1.8501360309310257
928,71,61,0,1,0,8497,0.9775828460038987,-0.09093826896330373,0.8754716981132076,0.8834330861884855,6bba_eebc57a5,9347,0.9775828460038987,1003,f4b7114fc987bc357e2fdb0d0d90c9fbe5b99976e6e6c109681eceb7c3bd60ad,075fc5f5a52d11077f9dc2b074644618f26939e2,C0,6bba,f77e8ac8b76f09c71bec39664a43ebf03c98b9e5af619aa470f9c12cf7ab5384,0.4680386409163475
1178,7,23,0,0,2,5839,0.9878444084278768,-0.0438840674635664,0.9751655629139073,0.9794449860490134,6bba_ef7b4f7e,6107,0.9878444084278768,1219,1c23a1504fa70cb3641e2951a3adf0c077ff7637fa19fad0c56dd4265220ec5b,075fc5f5a52d11077f9dc2b074644618f26939e2,C0,6bba,44f262aa82a234a3019a41e9e1649467b365254ed2c4f2ffe8cccc7337b611e0,0.5140154571272433
921,78,94,0,1,0,25861,0.9666048237476809,0.03597324039578576,0.8426349496797805,0.8396037187187083,6bba_f17befbc,24963,0.9666048237476809,1042,16bd2dfd00f338f1fee50fbed3ddf5fc0c9ad62178209c66f3f7673802a2f922,075fc5f5a52d11077f9dc2b074644618f26939e2,C0,6bba,a8445d901d3353debe96e08863d5f6e5ef0523378ffda7bf667de159cdb7aec3,1.0226634819991887
434,3,12,0,0,0,7985,0.9789915966386554,-0.11670353982300885,0.9665924276169265,0.9778729034038276,6bba_f1fde7e0,9040,0.9789915966386554,466,af70ebe7de3434587766db9d136584f1ff372b32b9deeaaefe353b3796670888,075fc5f5a52d11077f9dc2b074644618f26939e2,C0,6bba,fcc3a66ec4776578ece640bbf6ebbf2e48121acb4fda9df798d55a9e6bbef9e6,0.3982865959405899
944,10,19,0,0,1,5244,0.9910269192422732,-0.1220492214967353,0.9701952723535457,0.9820364301226021,6bba_f20478e9,5973,0.9910269192422732,994,6fb05226ad715825a81ae1a63cea038746ff14cb3a9b4290c07971c8c8946468,075fc5f5a52d11077f9dc2b074644618f26939e2,C0,6bba,b31abcd8a461f82a30b519b1a1a460335b2058b8da9f5dc7d097e9f7b5d462ce,0.4171676649712026
959,3,6,0,0,0,9341,0.996003996003996,0.04919689992137482,0.9907024793388429,0.9858285302660539,6bba_f4ae811c,8903,0.996003996003996,997,99624168de04d9d10df06b0e171b6f95198ea6d39e2f62db5d8d582e97a1c444,075fc5f5a52d11077f9dc2b074644618f26939e2,C0,6bba,a63b4a03ffe58112e35082d66d15af57d738a5ef242bebdd9a13a4e93dc76930,0.5915916496887803
356,16,14,0,0,2,31453,0.9948586118251928,0.06475964793500338,0.9222797927461139,0.9163071412785333,6bba_f8ffd5e7,29540,0.9948586118251928,387,5e51bac111a3c7c442a8a22a4fa37ab9fb29f4203b5ac930c9c441ad88450ec1,075fc5f5a52d11077f9dc2b074644618f26939e2,C0,6bba,1f3042ab773340f4806f6542431df16fa82ce98b378a92c2c81d04086a5afc76,1.8636081791482866
635,6,4,0,0,0,4977,1.0,0.01799959091838822,0.9844961240310077,0.982724071281678,6bba_fbc898dc,4889,1.0,655,7dfc7935ad088462b814861c62cbec5a7fab94121430b06718931a0882c99678,075fc5f5a52d11077f9dc2b074644618f26939e2,C0,6bba,fab57b56f4d7ccf7d489e4687e415e3bcca2d588adf6a750829a7d4d3663cb0c,0.33037946885451674
749,11,13,0,0,0,6975,0.9911167512690355,-0.11327231121281464,0.9689521345407504,0.9799276793141525,6bba_fc516dc6,7866,0.9911167512690355,781,eacfb26445f224074802d67ae7ea2d769c3b4ec8f9cce51dc0bbee1073cdd488,075fc5f5a52d11077f9dc2b074644618f26939e2,C0,6bba,f1e37634ef53884b6ec805fe5a65c2db2147ecc71720d300c0a02e96f52232c9,0.3868131027556956
428,10,30,0,0,2,17688,0.9532908704883227,0.2616262482168331,0.9145299145299145,0.8906034114878623,6bba_fc5f39dc,14020,0.9532908704883227,449,366936d703dead67afa06e598034bf7a135f2937f0ff50e64b72215b60c52694,075fc5f5a52d11077f9dc2b074644618f26939e2,C0,6bba,afd716b00787bfdc7fb5eaad23c47f34860556301ed147c453d5c8dc78a13de0,1.2081276993267238
836,62,87,0,1,0,12254,0.9508881922675027,-0.06365095132574311,0.848730964467005,0.8541332177977989,6bba_fc83837d,13087,0.9508881922675027,910,c58ec6d8cf4e733364bc67d3df69f3bdb75e01cce444b9a27b98749cac8a879d,075fc5f5a52d11077f9dc2b074644618f26939e2,C0,6bba,d3eb8f3e4cbc1afae069446c2866aadd7ce4b0402026be88412d0ceafff69b38,0.5920149409212172
672,5,8,0,0,2,9874,0.9916201117318436,-0.08877814691768181,0.981021897810219,0.9897312284275447,6bba_fe670320,10836,0.9916201117318436,710,c73c2bea0fd6ea2a854e7984d35da5ab19d81ac77ef7d9a8ef69cd6b79e11b3e,075fc5f5a52d11077f9dc2b074644618f26939e2,C0,6bba,fae54c692b9ecdd674436038abd3289f12fd756d1c9f83a66c13ef44541cb975,0.706661434378475
48,0,2,0,0,0,25650,0.9423076923076923,-0.004076878276062901,0.96,0.960391380314502,44b6_0113de3b,25755,0.9423076923076923,49,bb85374f60364ad9428bc80dec03c69d28dbfa81f20f46f589c794699c568e49,075fc5f5a52d11077f9dc2b074644618f26939e2,J_native_frozen,44b6,de9ed9ada67e717ca85d19af2ac9f59d9b6e3e3a7773619912991f3f6d15dfaf,1.1029689259994484
49,1,0,0,1,0,20498,1.0,-0.37496569599024243,0.98,1.0167466382070436,44b6_0b24845f,32795,1.0,51,cb3fab522f5d9cf6ed93e207fa26f569cc31706cf42613bca30ce72d7f0b8af6,075fc5f5a52d11077f9dc2b074644618f26939e2,J_native_frozen,44b6,e8e52e2c2dbfff1dcdf2c910d92f77a03c6447adcd65024c8089cc4a46503213,0.7172799830004806
66,5,4,0,0,0,27580,1.0,-0.013520280420630946,0.88,0.8811897846770156,44b6_0c582fdc,27958,1.0,71,e3c60a1c79c54ff0e2193f0c39c83bcb82db16d3de5545a4909de739ca7a34b4,075fc5f5a52d11077f9dc2b074644618f26939e2,J_native_frozen,44b6,1f5d42dbef9295dfc88b718954d254676a0928ae9e5f10e078b3a7d4b4ba8741,1.2170316960000491
148,0,3,0,0,0,17809,0.9808917197452229,0.16133029018584935,0.9801324503311258,0.964319945067877,44b6_0db75fae,15335,0.9808917197452229,154,0295bd70bb44131bd883e3f4fa2c227235e0c26bc3150a4f3b64ac0e4970f347,075fc5f5a52d11077f9dc2b074644618f26939e2,J_native_frozen,44b6,59ae72eb52cee12d6e88759b98aa38bd53677145816c8db68308c6abb8b38232,0.8727391749998787
319,190,454,0,20,1,44829,0.9873096446700508,-0.23593877829288246,0.3312564901349948,0.33907211529339876,44b6_12dfb391,58672,0.9873096446700508,778,d46246e40bad499e8ee03ec683dd7ac5348eb9db19ac9944e20e262bf84cc096,075fc5f5a52d11077f9dc2b074644618f26939e2,J_native_frozen,44b6,158385ca7466da3481b2a299e179daf6c645674c927de3fc40710c854c2db598,1.8154015809996054
117,4,2,0,0,0,29891,1.0,-0.5427832843857073,0.9512195121951219,1.0028501172952258,44b6_144b256d,65376,1.0,121,840b29d17b7329fecdb93db3dd8c33af33d9547f5125986589869a751386afff,075fc5f5a52d11077f9dc2b074644618f26939e2,J_native_frozen,44b6,61a562b357e2ded5cef55ce588e9faecec694cf4acaf294180fab0aa5fc41b60,1.2051257949988212
144,8,9,0,2,0,19610,0.9612903225806452,0.10935113424223568,0.8944099378881988,0.8846294637696386,44b6_1574802b,17677,0.9612903225806452,149,c1f229189448634816e73f787cad09024448da92021431a949db73840570dcb8,075fc5f5a52d11077f9dc2b074644618f26939e2,J_native_frozen,44b6,cee8da6b13acaeda538f872c5ded6c2d5892c4980c079d67d9bb1d8483fe3312,0.9534189530004369
90,12,9,0,0,0,73496,1.0,-0.06545953918925793,0.8108108108108109,0.8161183410153453,44b6_18ced818,78644,1.0,100,f398946f2ed0749a1ac80b5a41137f8e85c72c77c1bb23155aedf1dc5b99719a,075fc5f5a52d11077f9dc2b074644618f26939e2,J_native_frozen,44b6,126bcd299f3065b8232c68975597b2b9a548376255a49d7c33271f251c489810,2.6774116619999404
188,35,83,0,2,0,36229,0.9782608695652174,0.011277041172365667,0.6143790849673203,0.6136862471436586,44b6_1d530831,35825,0.9782608695652174,270,b3538a20a29a45d83f223a3f9b8f3318dfad9df0b7b2974d37c1cbe04fcfece0,075fc5f5a52d11077f9dc2b074644618f26939e2,J_native_frozen,44b6,c1e9f66d608c0f5742fb11bf2ade8cdd4a65cfaea97971e59bfefcd40a9b134c,1.4199316249996627
213,12,8,0,1,0,27034,0.991304347826087,0.02584146017531211,0.9141630901287554,0.9118007592200251,44b6_24264f12,26353,0.991304347826087,228,6ef8b73f078b6ad65ad82d4a45550653bb7a43d3502b6929bd84207599f1ee25,075fc5f5a52d11077f9dc2b074644618f26939e2,J_native_frozen,44b6,cfc2c4a6c7b6dbcee1ba7a0bedef2eceb1d1c4f4a67d8d627200ded6104355b8,0.9958386660000542
254,23,23,1,0,0,22305,0.9964285714285714,0.16596968112911656,0.8466666666666667,0.8326145669977348,44b6_267148e4,19130,0.9964285714285714,279,0b734e30f3595f75731fe60d20a318b394f41efc0c3f6c1faa2ea134f866dc18,075fc5f5a52d11077f9dc2b074644618f26939e2,J_native_frozen,44b6,39f7a8c69214feaab8aaa8e3b1aef20f253a1d779901a2347d70dcbb0e6bd667,1.1758951000010711
159,30,51,0,0,1,39990,1.0,-0.2905423386023737,0.6625,0.6817484299324071,44b6_2a2eff9f,56367,1.0,214,ccc135e26eaee27b8e5f0d2b586c67e38c8db8ebc06f62cfa508095f767b3e87,075fc5f5a52d11077f9dc2b074644618f26939e2,J_native_frozen,44b6,9643390912842976c6a5c01fb3057784994c21b88ceaee9ca1267336fdea71ae,1.7981035989996599
64,36,21,0,0,0,19728,1.0,-0.19041365725541695,0.5289256198347108,0.5389970860035923,44b6_2f31fc2f,24368,1.0,89,e55b048a6fe8d7d56f14f46542257a40899775ff409e4fdd65196b857b0dd9fc,075fc5f5a52d11077f9dc2b074644618f26939e2,J_native_frozen,44b6,bd30bdca3cae1d7f9c6cb83578fd78fcd2a146a7f0bd234a691a74111f2fa32f,0.728167063998626
47,2,2,0,0,0,23912,1.0,0.024946420917273896,0.9215686274509803,0.9192696435625257,44b6_33b596bf,23330,1.0,50,fef2c1f1e15ccf2066e0456136bcfc1b98a7bfcb963a6e41938505500a492767,075fc5f5a52d11077f9dc2b074644618f26939e2,J_native_frozen,44b6,4113d4d244eb3f04877ebc213cecc7df94de2df9b9bc1f5cb604906a06e3dd79,0.9429407160005212
208,0,1,0,0,1,8389,1.0,0.12816030123722433,0.9952153110047847,0.9824606015993576,44b6_341df25f,7436,1.0,216,d3ba5c7983888ab7f50e064195f717a632549eb1024c9165af0dd753b6904521,075fc5f5a52d11077f9dc2b074644618f26939e2,J_native_frozen,44b6,0cf5f0566cf146b1ec41a6c9d6e303235924f4e1035c33af0fa275b061805abc,0.5250075900003139
854,45,65,0,0,0,36679,0.9882352941176471,-0.09537315641493613,0.8858921161825726,0.8943411489189164,44b6_3a861e03,40546,0.9882352941176471,924,08aabfc12e3ee9d57ef7509cb24d9c83a3dd47773d0eebad969a94be416ccfd0,075fc5f5a52d11077f9dc2b074644618f26939e2,J_native_frozen,44b6,e7de3156439f9db2527853dc67ee66e2f4b8a829b0dbda0f63c8930dbfd44d7f,1.4552322270010336
371,36,25,0,0,0,16203,0.9925,-0.4926574192942355,0.8587962962962963,0.9011055329995744,44b6_3bb3690f,31937,0.9925,397,6397573cb73156c92b8afc25ddd99cfb7ee2da8f33abedc53718287d1f7c01ee,075fc5f5a52d11077f9dc2b074644618f26939e2,J_native_frozen,44b6,fc1421e949308326471b34084eea8698cb5f4bcc5a8f74c01a491cd39662effe,0.7696203840005182
188,10,10,0,0,0,29929,1.0,-0.08420794957314648,0.9038461538461539,0.9114572569806498,44b6_40c45f5a,32681,1.0,200,b2e8970c3734bd2200e680c0b80dd0f59bd2b8b7e847b7bf0f8daaee11f5deba,075fc5f5a52d11077f9dc2b074644618f26939e2,J_native_frozen,44b6,9ba1bbf38c215ad27490e4b3eae4e599ed733708ad08a00c62a1dec4ac0e63a3,1.2677429750001465
314,12,8,0,0,0,34241,1.0,-0.4023423863715702,0.9401197604790419,0.9779447632696626,44b6_415c0a3a,57292,1.0,331,57f948d9b213a78ce63dabf7ca3129ba0560a34926fd0c06243e13ed08e9edb1,075fc5f5a52d11077f9dc2b074644618f26939e2,J_native_frozen,44b6,4ddf9ce29d848644c83f667276933911d60d2a399ab1d06a4b7ec5c7432bdc6c,1.3207197749998159
67,2,1,0,0,0,31473,1.0,-0.1870592793490895,0.9571428571428572,0.9750471024519842,44b6_53f95252,38715,1.0,70,59d8b6cb75bbceb52402f196e395d8f3543d584e87ef424b475c72001314147d,075fc5f5a52d11077f9dc2b074644618f26939e2,J_native_frozen,44b6,a75e9ef963879f66e5c9316b7e02f78a75535cdebe589f8469f411acb0f63fc2,1.2076262539994786
180,37,44,0,1,0,31654,0.9780701754385965,-0.4507088691064952,0.6896551724137931,0.7207385426969998,44b6_551a5dba,57627,0.9780701754385965,223,d102d8716f943a911bfe25d7130e38f966c9c2afbcde8cb3fd6f65cda1d51639,075fc5f5a52d11077f9dc2b074644618f26939e2,J_native_frozen,44b6,86aa0ab3f94bc2e338d8d126b8e006d8b7522a0ae973a7552f7fdec778815e9a,1.3167685030002758
169,1,1,0,0,0,11447,1.0,-0.419817536746072,0.9883040935672515,1.0297948325789978,44b6_5740d24b,19730,1.0,173,442be2407785b884bf8d0c6254fcb05a7fd17cc8cd5db80a60f9e22f9c9d444d,075fc5f5a52d11077f9dc2b074644618f26939e2,J_native_frozen,44b6,e99fe6481a0cb5005289bf88d03f63eb5fcd88b356b8d5c9b25e3c4a781db094,0.5029068339990772
357,12,14,1,0,0,18801,1.0,0.036610244252081384,0.9321148825065274,0.928702387154571,44b6_587a1e22,18137,1.0,381,8b7d3569e30fa3b61db1eb60f099576e71e793220df6033fc6e0fc776f77bfeb,075fc5f5a52d11077f9dc2b074644618f26939e2,J_native_frozen,44b6,b1c5074945420066b5e9c2406887594d6cff2d631dc2adadb6156575b4d66e44,1.0259920040007273
257,18,16,0,0,1,21935,0.9856115107913669,-0.2569192723330736,0.8831615120274914,0.9058516333297594,44b6_5f15d135,29519,0.9856115107913669,274,9a2acfba86f9c7bc88bc78a2f5c76416d02c9f8b22b0c920732dd2a692fec641,075fc5f5a52d11077f9dc2b074644618f26939e2,J_native_frozen,44b6,754d7b8a78b453bc903ba884fcc0f16647411b29c64ce6d8845dd968e7dff384,1.1032757880002464
487,38,144,0,1,0,33926,0.9984447900466563,-0.14546233092365432,0.7279521674140508,0.7385411293213481,44b6_668e0cc7,39701,0.9984447900466563,642,86305e52192a35e9899235f75acfe0b4f72210a7cec51e9cb199fbaa8a2a5a63,075fc5f5a52d11077f9dc2b074644618f26939e2,J_native_frozen,44b6,307ec01d3fd223391034da895638d51052f565962ab2b0b5ecc046ebb7ac8ad9,1.2805050970000593
197,2,1,0,0,0,23697,1.0,-0.5504268639726807,0.985,1.039217046101309,44b6_66f9292d,52710,1.0,200,9a4bb47dee5ba54c0acabe0ec77c4e71f88447096e307fc6199b3547d6f86621,075fc5f5a52d11077f9dc2b074644618f26939e2,J_native_frozen,44b6,8fdcb7d70a85c4fd3bc437cacbe50824b529f4f9a33111e14f239888b9bc94f5,0.9937520410003344
97,18,20,1,0,0,29809,0.9491525423728814,-0.5735357234827893,0.7185185185185186,0.7597281223539486,44b6_706092f0,69898,0.9491525423728814,112,c463d58884014c43b0c0f35395f284a2b71e24a27976180d8d0d45159d52041d,075fc5f5a52d11077f9dc2b074644618f26939e2,J_native_frozen,44b6,94540b8fae9e3a1f867fb14ce253cbba9f2c49768cea295329949de1ab07bc3e,1.4990417589997378
102,27,17,0,1,0,31997,0.9752066115702479,-0.5272869637158728,0.6986301369863014,0.7354679933554924,44b6_71a4179f,67688,0.9752066115702479,118,588803c0a56c042fe117dc8a7d891ebd7ddbdc379fd10ab57b6da3c6c9465439,075fc5f5a52d11077f9dc2b074644618f26939e2,J_native_frozen,44b6,872ec5cdfbe918d43cb776e25bba0970654b292a8b6ffd3f2f0d4cbfd22b7ffb,1.1829093930009549
133,6,6,0,0,1,8706,1.0,-0.42306163021868787,0.9172413793103448,0.956046342633852,44b6_74d0c52e,15090,1.0,140,cde5943708f5ab490bd1258e7c1dc1f19f1a5fa3c0cea96a4ca8bf9d28cefdf2,075fc5f5a52d11077f9dc2b074644618f26939e2,J_native_frozen,44b6,7a6e33c79f009ffdd61750205572dd22365d343bcfe086f25c1d59bcdf2bd94d,0.6656318710010964
226,63,281,0,6,1,44857,1.0,-0.3290705674713572,0.39649122807017545,0.4095385874120222,44b6_7a302da0,66858,1.0,516,186a4096fac6c346cdd073ef451f8e9bf82d317cff3acec1796f5d8c441192af,075fc5f5a52d11077f9dc2b074644618f26939e2,J_native_frozen,44b6,0fdca1fc848cd4dedafda2789f83562b3b1f136e3635a3b1e8726a62e302cb1c,1.8816776070016203
181,72,379,0,11,0,45003,0.9929824561403509,-0.197235105244381,0.28639240506329117,0.2920410686786762,44b6_7e557709,56060,0.9929824561403509,566,58bc995e85d47adf5ca1a0802429cac04b043246705b503921e43eb0d3ca2fb6,075fc5f5a52d11077f9dc2b074644618f26939e2,J_native_frozen,44b6,3fb8cddc22fb7d2fa30f5ec8ff509c0b5a69533645ee39d4f55f33a4b0494c2e,1.3961222060006548
179,0,0,0,0,0,15095,1.0,-0.04110024139245331,1.0,1.0041100241392453,44b6_808952d6,15742,1.0,181,9c54cdd92cca62b6770011b33cb1f32f9828d24c058ec4c198b0eb560a6b9c66,075fc5f5a52d11077f9dc2b074644618f26939e2,J_native_frozen,44b6,5e0bc5b3a692cccd7f39cbb1ab5a67e985019bd6979e140985a897df83ee9918,0.7744289040001604
197,0,0,0,0,0,11284,1.0,0.12256267409470752,1.0,0.9877437325905293,44b6_81c256f0,10052,1.0,199,532eb71b470fcb5d0dc1a49ace9331e089fd986bde37c2320f8b1e03dafc2bbd,075fc5f5a52d11077f9dc2b074644618f26939e2,J_native_frozen,44b6,4b8c574da6f93aebdcf4ce3980702cb85157958d8a78b81d77f83d2db4f62b56,0.542421131998708
109,40,40,0,1,0,29253,0.934640522875817,0.040957938936730484,0.5767195767195767,0.574357452198887,44b6_87bba6c4,28102,0.934640522875817,143,61b2ce2dc13ad4bb9e2d32c09de6744862934a61f9945a48062b3d59672d7b3d,075fc5f5a52d11077f9dc2b074644618f26939e2,J_native_frozen,44b6,640b906f30bf4400dea8c78c105d3b99513838717ee77d21739361cd76324b6d,1.186286571999517
388,6,8,0,0,0,18916,0.995,-0.41203531020763395,0.9651741293532339,1.0049427115324783,44b6_8cc6506c,32172,0.995,398,852433cd5f691344accdee7f49805bbd43772b9ffe508209ccefef99d4a64a28,075fc5f5a52d11077f9dc2b074644618f26939e2,J_native_frozen,44b6,477301caf583ffa262d5d6d43a523a98525cb50939a0295c20317fa5088b9698,0.78298993899989
533,49,71,0,3,0,27899,0.9821428571428571,0.011896557977585143,0.8162327718223583,0.8152617357730393,44b6_8f5ab931,27571,0.9821428571428571,605,8f2dedcbd637609fc08d913d5058c93905f89ffbcd43d3be7483adca8b6d85be,075fc5f5a52d11077f9dc2b074644618f26939e2,J_native_frozen,44b6,dbad4e855df771a28f5d2a26ba5a70f64706e0b4234a83683cb7a73f79ff980d,1.192871393999667
184,29,186,0,1,0,41115,1.0,-0.4505766172677829,0.46115288220551376,0.4819313527762587,44b6_8f9ecab4,74833,1.0,374,8b40e9418d86a34d6c5a5c5cc9dfa0c2503469452ece6efb37dbbcbfcefb0f4b,075fc5f5a52d11077f9dc2b074644618f26939e2,J_native_frozen,44b6,ded4238d57456c22f5538fff60734587fa85f9b38312cf2bea960337d023545c,1.3757710110003245
94,17,9,0,0,0,23407,1.0,-0.08322888923703588,0.7833333333333333,0.7898529296569012,44b6_90724892,25532,1.0,105,9610d8a488a0a5990a0e0295fd08746044363435bb49e16beb37e53cd955fca2,075fc5f5a52d11077f9dc2b074644618f26939e2,J_native_frozen,44b6,de9a8ae784065a5bd2c5345ba7ce77bb035776def0c5a72b5d88c855b568bf50,0.9577815220000048
268,45,110,0,0,0,39204,0.9768041237113402,0.054466230936819175,0.6335697399527187,0.6301189243756342,44b6_949adeb1,37179,0.9768041237113402,379,f2838b721a8e5dfb249df3aec95328f15ee6949be096e1dbfebf7f4c5296b4e3,075fc5f5a52d11077f9dc2b074644618f26939e2,J_native_frozen,44b6,2aad4f04ccf44e676e7401b32d8688d9e8bee7d3be7bfe0f549046e416aa83cb,1.4459796670016658
198,0,0,0,0,0,4791,1.0,-0.07169153264871149,1.0,1.0071691532648712,44b6_95029e92,5161,1.0,200,3c151371c0b955bc69821ad2a77fb499298e701e7422f5d365e2840b6ff3327d,075fc5f5a52d11077f9dc2b074644618f26939e2,J_native_frozen,44b6,79ce0f26aebe2d03ff5010fe046576324fa76e20af0636c2d70e1dd4022303a1,0.2975271149989567
214,6,7,0,1,0,33822,0.9955555555555555,-0.05456476770839157,0.9427312775330396,0.9478752688500423,44b6_97725144,35774,0.9955555555555555,224,b7f59401825c4a57998ff838252e8a4150e3a6e00fa2180563c12194eef94a1a,075fc5f5a52d11077f9dc2b074644618f26939e2,J_native_frozen,44b6,76c0c708d7dcf645e8bdfe745dcb4b9823f1527b84f4f5b8647d503e946f67b4,1.3379796279987204
370,3,7,1,0,0,9281,0.9868421052631579,0.22553809586689555,0.9736842105263158,0.9517239222445392,44b6_996155de,7573,0.9868421052631579,375,e920c3c4c3a755bedee0f385abc80cacd68567f74bb8173a07330006748208f5,075fc5f5a52d11077f9dc2b074644618f26939e2,J_native_frozen,44b6,9f8108d8a81f36e7201f37adedda9d5be4e9e8743a306993574d0a82c61b0713,0.6652089640010672
205,18,15,0,1,1,26099,0.9864864864864865,-0.5490609395787619,0.8613445378151261,0.908637601938507,44b6_9be80b04,57877,0.9864864864864865,219,0ad5b8ed05526bec0f786e32ef11b33281a34b7d6d8af69263a5986778162f87,075fc5f5a52d11077f9dc2b074644618f26939e2,J_native_frozen,44b6,6b7ebe0d92ee443a03c2ecb5a660f355395c6d93889530730df2099226718d4f,1.3326625029985735
157,41,102,0,2,0,39731,1.0,-0.38217640106985135,0.5233333333333333,0.5433338983226556,44b6_9bfa6a0a,64308,1.0,264,019c42936f7a2d4390574ff078595a9cfc823a825742f5bef3a216fa1c768d55,075fc5f5a52d11077f9dc2b074644618f26939e2,J_native_frozen,44b6,00f64faf4972f923d6a60b5286e2791a75385d15832cfc577448bec0d47ac8e4,1.4315496859999257
283,1,3,1,0,1,22022,1.0,-0.04418402777777778,0.9860627177700348,0.9904195400212932,44b6_a21120c2,23040,1.0,296,9b786b683ab040c4de76c33861c4f90196e70b9cf9880e036fad9eb08b1a7693,075fc5f5a52d11077f9dc2b074644618f26939e2,J_native_frozen,44b6,a4f453dbbaae03704fbe1c4d46b33b4c1a29aff32d0d91c9012121f1d5269e90,1.2831361129992729
180,37,230,0,2,0,46816,0.9975961538461539,-0.22762443700196328,0.40268456375838924,0.4118506484698777,44b6_a2bb48bb,60613,0.9975961538461539,415,2b365e61863b61006d7bc6f891df84ec840f9773af13cb53865534ae91e23054,075fc5f5a52d11077f9dc2b074644618f26939e2,J_native_frozen,44b6,b1945b351bcce082cbcf46c1cfcd5f1182002eec09b4c2fa826c221e4224f055,1.61136853500102
203,0,3,0,0,1,15427,0.9904306220095693,-0.3019141137608037,0.9854368932038835,1.0151886238317684,44b6_aaf8b0ea,22099,0.9904306220095693,207,98a89529a346e09372309816e9a8c18b368572e146d4a5ffca49f1d36d5c90ce,075fc5f5a52d11077f9dc2b074644618f26939e2,J_native_frozen,44b6,fadb16b6d346d8ee69078b5e67f6282b4d4446b6b756f65a7b0f8d3ecd4904eb,0.8287238010016154
93,1,1,0,1,0,26447,1.0,-0.041914215331111435,0.9789473684210527,0.9830505495008351,44b6_abf82518,27604,1.0,96,2674d2a5c9dd51459f2690ff7cb81dccbac29e281158704a6d510f3db4b8a4a4,075fc5f5a52d11077f9dc2b074644618f26939e2,J_native_frozen,44b6,4e8a6ca33d5d25c0bb9ff57a02a53ecf8cb00da080899cf82df3c537cda8f1dc,1.0387922700010677
154,15,14,0,0,0,37972,0.9647058823529412,-0.3642619163220546,0.8415300546448088,0.872183789679561,44b6_b2c44266,59729,0.9647058823529412,164,bfe0750ea6ec82ab1db4b584770f669e818f58178379c36458a2fd711386d7fc,075fc5f5a52d11077f9dc2b074644618f26939e2,J_native_frozen,44b6,78a75717da2cd928f079b75332a969e2faf5207838e4028929143e5d70a12c68,1.5105983070006914
96,6,6,0,0,0,19539,1.0,-0.050813699295603594,0.8888888888888888,0.8934056621596093,44b6_c15fded2,20585,1.0,104,10238338bf38957617f685608575648d93275f0339c80c6fd8673a7df7401d40,075fc5f5a52d11077f9dc2b074644618f26939e2,J_native_frozen,44b6,a777e16fadac5dec7e5c74b56a124b4161072fcc2ae5f22c874f3d7db52a50c4,0.88245160400038
123,43,202,1,3,1,38081,0.987987987987988,-0.19110837333786482,0.3342391304347826,0.340626720087108,44b6_c50204e0,47078,0.987987987987988,329,3ec20f84aae84a5731f686e8bf10869550239acb7e9fc2527d3a2eb01ab7f887,075fc5f5a52d11077f9dc2b074644618f26939e2,J_native_frozen,44b6,5fa068d99f653a64c566b7e45007763cebe9c6f948fdd2b8344c182f1435713a,1.9261166700016474
204,29,19,0,1,0,29877,0.9911894273127754,-0.4399287655825288,0.8095238095238095,0.8451370905471571,44b6_c771cb04,53345,0.9911894273127754,225,bd1a70ab644585e1a16919b1ac0d27b5c6366eadc772024dd2af4de8578b1100,075fc5f5a52d11077f9dc2b074644618f26939e2,J_native_frozen,44b6,680396e49cce8e0ac2350a76b3d9ff816086c0f8e20156f83968b54427032688,1.237564935001501
150,13,14,0,0,1,28827,0.9821428571428571,-0.1302498189717596,0.847457627118644,0.8584957473704881,44b6_c8e2a523,33144,0.9821428571428571,165,4371010ef41eb3ed41cbb742a3588a821edb74aee6b63feea2bfb6020dde4d02,075fc5f5a52d11077f9dc2b074644618f26939e2,J_native_frozen,44b6,7e2b7a116d4e65dcb3320d43d82808662ab45400fe730679494c78a781756d01,1.3969482539996534
452,59,164,0,1,0,38261,0.9809220985691574,-0.17248464400034605,0.6696296296296296,0.6811797124575045,44b6_c96cfa10,46236,0.9809220985691574,617,c7f0b1f4db98d1fc366244e5290ab4fbc0a4fa77531d058631a6d8ae3019298e,075fc5f5a52d11077f9dc2b074644618f26939e2,J_native_frozen,44b6,a4e7738a6c1e7e34021054bd963e6cb1451558d180dcc7e390e7c4f64cdf9d87,1.4244675999998435
71,6,4,0,0,0,22510,1.0,-0.6089637800746982,0.8765432098765432,0.9299215165250662,44b6_cf2536e8,57565,1.0,76,f435e6458738d4e140036e3c491dc4dc348426cbb4aaf7a794c6c16700771512,075fc5f5a52d11077f9dc2b074644618f26939e2,J_native_frozen,44b6,7b132683eb4a64414809c506a75058e2a1283e0e6fcba082d51f84b11484fb08,0.9989412830000219
133,13,55,0,1,0,41645,1.0,-0.047657161151638504,0.6616915422885572,0.6648449763349094,44b6_cf8fed6b,43729,1.0,191,c51f22a04314580402744c7bae78758d2b3decbc80d8c06bce7093a827501bd7,075fc5f5a52d11077f9dc2b074644618f26939e2,J_native_frozen,44b6,071b56596407f896f2f945130d5b5031270588a152cf6ac4c66752f2a2b3f186,1.521061056999315
1084,54,244,0,2,0,36511,0.9940872135994088,-0.040572855078176324,0.784370477568741,0.7875528925401406,44b6_d29c9ab2,38055,0.9940872135994088,1345,83a16b8f953baf38feb49b2162c3263cd1c2dcfd2c0504b81d73a8b4dc389aed,075fc5f5a52d11077f9dc2b074644618f26939e2,J_native_frozen,44b6,ba54e483baa73ba026fd8bcb60663c78cda567a84c15e6e93e6568a74010fa95,1.360612869999386
273,5,8,0,0,2,15396,0.9893992932862191,-0.3604718783750104,0.9545454545454546,0.9889541338448874,44b6_d2f34f90,24074,0.9893992932862191,280,7424aa0de7f550fd0364fb4f4e553de2638f33be2a9efdd41b38e784f6cd1ada,075fc5f5a52d11077f9dc2b074644618f26939e2,J_native_frozen,44b6,f0c30da6320a29632b3c6de8417f8f3466b21f623749cbc5488a294a3e3cc4ac,1.0403357710001728
651,74,242,0,2,2,43396,0.9922737306843267,-0.03237602568676418,0.6732161323681489,0.6753957386475785,44b6_d5e7d891,44848,0.9922737306843267,899,eadd97ac10c748ff101f992ea9040ba96870676648702f931a567c3ae35f6ff8,075fc5f5a52d11077f9dc2b074644618f26939e2,J_native_frozen,44b6,b23656804986faa4310d01145b289d1b17af0808a709e5219df014253254efc6,2.4751627440000448
68,2,2,1,0,0,5607,0.9861111111111112,0.08431637981048153,0.9444444444444444,0.9364812307956767,44b6_d754aa59,5171,0.9861111111111112,71,bbe8f7457e875d61ff1b99e9517c9b6b1e35c8c1c9ff80ddc6d16b03bbadd41f,075fc5f5a52d11077f9dc2b074644618f26939e2,J_native_frozen,44b6,0562e61d18e74aada56db19ece7b95d665b627d1334df4aa99302455be98d9c3,0.34633611400022346
425,24,26,0,0,0,23584,0.9740820734341252,0.05952648366952693,0.8947368421052632,0.8894107883032529,44b6_d78e09d9,22259,0.9740820734341252,451,f7beabcc0ca96017bbb0aaba166e50b8cdcc1fb0ccbffae68ca15bdcf217dfa8,075fc5f5a52d11077f9dc2b074644618f26939e2,J_native_frozen,44b6,92dd087b889f768df52bc622801fcbfee2944e0c8bd5f0fec8160f64a901c567,1.0232711600001494
153,8,9,0,0,0,15572,0.9757575757575757,0.036543965918924316,0.9,0.8967110430672968,44b6_db3c847b,15023,0.9757575757575757,161,297b168a79b77e1c303b31f18185d50071cb48dc42814802426d48e0388d4d2b,075fc5f5a52d11077f9dc2b074644618f26939e2,J_native_frozen,44b6,9fdd47d9be028edbd201f10cb8cb12886621d1e533001c6548d5e5ea549fd06f,0.6328429780005536
113,83,534,0,5,0,38286,0.9893778452200304,-0.2842668062514021,0.1547945205479452,0.15919481494608337,44b6_ddf577ad,53492,0.9893778452200304,652,6a55bdd040029af8e6884093050de6af913541ffb3e091f5294029d3a97a8d99,075fc5f5a52d11077f9dc2b074644618f26939e2,J_native_frozen,44b6,0163b86e2c1c91ad4753d28f8eaf547de137b3dad6041fe0f983ebbc93475400,1.1688935250003851
121,6,3,1,2,0,15694,0.9920634920634921,0.12188147830438202,0.9307692307692308,0.9194248777885922,44b6_deabac95,13989,0.9920634920634921,125,3aff7ea2958757dd722a6a9416bfe672d852fdee4969bc631e625de5a6c3e88a,075fc5f5a52d11077f9dc2b074644618f26939e2,J_native_frozen,44b6,150a32fc7b571a7a75a59291bd3556cd34863a209b83fb380d5deb81ec637dd3,0.8139656740004284
288,11,21,0,0,2,27352,0.9678456591639871,-0.633773397959457,0.9,0.9570396058163511,44b6_e28840c6,74686,0.9678456591639871,301,cc6914bba0f4796812ff70a7c01d352927f8fc15fb9cb1d213b491cce41f3d6e,075fc5f5a52d11077f9dc2b074644618f26939e2,J_native_frozen,44b6,ca4941f7292a031504dbf8d39464ccfdafed9be293f60b70f76cccb9db6e5a22,1.6942436389999784
48,2,2,0,0,0,13522,0.9803921568627451,0.0426401418767831,0.9230769230769231,0.9191409099806047,44b6_e29f0176,12969,0.9803921568627451,50,96850de60d9a8043f8694c623229a64afb7d84d97cb6b6c1c02914f91c43930b,075fc5f5a52d11077f9dc2b074644618f26939e2,J_native_frozen,44b6,33ce041798e3afba35d1378b431fdddd59f93155183a0f0ea89c232ba24e8398,0.523692522001511
106,8,7,0,0,0,66901,0.9913793103448276,-0.08173657626001976,0.8760330578512396,0.8831934521351753,44b6_e31261b4,72856,0.9913793103448276,115,607c019d5eafdc50e913111627ef719f3f40f39a24ae542c457f47cf27eaa217,075fc5f5a52d11077f9dc2b074644618f26939e2,J_native_frozen,44b6,ea4a690b61ef8e2774db8b36f1dc91fd533a5889731038d82a08b3c135e27e6b,2.4826900329990167
237,21,29,0,1,0,19836,0.9407407407407408,-0.3074264166753954,0.8257839721254355,0.8511707528752853,44b6_e35b117d,28641,0.9407407407407408,254,6a59a0c4cccb7f025226cc9c5bedc18ffd9e62bc23b030e5a1d652e4043216c4,075fc5f5a52d11077f9dc2b074644618f26939e2,J_native_frozen,44b6,db200a69bc393d51f6cb9a57963b6e333d89e38c27223f1ee3638ac65b1751ca,0.8988788049991854
154,18,32,0,0,0,17505,0.9119170984455959,-0.13827901939549078,0.7549019607843137,0.7653406710720125,44b6_e57ff5c6,20314,0.9119170984455959,176,00a52966ef969a6f8e0be3d0fe2d7299f3c5aba61c5b0dde771f346166adbc03,075fc5f5a52d11077f9dc2b074644618f26939e2,J_native_frozen,44b6,02886139106136aca896dfe4dbea7d2909b9011db6017ef8ab355346ca140000,0.7947221439990244
286,30,93,0,1,1,37271,0.9948717948717949,-0.22487729806172532,0.6992665036674817,0.7149914198644629,44b6_eb2880fc,48084,0.9948717948717949,388,4f07d2baeac0d530069a441b4fa8f80664351363915876aba76a25eeef3a5fb8,075fc5f5a52d11077f9dc2b074644618f26939e2,J_native_frozen,44b6,b3984772ce9057adde6b8ee4df16872a4b2cfee09fceaeb1a58752d6407431db,1.6613322339999286
54,7,7,0,0,0,21689,1.0,0.16257504288164665,0.7941176470588235,0.7812072760064575,44b6_f28707c6,18656,1.0,63,656bc1cee1b5ee39448fd7cb40767f79ec07e295f5294d47e7a80ad923767795,075fc5f5a52d11077f9dc2b074644618f26939e2,J_native_frozen,44b6,94671461ff546f460f6e5e25023cbcf113179b7592126a3c5e7340d4181439ca,0.8222702410002967
831,15,14,0,0,0,6100,0.9941927990708479,-0.04118201823325998,0.9662790697674418,0.9702584019943997,6bba_05b6850b,6362,0.9941927990708479,856,4a064171c76eb8d124134096297d19d655ca850633d186bdc66822bdd796a3f9,075fc5f5a52d11077f9dc2b074644618f26939e2,J_native_frozen,6bba,570a1ab676ab4278e8487e3022bc2926d628769d2d9a9e255b03c58421984bdf,0.38742148600067594
886,477,297,0,1,3,69764,0.9804719283970708,-0.0005157593123209169,0.5337349397590362,0.5337624676355853,6bba_05db0fb1,69800,0.9804719283970708,1205,e5432cfb21685bb01741b104958544ef3f7c689e1847f274e41bab87c888353c,075fc5f5a52d11077f9dc2b074644618f26939e2,J_native_frozen,6bba,88a508ee21498259a5c170880d61e383dc5b5b1165e1c86790331ba0372a8d32,4.963509510000222
897,1,1,1,0,0,5894,1.0,-0.022553897180762852,0.9977753058954394,1.0000256780613064,6bba_062c8d37,6030,1.0,930,5ceb1a5bc1220ef70ffb0be919fc0007d7e42205d881201a7b69d34a765250fc,075fc5f5a52d11077f9dc2b074644618f26939e2,J_native_frozen,6bba,94c9312e5e70e00df95db2899f80ac4e51b0b7f58a5ca0989253555c1756f098,0.47073505499975
596,11,6,0,1,0,4601,1.0,-0.04859387923904053,0.9722675367047309,0.9769921618313978,6bba_07477033,4836,1.0,613,cee66dce971b5a029d7134cd153c04a8a32e37ae9528b55de3def2d8ab7d4dbe,075fc5f5a52d11077f9dc2b074644618f26939e2,J_native_frozen,6bba,5a17f5ab03ecbcab3817b8609239c51fd913e92e1a5e5c0888a935022d99d022,0.414616111000214
309,17,36,0,0,2,29079,0.924791086350975,0.3534558994647428,0.8535911602209945,0.823420477089888,6bba_07e24132,21485,0.924791086350975,332,9501f01485881bcbc5a34b72a4782b32e4e34f87ffd27a8e7e8cbecca4d4df3b,075fc5f5a52d11077f9dc2b074644618f26939e2,J_native_frozen,6bba,08c7a0632453a7d9d89afa64e518a180ce1742b1d5fe187c2d948c4588aa32e1,1.858783379999295
1162,2,6,0,0,1,8272,0.9958263772954925,-0.022568829020441925,0.9931623931623932,0.9954038443864747,6bba_085bf656,8463,0.9958263772954925,1193,09035ca12b51f06337b9b4b965c66e8aae9e8baedde8bd47c22b567e21874807,075fc5f5a52d11077f9dc2b074644618f26939e2,J_native_frozen,6bba,dda72ce8c7d10bd856affe0aa5acb59757dde301bce162e9a7398fe72b6d84cd,0.6309839340010512
1790,92,81,1,0,3,29678,0.9933333333333333,-0.04624481794517466,0.9118695873662761,0.9160865116720257,6bba_09961292,31117,0.9933333333333333,1937,99358a2afee452ec4dcc479ad7299e4a5f4b37f0dd066ea83f4e01da5cfdd0ca,075fc5f5a52d11077f9dc2b074644618f26939e2,J_native_frozen,6bba,30a8e86d429e49adad8302858fe597bc390d28ba2d1ad5a04cc123dba311caf0,2.3913481019990286
631,18,28,0,1,0,12495,0.984375,-0.08461538461538462,0.9320531757754801,0.9399397795705035,6bba_0c7fa718,13650,0.984375,693,273638da84dcb151f38ebe71f05aa0dc24f2361e8631fdc0ecf7dc1d1091ff79,075fc5f5a52d11077f9dc2b074644618f26939e2,J_native_frozen,6bba,1f69d14db7d94faab55a8e584dffbe94171c67a9b6eac1f650a3b12715cb9d00,0.6722542329989665
176,17,22,0,0,1,22250,0.9425837320574163,-0.009658610406373792,0.8186046511627907,0.8193953095030333,6bba_0e7c0d07,22467,0.9425837320574163,197,85721e1aac0b18c707922f86b14a92c08abb18848f73fec5bd12368ca211b381,075fc5f5a52d11077f9dc2b074644618f26939e2,J_native_frozen,6bba,d6a59b482d19dfadc58f85e8128a5f535f8d2bf2a2d4d1751eda52d08864a543,1.0950171099993895
962,10,36,0,2,3,8104,0.9739382239382239,-0.02525859995188838,0.9543650793650794,0.9567756719398528,6bba_12665c0e,8314,0.9739382239382239,1009,8c4477f98aa4bb4468ad111351cdb1e279e39603da2296759577b685a54a1bb9,075fc5f5a52d11077f9dc2b074644618f26939e2,J_native_frozen,6bba,228c98506a8ee59e3241c0b54690d0b1e5bf4cb0c9d0aeeba1a303b342c6cd04,0.8730325420001463
698,8,6,0,1,0,5718,0.9972862957937585,-0.009527108955482418,0.9803370786516854,0.9812710564678269,6bba_13f19531,5773,0.9972862957937585,735,7eaf4143afc637302746fb3397ffdc1dbb36e3a7368c9fed2e6c25d951cbf75e,075fc5f5a52d11077f9dc2b074644618f26939e2,J_native_frozen,6bba,72ddacbcb0ea4c61a0b40a517cfa5f5cfdbe9d2aacd9956c00e00ff26067c46c,0.35105160499915655
718,10,11,0,1,0,6313,0.9920844327176781,-0.08361155465234432,0.9715832205683356,0.9797067789229207,6bba_15403b9a,6889,0.9920844327176781,752,5bd7b0953f22ac2bcdedc2550aa9374f42d70ebfe9c30923b27561175dca6e4c,075fc5f5a52d11077f9dc2b074644618f26939e2,J_native_frozen,6bba,56991646e3c0e3a92bbd90ac748226b2513570cf4eb8d91465bf7a2da86d5145,0.37232180099999823
1258,93,107,0,0,1,17283,0.9659248956884562,-0.03495449215478251,0.8628257887517147,0.8658417524781012,6bba_1d0d8384,17909,0.9659248956884562,1389,0cfc90428560db9bf343a7e77675a03c4ef51b181bc1d759f1e058c4858b94d9,075fc5f5a52d11077f9dc2b074644618f26939e2,J_native_frozen,6bba,f8ccf7aaac245daa829b859708b59f8be7b59280a2b21b53ff2b02debb170507,1.0749880439998378
688,18,31,0,1,0,11409,0.9758389261744966,-0.012891503720366845,0.9335142469470827,0.9347176871858361,6bba_1ebfb80d,11558,0.9758389261744966,727,373409f93360a4da0e18d20db92ce044d8ba22009eb44e95f9362a5ebaa72164,075fc5f5a52d11077f9dc2b074644618f26939e2,J_native_frozen,6bba,a06efb570877ceffb03e57182f5826250c4186a69c4e34a12bb6d7a3fc7aa8d1,0.5651888600004895
269,36,30,0,0,0,31909,0.9747634069400631,0.1040030446666436,0.8029850746268656,0.794633785368559,6bba_1f58c2f6,28903,0.9747634069400631,309,5b5378c2e88f328ad6bfa52db32f4c1d1f4c825092f53392dd9b4b08a160a8dc,075fc5f5a52d11077f9dc2b074644618f26939e2,J_native_frozen,6bba,14081f9f218d79f9e2fe67fa5341ba0a0f0eee4a1929211e34e191a242cf72a1,1.3807413590002398
358,68,92,0,3,1,17356,0.888421052631579,0.44645387115592966,0.6911196911196911,0.6602643849664435,6bba_207c6aaf,11999,0.888421052631579,422,b5c555942d904c35540e29e61b3f94676f1d1cedb9c98c122a81be4836cd378c,075fc5f5a52d11077f9dc2b074644618f26939e2,J_native_frozen,6bba,02e6f63c3da766c0cf3bf055fa72edb2f6af10c12bd41f5e5e936e0c62b15488,0.9838592100004462
846,30,63,0,2,3,9912,0.9506302521008403,0.015781922525107604,0.9009584664536742,0.899536580782083,6bba_20852818,9758,0.9506302521008403,905,ea1e95f8052ab4b098eafe7925fdcaaa3696e879bb58ecd9cc0b7ef6ecf3464d,075fc5f5a52d11077f9dc2b074644618f26939e2,J_native_frozen,6bba,4a125e627edbc76739c8a378102e34248e978131d953ce549912cc7aee56324e,0.89775590499994
1124,8,8,2,0,0,12337,0.9982698961937716,0.03238493723849373,0.9859649122807017,0.982771871100345,6bba_2312ac41,11950,0.9982698961937716,1154,7d40ba9884e1641ce3e805dbe0630a93674c39b097ad4c6ccead379714dfff31,075fc5f5a52d11077f9dc2b074644618f26939e2,J_native_frozen,6bba,c87f2237f25ccced3ea4d50426b9bd52904a1f354eeb165577c1e5fab84b4df1,0.9268354549985816
499,0,0,0,0,0,4142,1.0,-0.06921348314606741,1.0,1.0069213483146067,6bba_23af9eeb,4450,1.0,513,2127fbebfe92142b7a5b852912af3047030f3ab93cbb78ecc2441642d2c23dd6,075fc5f5a52d11077f9dc2b074644618f26939e2,J_native_frozen,6bba,a4d36b2b414debc81b165bcfa9da4689049fc963332aec40aa0bf950800fb173,0.2815938429994276
523,0,0,0,0,0,3480,1.0,-0.08009516256938938,1.0,1.008009516256939,6bba_2540cd90,3783,1.0,529,512428b2bd76656ff2338af07b0759dbb4e29f46696926cd75599313a1682ada,075fc5f5a52d11077f9dc2b074644618f26939e2,J_native_frozen,6bba,f8095594e0661d6a5a6199050c8cd1520f29360d8150c7601672128dc62920b4,0.27058086400029424
701,16,20,0,1,0,5237,0.983739837398374,-0.04695177434030937,0.9511533242876526,0.9556191579121516,6bba_2646afc7,5495,0.983739837398374,726,4dfc8b5d55472236007ca33746e739912489a981a08a7b5713ad5edfb9fc696b,075fc5f5a52d11077f9dc2b074644618f26939e2,J_native_frozen,6bba,609ad87f8a4242ad2a0b1ece37017189f325ce9fa4b845d8f0b9aa48339aeeac,0.3442645640006958
579,20,30,0,0,1,4650,0.9734789391575663,-0.08948502056001567,0.9205087440381559,0.9287459184267488,6bba_268e1230,5107,0.9734789391575663,624,78578aab1ec95e16bd0884744ce184c88b9d095a438a03f46c9ba480154e694f,075fc5f5a52d11077f9dc2b074644618f26939e2,J_native_frozen,6bba,5a70250b298722e0cde0a35b2375cd869334f7e012e209390c72db5113450089,0.3718120119992818
927,10,22,0,0,1,4957,0.986815415821501,-0.10426454644018793,0.9666319082377477,0.9767104519864498,6bba_2819ca14,5534,0.986815415821501,973,ea2258821c9fa658046272363cca8ccb6eff722d72e902d019c9299bc65651e5,075fc5f5a52d11077f9dc2b074644618f26939e2,J_native_frozen,6bba,c298ad04645631bac03a916876aa9948f232b0917d30c1ee3403c08fffd4c022,0.40298422599880723
1248,29,40,0,2,0,21705,0.9836065573770492,0.04045827141556014,0.9476082004555809,0.9437743414786167,6bba_283bf9f1,20861,0.9836065573770492,1320,c1a82ee68d73e51904380c34b937db9c788eb98ef7e8ceecced829dd38a55142,075fc5f5a52d11077f9dc2b074644618f26939e2,J_native_frozen,6bba,9275e39b0f35b5a7b3c8cf6cc50fd7c5b10ed1d75963af8faed93eb60eac8229,1.017302591000771
488,22,12,0,1,0,9545,0.9980769230769231,-0.041955234367158485,0.9348659003831418,0.9387881521783857,6bba_312f0dc3,9963,0.9980769230769231,519,4e29179b9e3861a5313802d3252454611bed03b8413f4a01a7402de1a2d2a764,075fc5f5a52d11077f9dc2b074644618f26939e2,J_native_frozen,6bba,90593bcd131a14a043c4d94122ee71f7b5609d33813a98b83188f98d1df08bc4,0.4608977429998049
681,101,130,0,2,1,44036,0.9234338747099768,0.13773414287559746,0.7467105263157895,0.7364257728839604,6bba_32db13fc,38705,0.9234338747099768,796,f25655bb321ded0a048857291f065a06bfd5c44776e12f025243b90312aafe58,075fc5f5a52d11077f9dc2b074644618f26939e2,J_native_frozen,6bba,77c97b6660e33629989ff0df270febf274bf7114295a61f1db2617665d8ed6e7,2.1964608119997138
1192,30,21,1,1,1,29453,0.9968553459119497,-0.03369422572178478,0.9589702333065165,0.9622014092566669,6bba_337b1b3a,30480,0.9968553459119497,1268,87d84990fd1f636fe40e557c57dce6e27541c7998c527db0539282a0aa7fc6b5,075fc5f5a52d11077f9dc2b074644618f26939e2,J_native_frozen,6bba,41a80c758c9a3e7e261f2c9fd0721e9898d48d11847e3a5f1ce755a4e4c8992b,1.9382255780001287
1002,2,5,0,0,0,6575,0.9961389961389961,-0.06352371457057399,0.9930624380574826,0.9993707395440748,6bba_372c8cb8,7021,0.9961389961389961,1032,36c674f3536203b39573592de3a416be9c38e44c271daa4cdb99fa3b76677cfa,075fc5f5a52d11077f9dc2b074644618f26939e2,J_native_frozen,6bba,c5939b80dcc378e322c79f3d89a7a2fab4c6154f2ae6f69ba39a83b32dd9fbba,0.38787690100070904
1108,40,34,0,1,0,6581,0.9914748508098892,-0.06025988861916322,0.937394247038917,0.943042974330798,6bba_3a1849c2,7003,0.9914748508098892,1163,8425933d5d9c54b4f2096488d807644d89b7bb267207a2e94224da0b9edf0bb8,075fc5f5a52d11077f9dc2b074644618f26939e2,J_native_frozen,6bba,e77054eff9b81473f02f10a102ba13e2e5af5cb8794a5a3cce10d5e57b111080,0.4206478230007633
713,344,222,1,0,0,53153,0.9739217652958877,0.020896955728416402,0.5574667709147771,0.5563018350715901,6bba_3abfe10a,52065,0.9739217652958877,971,6f04afebb5ef05fdcf2806674eadc39468bd6f150a3d362e38d554cd9550ba2f,075fc5f5a52d11077f9dc2b074644618f26939e2,J_native_frozen,6bba,327490cf8aed8b6e562bc881a25c74080f92f3b48a6903ecdc6bc76c8c40cb49,2.5392216489999555
741,5,5,1,0,1,6214,0.9986928104575163,-0.007031000319590924,0.9866844207723036,0.987378158620082,6bba_3c5691b6,6258,0.9986928104575163,764,abbdf3a31513c1b6f17b3bb1d67304a173d9197f6bef3c31cb62b8365a424a6d,075fc5f5a52d11077f9dc2b074644618f26939e2,J_native_frozen,6bba,610357674557297d431cd4fad094ed25832fb99c45965d9d8d8af69f69f2b06d,0.5869189299992286
441,33,33,0,1,1,22964,0.9760956175298805,-0.01170597348941298,0.8698224852071006,0.8708406971023336,6bba_3db54e20,23236,0.9760956175298805,490,d734ae887d8bfb51c658e84d5ef25bf5144ddc55cc146ebae4b95106793de68d,075fc5f5a52d11077f9dc2b074644618f26939e2,J_native_frozen,6bba,b1abcc4ac0f0331e8bc0fe46bbc1e0d469f9708d6b68076538a93e981a9ca47d,1.2638760379995801
1169,7,10,1,1,0,8326,0.9950289975144988,-0.1540337329811014,0.9856661045531198,1.0008486875088454,6bba_3fda6b25,9842,0.9950289975144988,1201,d644ea5c07471962f772e3203d0d6a3ddae00aeba3f8ec23d53c780fde106284,075fc5f5a52d11077f9dc2b074644618f26939e2,J_native_frozen,6bba,c85e944ef912efb58d9604eaf75b4ca0056c13a0cc326fe04ed269e395c208e5,0.5657222449990513
863,5,17,0,1,0,5381,0.9868131868131869,-0.063848295059151,0.9751412429378531,0.9813673535181974,6bba_43fea39d,5748,0.9868131868131869,898,8e95e74274c7354f0187cebeff5847ba06460d38efa3d46f942a219bbc012519,075fc5f5a52d11077f9dc2b074644618f26939e2,J_native_frozen,6bba,6f7ea1cf65325add2fb614a1e2caab33273074be3642ecacd2028704fffdcab1,0.35957785500067985
238,34,48,0,0,1,26810,0.8972602739726028,-0.05241579189198742,0.74375,0.7476484245219666,6bba_474be664,28293,0.8972602739726028,262,a5ac2ce412839f0b79293f1bec9f32cf65f610c52da5d08ec8766fbc196a0ea8,075fc5f5a52d11077f9dc2b074644618f26939e2,J_native_frozen,6bba,a7161bdfdf28927536ddb6872e12f5f5209575bdcebb2c2775b751303cec02c5,1.4445431660005852
888,21,30,0,0,5,25184,0.9893048128342246,0.050865846025453784,0.9456869009584664,0.9408765845292222,6bba_48816121,23965,0.9893048128342246,925,6be925a2866b45999178eb12fd9fee4e11d14c9121525929784e2bfe56edfa00,075fc5f5a52d11077f9dc2b074644618f26939e2,J_native_frozen,6bba,045c3cae56430d123271691950d27f30468d4817fe380ab4d5cbabaceccf3aa2,2.3996958369989443
650,27,31,0,0,0,7105,0.9787835926449788,0.04685428024163843,0.9180790960451978,0.9137775025201886,6bba_4aa14c89,6787,0.9787835926449788,692,a17006af200c1c82d4ff37b05884055b5f94b0e9aa3822fcb3135f8bbac5808a,075fc5f5a52d11077f9dc2b074644618f26939e2,J_native_frozen,6bba,f2b0625c9265dea51aa524f58fd928537e215c270fae04dc48f5addbebd61307,0.41029726099986874
1000,3,10,1,0,1,5382,0.9924314096499527,-0.09773679798826487,0.9871668311944719,0.996815083710589,6bba_4f99ce20,5965,0.9924314096499527,1049,77ef98b5f94cc7802670c46643c73e3029c182c2d4697a8f4812cf1392dec342,075fc5f5a52d11077f9dc2b074644618f26939e2,J_native_frozen,6bba,4a73573c9640c5a8f41aa448409d2f91e31d5dd007e4ff7e014b8e396212ad0b,0.4884459240001888
649,31,40,1,2,2,20132,0.9745042492917847,0.14146396779497647,0.9013888888888889,0.8886374840140361,6bba_4ffd3da3,17637,0.9745042492917847,688,7b851d6bfeaaf77496d4b516e0b6f7e3d2259cf38fc895a15b27b583c6e1b968,075fc5f5a52d11077f9dc2b074644618f26939e2,J_native_frozen,6bba,977f33514b5835bf3b0898a4a5701a4df6e0fad892e2c112d6ee365455c45283,1.479827416000262
683,3,5,0,0,1,4569,0.9985815602836879,-0.1308731215522161,0.9884225759768451,1.0013583707699223,6bba_55b7eebe,5257,0.9985815602836879,704,bdd068f74b17179d9f1235c0fb94cf4275bc50baf8fa3a9d1db013720c288e6d,075fc5f5a52d11077f9dc2b074644618f26939e2,J_native_frozen,6bba,88072f40b6e9f63f7dce9bf42c61032a7a25b21d146251c9ce55727f43e1faea,0.4595130779998726
398,74,69,0,1,0,37687,0.9448979591836735,0.06415360722857547,0.7356746765249538,0.7309550581003746,6bba_55c70843,35415,0.9448979591836735,463,2a14f4b43b486d6c76620760febda58e1984ce4cfb953a4e7ed1c12a7f54f545,075fc5f5a52d11077f9dc2b074644618f26939e2,J_native_frozen,6bba,a3fe3a203859cf7e77910139129c865790852785676902baafac306b823857d1,1.5109293549994618
912,961,680,0,1,3,76149,0.9270644966847499,0.162384942986674,0.3572267920094007,0.3514259667840248,6bba_57b7cc1e,65511,0.9270644966847499,1538,58ec04d2bc57d808925053d2608bb4d8cf0632247b5877aa916a7eaa07d08718,075fc5f5a52d11077f9dc2b074644618f26939e2,J_native_frozen,6bba,ba41f44e393d996e258f7e12e48ff55eee2e67d6b8f1d45d3a994489d8b8ae7d,5.413182568001503
715,5,7,0,0,0,5550,0.9946452476572959,-0.071285140562249,0.9834938101788171,0.990504659628887,6bba_5a4d9360,5976,0.9946452476572959,743,84e71c272c62496d637f96b5a22b62208ae50cfd15f9d7f45531df4c5f8d4776,075fc5f5a52d11077f9dc2b074644618f26939e2,J_native_frozen,6bba,661d77c331d7a955e251e0185323aa77d8f728c666542c9734b1007d96b32475,0.43457992900039244
715,3,9,0,0,0,5838,0.9877883310719131,0.0062047569803516025,0.9834938101788171,0.9828835761704332,6bba_5b28472a,5802,0.9877883310719131,728,1a881ba2e43eba87a2849570404649f21efb923bed5a57b9a76532e49cbcf176,075fc5f5a52d11077f9dc2b074644618f26939e2,J_native_frozen,6bba,f74e1155f939505101360f62e0ec26fdd7a2c37a0a52ad8d8892bfd2654f0f5a,0.36854150999897684
1136,12,9,3,1,0,7900,0.9982964224872232,-0.07817969661610269,0.9818496110630942,0.9895256815346494,6bba_5c039895,8570,0.9982964224872232,1172,635886d89381bb6c79dc10b32f0a9d5f7389f36bf4a89b06a0caf235791d1584,075fc5f5a52d11077f9dc2b074644618f26939e2,J_native_frozen,6bba,4827ca4019ff8d4e16b684b7da1389be167abaad1cc2ab29f8c7a726a8bd23b1,0.7490094180011511
1092,38,38,1,0,0,25375,0.9880341880341881,0.029537063334280033,0.934931506849315,0.9321699937362129,6bba_5c824876,24647,0.9880341880341881,1156,e70b59009e1c8230b48e3bbaf9272fcd78cebc92295cb7e59dd1555533133dd2,075fc5f5a52d11077f9dc2b074644618f26939e2,J_native_frozen,6bba,cf8b3452c56ea88212e58179ef5603d3d956152fd764647a2d115c14a2498be5,1.4518386010004178
1443,13,44,0,0,0,29772,0.9779507133592736,0.10623118938802809,0.962,0.9517805595808716,6bba_5dfe9ad1,26913,0.9779507133592736,1508,a45c31c383067bafccbdce548db610063e2566821334c385cea83ab3480d050a,075fc5f5a52d11077f9dc2b074644618f26939e2,J_native_frozen,6bba,4ce035fcc16acd04864464283626c635ab7c4fe40b92e71bb3da671094c87580,1.3776251250001224
885,0,0,0,0,0,4426,1.0,-0.04012144870960746,1.0,1.0040121448709607,6bba_5f89039d,4611,1.0,904,dbc5559b072cbeed7a397411d30c74e6ff8aea219061475e038b45f4dcaf36b4,075fc5f5a52d11077f9dc2b074644618f26939e2,J_native_frozen,6bba,700fcb2881e258d8e1206e10ea0fd66d031d97d052bb220ffa016c2117aeaa27,0.42051431899926683
531,9,12,0,0,0,9584,0.9874551971326165,-0.053712480252764615,0.9619565217391305,0.9671234288069237,6bba_61dd1e0d,10128,0.9874551971326165,551,b012725f4c1139c0a58e48cb9ac1f98caf6de03fcf28e95be06da4c32dae296a,075fc5f5a52d11077f9dc2b074644618f26939e2,J_native_frozen,6bba,7ba18ccacee2b379d01c367fd2daf839649e4942e75e31a369adb0f972d54584,0.49929954599974735
607,5,7,0,0,1,5525,0.9953125,-0.043124350536889504,0.9806138933764136,0.9848427271043444,6bba_61ecbe65,5774,0.9953125,637,b4b85a0c3bcb1dc5209c7b7910b18a32c24095cedd22c7e30acd80c7293dbf05,075fc5f5a52d11077f9dc2b074644618f26939e2,J_native_frozen,6bba,24783edc5cfba15f1cb6bbd2d5105afb711e96e1c8b60593d8dac75dddeebe16,0.43398270499892533
784,6,14,0,0,1,4557,0.9879081015719468,-0.054760423148724334,0.9751243781094527,0.9804642004662438,6bba_6321a359,4821,0.9879081015719468,817,7cc30ba7375cb7776462010ee0afe9b8124b8ee97a2fda1de400cda9e91ef60d,075fc5f5a52d11077f9dc2b074644618f26939e2,J_native_frozen,6bba,de847ab2e5c2ca71f2e4dd8fcf00c19166fef417c600e5b0df9eaa3211583d42,0.3956494689991814
471,82,109,0,0,0,24338,0.8978930307941653,0.037735044557199504,0.7114803625377644,0.7087955882195708,6bba_6479435d,23453,0.8978930307941653,554,1321b6b174656c65b97baf613a14be7a0df30d91f6a178bbc7d57b23d4b26211,075fc5f5a52d11077f9dc2b074644618f26939e2,J_native_frozen,6bba,d0dba177ae997e49a8abff412bb061870ec591af4c5bf8643bf4193d5f8a6dcf,1.1147014580001269
391,64,47,0,2,1,15831,0.9696969696969697,-0.01432040346180188,0.7788844621513944,0.7799998561262081,6bba_67ebd073,16061,0.9696969696969697,448,ee2894721dbe7bfab03fe5daf5c4e0d34b0ae75598ccbee5c30b7a3da5f4813d,075fc5f5a52d11077f9dc2b074644618f26939e2,J_native_frozen,6bba,ea30d60cdf9f7dada73c4fc96351d1741477575729bfae8391df7c3e4fb4fd0e,0.8738346959999035
1040,7,12,0,0,1,6371,0.9925994449583718,-0.11452397498262683,0.9820585457979226,0.9933054706309663,6bba_6ca87370,7195,0.9925994449583718,1073,48c32b0dc2787e7dee8d098a749177dcf753eee678cf29826e44a06402e7a179,075fc5f5a52d11077f9dc2b074644618f26939e2,J_native_frozen,6bba,a5274d9b9b28d3d161467d049a503de80d29f18b49be39468ffa71865edbc702,0.48642161400130135
429,13,11,0,0,0,25525,1.0,-0.10233866713557235,0.9470198675496688,0.9567115426492628,6bba_6db0e9b4,28435,1.0,449,4475cd8b0f711b5e1fbdb67eee7b72cbc2aad1d72091ac8e271335c2400ed103,075fc5f5a52d11077f9dc2b074644618f26939e2,J_native_frozen,6bba,e24f37dfc5fe9f8523961da01d59806a2469c8a37dc4cae3792ba6ef3d941427,1.1127193730008003
1115,104,228,0,0,0,11830,0.8786549707602339,0.334913112164297,0.7705597788527989,0.7447527214883766,6bba_6feb10f0,8862,0.8786549707602339,1202,70c5b2f38b306d3f7b41c6ad0f53005cb737c9ffbb292fd9ba7694c323485250,075fc5f5a52d11077f9dc2b074644618f26939e2,J_native_frozen,6bba,e7cc6db273d9155b676e5e608fd2954f883d77ef84911e03f72e28d3fabaeb12,0.7366199450007116
1322,12,21,0,1,0,6858,0.9892008639308856,-0.08778930566640064,0.9756457564575646,0.9842108828111427,6bba_6feeb0b1,7518,0.9892008639308856,1374,710a83ae5b80eca9392f91ff57f2e4dc2f358199821cfd5af7ff8faaad8c054c,075fc5f5a52d11077f9dc2b074644618f26939e2,J_native_frozen,6bba,ff6c50d7e278b125297a398d9f4e567d5fe48439f1a304405d26731bcdc19ddb,0.4372818110005028
539,23,23,0,3,1,5896,0.9815436241610739,0.05285714285714286,0.9213675213675213,0.9164974358974358,6bba_705ec2c9,5600,0.9815436241610739,585,8d7c7d0f0fdfeefbb15ebbbe3b9b85f2fbcea47712585d6d89dbc4b56eb63870,075fc5f5a52d11077f9dc2b074644618f26939e2,J_native_frozen,6bba,37f2d6142d1831d5605c0456007031f48cf9cde52e88711f12b002a1c0868e4c,0.5266901979994145
649,0,3,0,0,0,4107,0.9954614220877458,-0.046214584300975386,0.995398773006135,0.999998967056953,6bba_718b21f9,4306,0.9954614220877458,658,24732c85be4e23aed38b69e2e43829c452a4cc5605457eb2aa8f52eec663f61e,075fc5f5a52d11077f9dc2b074644618f26939e2,J_native_frozen,6bba,202fec4785c300ef705d098f7dce3b21ef28e248dbb62ef40dd1cea1df422bfb,0.29655935099981434
552,32,24,0,1,2,26522,1.0,-0.11008958829648022,0.9078947368421053,0.9178897126216542,6bba_74686d6a,29803,1.0,586,949c7f8cbcfb653662236b92e8d279d0f78877642875ae6df8ab5613b36205a4,075fc5f5a52d11077f9dc2b074644618f26939e2,J_native_frozen,6bba,c70c22b8bde0da19a51e255dea2c91a3e1b79809ce6794bff873b9f4c8679445,1.7354391690005286
574,63,84,0,1,0,47923,0.9442896935933147,0.004380265750094312,0.7961165048543689,0.795767784668439,6bba_767a1e17,47714,0.9442896935933147,678,5852297f073bf9daf83e192833e4eaf4eefa8e3c3fce34a86bef7350d68719d5,075fc5f5a52d11077f9dc2b074644618f26939e2,J_native_frozen,6bba,0c1f64ae1486d41cb84ecf235f6a100ab70272395182cf7c6ee04d189e791762,1.907710560999476
604,0,0,0,0,0,4648,1.0,-0.04263645726055613,1.0,1.0042636457260556,6bba_76db78c1,4855,1.0,617,9253e23f515ebcd259ba5019a0d04983cff47d189027e32ab4626ac0af865f1a,075fc5f5a52d11077f9dc2b074644618f26939e2,J_native_frozen,6bba,9395503f161cdc30527566ff124f1e2625c1d65d0cf7dc8e3ca72b473215e7ec,0.3261310920006508
1729,6,10,0,3,1,12722,0.9966442953020134,-0.028558338423946242,0.9908309455587393,0.9936605941051577,6bba_784a78c9,13096,0.9966442953020134,1782,df484a94b1b1e8d54fa1ea497de4eef4a07af1a995080ea55d2ec157589b39c8,075fc5f5a52d11077f9dc2b074644618f26939e2,J_native_frozen,6bba,ac386192a59a0766d822de1da213cbe271e00ae1254416e4b7da630e78130fc6,0.773576237999805
1172,258,223,0,3,3,58409,0.9583617747440273,-0.009664456840570372,0.7090139140955838,0.7096991375327978,6bba_786893ac,58979,0.9583617747440273,1404,692aa44fcc6c07776cd63f14e6ec9a1ea41fefdabacfc006c8fac3aa0121143e,075fc5f5a52d11077f9dc2b074644618f26939e2,J_native_frozen,6bba,ada52ca6bbce36cb71ff868955951d014d81691ec64d5a9f5a38d38b831dae15,4.120750868998584
671,8,10,0,0,0,10679,0.9985974754558204,0.00028100412139378045,0.9738751814223512,0.9738478151283809,6bba_789f8168,10676,0.9985974754558204,712,7db9ed5a5f85ed4e193bd5b812e47d7adfd8691a0f506c24f730dd94e82034b8,075fc5f5a52d11077f9dc2b074644618f26939e2,J_native_frozen,6bba,3fc74ad86f28108b98fc670dfd003b8f94ffff8773a9be27d3d9a6f993681d01,0.6134280559999752
738,98,94,0,0,2,39035,0.9616252821670429,-0.038854553960554504,0.7935483870967742,0.7966316839594505,6bba_78a7bd97,40613,0.9616252821670429,852,b125a8ffad873e0c17fa90fb3adf7d4a94b57b990ea1a6d240de0735fb6eece2,075fc5f5a52d11077f9dc2b074644618f26939e2,J_native_frozen,6bba,8ec4b40c9a00eee0a01823b8c82a50439c09c7f5c568e110b7da5c6c5f68d31b,2.3713091949994123
1042,38,50,0,0,2,10107,0.97789566755084,0.050187032418952615,0.9221238938053097,0.9174960276300399,6bba_7af54fde,9624,0.97789566755084,1106,030ac391e5029a8518babf8298868bd0b2d2c0e8b8670b4ea199f1499aae1cc9,075fc5f5a52d11077f9dc2b074644618f26939e2,J_native_frozen,6bba,f3553a3666c385efeb68539582a50b9a430dc655c8b97a68b4595ca8b2ed357c,0.7902567569999519
545,7,10,0,0,0,5477,0.9911504424778761,-0.05242214532871972,0.9697508896797153,0.9748345318868598,6bba_7b5d3b2c,5780,0.9911504424778761,560,c636b86db97b236a7a219f50e6aaaacffea004327d4b88fcc80d246a5c77a08d,075fc5f5a52d11077f9dc2b074644618f26939e2,J_native_frozen,6bba,28cb4f29a94bfdaa6cb93fdd18a35352e0bed4bb10095ef36ae5044248a714d3,0.4436909920004837
1168,3,5,0,0,2,7460,0.9991666666666666,-0.019839705689134148,0.9931972789115646,0.99516775308205,6bba_7d3058ae,7611,0.9991666666666666,1199,ee0dff8f4cda58ed1bbc103b97bcf9ed955efe4902d47a00ecf85d7e147804c7,075fc5f5a52d11077f9dc2b074644618f26939e2,J_native_frozen,6bba,545c895d658d6efdcdfe52acee549f2d8116f6872dee93a2a12d6383764158ed,0.6059539540001424
908,22,26,0,0,3,9372,0.991,-0.11426141196484264,0.9497907949790795,0.9606432387096314,6bba_7f87b3d8,10581,0.991,991,b1fcde0a51bbf751cadbb7d6a97f2b9282220cfcda2e997df40773fe3a637990,075fc5f5a52d11077f9dc2b074644618f26939e2,J_native_frozen,6bba,033ad56da5428f43ae44588ea60059a055f9520f81d0ee7c60bfecb2b2bb47f7,0.8096087729991268
628,16,26,1,0,0,8424,0.9735294117647059,-0.06617891586298637,0.9373134328358209,0.9435164715167098,6bba_80d12824,9021,0.9735294117647059,662,d0bd00f1ff0d2c0f4f0b2abd4dcf59dc007b3b9126caf941b1875f0f936214e0,075fc5f5a52d11077f9dc2b074644618f26939e2,J_native_frozen,6bba,8f9295736377b8718cc321c417baff674e06215a965c50bd9612512617a445e1,0.5715886189991579
897,45,33,0,2,0,6885,0.9896694214876033,-0.09240706564724492,0.92,0.9285014500395465,6bba_825bd1c6,7586,0.9896694214876033,958,a701336f80750cc9b34763b8bf630989145569fb6fae780a195d35ccad06631b,075fc5f5a52d11077f9dc2b074644618f26939e2,J_native_frozen,6bba,3560fda98f3dac065cb49d14a8fcebfe984e28f406ce3de924e0bbac04aa9e70,0.4195513510003366
682,17,17,0,2,1,14017,0.994475138121547,-0.06341039689963918,0.952513966480447,0.9585538953471444,6bba_87289e13,14966,0.994475138121547,720,dad2b88584776e1e7e1e067d863dd5f92b150b5148557ecd7b73d1d5c6a72e9e,075fc5f5a52d11077f9dc2b074644618f26939e2,J_native_frozen,6bba,8d54c867cf7e51bc672b6524317e273489b5ef7927f09bd96309feb804869191,0.8693542860000889
724,0,1,1,0,1,5656,1.0,-0.029512697323266987,0.9986206896551724,1.0015678886706267,6bba_8b7818bf,5828,1.0,741,9ac111a5e03917fcbeb17e214311277d274c5084b01dee66e29cc097e9207a4f,075fc5f5a52d11077f9dc2b074644618f26939e2,J_native_frozen,6bba,a3e0870bf19cb0d012365ca8d05db74d2a24da4a0715cde758a7d22bda985e73,0.49494591700022283
913,6,8,0,0,1,6861,0.9947089947089947,-0.060908842047632084,0.9848975188781014,0.9908964156191464,6bba_907271db,7306,0.9947089947089947,940,65112978e0ed4d5b0179894fdc9dfd488f6f8e7d314ed810b23f235c7623aea9,075fc5f5a52d11077f9dc2b074644618f26939e2,J_native_frozen,6bba,e2854641e15629583768996f46cc6847ef269589aa566444d1f05167c38ee90e,0.4968140040000435
1139,8,9,0,0,0,11408,0.9974747474747475,-0.041908121273200635,0.9852941176470589,0.9894233001842712,6bba_91951b3a,11907,0.9974747474747475,1185,fb7b65aab3278c039273040e04b8957ab5e72f725a53e13af10da50dc6f9bdfd,075fc5f5a52d11077f9dc2b074644618f26939e2,J_native_frozen,6bba,149583e4174be23548c52e31ee00f51d8ed02e80e228da1e995b3bb42374d8b6,0.5719025709986454
706,4,15,0,1,0,4764,0.9841688654353562,-0.021565003080714726,0.9737931034482759,0.9758930885758599,6bba_96833384,4869,0.9841688654353562,746,281d45e17fa72e0548fa1a90fe29406618c914b091d44be84113d1205f5e317d,075fc5f5a52d11077f9dc2b074644618f26939e2,J_native_frozen,6bba,d6993a7776df193814def81e8516caa7a76ebdafd780a3eb405289e9eec8c994,0.3436039680000249
651,1,7,0,0,3,15619,0.9926362297496318,0.12463997695852534,0.9878603945371776,0.9755477048558422,6bba_969618f6,13888,0.9926362297496318,674,32a2d49a7e60fb69e5f7344ffdb7486a03830f6963234d2ee7ef53c586e8d32f,075fc5f5a52d11077f9dc2b074644618f26939e2,J_native_frozen,6bba,dadb132d29e10848110d077926ce36c92257ab8b4e63272acb702a5f117db529,1.302417932998651
767,1,0,0,1,0,4994,1.0,-0.10964521305045463,0.9986979166666666,1.0096481612512629,6bba_971fa5e0,5609,1.0,792,3067e8eb4ad94003fa7197b24918fd0f970d55036629b0b1db49270fa3f7ccb6,075fc5f5a52d11077f9dc2b074644618f26939e2,J_native_frozen,6bba,c42293123c03aadb6d803c2093e52b9d4b3e7c36534d38577b5fec42cad14c1c,0.342869198999324
1313,31,40,1,1,1,18420,0.9842969307637401,0.010366957380286326,0.9486994219653179,0.9477159093178962,6bba_9a41d029,18231,0.9842969307637401,1379,9deb0525039920f404b70db2d42b6adf4e393635fa30415f71b2e402b4e98539,075fc5f5a52d11077f9dc2b074644618f26939e2,J_native_frozen,6bba,15755cb1848191cb91837f99ff8afc9004a18c0a85be80b0e36683e80a3fc00c,1.2483841339999344
866,22,25,1,0,0,7483,0.9846827133479212,-0.029190451478982873,0.9485213581599123,0.9512901348281269,6bba_9e23430b,7708,0.9846827133479212,900,b19a7ce4e082cd31f9ce7af2685cc5075f80b79553908f5830ebc74062cb597d,075fc5f5a52d11077f9dc2b074644618f26939e2,J_native_frozen,6bba,f4d9b80e1c55f1fcb36e88a0e99fa101226637546dc21094510c234f3d6c3959,0.6235981949994311
688,10,10,0,1,0,7970,0.9973009446693657,-0.05568720379146919,0.9717514124293786,0.977162824323239,6bba_a5e926bb,8440,0.9973009446693657,739,97304bd94062c1ad78be5b5aab86e19b4d58d3c9f4aa005860d0264a268ca457,075fc5f5a52d11077f9dc2b074644618f26939e2,J_native_frozen,6bba,b4f4c029f30af81d88df40e5d27100c0399b0b538ecbadf53a5f8c8321509861,0.43248333599876787
875,197,237,0,0,0,31250,0.8936355710549259,-0.15302471812662619,0.6684491978609626,0.6786781228694269,6bba_a90a0b9c,36896,0.8936355710549259,1025,9a0995603c0727ef35234936e2869df412758e881b9381a5f8b4e8b919688180,075fc5f5a52d11077f9dc2b074644618f26939e2,J_native_frozen,6bba,3277a65aac3dce59b661b76ae17f8a6aa701dfe9301802388f1b1dccab405f10,1.4645988130014302
944,106,194,0,1,2,13533,0.8897370653095844,0.46445189914511414,0.7588424437299035,0.7235978623156762,6bba_ab78413d,9241,0.8897370653095844,1049,56cf152fc9a97b9ddffbb11f9feda3c3935720e5f30c7c8f1e84a20114244e5f,075fc5f5a52d11077f9dc2b074644618f26939e2,J_native_frozen,6bba,8b064d77ea98f4376c9f2337b8254dc0aaaacb698c168b571932e2cd6443626b,1.0504526750009973
306,23,24,0,1,0,19831,0.9859550561797753,0.006139015728056824,0.8668555240793201,0.8663233601096925,6bba_acd782a8,19710,0.9859550561797753,351,cd09855e8e8d7d1283075d3643b50869a3b7828f41401dc835a58057cc733b8f,075fc5f5a52d11077f9dc2b074644618f26939e2,J_native_frozen,6bba,468a326f52838bca5d17898327410483d562d9610f70b258866f7dea78abc03d,0.7714157089994842
1464,11,7,0,2,0,7130,0.9979933110367893,-0.036876941780359315,0.9878542510121457,0.9914971553823513,6bba_ae82a791,7403,0.9979933110367893,1492,210218701810cea264bed42a358e3a02b59b99c5c64fad9b59487ac0c2e5348a,075fc5f5a52d11077f9dc2b074644618f26939e2,J_native_frozen,6bba,28eded4f56ce161d42d4f886fb80dd6dac037b327e9cde1661de6e21dec48e97,0.49036888200134854
762,4,6,0,0,1,4950,0.9962264150943396,-0.0166865315852205,0.9870466321243523,0.9886936706046553,6bba_aeee7805,5034,0.9962264150943396,792,a7fb7d44fd3962454580a876b9c980107b3ddc27be7e75c2ece398ae9e6353e6,075fc5f5a52d11077f9dc2b074644618f26939e2,J_native_frozen,6bba,607090fb9469006abb02ea2d3324b7396689a2e0154a47337b89cb53e86c4498,0.37424596900018514
1273,27,44,0,0,0,7815,0.98,-0.12515392365386768,0.9471726190476191,0.959026856012751,6bba_af149c94,8933,0.98,1323,835b237d0c6aa20f072a811c973534f2f7ad3eb9373c20004659d240c4a6a91c,075fc5f5a52d11077f9dc2b074644618f26939e2,J_native_frozen,6bba,45acffba027656cba1365398ae0d091bd6caeac9c9b83fcf751866ebffcf8f01,0.4669698710004013
614,20,12,1,1,3,5573,1.0,-0.07945160224644864,0.9504643962848297,0.9580159882011329,6bba_afb141ff,6054,1.0,654,c5a07aeaa5b97f349ccb9ebe649ad0e9396f9cad542ebf044a9d402d522453fe,075fc5f5a52d11077f9dc2b074644618f26939e2,J_native_frozen,6bba,b1bf2ec774d268c5c69155b673d5b61d09ebe6a10f015f1651ef21977433736e,0.5936893409998447
546,39,33,0,0,0,22942,0.9836601307189542,-0.05580706230965512,0.883495145631068,0.888425672495319,6bba_b1ae37b9,24298,0.9836601307189542,602,6ba13ec0fa8917af23b8be8057383c747e12f8d7c2d60f6ade95756c9b8ffc96,075fc5f5a52d11077f9dc2b074644618f26939e2,J_native_frozen,6bba,5b66ec537aef81c709723e2cc11419ffc70f628c57dd7263f3120193a36682cb,1.0023160230011854
795,7,16,0,0,2,5391,0.9854721549636803,0.058719560094265516,0.9718826405867971,0.966175788474946,6bba_b204cac7,5092,0.9854721549636803,814,9a793f69fbb4fcf9ded1e3a2d94554f92684397b442f389338bbfcb09a1c4405,075fc5f5a52d11077f9dc2b074644618f26939e2,J_native_frozen,6bba,7ef731b18adc698052a2033445a04f8dbf4fa0114539caae7e3556a006ff36af,0.4761294700001599
852,623,416,0,3,1,64929,0.9635258358662614,0.039446089810293766,0.45055526176626126,0.44877799743424807,6bba_b329af44,62465,0.9635258358662614,1268,e7e2a81acbb84d25fc8fb7ade83eed7566eac64e0b010bbbfb4c9a21edbcfffa,075fc5f5a52d11077f9dc2b074644618f26939e2,J_native_frozen,6bba,10eb5a7afd39f021cda5a1f27b312dea2a35ef9e8e1ccb8313a5ad2cf6df0f33,3.0721596729999874
926,11,9,0,0,0,6138,0.9969481180061037,0.1043540842029507,0.9788583509513742,0.96864356427358,6bba_b693381b,5558,0.9969481180061037,980,53e530d7fe691a336a6d45da101cc66e3346d0e19635bbcedb2b20503a52c6cb,075fc5f5a52d11077f9dc2b074644618f26939e2,J_native_frozen,6bba,3a14d2f79aefb1898b6a42d88072e03aca8c777eefa43856b61b11f16fc9af91,0.3547015799995279
1798,87,81,0,1,3,22931,0.9880519480519481,-0.006068224177538902,0.9145473041709054,0.9151022719771725,6bba_bb9f20c3,23071,0.9880519480519481,1902,7c77f7b8af9e7506398fc4cd24dce53f7442a4e7a9716b1f608d8c55cbec9025,075fc5f5a52d11077f9dc2b074644618f26939e2,J_native_frozen,6bba,ce197916694d318271ebf6488445ee968ec343875e6b3303d8778e42dcd2fd00,1.7583107619993825
855,5,6,0,1,0,6537,0.9955156950672646,-0.036551215917465,0.9872979214780601,0.9909066154283409,6bba_bbb708ca,6785,0.9955156950672646,888,c8219114c47a6e063827c4be4d2506a9038a95d2e884a757d9d1ea6f69859b6f,075fc5f5a52d11077f9dc2b074644618f26939e2,J_native_frozen,6bba,985bda012de967a3c603c018f55993dba06d9175b0f917089e7197c76703899a,0.38489988899891614
479,13,14,0,0,0,6388,0.9864603481624759,-0.008844065166795966,0.9466403162055336,0.9474775310701373,6bba_c27cba08,6445,0.9864603481624759,510,f1667e5336df8555c2c0d2b2fb41e904c7ae7964c66a72a1faf9d67aa262f790,075fc5f5a52d11077f9dc2b074644618f26939e2,J_native_frozen,6bba,17717944d987df85dba214d6b65b3f0c4e59da6f0bd16b87eac702bdfc95fe7d,0.3618913589998556
443,27,57,0,0,2,31074,0.9217221135029354,-0.004931471756116306,0.8406072106261859,0.8410217536979049,6bba_c328f2fd,31228,0.9217221135029354,471,4418436e04a25bb3c572b91d4b3fa4c252d1186e7b32ace990e9bd997b997e19,075fc5f5a52d11077f9dc2b074644618f26939e2,J_native_frozen,6bba,dcb18f571f63be2f9f69e2e0abfb1cbf576ca5bc73917b2d64c5a89276ee7c33,2.106271991999165
547,99,163,0,2,0,24050,0.8738127544097694,0.47410358565737054,0.6761433868974042,0.6440871864827463,6bba_c73a1d11,16315,0.8738127544097694,644,a850be0340a777abe3f12bfc709398adee788e36fda46eacd9ffd8b38a0642bf,075fc5f5a52d11077f9dc2b074644618f26939e2,J_native_frozen,6bba,dde2c47d285222085e468e2b292c089ebfed67780fde42204d1f4c595b1cd4f7,1.0479797879997932
1329,18,19,1,2,3,28332,0.9992952783650458,-0.048782944435118346,0.972913616398243,0.9776597754871355,6bba_cdcfe533,29785,0.9992952783650458,1418,0c4f7ebb53b8cbdbb1462c11f99a78ef272a8e3ae91e5a22f77e37013cb5c8e1,075fc5f5a52d11077f9dc2b074644618f26939e2,J_native_frozen,6bba,8f74b18d254a7b0fe69deec626ff78b06068e4c95e893a3f360dee2db93cd538,2.3495810750009696
813,3,4,0,0,0,35110,1.0,0.006305531670965893,0.9914634146341463,0.9908382442379884,6bba_cf35214c,34890,1.0,842,4c34a34db08e7e56afe4135c60cc121f4574bae42bb4c4656cafb9374f602314,075fc5f5a52d11077f9dc2b074644618f26939e2,J_native_frozen,6bba,298cbb2186d7842768ca70a2c950c7f37af3143dea03660870d74982f6c26514,1.4226723209994816
1430,58,71,0,1,0,47071,0.9929980903882877,0.015292696604978215,0.9172546504169339,0.9158519207091007,6bba_cff5865f,46362,0.9929980903882877,1560,3d3d50b49d7c1c731f2fe1f52829dfd72096f580767505c7d6e197f451733ec7,075fc5f5a52d11077f9dc2b074644618f26939e2,J_native_frozen,6bba,7d2da5e35eab3bb3b4eccdcfa39ceb0387e28df6be00992e962eb206afb024e0,2.0426264899997477
813,0,0,0,0,0,5722,1.0,-0.06365570283096056,1.0,1.006365570283096,6bba_d0fc38b5,6111,1.0,835,1d3620fcac0f096a238bac4ae73f050119df20c3293de6530e5356113f342970,075fc5f5a52d11077f9dc2b074644618f26939e2,J_native_frozen,6bba,9417537c24450e1c34add04fc58740b95c70e91bde81cc67eec4fe231559d1a3,0.36729629599904
609,28,34,0,3,1,16237,0.9750367107195301,0.10313200625042462,0.9076005961251863,0.8982403290899391,6bba_d1acb6ff,14719,0.9750367107195301,664,ffce0ea33a3f917825a6fcaed57ee2eb329935999c5de8cf4ea52d3f035e320b,075fc5f5a52d11077f9dc2b074644618f26939e2,J_native_frozen,6bba,b7c0e2f4c936584411f5c799fc5ed43ec007197e9c69fb5107347d88e30d0bd5,0.8900659390001238
917,7,4,0,2,2,18818,1.0,-0.06740013876499157,0.9881465517241379,0.9948066731947734,6bba_d2b9fc0c,20178,1.0,944,0356cb99f88b951d9660917b2fa0b92b408d56dea4240c25d9eb6951b21b6e8f,075fc5f5a52d11077f9dc2b074644618f26939e2,J_native_frozen,6bba,c1a4622dad474fd57575969e1324ab5f44577fb6c3a07b5e723492b0642addcf,1.3043710889996873
835,23,22,0,1,1,15964,0.9988726042841037,-0.07433607793111446,0.9488636363636364,0.9559171164855091,6bba_d3da753b,17246,0.9988726042841037,886,78bf44b2ec3e82be4d133e875cf470c2cb57475ebe3404cb3261fbce073ba77d,075fc5f5a52d11077f9dc2b074644618f26939e2,J_native_frozen,6bba,a872fa7d1654e88164d5fa058d08a7071c2dd69ee925f30a2c310ea271ccafce,0.8958883300001617
519,0,0,0,0,0,4129,1.0,-0.08630227926532419,1.0,1.0086302279265325,6bba_d5eae175,4519,1.0,528,5eb2afaf99624db04f89b0b0091774f727da98f5578e8d49a5fc222483b93876,075fc5f5a52d11077f9dc2b074644618f26939e2,J_native_frozen,6bba,5a706371d97be15d93373dc82bcdb4ad33457988051784aedf679961ed449878,0.3733738879982411
851,7,11,0,0,0,6064,0.9932279909706546,0.13155439447658146,0.9792865362485615,0.9664035915190367,6bba_d6ecebbb,5359,0.9932279909706546,880,15795c86983e706d9131a8e3c24a5974a2a40e9c51db87cd20591bbaa030a480,075fc5f5a52d11077f9dc2b074644618f26939e2,J_native_frozen,6bba,99bd49638b6d1ac5f8a37140536f0a90d098a6dfc8579e1cdb564b514fa4d315,0.3650821300016105
510,20,20,0,0,0,28866,0.9889908256880734,0.041492278828113724,0.9272727272727272,0.9234252614177567,6bba_d82a4fc6,27716,0.9889908256880734,539,daddda4488b6d3214b4013763e248773d905325de42c5b49b43f90aac96eb000,075fc5f5a52d11077f9dc2b074644618f26939e2,J_native_frozen,6bba,64aa252ea4de813f2804c967bb49e7655eead9198d6539d7a7e142345404f51e,1.2545491559994844
718,6,11,1,0,3,11795,0.9921671018276762,-0.0010163462352841535,0.9768707482993197,0.9769700321900592,6bba_debd7bfa,11807,0.9921671018276762,760,4049cd27ebbab14dc88846fd041128b2a16f1a90bc459e2a8a3df5c0f9ea7463,075fc5f5a52d11077f9dc2b074644618f26939e2,J_native_frozen,6bba,4955e427e283e8ca374bd618e27a0d2a9fe2c179912b764f43dc4ac5d73038c5,1.066725602000588
647,3,7,2,0,2,21988,0.9955089820359282,0.14288684443058372,0.984779299847793,0.9707080991862119,6bba_df673a83,19239,0.9955089820359282,665,5eea5d4fc0503e1cdb3788be0ab9f4151409dcca581c93bbd8cefa8516106850,075fc5f5a52d11077f9dc2b074644618f26939e2,J_native_frozen,6bba,c66cba265ccaf4ded8e95d98722482cd1c077b1326ca42e234222acdda126f83,1.913877417000549
935,10,7,0,0,1,5937,0.9989626556016598,-0.06753573111355426,0.9821428571428571,0.9887758307343669,6bba_e16ffc58,6367,0.9989626556016598,963,4b2a0c862b6509548543c713d55de57c923983c99018a8747e498a1dabc4bb10,075fc5f5a52d11077f9dc2b074644618f26939e2,J_native_frozen,6bba,319ef2c1e706288ba6369f12a8fd4f6c306e1f1d3dfa6267b3defa078c4f7732,0.43453629200121213
622,9,12,0,0,0,5169,0.9894894894894894,-0.07943009795191451,0.9673405909797823,0.9750241867692209,6bba_e5e44988,5615,0.9894894894894894,659,11d09b6963f5dd797cd7d7be3c3254c3c39349094570db537f3741110e511706,075fc5f5a52d11077f9dc2b074644618f26939e2,J_native_frozen,6bba,36400e9adc97fc7d05fbdd425b9e5735c5b0e1b768abde0f7c9f4d0a38890572,0.3370438469992223
592,321,211,0,1,2,59543,0.9822904368358913,0.04742554576318891,0.5266903914590747,0.5241925335327573,6bba_ebdf3b34,56847,0.9822904368358913,832,392d530eb39a2382168ad25b0e6c9e39f9845d7a8140a0d7a37f10f4bd2a4955,075fc5f5a52d11077f9dc2b074644618f26939e2,J_native_frozen,6bba,e906ca1675c6f9875c46dee095b21fbf9ba5455e74aa521fcd73fa0a9a0ecb69,3.669318394000584
1034,259,230,0,0,0,51671,0.9446130500758725,0.24221078949899028,0.6789231779382797,0.6624789260445203,6bba_ebff6e76,41596,0.9446130500758725,1245,379aea35394e06e86d836bed157289476036f820f7f6202e91e3fc98d079b51b,075fc5f5a52d11077f9dc2b074644618f26939e2,J_native_frozen,6bba,b60c8a2d1c9d0c0bf256548949112ed4776016edeec751426358950424eb622d,2.1568732449995878
497,2,11,0,0,0,4352,0.9830508474576272,-0.02048165653837497,0.9745098039215686,0.9765057614312888,6bba_ed9377fd,4443,0.9830508474576272,522,6993c787d5074a4f636b891d35729af07496f95839e2a2914e1880e1ac91b5d3,075fc5f5a52d11077f9dc2b074644618f26939e2,J_native_frozen,6bba,512991b898206474ff0eaccb88a184161fd05d792ac7833cdab6a5aa676f5b2f,0.31744229899959464
620,218,140,0,1,0,50946,0.9987515605493134,-0.1400357854225043,0.6339468302658486,0.6428243544950872,6bba_edf14583,59242,0.9987515605493134,800,8761d075c3af50e6d9908c752b6cd707cceb207e8cf3dd996d71725a7eb05154,075fc5f5a52d11077f9dc2b074644618f26939e2,J_native_frozen,6bba,9ff0710835cccc159abdb5fe223168dc320c482bd15f024a0af0f79d9af0c1de,1.9576009330012312
928,71,61,0,1,0,8497,0.9775828460038987,-0.09093826896330373,0.8754716981132076,0.8834330861884855,6bba_eebc57a5,9347,0.9775828460038987,1003,96029403e0333d55ad10ec7c416da5ce0fbff6144d8131b2129a53620554e6dc,075fc5f5a52d11077f9dc2b074644618f26939e2,J_native_frozen,6bba,f77e8ac8b76f09c71bec39664a43ebf03c98b9e5af619aa470f9c12cf7ab5384,0.5644815870000457
1178,8,23,0,0,2,5839,0.9878444084278768,-0.0438840674635664,0.9743589743589743,0.9786348578554244,6bba_ef7b4f7e,6107,0.9878444084278768,1219,18152ec7297f3dddd9e5b7870173e72792283e79ddc3c647a602d12eb3442ef3,075fc5f5a52d11077f9dc2b074644618f26939e2,J_native_frozen,6bba,44f262aa82a234a3019a41e9e1649467b365254ed2c4f2ffe8cccc7337b611e0,0.5539982530008274
910,88,105,0,1,0,25861,0.9666048237476809,0.03597324039578576,0.8250226654578422,0.8220547915901935,6bba_f17befbc,24963,0.9666048237476809,1042,6e391ac70470093d162d649a8b4865336cfa844a5358a4dcb3baad14d9c84217,075fc5f5a52d11077f9dc2b074644618f26939e2,J_native_frozen,6bba,a8445d901d3353debe96e08863d5f6e5ef0523378ffda7bf667de159cdb7aec3,1.0707282880011917
430,12,16,0,1,0,7985,0.9789915966386554,-0.11670353982300885,0.9388646288209607,0.9498215113807628,6bba_f1fde7e0,9040,0.9789915966386554,466,ea7b6abd706af9d30d5a557e97318add72c48c367b83d80b48d4977b474178e4,075fc5f5a52d11077f9dc2b074644618f26939e2,J_native_frozen,6bba,fcc3a66ec4776578ece640bbf6ebbf2e48121acb4fda9df798d55a9e6bbef9e6,0.5672888859990053
943,12,20,0,1,1,5244,0.9910269192422732,-0.1220492214967353,0.9671794871794872,0.9789838375252741,6bba_f20478e9,5973,0.9910269192422732,994,31dad3e4db961ffc91c83cd2eec3525b509cb446e2586742e2a58bcaa7487616,075fc5f5a52d11077f9dc2b074644618f26939e2,J_native_frozen,6bba,b31abcd8a461f82a30b519b1a1a460335b2058b8da9f5dc7d097e9f7b5d462ce,0.4280071859993768
958,6,7,0,0,0,9341,0.996003996003996,0.04919689992137482,0.9866117404737385,0.9817579165680045,6bba_f4ae811c,8903,0.996003996003996,997,2d9577b1360eb31a6964e24e369c9a797a629fbcfd3369055b311241512a5fdc,075fc5f5a52d11077f9dc2b074644618f26939e2,J_native_frozen,6bba,a63b4a03ffe58112e35082d66d15af57d738a5ef242bebdd9a13a4e93dc76930,0.4744455550007842
356,18,14,0,0,2,31453,0.9948586118251928,0.06475964793500338,0.9175257731958762,0.9115839085915306,6bba_f8ffd5e7,29540,0.9948586118251928,387,473be708776b165d624c0dd12649bdd01f78e1ae2b809ef64c5ea0cbb6571e1b,075fc5f5a52d11077f9dc2b074644618f26939e2,J_native_frozen,6bba,1f3042ab773340f4806f6542431df16fa82ce98b378a92c2c81d04086a5afc76,1.9616124639996997
635,6,4,0,0,0,4977,1.0,0.01799959091838822,0.9844961240310077,0.982724071281678,6bba_fbc898dc,4889,1.0,655,63fc5ca5b8d201d5decd6d48cce7c9584cf92550203a376f9e148511e2efd19f,075fc5f5a52d11077f9dc2b074644618f26939e2,J_native_frozen,6bba,fab57b56f4d7ccf7d489e4687e415e3bcca2d588adf6a750829a7d4d3663cb0c,0.3305879939998704
744,16,18,0,0,0,6975,0.9911167512690355,-0.11327231121281464,0.9562982005141388,0.9671304112522281,6bba_fc516dc6,7866,0.9911167512690355,781,977f0970cbba1a61449830f6aef4953b68b259797596084dbe2fdfcfe81705d8,075fc5f5a52d11077f9dc2b074644618f26939e2,J_native_frozen,6bba,f1e37634ef53884b6ec805fe5a65c2db2147ecc71720d300c0a02e96f52232c9,0.40568490799887513
429,10,29,0,0,2,17688,0.9532908704883227,0.2616262482168331,0.9166666666666666,0.8926842605801236,6bba_fc5f39dc,14020,0.9532908704883227,449,bf67d1d7a4551da591f98cdb5b0e30d9be7359a1a5a011daaf2f7e8a1a85126a,075fc5f5a52d11077f9dc2b074644618f26939e2,J_native_frozen,6bba,afd716b00787bfdc7fb5eaad23c47f34860556301ed147c453d5c8dc78a13de0,1.236245311998573
838,68,85,0,1,0,12254,0.9508881922675027,-0.06365095132574311,0.8456104944500504,0.8509928856923281,6bba_fc83837d,13087,0.9508881922675027,910,d77979d4b9dc4f650125db8d1e32fa9f7ee744cd2bdeb83917a3c63b337a1cd9,075fc5f5a52d11077f9dc2b074644618f26939e2,J_native_frozen,6bba,d3eb8f3e4cbc1afae069446c2866aadd7ce4b0402026be88412d0ceafff69b38,0.6397248560006119
672,5,8,0,0,2,9874,0.9916201117318436,-0.08877814691768181,0.981021897810219,0.9897312284275447,6bba_fe670320,10836,0.9916201117318436,710,13f6bf5c584e828878d1c20630f236773587b7cac287f9964d37e0d9c710c551,075fc5f5a52d11077f9dc2b074644618f26939e2,J_native_frozen,6bba,fae54c692b9ecdd674436038abd3289f12fd756d1c9f83a66c13ef44541cb975,0.7239469760006614
