embryo,variant_id,model_id,policy,seed,requested_keep,source_rule_role,baseline_score,delta,n,edge_jaccard,division_jaccard,division_tp,division_fp,division_fn,node_recall,adj_edge_jaccard,n_adj,score,edge_tp,edge_fp,edge_fn,num_pred_nodes,realized_keep,prevalence,annotation_recall,specificity,precision,phi,deleted_annotation_rate,deleted_rate_relative_to_population,candidate_nodes,matched_nodes,kept_matched_nodes,old_tp_endpoint_survival,old_tp_rematched_survival,newly_recovered_tp,baseline_edge_jaccard,baseline_division_jaccard,baseline_adj_edge_jaccard,baseline_edge_tp,baseline_edge_fp,baseline_edge_fn,baseline_count_ratio_of_sums,filtered_count_ratio_of_sums,baseline_count_ratio_mean_of_ratios,filtered_count_ratio_mean_of_ratios,rematched_nodes,rematched_gt_node_recall,gt_node_recall_mean_of_ratios,fp_retained_ratio,alpha0_score,alpha0_delta,count_effect,graph_effect,division_effect,count_share_of_positive_delta,break_even_weighted_tp_ratio,measured_weighted_tp_ratio
44b6,identity__identity__s20260908__r1,identity,identity,20260908,1.0,baseline,0.9125211431134657,0.0,71,0.8881690940041611,0.09803921568627451,5,25,21,0.9885509592005769,0.9027172215448382,71,0.9125211431134657,18783,1322,1043,1980130,1.0,0.01009024659997071,1.0,0.0,0.01009024659997071,,,,1980130,19980,19980,1.0,1.0,0,0.8881690940041611,0.09803921568627451,0.9027172215448382,18783,1322,1043,0.7560720435896555,0.7560720435896555,0.8334933498200422,0.8334933498200422,19980,0.9892558300737734,0.9885509592005771,1.0,0.8979730155727885,0.0,0.0,0.0,0.0,,1.0000000000000002,1.0
44b6,random__random_nodes__s0__r0.9,random,random_nodes,0,0.9,preregistered_descriptive,0.9125211431134657,-0.1733122504170599,71,0.7124395686128673,0.09090909090909091,4,18,22,0.9149399308856603,0.7301179836054967,71,0.7392088926964058,15326,1686,4500,1782150,0.9000166655724624,0.01009024659997071,0.9002002002002002,0.0999852052138867,0.010092304239261565,6.177062846505433e-05,0.010071724416607739,0.9981643478006748,1980130,19980,17986,0.8108928286216259,0.8102007134110631,108,0.8881690940041611,0.09803921568627451,0.9027172215448382,18783,1322,1043,0.7560720435896555,0.6804774396041192,0.8334933498200422,0.7501634547552392,18470,0.9144922513244541,0.9149399308856603,1.275340393343419,0.7215304777037763,-0.1764425378690122,0.006687891146049174,-0.17928712908539068,-0.0007130124777183777,,1.009710011365294,0.8160092608832314
44b6,random__random_nodes__s0__r0.8,random,random_nodes,0,0.8,preregistered_descriptive,0.9125211431134657,-0.32478562548284484,71,0.5639878206311127,0.05,2,14,24,0.8345981612209481,0.5827355176306208,71,0.5877355176306208,12225,1850,7601,1584130,0.800013130451031,0.01009024659997071,0.8019519519519519,0.20000663214549907,0.010114700182434523,0.0004893748170932066,0.009992424242424242,0.9903052560135893,1980130,19980,16023,0.6420699568758984,0.6412713624021722,180,0.8881690940041611,0.09803921568627451,0.9027172215448382,18783,1322,1043,0.7560720435896555,0.6048675624386687,0.8334933498200422,0.6668090832503406,16918,0.83764915581522,0.8345981612209481,1.399394856278366,0.5689878206311128,-0.3289851949416758,0.012132419178293663,-0.33211412309251076,-0.004803921568627745,,1.0137418434448957,0.6509417244616433
44b6,random__random_nodes__s0__r0.7,random,random_nodes,0,0.7,preregistered_descriptive,0.9125211431134657,-0.4531091744103406,71,0.4385948651404208,0.02564102564102564,1,13,25,0.7506490510301789,0.4568478661390225,71,0.45941196870312506,9464,1752,10362,1386126,0.7000176756071571,0.01009024659997071,0.7014014014014014,0.29999642884473127,0.010110192002747225,0.00030486024141738473,0.01004370340940465,0.9953873089121336,1980130,19980,14014,0.4909226428153117,0.49007080871000375,259,0.8881690940041611,0.09803921568627451,0.9027172215448382,18783,1322,1043,0.7560720435896555,0.5292637945451838,0.8334933498200422,0.5834659912368062,15220,0.7535772639500916,0.7506490510301786,1.325264750378215,0.44115896770452334,-0.4568140478682652,0.016626022350793468,-0.462495377756609,-0.007239819004525083,,1.003743687237783,0.5039338575678836
44b6,random__random_nodes__s0__r0.5,random,random_nodes,0,0.5,preregistered_descriptive,0.9125211431134657,-0.6589402248941576,71,0.2365617086339529,0.03225806451612903,1,5,25,0.5646172945034681,0.2503551117676952,71,0.2535809182193081,4951,1103,14875,990081,0.5000080802775575,0.01009024659997071,0.4983983983983984,0.49997551207815727,0.010057762950708073,-0.00032502976905166123,0.01012273129915792,1.0032194157858645,1980130,19980,9958,0.2476175264867167,0.24724484906564448,307,0.8881690940041611,0.09803921568627451,0.9027172215448382,18783,1322,1043,0.7560720435896555,0.3780421310667934,0.8334933498200422,0.4167575610853458,11422,0.5655295340892211,0.5646172945034681,0.8343419062027232,0.2397875150855658,-0.6581855004872227,0.02349810463678638,-0.6758602144139291,-0.006578115117014838,,0.9574699255889716,0.2636189591767102
44b6,random__random_nodes__s0__r0.3,random,random_nodes,0,0.3,preregistered_descriptive,0.9125211431134657,-0.8107979418060248,71,0.0946152707171413,0.0,0,0,26,0.35679296587526604,0.10172320130744081,71,0.10172320130744081,1917,435,17909,594067,0.30001414048572567,0.01009024659997071,0.3021021021021021,0.7000071423105375,0.010160470115323693,0.00046000240613077283,0.01006014878111601,0.9970171374349972,1980130,19980,6036,0.09103977000479156,0.09088005111004632,210,0.8881690940041611,0.09803921568627451,0.9027172215448382,18783,1322,1043,0.7560720435896555,0.2268323043028366,0.8334933498200422,0.2500646771177634,7289,0.3608951824528395,0.3567929658752661,0.3290468986384266,0.0946152707171413,-0.8033577448556473,0.028739213465520747,-0.829733233702918,-0.009803921568627638,,0.9157261840271246,0.10208048291622232
44b6,random__random_nodes__s0__r0.1,random,random_nodes,0,0.1,preregistered_descriptive,0.9125211431134657,-0.8991120514045474,71,0.012281673126289827,0.0,0,0,26,0.12688038493181122,0.01340909170891823,71,0.01340909170891823,244,41,19582,198043,0.10001515052042037,0.01009024659997071,0.10345345345345346,0.9000198964364972,0.010437127290537914,0.001157035623616347,0.010051697812733048,0.99617959909545,1980130,19980,2067,0.011233562263749134,0.011233562263749134,33,0.8881690940041611,0.09803921568627451,0.9027172215448382,18783,1322,1043,0.7560720435896555,0.07561865924390122,0.8334933498200422,0.08336721359933046,2601,0.1287815022032975,0.12688038493181125,0.031013615733736764,0.012281673126289827,-0.8856913424464987,0.03387362191042569,-0.9231817517463454,-0.009803921568627638,,0.8841626786699102,0.012992376706402995
44b6,random__random_tracklets__s0__r0.9,random,random_tracklets,0,0.9,preregistered_descriptive,0.9125211431134657,-0.0710440876303764,71,0.8094386674822378,0.12195121951219512,5,15,21,0.917247679958806,0.8292819335318697,71,0.8414770554830893,17203,1427,2623,1783412,0.9006539974648129,0.01009024659997071,0.8976476476476476,0.09931535851848072,0.010056565729063167,-0.0010147017587075588,0.010395591659126261,1.0302614070062905,1980130,19980,17935,0.8978863866262046,0.897779907363041,340,0.8881690940041611,0.09803921568627451,0.9027172215448382,18783,1322,1043,0.7560720435896555,0.6809593084304135,0.8334933498200422,0.7509308133181319,18431,0.9125612714759618,0.9172476799588059,1.079425113464448,0.8216337894334573,-0.0763392261393312,0.00704625707012313,-0.08048154508309141,0.002391200382591885,,0.9941908102861462,0.9157399187345452
44b6,random__random_tracklets__s0__r0.8,random,random_tracklets,0,0.8,preregistered_descriptive,0.9125211431134657,-0.15179247411461283,71,0.7313964386129335,0.05405405405405406,2,11,24,0.8345032003364411,0.7553232635934475,71,0.7607286689988528,15608,1514,4218,1585587,0.8007489407261139,0.01009024659997071,0.7971971971971972,0.1992148560059179,0.01004549103896538,-0.000897730913626031,0.010270109975338556,1.017825468742099,1980130,19980,15928,0.797902358515679,0.7973167225682798,632,0.8881690940041611,0.09803921568627451,0.9027172215448382,18783,1322,1043,0.7560720435896555,0.6054238880170448,0.8334933498200422,0.667621619849139,16855,0.8345298806753478,0.834503200336441,1.1452344931921332,0.7368018440183388,-0.1611711715544497,0.013508453267346177,-0.16090241121873683,-0.004398516163222177,,0.9976557507353463,0.8307127373758679
44b6,random__random_tracklets__s0__r0.7,random,random_tracklets,0,0.7,preregistered_descriptive,0.9125211431134657,-0.2116575998164757,71,0.6702859549773015,0.029411764705882353,1,8,25,0.7695293162266726,0.6979223668264017,71,0.70086354329699,14322,1541,5504,1387783,0.7008544893517092,0.01009024659997071,0.7200700700700701,0.2993413769354386,0.010366894536105429,0.004236931354829546,0.009442100660592524,0.9357651041571108,1980130,19980,14387,0.7209178512484694,0.7202257360379066,794,0.8881690940041611,0.09803921568627451,0.9027172215448382,18783,1322,1043,0.7560720435896555,0.5298964860231312,0.8334933498200422,0.5845700672596423,15558,0.7703124226370253,0.7695293162266726,1.165658093797277,0.6732271314478897,-0.22474588412489882,0.019480864127605024,-0.2242757188460412,-0.006862745098039524,,0.9936177716989032,0.7624047278705576
44b6,random__random_tracklets__s0__r0.5,random,random_tracklets,0,0.5,preregistered_descriptive,0.9125211431134657,-0.3862781551126834,71,0.4940233441147518,0.03333333333333333,1,4,25,0.5776338581475529,0.522909654667449,71,0.5262429880007823,10539,1507,9287,991429,0.5006888436617798,0.01009024659997071,0.5108108108108108,0.4994143305359284,0.010294231861283058,0.002043847178227507,0.009885698507435514,0.979728137413828,1980130,19980,10206,0.5105148272373955,0.5099291912899963,961,0.8881690940041611,0.09803921568627451,0.9027172215448382,18783,1322,1043,0.7560720435896555,0.37855683722990335,0.8334933498200422,0.41764228650089613,11655,0.5770659008763678,0.577633858147553,1.1399394856278366,0.49735667744808515,-0.4006163381247034,0.02875259043399725,-0.4085601573113864,-0.006470588235294228,,0.9759058295631563,0.5612818109035448
44b6,random__random_tracklets__s0__r0.3,random,random_tracklets,0,0.3,preregistered_descriptive,0.9125211431134657,-0.5679215569507845,71,0.32041578846522323,0.0,0,1,26,0.390604328917901,0.34459958616268116,71,0.34459958616268116,6689,1050,13137,595577,0.300776716680218,0.01009024659997071,0.3125125125125125,0.6993429074305538,0.010483950857739637,0.002583661336349387,0.009920891435719687,0.9832159538844657,1980130,19980,6244,0.31310227333226853,0.3130490337006868,809,0.8881690940041611,0.09803921568627451,0.9027172215448382,18783,1322,1043,0.7560720435896555,0.2274088668445992,0.8334933498200422,0.25105392813306765,7447,0.3687181264544239,0.39060432891790103,0.794251134644478,0.32041578846522323,-0.5775572271075653,0.035082582142588886,-0.5932002175247457,-0.009803921568627638,,0.9436020624018298,0.3563368176834572
44b6,random__random_tracklets__s0__r0.1,random,random_tracklets,0,0.1,preregistered_descriptive,0.9125211431134657,-0.8224510167370913,71,0.08249814860528265,0.0,0,0,26,0.08142260771105984,0.09007012637637431,71,0.09007012637637431,1671,429,18155,199479,0.10074035543120906,0.01009024659997071,0.06586586586586586,0.8989041654975385,0.006597185668666877,-0.011698135749684379,0.010481559834015762,1.0387813350415231,1980130,19980,1316,0.06436671458233509,0.06431347495075335,463,0.8881690940041611,0.09803921568627451,0.9027172215448382,18783,1322,1043,0.7560720435896555,0.07616696640282249,0.8334933498200422,0.08438685240828428,1961,0.09709362776649998,0.08142260771105984,0.3245083207261725,0.08249814860528265,-0.8154748669675058,0.03641550237745853,-0.8490625975459223,-0.009803921568627652,,0.9014981061233035,0.08898210080869508
44b6,random__random_nodes__s1__r0.9,random,random_nodes,1,0.9,preregistered_descriptive,0.9125211431134657,-0.1846570056353769,71,0.7033843300880853,0.07142857142857142,3,16,23,0.9096386427130029,0.7207212803352316,71,0.7278641374780888,15172,1744,4654,1782150,0.9000166655724624,0.01009024659997071,0.8966466466466466,0.099948983496161,0.010052464719580283,-0.0011342175019101834,0.010430346499646428,1.0337058065237679,1980130,19980,17915,0.803865197252835,0.803226321673854,85,0.8881690940041611,0.09803921568627451,0.9027172215448382,18783,1322,1043,0.7560720435896555,0.6804774396041192,0.8334933498200422,0.7501634547552392,18413,0.9116700500074268,0.9096386427130029,1.319213313161876,0.7105271872309424,-0.1874458283418461,0.0066565628150772604,-0.18865250402468364,-0.0026610644257705207,,1.0146154522468553,0.8076789107078304
44b6,random__random_nodes__s1__r0.8,random,random_nodes,1,0.8,preregistered_descriptive,0.9125211431134657,-0.3288308140078685,71,0.5624248589660594,0.02702702702702703,1,11,25,0.8304725820060466,0.5809876264028945,71,0.5836903291055971,12163,1800,7663,1584130,0.800013130451031,0.01009024659997071,0.7993493493493493,0.1999801035635028,0.010081874593625523,-0.00016754392040271905,0.010123737373737373,1.0033191234163457,1980130,19980,15971,0.6394079752968109,0.6385029015599212,170,0.8881690940041611,0.09803921568627451,0.9027172215448382,18783,1322,1043,0.7560720435896555,0.6048675624386687,0.8334933498200422,0.6668090832503406,16840,0.8337871961182354,0.8304725820060465,1.361573373676248,0.5651275616687621,-0.3328454539040264,0.012135994391219429,-0.33386558953316287,-0.007101218865925074,,1.0139637112629492,0.6474922288883977
44b6,random__random_nodes__s1__r0.7,random,random_nodes,1,0.7,preregistered_descriptive,0.9125211431134657,-0.4569474784635318,71,0.437427551351602,0.0,0,6,26,0.7456959063359042,0.4555736646499339,71,0.4555736646499339,9434,1741,10392,1386126,0.7000176756071571,0.01009024659997071,0.7001501501501501,0.2999836747187715,0.010092156124335018,2.9186578241517587e-05,0.010085790668076309,0.9995583921710681,1980130,19980,13989,0.48980461055209495,0.48900601607836874,249,0.8881690940041611,0.09803921568627451,0.9027172215448382,18783,1322,1043,0.7560720435896555,0.5292637945451838,0.8334933498200422,0.5834659912368062,15164,0.7508045749368718,0.7456959063359042,1.3169440242057489,0.437427551351602,-0.46054546422118653,0.016623911357838,-0.46376746825274207,-0.00980392156862775,,1.006058935679918,0.5022721496816013
44b6,random__random_nodes__s1__r0.5,random,random_nodes,1,0.5,preregistered_descriptive,0.9125211431134657,-0.6625206181497096,71,0.23625322750310795,0.0,0,2,26,0.5564011981421153,0.2500005249637561,71,0.2500005249637561,4941,1088,14885,990081,0.5000080802775575,0.01009024659997071,0.4973973973973974,0.4999653087773895,0.010037562583263389,-0.0005271536348839559,0.01014293231951146,1.005221450141853,1980130,19980,9938,0.24804344353937072,0.2476175264867167,290,0.8881690940041611,0.09803921568627451,0.9027172215448382,18783,1322,1043,0.7560720435896555,0.3780421310667934,0.8334933498200422,0.4167575610853458,11344,0.5616675743922365,0.5564011981421154,0.8229954614220878,0.23625322750310795,-0.6617197880696806,0.023505729030890946,-0.6762224256119729,-0.009803921568627638,,0.9601779740557274,0.2630569158688739
44b6,random__random_nodes__s1__r0.3,random,random_nodes,1,0.3,preregistered_descriptive,0.9125211431134657,-0.8151411361011609,71,0.09057255676209279,0.0,0,1,26,0.35191092186136025,0.09738000701230472,71,0.09738000701230472,1835,434,17991,594067,0.30001414048572567,0.01009024659997071,0.2988988988988989,0.6999744917480805,0.010052738159163865,-0.00024570078747316237,0.010106322728476266,1.0015932344513367,1980130,19980,5972,0.0882713091625406,0.08821806953095884,178,0.8881690940041611,0.09803921568627451,0.9027172215448382,18783,1322,1043,0.7560720435896555,0.2268323043028366,0.8334933498200422,0.2500646771177634,7215,0.35723127197108484,0.35191092186136025,0.32829046898638425,0.09057255676209279,-0.8074004588106958,0.02861812602606381,-0.8339553405585971,-0.009803921568627652,,0.9156809875321823,0.09771721089407183
44b6,random__random_nodes__s1__r0.1,random,random_nodes,1,0.1,preregistered_descriptive,0.9125211431134657,-0.9013098575662692,71,0.010268800966475386,0.0,0,0,26,0.12054705636905438,0.011211285547196368,71,0.011211285547196368,204,40,19622,198043,0.10001515052042037,0.01009024659997071,0.0962962962962963,0.8999469428360074,0.009715061880500699,-0.001251444942505971,0.010131940808725948,1.0041321298089345,1980130,19980,1924,0.009476654421551402,0.009476654421551402,26,0.8881690940041611,0.09803921568627451,0.9027172215448382,18783,1322,1043,0.7560720435896555,0.07561865924390122,0.8334933498200422,0.08336721359933046,2464,0.12199831658167054,0.12054705636905438,0.030257186081694403,0.010268800966475386,-0.8877042146063131,0.033800045199418115,-0.9253059811970598,-0.009803921568627638,,0.8841181745838042,0.010862325095181424
44b6,random__random_tracklets__s1__r0.9,random,random_tracklets,1,0.9,preregistered_descriptive,0.9125211431134657,-0.07364028841553849,71,0.8098963242224316,0.08888888888888889,4,19,22,0.8905665463094669,0.8299919658090383,71,0.8388808546979272,17186,1394,2640,1783243,0.9005686495331114,0.01009024659997071,0.8982482482482482,0.0994076983904293,0.010064248114250274,-0.0007828816335687994,0.010325719829140573,1.023336716980787,1980130,19980,17947,0.8985785018367672,0.8981525847841133,316,0.8881690940041611,0.09803921568627451,0.9027172215448382,18783,1322,1043,0.7560720435896555,0.6808947792452759,0.8334933498200422,0.7507124264728279,18403,0.9111749269693519,0.8905665463094669,1.05446293494705,0.8187852131113205,-0.07918780246146806,0.007044836782919617,-0.0797700925187193,-0.0009150326797388031,,0.9962814637846965,0.9150908533420479
44b6,random__random_tracklets__s1__r0.8,random,random_tracklets,1,0.8,preregistered_descriptive,0.9125211431134657,-0.17495242941248978,71,0.708838821490468,0.05263157894736842,2,12,24,0.7900442435942934,0.732305555806239,71,0.7375687137009759,15133,1523,4693,1585496,0.8007029841475055,0.01009024659997071,0.7735735735735736,0.19902048312629136,0.009748368964664685,-0.00685657648912444,0.011463786698561199,1.1361255232943936,1980130,19980,15456,0.7725602938827664,0.7721343768301123,630,0.8881690940041611,0.09803921568627451,0.9027172215448382,18783,1322,1043,0.7560720435896555,0.6053891415327399,0.8334933498200422,0.6676201372178207,16387,0.8113581224934396,0.7900442435942935,1.1520423600605143,0.7141019793852048,-0.18387103618758371,0.013294312882580539,-0.18370597862117954,-0.00454076367389078,,0.998225094729143,0.8057308888156263
44b6,random__random_tracklets__s1__r0.7,random,random_tracklets,1,0.7,preregistered_descriptive,0.9125211431134657,-0.26414458548872355,71,0.6224681170292573,0.0,0,10,26,0.697756610731761,0.6483765576247421,71,0.6483765576247421,13276,1502,6550,1387648,0.7007863120098176,0.01009024659997071,0.665015015015015,0.29884906767339237,0.009575194862097592,-0.007886861998761792,0.011296545717844593,1.119551004618399,1980130,19980,13287,0.6637917265612522,0.662993132087526,823,0.8881690940041611,0.09803921568627451,0.9027172215448382,18783,1322,1043,0.7560720435896555,0.5298449390409207,0.8334933498200422,0.58435881074809,14483,0.7170866960439669,0.6977566107317611,1.1361573373676248,0.6224681170292573,-0.2755048985435312,0.018841027587582715,-0.2731816915076785,-0.00980392156862775,,0.9950014384354269,0.7069815448694877
44b6,random__random_tracklets__s1__r0.5,random,random_tracklets,1,0.5,preregistered_descriptive,0.9125211431134657,-0.43483777665921775,71,0.4512160633484163,0.0,0,4,26,0.5138917467377367,0.4776833664542479,71,0.4776833664542479,9573,1390,10253,991620,0.5007853019751228,0.01009024659997071,0.4574574574574575,0.4987730530826722,0.009217240475182025,-0.008748844630334079,0.010965999332328454,1.0867920049010782,1980130,19980,9140,0.4561039237608476,0.45546504818186656,1018,0.8881690940041611,0.09803921568627451,0.9027172215448382,18783,1322,1043,0.7560720435896555,0.37862976666399384,0.8334933498200422,0.4176980098969424,10619,0.5257711541318018,0.5138917467377369,1.0514372163388805,0.4512160633484163,-0.44675695222437223,0.02782357138117955,-0.45285742647176974,-0.009803921568627527,,0.9741192750324474,0.5099285404366914
44b6,random__random_tracklets__s1__r0.3,random,random_tracklets,1,0.3,preregistered_descriptive,0.9125211431134657,-0.5909241313170206,71,0.2992384074038369,0.0,0,2,26,0.31363369193774876,0.32159701179644506,71,0.32159701179644506,6208,920,13618,595528,0.300751970830198,0.01009024659997071,0.2879379379379379,0.6991174144835854,0.009660335030426782,-0.0028211037385302657,0.010275154882052748,1.0183254472772327,1980130,19980,5753,0.2879731672256828,0.2875472501730288,807,0.8881690940041611,0.09803921568627451,0.9027172215448382,18783,1322,1043,0.7560720435896555,0.22739015719920427,0.8334933498200422,0.25093865057032216,6893,0.34128831014507105,0.3136336919377488,0.6959152798789713,0.2992384074038369,-0.5987346081689516,0.0347610990891874,-0.6158813088375803,-0.009803921568627694,,0.9377064777565015,0.3304730016005375
44b6,random__random_tracklets__s1__r0.1,random,random_tracklets,1,0.1,preregistered_descriptive,0.9125211431134657,-0.7715234996679441,71,0.12919679112607704,0.0,0,0,26,0.1337215792760316,0.14099764344552163,71,0.14099764344552163,2609,368,17217,199632,0.10081762308535298,0.01009024659997071,0.11896896896896897,0.8993673953523965,0.011906908712030135,0.006086530473132742,0.009886559827643727,0.9798134990746834,1980130,19980,2377,0.11973593142735452,0.11968269179577277,361,0.8881690940041611,0.09803921568627451,0.9027172215448382,18783,1322,1043,0.7560720435896555,0.07622538631599446,0.8334933498200422,0.08446127018143917,2880,0.14259543496558894,0.13372157927603165,0.2783661119515885,0.12919679112607704,-0.7687762244467115,0.03838769810442397,-0.8001072762037404,-0.009803921568627638,,0.8987851265252418,0.13887523128676318
44b6,random__random_nodes__s2__r0.9,random,random_nodes,2,0.9,preregistered_descriptive,0.9125211431134657,-0.17837181386114553,71,0.7101879786493386,0.06382978723404255,3,21,23,0.913492693107508,0.7277663505289159,71,0.7341493292523201,15301,1719,4525,1782150,0.9000166655724624,0.01009024659997071,0.9014514514514514,0.09999795933984644,0.010106332239149342,0.0004828932095830958,0.009945449035256087,0.9856497496587404,1980130,19980,18011,0.8118511419900974,0.8109460682532077,69,0.8881690940041611,0.09803921568627451,0.9027172215448382,18783,1322,1043,0.7560720435896555,0.6804774396041192,0.8334933498200422,0.7501634547552392,18470,0.9144922513244541,0.9134926931075078,1.300302571860817,0.7165709573727428,-0.18140205820004573,0.0066809421590376394,-0.18163181317495974,-0.003420942845223429,,1.0142900690606633,0.8146287298635904
44b6,random__random_nodes__s2__r0.8,random,random_nodes,2,0.8,preregistered_descriptive,0.9125211431134657,-0.32934044798930673,71,0.562213899292551,0.023255813953488372,1,17,25,0.8321637265177821,0.58085511372881,71,0.5831806951241589,12159,1801,7667,1584130,0.800013130451031,0.01009024659997071,0.8001001001001001,0.19998775603907865,0.010091343513474273,2.1951869259567176e-05,0.010085858585858585,0.999565123204012,1980130,19980,15986,0.6399403716126284,0.6388755789809935,159,0.8881690940041611,0.09803921568627451,0.9027172215448382,18783,1322,1043,0.7560720435896555,0.6048675624386687,0.8334933498200422,0.6668090832503406,16836,0.8335891469030055,0.8321637265177823,1.3623298033282905,0.5645394806878998,-0.3334335348848887,0.012123554068470321,-0.3339856618844983,-0.0074783401732787524,,1.014430906725705,0.647374481352023
44b6,random__random_nodes__s2__r0.7,random,random_nodes,2,0.7,preregistered_descriptive,0.9125211431134657,-0.4531404107314279,71,0.4410194512789564,0.0,0,10,26,0.7469680269682604,0.45938073238203775,71,0.45938073238203775,9500,1715,10326,1386126,0.7000176756071571,0.01009024659997071,0.7013513513513514,0.2999959186796929,0.010109470567610737,0.00029383329489035,0.010045386899751516,0.995554152242491,1980130,19980,14013,0.4941170207102167,0.4928925091838364,242,0.8881690940041611,0.09803921568627451,0.9027172215448382,18783,1322,1043,0.7560720435896555,0.5292637945451838,0.8334933498200422,0.5834659912368062,15176,0.7513987225825618,0.7469680269682601,1.2972768532526475,0.4410194512789564,-0.4569535642938321,0.016654764740691247,-0.4599912539034915,-0.009803921568627638,,1.0048460858478747,0.5058588881272893
44b6,random__random_nodes__s2__r0.5,random,random_nodes,2,0.5,preregistered_descriptive,0.9125211431134657,-0.6554091085850307,71,0.2429055181952592,0.0,0,1,26,0.5629917682810864,0.25711203452843506,71,0.25711203452843506,5093,1141,14733,990081,0.5000080802775575,0.01009024659997071,0.5029029029029028,0.5000214269316123,0.010148664604209151,0.0005845276271936647,0.010031826707566999,0.994210261183916,1980130,19980,10048,0.25597614864505136,0.25523079380290686,299,0.8881690940041611,0.09803921568627451,0.9027172215448382,18783,1322,1043,0.7560720435896555,0.3780421310667934,0.8334933498200422,0.4167575610853458,11453,0.5670644155072535,0.5629917682810864,0.8630862329803328,0.2429055181952592,-0.6550674973775293,0.02360872903302902,-0.6692139160494319,-0.009803921568627694,,0.9626112451958705,0.27122542593129356
44b6,random__random_nodes__s2__r0.3,random,random_nodes,2,0.3,preregistered_descriptive,0.9125211431134657,-0.8123343379168473,71,0.09317352273848278,0.0,0,1,26,0.35722012492595395,0.10018680519661832,71,0.10018680519661832,1889,448,17937,594067,0.30001414048572567,0.01009024659997071,0.30075075075075075,0.699993367854501,0.010115020696318765,0.0001622838713291127,0.010079628415158618,0.9989476783637654,1980130,19980,6009,0.09125272853111857,0.09098653037320982,180,0.8881690940041611,0.09803921568627451,0.9027172215448382,18783,1322,1043,0.7560720435896555,0.2268323043028366,0.8334933498200422,0.2500646771177634,7260,0.35945932564242217,0.3572201249259539,0.3388804841149773,0.09317352273848278,-0.8047994928343057,0.02868144716461781,-0.8312118635128376,-0.009803921568627638,,0.9163137384613754,0.10060319884862094
44b6,random__random_nodes__s2__r0.1,random,random_nodes,2,0.1,preregistered_descriptive,0.9125211431134657,-0.9002140121359762,71,0.011272708972875044,0.0,0,0,26,0.12512972257850122,0.012307130977489433,71,0.012307130977489433,224,45,19602,198043,0.10001515052042037,0.01009024659997071,0.10225225225225225,0.9000076524755759,0.010315941487454745,0.0007528151090223914,0.010065165168703885,0.997514289564846,1980130,19980,2043,0.01070116594793164,0.01070116594793164,23,0.8881690940041611,0.09803921568627451,0.9027172215448382,18783,1322,1043,0.7560720435896555,0.07561865924390122,0.8334933498200422,0.08336721359933046,2555,0.1265039362281527,0.1251297225785012,0.0340393343419062,0.011272708972875044,-0.8867003065999135,0.03383808234066997,-0.9242481729080185,-0.009803921568627638,,0.8843406950143347,0.011927062561127024
44b6,random__random_tracklets__s2__r0.9,random,random_tracklets,2,0.9,preregistered_descriptive,0.9125211431134657,-0.07692563099152694,71,0.8067139968968922,0.09090909090909091,4,18,22,0.9129824621371923,0.8265046030310297,71,0.8355955121219387,17158,1443,2668,1783492,0.9006943988526006,0.01009024659997071,0.896996996996997,0.09926791316991046,0.01004882556243594,-0.0012481711494127154,0.01046593232233851,1.0372325610326405,1980130,19980,17922,0.8978331469946228,0.8977266677314593,296,0.8881690940041611,0.09803921568627451,0.9027172215448382,18783,1322,1043,0.7560720435896555,0.680989854790242,0.8334933498200422,0.7510719543946582,18394,0.9107293162350845,0.912982462137192,1.0915279878971256,0.8158049059878012,-0.08216810958498733,0.007015775005365155,-0.08322839351917327,-0.0007130124777188218,,0.9983883948138734,0.9133772291993327
44b6,random__random_tracklets__s2__r0.8,random,random_tracklets,2,0.8,preregistered_descriptive,0.9125211431134657,-0.13856040327557206,71,0.7420050642408328,0.07692307692307693,3,13,23,0.8458221520683974,0.7662684321455859,71,0.7739607398378936,15824,1500,4002,1585480,0.8006949038699479,0.01009024659997071,0.8079079079079079,0.19937861898324108,0.010181143880717511,0.0018229574417026736,0.009725072849360193,0.9638092342944744,1980130,19980,16142,0.8091359207794282,0.8089229622531012,630,0.8881690940041611,0.09803921568627451,0.9027172215448382,18783,1322,1043,0.7560720435896555,0.6053830322607743,0.8334933498200422,0.6676165744976746,17061,0.844729415259692,0.8458221520683972,1.13464447806354,0.7496973719331405,-0.14827564363964807,0.01360110743503612,-0.15004989683428843,-0.002111613876319751,,0.9944831431150062,0.8421935829611945
44b6,random__random_tracklets__s2__r0.7,random,random_tracklets,2,0.7,preregistered_descriptive,0.9125211431134657,-0.23087769807995773,71,0.64846783625731,0.0625,2,6,24,0.7447659708418283,0.675393445033508,71,0.6816434450335079,13861,1549,5965,1387907,0.7009171115027801,0.01009024659997071,0.697997997997998,0.2990531336887483,0.010048223692221452,-0.000643687323142101,0.010188729583281974,1.0097602157029095,1980130,19980,13946,0.6981312889314806,0.6974391737209179,761,0.8881690940041611,0.09803921568627451,0.9027172215448382,18783,1322,1043,0.7560720435896555,0.5299438328808653,0.8334933498200422,0.5846233090800337,15088,0.7470416398475022,0.7447659708418283,1.1717095310136156,0.65471783625731,-0.24325517931547858,0.019187188892339724,-0.24651096540366968,-0.0035539215686277714,,0.990356866505204,0.738057854941317
44b6,random__random_tracklets__s2__r0.5,random,random_tracklets,2,0.5,preregistered_descriptive,0.9125211431134657,-0.41543610084767524,71,0.4696515548894717,0.0,0,5,26,0.5612398501283937,0.4970850422657904,71,0.4970850422657904,10028,1526,9798,991484,0.5007166196158838,0.01009024659997071,0.48163163163163164,0.4990888452414356,0.009705653343876451,-0.0038536779767519066,0.010475943866662082,1.0382247611958753,1980130,19980,9623,0.4802747164989618,0.47995527870947136,1013,0.8881690940041611,0.09803921568627451,0.9027172215448382,18783,1322,1043,0.7560720435896555,0.37857783785228544,0.8334933498200422,0.41761286915340023,11154,0.5522602366688122,0.5612398501283936,1.1543116490166414,0.4696515548894717,-0.42832146068331683,0.028264688616345457,-0.43389686789539306,-0.009803921568627638,,0.9803539568999475,0.5340361610015325
44b6,random__random_tracklets__s2__r0.3,random,random_tracklets,2,0.3,preregistered_descriptive,0.9125211431134657,-0.5717540069815834,71,0.3168547887793494,0.0,0,0,26,0.37449587629473235,0.3407671361318822,71,0.3407671361318822,6653,1171,13173,595345,0.3006595526556337,0.01009024659997071,0.30655655655655656,0.6994005560798918,0.010288152247856284,0.0012983825695994642,0.010005163256389981,0.9915677637074821,1980130,19980,6125,0.30666027791087686,0.3065005590161316,896,0.8881690940041611,0.09803921568627451,0.9027172215448382,18783,1322,1043,0.7560720435896555,0.2273202824010966,0.8334933498200422,0.2507415264374871,7485,0.3705995939991088,0.3744958762947324,0.8857791225416036,0.3168547887793494,-0.5811182267934392,0.03500469267271361,-0.5969547780856693,-0.00980392156862775,,0.9490444864289604,0.3544062229601807
44b6,random__random_tracklets__s2__r0.1,random,random_tracklets,2,0.1,preregistered_descriptive,0.9125211431134657,-0.808347017948694,71,0.09540496520408667,0.0,0,0,26,0.08991126854229482,0.10417412516477165,71,0.10417412516477165,1933,435,17893,199226,0.10061258604233056,0.01009024659997071,0.08093093093093093,0.8991867969288064,0.008116410508668548,-0.0066056437343851885,0.01031105550888762,1.0218834006413235,1980130,19980,1617,0.08044508332002342,0.08039184368844167,423,0.8881690940041611,0.09803921568627451,0.9027172215448382,18783,1322,1043,0.7560720435896555,0.0760703635398649,0.8334933498200422,0.0840668483707397,2238,0.11080853592117641,0.08991126854229482,0.3290468986384266,0.09540496520408667,-0.8025680503687018,0.03683621829163664,-0.835379314671703,-0.009803921568627638,,0.9017478666959539,0.10294423952932943
44b6,random__random_nodes__s3__r0.9,random,random_nodes,3,0.9,preregistered_descriptive,0.9125211431134657,-0.18251755254532664,71,0.703440314015239,0.09090909090909091,4,18,22,0.9135067183865409,0.72091268147723,71,0.730003590568139,15233,1829,4593,1782150,0.9000166655724624,0.01009024659997071,0.8987987987987988,0.09997092059281178,0.010076592879387256,-0.00040988666238715217,0.010213152843721589,1.012180697719641,1980130,19980,17958,0.8078581696214662,0.8070063355161582,75,0.8881690940041611,0.09803921568627451,0.9027172215448382,18783,1322,1043,0.7560720435896555,0.6804774396041192,0.8334933498200422,0.7501634547552392,18487,0.9153339604891816,0.9135067183865409,1.3835098335854765,0.712531223106148,-0.1854417924666405,0.006649348614494843,-0.1884538886821029,-0.0007130124777185998,,1.0164220107900444,0.8110770369600381
44b6,random__random_nodes__s3__r0.8,random,random_nodes,3,0.8,preregistered_descriptive,0.9125211431134657,-0.33157045777683425,71,0.5572020248504372,0.05263157894736842,2,12,24,0.8349739866464853,0.5756875274418946,71,0.5809506853366314,12108,1904,7718,1584130,0.800013130451031,0.01009024659997071,0.7988488488488489,0.1999750019131189,0.010075561980393024,-0.0002938744468442432,0.010148989898989899,1.0058217902245679,1980130,19980,15961,0.6374381089282862,0.6360538785071608,161,0.8881690940041611,0.09803921568627451,0.9027172215448382,18783,1322,1043,0.7560720435896555,0.6048675624386687,0.8334933498200422,0.6668090832503406,16873,0.8354211021438828,0.8349739866464853,1.4402420574886536,0.5624651827451741,-0.3355078328276144,0.012080365552852856,-0.3391100596557963,-0.00454076367389078,,1.0159726206457704,0.6446708383472838
44b6,random__random_nodes__s3__r0.7,random,random_nodes,3,0.7,preregistered_descriptive,0.9125211431134657,-0.4560956150067546,71,0.43218571891941987,0.0625,2,6,24,0.749401262460883,0.4501755281067111,71,0.45642552810671105,9327,1755,10499,1386126,0.7000176756071571,0.01009024659997071,0.6979479479479479,0.29996122745708237,0.010060412978329531,-0.00045599906894800855,0.010159864243338429,1.006899498706793,1980130,19980,13945,0.4841079699728478,0.4830431773412128,254,0.8881690940041611,0.09803921568627451,0.9027172215448382,18783,1322,1043,0.7560720435896555,0.5292637945451838,0.8334933498200422,0.5834659912368062,15134,0.7493192058226469,0.7494012624608831,1.327534039334342,0.43843571891941985,-0.4595372966533687,0.01654508975129701,-0.4690867831894239,-0.003553921568627716,,0.9998168806996172,0.4966428598097853
44b6,random__random_nodes__s3__r0.5,random,random_nodes,3,0.5,preregistered_descriptive,0.9125211431134657,-0.6577920518484732,71,0.23752810063615057,0.03333333333333333,1,4,25,0.5612406195388561,0.251395757931659,71,0.2547290912649924,4966,1081,14860,990081,0.5000080802775575,0.01009024659997071,0.4994994994994995,0.4999867357090019,0.010079983354897225,-0.00010269351663613712,0.010100510176769028,1.0010171779942771,1980130,19980,9980,0.2498535910131502,0.24926795506575095,284,0.8881690940041611,0.09803921568627451,0.9027172215448382,18783,1322,1043,0.7560720435896555,0.3780421310667934,0.8334933498200422,0.4167575610853458,11371,0.5630044065950389,0.5612406195388561,0.8177004538577912,0.2408614339694839,-0.6571115816033046,0.02350929153554346,-0.6748307551487225,-0.006470588235294228,,0.9563503543892605,0.2644364779242254
44b6,random__random_nodes__s3__r0.3,random,random_nodes,3,0.3,preregistered_descriptive,0.9125211431134657,-0.8089100819846824,71,0.09281200631911532,0.038461538461538464,1,0,25,0.356547086436651,0.0997649072826294,71,0.10361106112878325,1880,430,17946,594067,0.30001414048572567,0.01009024659997071,0.2978978978978979,0.6999642884473127,0.01001907192286392,-0.0004662330354743921,0.010120752087026348,1.003023264768943,1980130,19980,5952,0.09024117553106532,0.09013469626790183,187,0.8881690940041611,0.09803921568627451,0.9027172215448382,18783,1322,1043,0.7560720435896555,0.2268323043028366,0.8334933498200422,0.2500646771177634,7190,0.3559934643758974,0.35654708643665095,0.32526475037821484,0.09665816016526917,-0.8013148554075193,0.02870970570275292,-0.8316620199649616,-0.005957767722473792,,0.9116414913757462,0.10009060438147914
44b6,random__random_nodes__s3__r0.1,random,random_nodes,3,0.1,preregistered_descriptive,0.9125211431134657,-0.9012061487615244,71,0.010367388022143936,0.0,0,0,26,0.12426305418937326,0.011314994351941292,71,0.011314994351941292,206,44,19620,198043,0.10001515052042037,0.01009024659997071,0.10095095095095095,0.8999943881845777,0.010184656867447978,0.0003149095515456063,0.010079754804338958,0.9989602042400251,1980130,19980,2017,0.009263695895224406,0.009263695895224406,32,0.8881690940041611,0.09803921568627451,0.9027172215448382,18783,1322,1043,0.7560720435896555,0.07561865924390122,0.8334933498200422,0.08336721359933046,2547,0.12610783779769272,0.12426305418937326,0.03328290468986384,0.010367388022143936,-0.8876056275506445,0.033821361039811926,-0.9252235882327087,-0.009803921568627642,,0.8842961909282285,0.010965013228796994
44b6,random__random_tracklets__s3__r0.9,random,random_tracklets,3,0.9,preregistered_descriptive,0.9125211431134657,-0.05597227631082102,71,0.8266322217003288,0.09302325581395349,4,17,22,0.933528986993274,0.8472465412212493,71,0.8565488668026446,17599,1464,2227,1783331,0.9006130910596779,0.01009024659997071,0.9227227227227227,0.09961227457082367,0.010337957451533115,0.0074610659081279975,0.00784556832097724,0.7775397997706037,1980130,19980,18436,0.923281690890699,0.922429856785391,273,0.8881690940041611,0.09803921568627451,0.9027172215448382,18783,1322,1043,0.7560720435896555,0.6809283802410872,0.8334933498200422,0.7507880592069709,18856,0.9336040005941476,0.933528986993274,1.107413010590015,0.8359345472817241,-0.06203846829106441,0.007102996819192686,-0.0625736771427815,-0.0005015959872322062,,0.9991166676666229,0.9372016221606123
44b6,random__random_tracklets__s3__r0.8,random,random_tracklets,3,0.8,preregistered_descriptive,0.9125211431134657,-0.1308444550204868,71,0.7457912457912458,0.10810810810810811,4,11,22,0.8725640602426422,0.770865877282168,71,0.7816766880929789,15948,1558,3878,1585910,0.8009120613293067,0.01009024659997071,0.8206706706706707,0.19928934010152285,0.010339174354156289,0.004995679533353888,0.009088833646187408,0.9007543627540077,1980130,19980,16397,0.8210083586221584,0.8197306074641963,551,0.8881690940041611,0.09803921568627451,0.9027172215448382,18783,1322,1043,0.7560720435896555,0.6055472189448524,0.8334933498200422,0.6680771474443465,17218,0.8525028469574689,0.8725640602426421,1.178517397881997,0.7566020566020566,-0.14137095897073193,0.013512067061697997,-0.14536341132436797,0.0010068892421831732,,0.9937890383162753,0.849583321174529
44b6,random__random_tracklets__s3__r0.7,random,random_tracklets,3,0.7,preregistered_descriptive,0.9125211431134657,-0.21571850056104913,71,0.6659349897253877,0.02857142857142857,1,9,25,0.7846382022541151,0.6939454996952736,71,0.6968026425524165,14259,1586,5567,1387425,0.7006736931413594,0.01009024659997071,0.7171671671671672,0.29949442644695556,0.010327765464799899,0.0036360921377902116,0.009534253971199839,0.9448980138134102,1980130,19980,14329,0.7176169940904009,0.7164989618271842,801,0.8881690940041611,0.09803921568627451,0.9027172215448382,18783,1322,1043,0.7560720435896555,0.5297597910628987,0.8334933498200422,0.5843737470400926,15501,0.767490221319998,0.7846382022541151,1.199697428139183,0.6687921325825306,-0.22918088299025796,0.019340399683249576,-0.22811212153281385,-0.006946778711484858,,0.9957707405060929,0.7596328137726921
44b6,random__random_tracklets__s3__r0.5,random,random_tracklets,3,0.5,preregistered_descriptive,0.9125211431134657,-0.3886097365614608,71,0.4949732218359485,0.0,0,2,26,0.5852038672015297,0.5239114065520049,71,0.5239114065520049,10536,1460,9290,991433,0.5006908637311691,0.01009024659997071,0.505955955955956,0.499362803867051,0.010196352148859278,0.0010631376083603122,0.009983847427472724,0.9894552455736519,1980130,19980,10109,0.506362135974019,0.5059894585529469,1032,0.8881690940041611,0.09803921568627451,0.9027172215448382,18783,1322,1043,0.7560720435896555,0.37855836454789477,0.8334933498200422,0.41756342989129397,11630,0.5758280932811803,0.5852038672015297,1.1043872919818456,0.4949732218359485,-0.40299979373684003,0.028772729737996605,-0.4075785447308298,-0.009803921568627638,,0.9773297052708306,0.5611203470929652
44b6,random__random_tracklets__s3__r0.3,random,random_tracklets,3,0.3,preregistered_descriptive,0.9125211431134657,-0.5625683919102608,71,0.32551908908238447,0.0,0,0,26,0.39195047450225745,0.3499527512032049,71,0.3499527512032049,6804,1076,13022,595016,0.30049340194835694,0.01009024659997071,0.31221221221221224,0.6996260490268602,0.010483751697433347,0.0025806150954457703,0.009921205041606684,0.9832470339858179,1980130,19980,6238,0.31288931480594157,0.3125166373848693,934,0.8881690940041611,0.09803921568627451,0.9027172215448382,18783,1322,1043,0.7560720435896555,0.227194660496302,0.8334933498200422,0.2505701918174076,7583,0.3754517997722434,0.39195047450225745,0.8139183055975794,0.32551908908238447,-0.572453926490404,0.035416668145392405,-0.5881811384870256,-0.009803921568627583,,0.9447357258404863,0.3623070751980652
44b6,random__random_tracklets__s3__r0.1,random,random_tracklets,3,0.1,preregistered_descriptive,0.9125211431134657,-0.7945747840355438,71,0.10801583374567046,0.0,0,0,26,0.12633432442522377,0.11794635907792184,71,0.11794635907792184,2183,384,17643,199469,0.10073530525773561,0.01009024659997071,0.0940940940940941,0.8991970002295743,0.009425023437225835,-0.0022277464111766163,0.010164764657618716,1.0073851572317591,1980130,19980,1880,0.09412766863653303,0.09412766863653303,415,0.8881690940041611,0.09803921568627451,0.9027172215448382,18783,1322,1043,0.7560720435896555,0.07616314810784393,0.8334933498200422,0.08406400615724839,2458,0.12170124275882557,0.12633432442522377,0.29046898638426627,0.10801583374567046,-0.789957181827118,0.03728218930227959,-0.8220530517691957,-0.009803921568627708,,0.8994792458560312,0.11626065096190574
44b6,random__random_nodes__s4__r0.9,random,random_nodes,4,0.9,preregistered_descriptive,0.9125211431134657,-0.18498161224073562,71,0.7039799842468609,0.0625,3,22,23,0.9110157885292041,0.7212895308727301,71,0.72753953087273,15194,1757,4632,1782150,0.9000166655724624,0.01009024659997071,0.8970970970970971,0.09995357498150652,0.010057514799539882,-0.0009826133727076885,0.010384887362359834,1.0292005511926716,1980130,19980,17924,0.8049832295160517,0.8046105520949794,81,0.8881690940041611,0.09803921568627451,0.9027172215448382,18783,1322,1043,0.7560720435896555,0.6804774396041192,0.8334933498200422,0.7501634547552392,18432,0.9126107837797692,0.9110157885292041,1.3290468986384267,0.7102299842468609,-0.18774303132592762,0.006661394985166047,-0.188089085657274,-0.0035539215686276604,,1.0162281363663297,0.8088028856586547
44b6,random__random_nodes__s4__r0.8,random,random_nodes,4,0.8,preregistered_descriptive,0.9125211431134657,-0.3275478978863843,71,0.5638504155124654,0.02564102564102564,1,13,25,0.8345034936646628,0.5824091426629788,71,0.5849732452270814,12213,1834,7613,1584130,0.800013130451031,0.01009024659997071,0.8007507507507508,0.1999943881845777,0.010099549910676523,0.0001861815536335486,0.010053030303030303,0.996311656353323,1980130,19980,15999,0.6414843209284992,0.6405792471916094,181,0.8881690940041611,0.09803921568627451,0.9027172215448382,18783,1322,1043,0.7560720435896555,0.6048675624386687,0.8334933498200422,0.6668090832503406,16890,0.8362628113086102,0.8345034936646628,1.3872919818456884,0.566414518076568,-0.33155849749622057,0.0121543154207574,-0.3324623943026165,-0.007239819004525194,,1.0157125546799979,0.6500969296375382
44b6,random__random_nodes__s4__r0.7,random,random_nodes,4,0.7,preregistered_descriptive,0.9125211431134657,-0.4540476009002352,71,0.4375319425730614,0.02857142857142857,1,9,25,0.7493736851998622,0.4556163993560876,71,0.45847354221323044,9417,1697,10409,1386126,0.7000176756071571,0.01009024659997071,0.7016516516516517,0.2999989796699232,0.010113799178429667,0.0003599949740525581,0.01003528595767032,0.9945530922603468,1980130,19980,14019,0.48889953681520526,0.488100942341479,249,0.8881690940041611,0.09803921568627451,0.9027172215448382,18783,1322,1043,0.7560720435896555,0.5292637945451838,0.8334933498200422,0.5834659912368062,15158,0.7505075011140269,0.749373685199862,1.2836611195158851,0.4403890854302042,-0.4575839301425843,0.01663936702548585,-0.4637401892142364,-0.006946778711484691,,1.000862833392837,0.5012944562731766
44b6,random__random_nodes__s4__r0.5,random,random_nodes,4,0.5,preregistered_descriptive,0.9125211431134657,-0.6591299640409594,71,0.23605273213603362,0.03571428571428571,1,2,25,0.5636289117900777,0.24981975050107777,71,0.25339117907250636,4942,1110,14884,990081,0.5000080802775575,0.01009024659997071,0.5032532532532532,0.5000249980868811,0.01015573473281479,0.0006552709802349679,0.01002475635044326,0.99350954915932,1980130,19980,10055,0.2494276739604962,0.24873555874993344,270,0.8881690940041611,0.09803921568627451,0.9027172215448382,18783,1322,1043,0.7560720435896555,0.3780421310667934,0.8334933498200422,0.4167575610853458,11432,0.5660246571272961,0.5636289117900776,0.8396369137670197,0.23962416070746217,-0.6583488548653263,0.023485842156896322,-0.6763833132006566,-0.0062324929971990795,,0.9574261099961415,0.2631432169412841
44b6,random__random_nodes__s4__r0.3,random,random_nodes,4,0.3,preregistered_descriptive,0.9125211431134657,-0.8103243624324912,71,0.09147455200671373,0.038461538461538464,1,0,25,0.3538754040493657,0.0983506268348206,71,0.10219678068097444,1853,431,17973,594067,0.30001414048572567,0.01009024659997071,0.3033033033033033,0.7000193862714588,0.010200869598883628,0.0007246411037322485,0.010042833550855914,0.9953011010538699,1980130,19980,6060,0.08922962253101209,0.08896342437310334,182,0.8881690940041611,0.09803921568627451,0.9027172215448382,18783,1322,1043,0.7560720435896555,0.2268323043028366,0.8334933498200422,0.2500646771177634,7241,0.35851859187007973,0.3538754040493656,0.3260211800302572,0.09532070585286757,-0.802652309719921,0.02864330956398469,-0.833009904274002,-0.005957767722473806,,0.9116864973735432,0.09867657804230881
44b6,random__random_nodes__s4__r0.1,random,random_nodes,4,0.1,preregistered_descriptive,0.9125211431134657,-0.901529085811481,71,0.010068465565847765,0.0,0,0,26,0.12505945177033495,0.010992057301984723,71,0.010992057301984723,200,38,19626,198043,0.10001515052042037,0.01009024659997071,0.0991991991991992,0.899976532408234,0.010007927571285024,-0.00027457869890391205,0.010099394698463094,1.0009066278412275,1980130,19980,1982,0.00883777884257041,0.00878453921098866,35,0.8881690940041611,0.09803921568627451,0.9027172215448382,18783,1322,1043,0.7560720435896555,0.07561865924390122,0.8334933498200422,0.08336721359933046,2533,0.1254146655443878,0.12505945177033495,0.028744326777609682,0.010068465565847765,-0.8879045500069408,0.03379490854147481,-0.9255200727843281,-0.009803921568627638,,0.884029166411592,0.010648848333165392
44b6,random__random_tracklets__s4__r0.9,random,random_tracklets,4,0.9,preregistered_descriptive,0.9125211431134657,-0.05057193937538507,71,0.8325471698113207,0.08888888888888889,4,19,22,0.9435364575486654,0.8530603148491918,71,0.8619492037380806,17650,1374,2176,1783541,0.9007191447026205,0.01009024659997071,0.9264764764764765,0.09954340229064103,0.010378791404290677,0.008696139716195364,0.007472442506956137,0.7405609400049578,1980130,19980,18511,0.927327902890912,0.927114944364585,236,0.8881690940041611,0.09803921568627451,0.9027172215448382,18783,1322,1043,0.7560720435896555,0.681008564435637,0.8334933498200422,0.7509685413649791,18853,0.9334554636827251,0.9435364575486657,1.0393343419062027,0.8414360587002095,-0.05653695687257898,0.007130959481618959,-0.056787866177265556,-0.00091503267973847,,0.9953589982502654,0.9396535553768788
44b6,random__random_tracklets__s4__r0.8,random,random_tracklets,4,0.8,preregistered_descriptive,0.9125211431134657,-0.14029661918585368,71,0.7422950819672132,0.05263157894736842,2,12,24,0.8619193958864807,0.7669613660328751,71,0.772224523927612,15848,1524,3978,1585699,0.8008055026690167,0.01009024659997071,0.8193193193193193,0.1993832104685866,0.010323522938464362,0.0046800107865658256,0.009152424631938159,0.9070565859078932,1980130,19980,16370,0.8196773678326146,0.8189320129904701,466,0.8881690940041611,0.09803921568627451,0.9027172215448382,18783,1322,1043,0.7560720435896555,0.6054666529208047,0.8334933498200422,0.6678242161303376,17097,0.8465118581967619,0.8619193958864807,1.1527987897125567,0.74755823986195,-0.1504147757108385,0.01354921532332165,-0.14930507083528444,-0.004540763673890891,,0.9982816372953696,0.8439092966936022
44b6,random__random_tracklets__s4__r0.7,random,random_tracklets,4,0.7,preregistered_descriptive,0.9125211431134657,-0.21095868551802133,71,0.6706351066322943,0.03125,1,6,25,0.7753647541668125,0.6984374575954443,71,0.7015624575954443,14308,1509,5518,1387334,0.7006277365627509,0.01009024659997071,0.7251251251251252,0.2996219677065531,0.010443051204684669,0.005400369001039953,0.009264569936369342,0.9181708142193706,1980130,19980,14488,0.7256029388276634,0.7245381461960283,699,0.8881690940041611,0.09803921568627451,0.9027172215448382,18783,1322,1043,0.7560720435896555,0.5297250445785939,0.8334933498200422,0.58420179873835,15524,0.7686290043075704,0.7753647541668124,1.1414523449319214,0.6737601066322944,-0.22421290894049417,0.01948828833973515,-0.22376805228912877,-0.006678921568627705,,0.9918935063382489,0.761797357530556
44b6,random__random_tracklets__s4__r0.5,random,random_tracklets,4,0.5,preregistered_descriptive,0.9125211431134657,-0.3878658328045145,71,0.4957369635875453,0.0,0,2,26,0.5682516455167591,0.5246553103089512,71,0.5246553103089512,10524,1403,9302,991472,0.5007105594077157,0.01009024659997071,0.505005005005005,0.49933321429482436,0.010176787645036874,0.00086714281130365,0.01000345923463928,0.9913988855999137,1980130,19980,10090,0.5050311451844753,0.5044987488686579,1048,0.8881690940041611,0.09803921568627451,0.9027172215448382,18783,1322,1043,0.7560720435896555,0.37857325589831115,0.8334933498200422,0.4176336205497219,11581,0.573401990394613,0.568251645516759,1.061270801815431,0.4957369635875453,-0.4022360519852432,0.028822735195557836,-0.40688464643144456,-0.00980392156862775,,0.9747109284118077,0.5604114145373129
44b6,random__random_tracklets__s4__r0.3,random,random_tracklets,4,0.3,preregistered_descriptive,0.9125211431134657,-0.5513016196208955,71,0.3361099143089664,0.0,0,0,26,0.3587308047780556,0.36121952349257014,71,0.36121952349257014,7021,1063,12805,595266,0.3006196562851934,0.01009024659997071,0.3241241241241241,0.6996199270463995,0.010879169984511126,0.0051753307853278484,0.009751138017884789,0.9663924386063166,1980130,19980,6476,0.3247085130170899,0.32460203375392643,924,0.8881690940041611,0.09803921568627451,0.9027172215448382,18783,1322,1043,0.7560720435896555,0.227290117870766,0.8334933498200422,0.2506922693348285,7794,0.3858988958756251,0.3587308047780556,0.8040847201210287,0.3361099143089664,-0.5618631012638221,0.035855355823374485,-0.5773530538756423,-0.009803921568627694,,0.9441596662534977,0.3737435645396169
44b6,random__random_tracklets__s4__r0.1,random,random_tracklets,4,0.1,preregistered_descriptive,0.9125211431134657,-0.7612605352083939,71,0.1386050644158152,0.0,0,0,26,0.13225179027032152,0.15126060790507181,71,0.15126060790507181,2808,433,17018,199626,0.10081459298126891,0.01009024659997071,0.12662662662662663,0.8994485115935005,0.012673699818660896,0.008655436717058727,0.009800595786361615,0.9712939807031143,1980130,19980,2530,0.12777511579619868,0.12772187616461694,409,0.8881690940041611,0.09803921568627451,0.9027172215448382,18783,1322,1043,0.7560720435896555,0.07622309533900731,0.8334933498200422,0.08439919127916706,3119,0.15442887557558052,0.1322517902703215,0.3275340393343419,0.1386050644158152,-0.7593679511569733,0.03871746754983903,-0.7901740811896052,-0.009803921568627666,,0.9016888396980484,0.14946503219486118
44b6,random__random_nodes__s5__r0.9,random,random_nodes,5,0.9,preregistered_descriptive,0.9125211431134657,-0.17751340035817997,71,0.710774082834748,0.06666666666666667,3,19,23,0.9154634796426161,0.728341076088619,71,0.7350077427552857,15325,1735,4501,1782150,0.9000166655724624,0.01009024659997071,0.8997497497497497,0.09998061372854118,0.010087254159301966,-8.983350073744061e-05,0.010117183553894333,1.002669603131771,1980130,19980,17977,0.8111590267795347,0.810679870095299,98,0.8881690940041611,0.09803921568627451,0.9027172215448382,18783,1322,1043,0.7560720435896555,0.6804774396041192,0.8334933498200422,0.7501634547552392,18490,0.9154824974006041,0.9154634796426161,1.3124054462934946,0.7174407495014147,-0.18053226607137385,0.006684833204099405,-0.18106097866031834,-0.0031372549019610396,,1.014725529749121,0.8158774985260828
44b6,random__random_nodes__s5__r0.8,random,random_nodes,5,0.8,preregistered_descriptive,0.9125211431134657,-0.3265150893366189,71,0.559402517173021,0.08108108108108109,3,11,23,0.8328203529944327,0.5778979456687386,71,0.5860060537768468,12134,1865,7692,1584130,0.800013130451031,0.01009024659997071,0.7978478478478479,0.19996479861235109,0.010062936753928024,-0.0005465354997272916,0.01019949494949495,1.0108271238410127,1980130,19980,15941,0.6382899430335942,0.6373848692967045,162,0.8881690940041611,0.09803921568627451,0.9027172215448382,18783,1322,1043,0.7560720435896555,0.6048675624386687,0.8334933498200422,0.6668090832503406,16823,0.8329454869535079,0.8328203529944326,1.4107413010590015,0.5675106252811292,-0.33046239029165936,0.012106632308688747,-0.3369259081847881,-0.0016958134605195019,,1.0109690637042728,0.6459846579343989
44b6,random__random_nodes__s5__r0.7,random,random_nodes,5,0.7,preregistered_descriptive,0.9125211431134657,-0.4513200453460332,71,0.43714100426162683,0.058823529411764705,2,8,24,0.7519704045522324,0.455318744826256,71,0.46120109776743246,9437,1762,10389,1386126,0.7000176756071571,0.01009024659997071,0.698998998998999,0.29997194092288854,0.010075563116195787,-0.00022443319188028018,0.010124510946054235,1.003395788769288,1980130,19980,13966,0.4895384123941862,0.48863333865729647,259,0.8881690940041611,0.09803921568627451,0.9027172215448382,18783,1322,1043,0.7560720435896555,0.5292637945451838,0.8334933498200422,0.5834659912368062,15166,0.7509035995444868,0.7519704045522324,1.3328290468986383,0.4430233572028033,-0.45494965836998524,0.016610990851292168,-0.46400946756987405,-0.0039215686274512995,,1.0005469080149032,0.5024798930239522
44b6,random__random_nodes__s5__r0.5,random,random_nodes,5,0.5,preregistered_descriptive,0.9125211431134657,-0.6592618185797203,71,0.23632896305125148,0.03125,1,6,25,0.561950952037802,0.2501343245337453,71,0.2532593245337453,4957,1149,14869,990081,0.5000080802775575,0.01009024659997071,0.4974974974974975,0.49996632910746625,0.010039582620007858,-0.0005069412483007265,0.010140912217476105,1.0050212467062543,1980130,19980,9940,0.24708513017089923,0.24665921311824524,324,0.8881690940041611,0.09803921568627451,0.9027172215448382,18783,1322,1043,0.7560720435896555,0.3780421310667934,0.8334933498200422,0.4167575610853458,11423,0.5655790463930287,0.561950952037802,0.8691376701966718,0.23945396305125147,-0.6585190525215371,0.023480478645741473,-0.6760633756568342,-0.006678921568627705,,0.9596807361344888,0.26396537363706074
44b6,random__random_nodes__s5__r0.3,random,random_nodes,5,0.3,preregistered_descriptive,0.9125211431134657,-0.8113265079263376,71,0.09410660475226004,0.0,0,2,26,0.3483199970844875,0.10119463518712805,71,0.10119463518712805,1905,417,17921,594067,0.30001414048572567,0.01009024659997071,0.29824824824824825,0.6999678596025815,0.0100308551055689,-0.0003890467486739617,0.010115701811533819,1.0025227541577808,1980130,19980,5959,0.09008145663632007,0.08997497737315657,215,0.8881690940041611,0.09803921568627451,0.9027172215448382,18783,1322,1043,0.7560720435896555,0.2268323043028366,0.8334933498200422,0.2500646771177634,7198,0.35638956280635736,0.34831999708448746,0.3154311649016641,0.09410660475226004,-0.8038664108205285,0.028703098988152584,-0.8302256853458625,-0.009803921568627638,,0.9149126471181622,0.10145984260410704
44b6,random__random_nodes__s5__r0.1,random,random_nodes,5,0.1,preregistered_descriptive,0.9125211431134657,-0.9003231210851543,71,0.011174309155886646,0.0,0,0,26,0.11901241909462235,0.012198022028311278,71,0.012198022028311278,222,41,19604,198043,0.10001515052042037,0.01009024659997071,0.0965965965965966,0.8999500038262378,0.009745358331271492,-0.0011503898138574822,0.01012857396973324,1.0037984571915857,1980130,19980,1930,0.0097960922110419,0.0097960922110419,38,0.8881690940041611,0.09803921568627451,0.9027172215448382,18783,1322,1043,0.7560720435896555,0.07561865924390122,0.8334933498200422,0.08336721359933046,2484,0.12298856265782047,0.11901241909462232,0.031013615733736764,0.011174309155886646,-0.8867987064169018,0.033841987812609844,-0.9243611873291366,-0.009803921568627638,,0.8841626786699102,0.011818943497822304
44b6,random__random_tracklets__s5__r0.9,random,random_tracklets,5,0.9,preregistered_descriptive,0.9125211431134657,-0.08536055308655266,71,0.7967315976774677,0.10416666666666667,5,22,21,0.9071383989387122,0.8167439233602464,71,0.827160590026913,17015,1530,2811,1783688,0.9007933822526804,0.01009024659997071,0.8836836836836837,0.09903221692217433,0.009898592130462278,-0.005778465593063809,0.011830463953736981,1.1724652947303909,1980130,19980,17656,0.8838843635202044,0.883777884257041,415,0.8881690940041611,0.09803921568627451,0.9027172215448382,18783,1322,1043,0.7560720435896555,0.6810646933718217,0.8334933498200422,0.7511983616786132,18279,0.9050354012972224,0.9071383989387122,1.1573373676248109,0.8071482643441343,-0.09082475122865419,0.006953936228589641,-0.09292723441318129,0.0006127450980389915,,1.000997642750643,0.9062794425261157
44b6,random__random_tracklets__s5__r0.8,random,random_tracklets,5,0.8,preregistered_descriptive,0.9125211431134657,-0.14831455846245312,71,0.729438749239339,0.10526315789473684,4,12,22,0.8273710479609837,0.7536802688615388,71,0.7642065846510125,15583,1537,4243,1585530,0.8007201547373153,0.01009024659997071,0.791991991991992,0.19919087824911358,0.009980258967033105,-0.0022059916044131966,0.010532184490623417,1.0437985222932005,1980130,19980,15824,0.7924719160943406,0.7923654368311771,700,0.8881690940041611,0.09803921568627451,0.9027172215448382,18783,1322,1043,0.7560720435896555,0.605402123735667,0.8334933498200422,0.667697858259643,16821,0.832846462345893,0.8273710479609836,1.1626323751891074,0.7399650650288128,-0.15800795054397576,0.013445777271455683,-0.16248272995475488,0.0007223942208460787,,0.9930910058899204,0.8297975483336597
44b6,random__random_tracklets__s5__r0.7,random,random_tracklets,5,0.7,preregistered_descriptive,0.9125211431134657,-0.20830023678303078,71,0.6651042887274432,0.11428571428571428,4,9,22,0.7634314064265244,0.6927923349018634,71,0.7042209063304349,14190,1509,5636,1387381,0.7006514723780762,0.01009024659997071,0.7111111111111111,0.29945514373899956,0.010240878316770952,0.002305845424691903,0.009737679861121656,0.9650586598299712,1980130,19980,14208,0.7118671138795719,0.7117073949848267,822,0.8881690940041611,0.09803921568627451,0.9027172215448382,18783,1322,1043,0.7560720435896555,0.5297429905649931,0.8334933498200422,0.584188941756347,15391,0.7620438679011734,0.7634314064265244,1.1414523449319214,0.6765328601560147,-0.22144015541677387,0.019401292664621872,-0.22932617930759636,0.0016246498599437054,,0.9828291423285461,0.755634346258371
44b6,random__random_tracklets__s5__r0.5,random,random_tracklets,5,0.5,preregistered_descriptive,0.9125211431134657,-0.3859908988571832,71,0.4942128540510022,0.03225806451612903,1,5,25,0.5586541198434135,0.5233044378046696,71,0.5265302442562825,10504,1428,9322,991662,0.5008065127037113,0.01009024659997071,0.5043543543543544,0.49922965079203124,0.010161728492167694,0.0007163872981925507,0.010018533730985728,0.992892852689528,1980130,19980,10077,0.5044455092370761,0.5042325507107491,1033,0.8881690940041611,0.09803921568627451,0.9027172215448382,18783,1322,1043,0.7560720435896555,0.37864580350290383,0.8334933498200422,0.41764466038770925,11568,0.5727583304451156,0.5586541198434135,1.08018154311649,0.4974386605026151,-0.40053435507017343,0.028658556774711796,-0.4080713405148801,-0.006578115117014893,,0.9724095482602962,0.559627011655382
44b6,random__random_tracklets__s5__r0.3,random,random_tracklets,5,0.3,preregistered_descriptive,0.9125211431134657,-0.5859065517990147,71,0.30374479889042993,0.0,0,1,26,0.34273317068550296,0.32661459131445086,71,0.32661459131445086,6351,1083,13475,595443,0.30070904435567364,0.01009024659997071,0.2916916916916917,0.6991990408897278,0.009787670692240904,-0.0019853173714148207,0.010220360269143858,1.0128949939809724,1980130,19980,5828,0.2918596603311505,0.2914337432784965,877,0.8881690940041611,0.09803921568627451,0.9027172215448382,18783,1322,1043,0.7560720435896555,0.22735770169188652,0.8334933498200422,0.250800453371772,7137,0.3533693122741001,0.34273317068550296,0.819213313161876,0.30374479889042993,-0.5942282166823586,0.034678959764665784,-0.6107815899950529,-0.009803921568627638,,0.9450740517095755,0.3382661075751465
44b6,random__random_tracklets__s5__r0.1,random,random_tracklets,5,0.1,preregistered_descriptive,0.9125211431134657,-0.8133491559768822,71,0.09081471228000791,0.0,0,0,26,0.09934973661271633,0.09917198713658347,71,0.09917198713658347,1837,402,17989,199316,0.10065803760359168,0.01009024659997071,0.07902902902902903,0.8991214958038926,0.007922093559975115,-0.007257767353333484,0.010332915172499768,1.0240498158419402,1980130,19980,1579,0.0780492998988447,0.07799606026726295,372,0.8881690940041611,0.09803921568627451,0.9027172215448382,18783,1322,1043,0.7560720435896555,0.07610472819467196,0.8334933498200422,0.0840808360008276,2123,0.10511462098331435,0.09934973661271634,0.3040847201210287,0.09081471228000791,-0.8071583032927806,0.036613216999143744,-0.8401584514073983,-0.009803921568627638,,0.9002886244823088,0.09784256787929592
44b6,random__random_nodes__s6__r0.9,random,random_nodes,6,0.9,preregistered_descriptive,0.9125211431134657,-0.17297298455320853,71,0.7098241217689916,0.12195121951219512,5,15,21,0.9117335566681403,0.7273530366090376,71,0.7395481585602571,15296,1723,4530,1782150,0.9000166655724624,0.01009024659997071,0.90005005005005,0.09998367471877152,0.010090620879275033,1.1235918730889346e-05,0.010086877462369937,0.9996660995777068,1980130,19980,17983,0.8099345152531544,0.8092424000425917,96,0.8881690940041611,0.09803921568627451,0.9027172215448382,18783,1322,1043,0.7560720435896555,0.6804774396041192,0.8334933498200422,0.7501634547552392,18482,0.9150863989701441,0.91173355666814,1.3033282904689865,0.7220192437202111,-0.17595377185257743,0.006681667133350222,-0.18204585206915064,0.002391200382591885,,1.0079713219901703,0.814317241345462
44b6,random__random_nodes__s6__r0.8,random,random_nodes,6,0.8,preregistered_descriptive,0.9125211431134657,-0.3337300639914006,71,0.5552435319031397,0.05128205128205128,2,13,24,0.831124059931758,0.57366287399386,71,0.5787910791220651,12061,1896,7765,1584130,0.800013130451031,0.01009024659997071,0.7953453453453454,0.1999392903604316,0.010031373687765525,-0.0011781881319349124,0.010325757575757575,1.0233404578821244,1980130,19980,15891,0.6335516158228185,0.6325400628227653,180,0.8881690940041611,0.09803921568627451,0.9027172215448382,18783,1322,1043,0.7560720435896555,0.6048675624386687,0.8334933498200422,0.6668090832503406,16813,0.832450363915433,0.8311240599317578,1.4341906202723147,0.5603717370313448,-0.33760127854144373,0.012064160130141388,-0.34111850768111934,-0.004675716440422639,,1.0157496538355415,0.6421670714909513
44b6,random__random_nodes__s6__r0.7,random,random_nodes,6,0.7,preregistered_descriptive,0.9125211431134657,-0.4613555947753597,71,0.4306397150654517,0.02631578947368421,1,12,25,0.7454219432365409,0.44853396939073753,71,0.45116554833810596,9310,1793,10516,1386126,0.7000176756071571,0.01009024659997071,0.6944944944944945,0.29992602606943347,0.010010633953911838,-0.0012168583793134018,0.010276025077272207,1.0184116885014523,1980130,19980,13876,0.48373529255177555,0.48235106213065004,250,0.8881690940041611,0.09803921568627451,0.9027172215448382,18783,1322,1043,0.7560720435896555,0.5292637945451838,0.8334933498200422,0.5834659912368062,15090,0.7471406644551171,0.7454219432365409,1.3562783661119515,0.4332712940128201,-0.4647017215599684,0.01653243808563698,-0.47071569023973736,-0.00717234262125932,,1.0055763115696525,0.4957031625777593
44b6,random__random_nodes__s6__r0.5,random,random_nodes,6,0.5,preregistered_descriptive,0.9125211431134657,-0.666257684218199,71,0.2326801125256282,0.0,0,4,26,0.5600714353640284,0.2462634588952667,71,0.2462634588952667,4880,1147,14946,990081,0.5000080802775575,0.01009024659997071,0.49714714714714714,0.4999627579521975,0.010032512491402218,-0.0005776846013420295,0.010147982574599843,1.0057219587308501,1980130,19980,9933,0.24495554490762925,0.24389075227599424,299,0.8881690940041611,0.09803921568627451,0.9027172215448382,18783,1322,1043,0.7560720435896555,0.3780421310667934,0.8334933498200422,0.4167575610853458,11408,0.5648363618359162,0.5600714353640284,0.867624810892587,0.2326801125256282,-0.6652929030471604,0.023409052524361762,-0.679862815173933,-0.00980392156862775,,0.9628867098532451,0.2598556904486526
44b6,random__random_nodes__s6__r0.3,random,random_nodes,6,0.3,preregistered_descriptive,0.9125211431134657,-0.8164718456477458,71,0.0893289220285418,0.0,0,1,26,0.3515464773831136,0.09604929746571984,71,0.09604929746571984,1809,425,18017,594067,0.30001414048572567,0.01009024659997071,0.29874874874874874,0.6999729612529654,0.010047688223718874,-0.0002787806246733468,0.01010848713225878,1.001807738998978,1980130,19980,5969,0.08699355800457861,0.08672735984666986,180,0.8881690940041611,0.09803921568627451,0.9027172215448382,18783,1322,1043,0.7560720435896555,0.2268323043028366,0.8334933498200422,0.2500646771177634,7207,0.35683517354062483,0.3515464773831136,0.321482602118003,0.0893289220285418,-0.8086440935442467,0.028574628071090034,-0.8352425521502082,-0.009803921568627666,,0.9152742190777011,0.09633907816201404
44b6,random__random_nodes__s6__r0.1,random,random_nodes,6,0.1,preregistered_descriptive,0.9125211431134657,-0.901316557778628,71,0.010264667404649291,0.0,0,0,26,0.12264665796847193,0.01120458533483765,71,0.01120458533483765,204,48,19622,198043,0.10001515052042037,0.01009024659997071,0.09684684684684684,0.8999525546514298,0.009770605373580486,-0.0010661772066504081,0.01012576827057265,1.0035203966771282,1980130,19980,1935,0.009157216632060906,0.009157216632060906,32,0.8881690940041611,0.09803921568627451,0.9027172215448382,18783,1322,1043,0.7560720435896555,0.07561865924390122,0.8334933498200422,0.08336721359933046,2484,0.12298856265782047,0.12264665796847193,0.036308623298033284,0.010264667404649291,-0.8877083481681393,0.03380972502556485,-0.9253223612355652,-0.00980392156862764,,0.8844742072726529,0.010860205055672955
44b6,random__random_tracklets__s6__r0.9,random,random_tracklets,6,0.9,preregistered_descriptive,0.9125211431134657,-0.06914708483618359,71,0.8162324837769209,0.06818181818181818,3,18,23,0.9317200430596851,0.8365558764591002,71,0.8433740582772821,17358,1440,2468,1783692,0.9007954023220698,0.01009024659997071,0.906956956956957,0.09926740300487208,0.010159265164613622,0.0020809632553719145,0.009463545749804009,0.9378904327106813,1980130,19980,18121,0.9072033221530107,0.906937123995102,323,0.8881690940041611,0.09803921568627451,0.9027172215448382,18783,1322,1043,0.7560720435896555,0.6810662206898132,0.8334933498200422,0.751150101161703,18591,0.9204832400851611,0.9317200430596854,1.0892586989409985,0.8230506655951028,-0.07492234997768576,0.007031111440205184,-0.07319245652594275,-0.002985739750446026,,1.000769230051814,0.9243641857833617
44b6,random__random_tracklets__s6__r0.8,random,random_tracklets,6,0.8,preregistered_descriptive,0.9125211431134657,-0.14838640941458103,71,0.7367901466716811,0.025,1,14,25,0.8407405777706215,0.7616347336988847,71,0.7641347336988846,15673,1446,4153,1585496,0.8007029841475055,0.01009024659997071,0.7996996996996997,0.1992867892763309,0.010077603475505457,-0.00025356601603940504,0.010141042079496445,1.0050341167604253,1980130,19980,15978,0.8003513815684395,0.7999787041473673,647,0.8881690940041611,0.09803921568627451,0.9027172215448382,18783,1322,1043,0.7560720435896555,0.6053891415327399,0.8334933498200422,0.6677620200655107,16875,0.8355201267514978,0.8407405777706216,1.0937972768532527,0.739290146671681,-0.1586828689011075,0.013450918852862648,-0.154533406698816,-0.0073039215686276915,,0.9976722217847616,0.8349935852677969
44b6,random__random_tracklets__s6__r0.7,random,random_tracklets,6,0.7,preregistered_descriptive,0.9125211431134657,-0.24121095839630835,71,0.6410352412598868,0.030303030303030304,1,7,25,0.7427506220334277,0.6682798816868543,71,0.6713101847171573,13697,1541,6129,1387581,0.7007524758475454,0.01009024659997071,0.6826826826826827,0.2990633369895161,0.009830056767857157,-0.0039839021824087375,0.010699537084696793,1.0603841024785114,1980130,19980,13640,0.6822126390885375,0.6818399616674653,890,0.8881690940041611,0.09803921568627451,0.9027172215448382,18783,1322,1043,0.7560720435896555,0.5298193564645644,0.8334933498200422,0.584347719014628,14896,0.7375352775164629,0.7427506220334278,1.165658093797277,0.6440655442901898,-0.2539074712825987,0.018962579807918045,-0.2533999196659017,-0.006773618538324699,,0.993497620847945,0.7300067722020452
44b6,random__random_tracklets__s6__r0.5,random,random_tracklets,6,0.5,preregistered_descriptive,0.9125211431134657,-0.39470773669391224,71,0.4886913998213194,0.0,0,4,26,0.5725703106704976,0.5178134064195534,71,0.5178134064195534,10393,1441,9433,991461,0.5007050042168949,0.01009024659997071,0.4966966966966967,0.4992541387138739,0.01000947087177408,-0.0008093652412695366,0.01017125043872115,1.0080279344957412,1980130,19980,9924,0.4966725230261407,0.4959804078155779,1077,0.8881690940041611,0.09803921568627451,0.9027172215448382,18783,1322,1043,0.7560720435896555,0.37856905577383476,0.8334933498200422,0.41754549798123586,11464,0.567609050849136,0.5725703106704977,1.0900151285930408,0.4886913998213194,-0.4092816157514691,0.028362785572622423,-0.413266600697907,-0.009803921568627638,,0.9764670063855455,0.554099716646162
44b6,random__random_tracklets__s6__r0.3,random,random_tracklets,6,0.3,preregistered_descriptive,0.9125211431134657,-0.5806727919274125,71,0.30849485522852355,0.0,0,0,26,0.35064081429878535,0.33184835118605316,71,0.33184835118605316,6446,1069,13380,595452,0.3007135895117997,0.01009024659997071,0.2984484484484484,0.699263321684565,0.01001424128225281,-0.000498705628854372,0.010122931107448807,1.0032392179075378,1980130,19980,5963,0.29707714422616194,0.29659798754192623,875,0.8881690940041611,0.09803921568627451,0.9027172215448382,18783,1322,1043,0.7560720435896555,0.22736113815736722,0.8334933498200422,0.2508223975134945,7222,0.3575778580977373,0.3506408142987854,0.8086232980332829,0.30849485522852355,-0.5894781603442649,0.0346712201763171,-0.6055400905351019,-0.009803921568627638,,0.9444407759494787,0.3434562767744448
44b6,random__random_tracklets__s6__r0.1,random,random_tracklets,6,0.1,preregistered_descriptive,0.9125211431134657,-0.8092158460011692,71,0.09458925750394945,0.0,0,0,26,0.11024297028938147,0.10330529711229637,71,0.10330529711229637,1916,430,17910,199628,0.1008156030159636,0.01009024659997071,0.08423423423423423,0.8990153814759074,0.00843068106678422,-0.0055601333787124495,0.010276315331294208,1.0184404543020822,1980130,19980,1683,0.0830005856359474,0.0825746685832934,365,0.8881690940041611,0.09803921568627451,0.9027172215448382,18783,1322,1043,0.7560720435896555,0.07622385899800303,0.8334933498200422,0.08442427252074743,2211,0.10947170371837402,0.11024297028938149,0.32526475037821484,0.09458925750394945,-0.8033837580688391,0.03670300255774112,-0.8361149269902828,-0.009803921568627666,,0.9015433353220418,0.1020625141871081
44b6,random__random_nodes__s7__r0.9,random,random_nodes,7,0.9,preregistered_descriptive,0.9125211431134657,-0.18258232432758315,71,0.7016446606439657,0.10869565217391304,5,20,21,0.9083957312010548,0.7190692535684912,71,0.7299388187858825,15145,1759,4681,1782150,0.9000166655724624,0.01009024659997071,0.8960960960960961,0.09994337168073872,0.010046292399629661,-0.0013195114376021218,0.010485907667441155,1.039212229706219,1980130,19980,17904,0.8029068838843635,0.8022147686738008,77,0.8881690940041611,0.09803921568627451,0.9027172215448382,18783,1322,1043,0.7560720435896555,0.6804774396041192,0.8334933498200422,0.7501634547552392,18389,0.910481754716047,0.9083957312010548,1.3305597579425112,0.712514225861357,-0.18545878971143148,0.006642031068850807,-0.19028999904519756,0.0010656436487636034,,1.011141773110177,0.8063879417134012
44b6,random__random_nodes__s7__r0.8,random,random_nodes,7,0.8,preregistered_descriptive,0.9125211431134657,-0.3253186034235317,71,0.5589185198855772,0.0975609756097561,4,15,22,0.8318589090325047,0.5774464421289583,71,0.587202539689934,12114,1848,7712,1584130,0.800013130451031,0.01009024659997071,0.7977477477477477,0.19996377828227432,0.010061674231281523,-0.0005718016050155964,0.010204545454545454,1.011327657202657,1980130,19980,15939,0.6363200766650695,0.6352020444018528,183,0.8881690940041611,0.09803921568627451,0.9027172215448382,18783,1322,1043,0.7560720435896555,0.6048675624386687,0.8334933498200422,0.6668090832503406,16810,0.8323018270040105,0.8318589090325046,1.3978819969742813,0.5686746174465528,-0.32929839812623574,0.01209651938099171,-0.3373672987968715,-4.782400765190875e-05,,1.0083360233521466,0.6449740738453353
44b6,random__random_nodes__s7__r0.7,random,random_nodes,7,0.7,preregistered_descriptive,0.9125211431134657,-0.44758406481826424,71,0.4406032482598608,0.06060606060606061,2,7,24,0.7507526527986242,0.4588764722345954,71,0.4649370782952014,9495,1724,10331,1386126,0.7000176756071571,0.01009024659997071,0.7014014014014014,0.29999642884473127,0.010110192002747225,0.00030486024141738473,0.01004370340940465,0.9953873089121336,1980130,19980,14014,0.49331842623649047,0.4924133524996007,246,0.8881690940041611,0.09803921568627451,0.9027172215448382,18783,1322,1043,0.7560720435896555,0.5292637945451838,0.8334933498200422,0.5834659912368062,15168,0.7510026241521018,0.7507526527986241,1.3040847201210288,0.44666385432046685,-0.4513091612523217,0.01666471024117014,-0.46050545955141264,-0.003743315508021705,,0.9985893381484793,0.5055147289593838
44b6,random__random_nodes__s7__r0.5,random,random_nodes,7,0.5,preregistered_descriptive,0.9125211431134657,-0.656322149858706,71,0.24213445538873482,0.0,0,3,26,0.5626766940716297,0.25619899325475975,71,0.25619899325475975,5064,1088,14762,990081,0.5000080802775575,0.01009024659997071,0.5021021021021022,0.5000132642909981,0.010132504310253403,0.000422828534527829,0.01004798752384983,0.9958118886687068,1980130,19980,10032,0.2533141670659639,0.25299472927647343,312,0.8881690940041611,0.09803921568627451,0.9027172215448382,18783,1322,1043,0.7560720435896555,0.3780421310667934,0.8334933498200422,0.4167575610853458,11452,0.567014903203446,0.5626766940716297,0.8229954614220878,0.24213445538873482,-0.6558385601840537,0.02364116060935767,-0.6701593888994359,-0.009803921568627638,,0.9601779740557274,0.2695791019801984
44b6,random__random_nodes__s7__r0.3,random,random_nodes,7,0.3,preregistered_descriptive,0.9125211431134657,-0.8148481184900573,71,0.09086417313108355,0.0,0,0,26,0.34882069856871695,0.09767302462340828,71,0.09767302462340828,1839,413,17987,594067,0.30001414048572567,0.01009024659997071,0.2981981981981982,0.699967349437543,0.010029171793753903,-0.0004000733610740232,0.010116423279461323,1.0025942556736611,1980130,19980,5958,0.08757919395197786,0.0874194750572326,197,0.8881690940041611,0.09803921568627451,0.9027172215448382,18783,1322,1043,0.7560720435896555,0.2268323043028366,0.8334933498200422,0.2500646771177634,7176,0.35530029212259245,0.34882069856871695,0.3124054462934947,0.09086417313108355,-0.807108842441705,0.02865051842368812,-0.8336947153451179,-0.009803921568627638,,0.9147318611383927,0.09790965203496325
44b6,random__random_nodes__s7__r0.1,random,random_nodes,7,0.1,preregistered_descriptive,0.9125211431134657,-0.8999865552292495,71,0.01148151878336187,0.0,0,0,26,0.11994102308522557,0.012534587884216106,71,0.012534587884216106,228,32,19598,198043,0.10001515052042037,0.01009024659997071,0.0981981981981982,0.8999663291074662,0.00990693940204905,-0.0006114291277322083,0.010110617495105457,1.0020188698990575,1980130,19980,1962,0.010488207421604643,0.010488207421604643,31,0.8881690940041611,0.09803921568627451,0.9027172215448382,18783,1322,1043,0.7560720435896555,0.07561865924390122,0.8334933498200422,0.08336721359933046,2486,0.12308758726543546,0.11994102308522557,0.024205748865355523,0.01148151878336187,-0.8864914967894266,0.0338481364762742,-0.9240307701368962,-0.009803921568627636,,0.8837621418949552,0.012139548020256621
44b6,random__random_tracklets__s7__r0.9,random,random_tracklets,7,0.9,preregistered_descriptive,0.9125211431134657,-0.08770682890058568,71,0.7988384618987401,0.06,3,24,23,0.9185048406479874,0.81881431421288,71,0.82481431421288,17056,1525,2770,1783605,0.9007514658128507,0.01009024659997071,0.8925925925925926,0.0991653699971941,0.009998850642378777,-0.002754981797677228,0.010919730314209388,1.0822064858396114,1980130,19980,17834,0.8909119948889954,0.8904860778363414,330,0.8881690940041611,0.09803921568627451,0.9027172215448382,18783,1322,1043,0.7560720435896555,0.6810330015234997,0.8334933498200422,0.7508729988476196,18330,0.9075605287914047,0.9185048406479874,1.153555219364599,0.8048384618987401,-0.09313455367404844,0.00698119068926778,-0.09088409802122549,-0.003803921568627966,,1.0056463112295082,0.9083490229935387
44b6,random__random_tracklets__s7__r0.8,random,random_tracklets,7,0.8,preregistered_descriptive,0.9125211431134657,-0.16435834091684276,71,0.7162888525356391,0.07894736842105263,3,12,23,0.8303849148638254,0.7402680653545176,71,0.7481628021966229,15325,1569,4501,1585709,0.8008105528424901,0.01009024659997071,0.7853853853853854,0.19903221692217432,0.009895888842151996,-0.0038992844614321575,0.010871632088555122,1.0774396820575902,1980130,19980,15692,0.7839535750412607,0.782835542778044,621,0.8881690940041611,0.09803921568627451,0.9027172215448382,18783,1322,1043,0.7560720435896555,0.6054704712157833,0.8334933498200422,0.6676943343476462,16597,0.8217557062930139,0.8303849148638254,1.186838124054463,0.7241835893777444,-0.17378942619504412,0.013314992928281366,-0.17576414911860178,-0.0019091847265223505,,0.9974804326786375,0.8162517753284594
44b6,random__random_tracklets__s7__r0.7,random,random_tracklets,7,0.7,preregistered_descriptive,0.9125211431134657,-0.23736256773174935,71,0.6427167197154091,0.05714285714285714,2,9,24,0.7341852906805335,0.6694442896674306,71,0.6751585753817163,13731,1538,6095,1387596,0.7007600511077555,0.01009024659997071,0.687987987987988,0.2991097620080096,0.009906341615282834,-0.0028159159703191857,0.010520915255495887,1.0426816779211747,1980130,19980,13746,0.6869509662993132,0.6862588510887505,841,0.8881690940041611,0.09803921568627451,0.9027172215448382,18783,1322,1043,0.7560720435896555,0.5298250839070322,0.8334933498200422,0.5843063919513355,14954,0.7404069911372976,0.7341852906805335,1.1633888048411498,0.6484310054296948,-0.24954201014309374,0.019110621107110426,-0.2523835529845177,-0.0040896358543420774,,0.9904250571491211,0.731174884091274
44b6,random__random_tracklets__s7__r0.5,random,random_tracklets,7,0.5,preregistered_descriptive,0.9125211431134657,-0.3859225140735689,71,0.4906914266861479,0.07142857142857142,2,2,24,0.5687688996651984,0.5194557718970396,71,0.5265986290398967,10411,1391,9415,991520,0.5007348002403883,0.01009024659997071,0.501001001001001,0.4992679131699105,0.01009561077940939,5.3751779333280995e-05,0.01008486663092625,0.9994668149097095,1980130,19980,10010,0.5008252142895171,0.5001863387105361,1016,0.8881690940041611,0.09803921568627451,0.9027172215448382,18783,1322,1043,0.7560720435896555,0.37859158371420826,0.8334933498200422,0.4176081373450758,11476,0.5682031984948259,0.5687688996651984,1.052193645990923,0.497834283829005,-0.4001387317437835,0.028655506531708008,-0.4119169561795063,-0.0026610644257706317,,0.9665271976038377,0.5545396209193854
44b6,random__random_tracklets__s7__r0.3,random,random_tracklets,7,0.3,preregistered_descriptive,0.9125211431134657,-0.5745146885641853,71,0.3144560357675112,0.0,0,0,26,0.35388863700734036,0.33800645454928036,71,0.33800645454928036,6541,975,13285,595131,0.3005514789433017,0.01009024659997071,0.302002002002002,0.6994633063796138,0.010138944198840255,0.00031940404570246424,0.010069321349690505,0.9979261903985315,1980130,19980,6034,0.3020284299632647,0.30181547143693765,872,0.8881690940041611,0.09803921568627451,0.9027172215448382,18783,1322,1043,0.7560720435896555,0.22723857088855542,0.8334933498200422,0.2506577322776103,7275,0.3602020101995346,0.3538886370073404,0.737518910741301,0.3144560357675112,-0.5835169798052773,0.035149366570381174,-0.5998601335659388,-0.009803921568627638,,0.9401842893827314,0.3482531453385479
44b6,random__random_tracklets__s7__r0.1,random,random_tracklets,7,0.1,preregistered_descriptive,0.9125211431134657,-0.8088006473238989,71,0.09501411100658513,0.0,0,0,26,0.1131331846482757,0.1037204957895668,71,0.1037204957895668,1919,371,17907,199589,0.10079590733941711,0.01009024659997071,0.08618618618618619,0.8990551743489019,0.00862772998511942,-0.004899417269236816,0.010254186789296063,1.0162473917461867,1980130,19980,1722,0.08523665016238087,0.08523665016238087,318,0.8881690940041611,0.09803921568627451,0.9027172215448382,18783,1322,1043,0.7560720435896555,0.07620896764758665,0.8334933498200422,0.08418922406454321,2191,0.1084814576422241,0.1131331846482757,0.2806354009077156,0.09501411100658513,-0.8029589045662033,0.036925480360244345,-0.8359222061155156,-0.009803921568627666,,0.8989137023593561,0.10217382422793277
44b6,random__random_nodes__s8__r0.9,random,random_nodes,8,0.9,preregistered_descriptive,0.9125211431134657,-0.17978884423918606,71,0.7068821398718306,0.08333333333333333,4,22,22,0.9062271619146351,0.7243989655409463,71,0.7327322988742796,15222,1708,4604,1782150,0.9000166655724624,0.01009024659997071,0.8986986986986987,0.099969900262735,0.010075470639396235,-0.0004435764688765955,0.010223254874229721,1.0131818655709959,1980130,19980,17956,0.806846616621413,0.8059415428845232,84,0.8881690940041611,0.09803921568627451,0.9027172215448382,18783,1322,1043,0.7560720435896555,0.6804774396041192,0.8334933498200422,0.7501634547552392,18426,0.9123137099569243,0.9062271619146351,1.291981845688351,0.7152154732051639,-0.18275754236762465,0.0066660038254584,-0.18498425982935013,-0.0014705882352943345,,1.0115901897407382,0.8104454396236012
44b6,random__random_nodes__s8__r0.8,random,random_nodes,8,0.8,preregistered_descriptive,0.9125211431134657,-0.3315420582805212,71,0.5602735295476597,0.021739130434782608,1,20,25,0.8261678030152377,0.5788051717894662,71,0.5809790848329445,12126,1817,7700,1584130,0.800013130451031,0.01009024659997071,0.799049049049049,0.19997704257327245,0.010078087025686024,-0.00024334223626763357,0.010138888888888888,1.004820723501279,1980130,19980,15965,0.6380237448756855,0.6363733162966513,173,0.8881690940041611,0.09803921568627451,0.9027172215448382,18783,1322,1043,0.7560720435896555,0.6048675624386687,0.8334933498200422,0.6668090832503406,16821,0.832846462345893,0.8261678030152377,1.3744326777609683,0.562447442591138,-0.33552557298165053,0.01211299463678328,-0.33602504439215497,-0.007630008525149501,,1.015350561338045,0.6455670283487507
44b6,random__random_nodes__s8__r0.7,random,random_nodes,8,0.7,preregistered_descriptive,0.9125211431134657,-0.45947251552552726,71,0.43243117775405043,0.02702702702702703,1,11,25,0.7385316358367399,0.45034592488523567,71,0.4530486275879384,9315,1715,10511,1386126,0.7000176756071571,0.01009024659997071,0.6973973973973974,0.29995561564166007,0.01005247719182816,-0.00057729548074539,0.010178382637153958,1.008734775340724,1980130,19980,13934,0.485119522972901,0.4841079699728478,222,0.8881690940041611,0.09803921568627451,0.9027172215448382,18783,1322,1043,0.7560720435896555,0.5292637945451838,0.8334933498200422,0.5834659912368062,15056,0.7454572461256622,0.7385316358367399,1.2972768532526475,0.43513388045675316,-0.46283913511603536,0.016566418757198276,-0.4689377154168005,-0.007101218865925019,,1.0018699353745224,0.4959099778822346
44b6,random__random_nodes__s8__r0.5,random,random_nodes,8,0.5,preregistered_descriptive,0.9125211431134657,-0.6661793196035636,71,0.2327726273535315,0.0,0,4,26,0.5536355609814855,0.24634182350990208,71,0.24634182350990208,4871,1100,14955,990081,0.5000080802775575,0.01009024659997071,0.49464464464464464,0.49993724970027803,0.009982011572790508,-0.0010829942659227661,0.010198485125483688,1.0107270446208216,1980130,19980,9883,0.2444763882233935,0.24367779374966725,294,0.8881690940041611,0.09803921568627451,0.9027172215448382,18783,1322,1043,0.7560720435896555,0.3780421310667934,0.8334933498200422,0.4167575610853458,11269,0.5579541516066743,0.5536355609814857,0.8320726172465961,0.2327726273535315,-0.665200388219257,0.023420756691090214,-0.6797961547260261,-0.009803921568627694,,0.9607289033704768,0.2593558645090197
44b6,random__random_nodes__s8__r0.3,random,random_nodes,8,0.3,preregistered_descriptive,0.9125211431134657,-0.8173386890526557,71,0.08853138570864587,0.0,0,1,26,0.3456223450362725,0.09518245406080988,71,0.09518245406080988,1794,438,18032,594067,0.30001414048572567,0.01009024659997071,0.2943943943943944,0.6999285768946254,0.009901240095814109,-0.0012380959034786962,0.01017125484195163,1.0080283708805646,1980130,19980,5882,0.08619496353085236,0.08598200500452537,179,0.8881690940041611,0.09803921568627451,0.9027172215448382,18783,1322,1043,0.7560720435896555,0.2268323043028366,0.8334933498200422,0.2500646771177634,7122,0.35262662771698766,0.3456223450362725,0.3313161875945537,0.08853138570864587,-0.8094416298641427,0.02856245012918613,-0.8360972176132142,-0.009803921568627652,,0.9158617735119517,0.09553090560282365
44b6,random__random_nodes__s8__r0.1,random,random_nodes,8,0.1,preregistered_descriptive,0.9125211431134657,-0.9010395153450356,71,0.010519428226293537,0.0,0,0,26,0.12157238062444156,0.01148162776843008,71,0.01148162776843008,209,42,19617,198043,0.10001515052042037,0.01009024659997071,0.10105105105105106,0.8999954085146545,0.010194755684371577,0.000348594594428436,0.010078632524674721,0.9988489800342419,1980130,19980,2019,0.00974285257946015,0.00974285257946015,26,0.8881690940041611,0.09803921568627451,0.9027172215448382,18783,1322,1043,0.7560720435896555,0.07561865924390122,0.8334933498200422,0.08336721359933046,2531,0.12531564093677278,0.12157238062444155,0.03177004538577912,0.010519428226293537,-0.887453587346495,0.033824097023527844,-0.9250596907999358,-0.009803921568627638,,0.8842071827560163,0.01112537262198478
44b6,random__random_tracklets__s8__r0.9,random,random_tracklets,8,0.9,preregistered_descriptive,0.9125211431134657,-0.0745532483120146,71,0.8150474661125018,0.023809523809523808,1,16,25,0.9223755670320214,0.8355869424204987,71,0.8379678948014511,17257,1347,2569,1783568,0.9007327801709989,0.01009024659997071,0.898948948948949,0.09924903706349004,0.010070263651287756,-0.0006022903931716604,0.01027156825836123,1.0179699927642054,1980130,19980,17961,0.8995900548368205,0.8994303359420753,363,0.8881690940041611,0.09803921568627451,0.9027172215448382,18783,1322,1043,0.7560720435896555,0.681018873832079,0.8334933498200422,0.7510617594692225,18444,0.9132049314254592,0.9223755670320216,1.018910741301059,0.8174284184934542,-0.08054459707933437,0.00702522897575375,-0.07415550810009308,-0.007422969187675266,,1.0012635966232335,0.9192460631652793
44b6,random__random_tracklets__s8__r0.8,random,random_tracklets,8,0.8,preregistered_descriptive,0.9125211431134657,-0.1557241808210995,71,0.7297943119523965,0.02631578947368421,1,12,25,0.8546408771852465,0.7541653833449977,71,0.7567969622923661,15576,1517,4250,1585320,0.8006141010943726,0.01009024659997071,0.798998998998999,0.19936943601255006,0.010069891252239296,-0.00040812597041372693,0.010171981459436185,1.008100382746415,1980130,19980,15964,0.7994463078315498,0.7984879944630783,578,0.8881690940041611,0.09803921568627451,0.9027172215448382,18783,1322,1043,0.7560720435896555,0.6053219395411173,0.8334933498200422,0.6674520420147021,16823,0.8329454869535079,0.8546408771852464,1.1475037821482603,0.732425890899765,-0.16554712467302357,0.013448500220068382,-0.16200033841990857,-0.00717234262125932,,1.0008310155872324,0.8295425469855414
44b6,random__random_tracklets__s8__r0.7,random,random_tracklets,8,0.7,preregistered_descriptive,0.9125211431134657,-0.2302997312210524,71,0.6523731587561374,0.029411764705882353,1,8,25,0.7697068630040691,0.679280235421825,71,0.6822214118924133,13951,1559,5875,1387532,0.7007277299975254,0.01009024659997071,0.7008008008008008,0.2992730148202944,0.010091298795271028,1.61097603211151e-05,0.01008778294898059,0.9997558383766234,1980130,19980,14002,0.7003673534579141,0.6993558004578608,815,0.8881690940041611,0.09803921568627451,0.9027172215448382,18783,1322,1043,0.7560720435896555,0.5298006468191694,0.8334933498200422,0.5844101887854614,15188,0.7519928702282517,0.7697068630040691,1.1792738275340393,0.6553143352267257,-0.24265868034606286,0.01927363024350559,-0.24271061636651836,-0.006862745098039635,,0.994436211613016,0.7426514311101743
44b6,random__random_tracklets__s8__r0.5,random,random_tracklets,8,0.5,preregistered_descriptive,0.9125211431134657,-0.36889910843601426,71,0.5136237865215963,0.0,0,5,26,0.590986003865845,0.5436220346774514,71,0.5436220346774514,10952,1497,8874,991457,0.5007029841475055,0.01009024659997071,0.5272272272272273,0.49956738004744533,0.010624767387793924,0.005355826659859275,0.009554220657386214,0.946876824339848,1980130,19980,10534,0.527178831922483,0.5258478411329394,1075,0.8881690940041611,0.09803921568627451,0.9027172215448382,18783,1322,1043,0.7560720435896555,0.37856752845584335,0.8334933498200422,0.41765603445470606,12068,0.5975144823488637,0.590986003865845,1.132375189107413,0.5136237865215963,-0.3843492290511922,0.029174469988896612,-0.38826965685628323,-0.009803921568627638,,0.979031140691837,0.5832444593004946
44b6,random__random_tracklets__s8__r0.3,random,random_tracklets,8,0.3,preregistered_descriptive,0.9125211431134657,-0.58058606765186,71,0.3087678973327587,0.0,0,1,26,0.3678562456145697,0.3319350754616056,71,0.3319350754616056,6448,1057,13378,595306,0.30063985697908724,0.01009024659997071,0.29534534534534534,0.6993061755477897,0.009912549176389958,-0.0011657496087313503,0.01016663489367602,1.0075705081088437,1980130,19980,5901,0.294095724857584,0.2937762870680935,930,0.8881690940041611,0.09803921568627451,0.9027172215448382,18783,1322,1043,0.7560720435896555,0.22730539105068023,0.8334933498200422,0.2508726243461033,7223,0.3576273704015448,0.36785624561456975,0.7995461422087746,0.3087678973327587,-0.5892051182400297,0.0349234983726244,-0.6057056444558568,-0.009803921568627638,,0.9439018967990087,0.3433500140866031
44b6,random__random_tracklets__s8__r0.1,random,random_tracklets,8,0.1,preregistered_descriptive,0.9125211431134657,-0.8113576298950989,71,0.09267762800572754,0.0,0,0,26,0.09991252166872372,0.10116351321836686,71,0.10116351321836686,1877,427,17949,199261,0.10063026164948766,0.01009024659997071,0.08288288288288288,0.8991888375889601,0.008310708066304996,-0.0059559887731981094,0.010289358734415614,1.019733128667587,1980130,19980,1656,0.08209551189905766,0.08188255337273066,339,0.8881690940041611,0.09803921568627451,0.9027172215448382,18783,1322,1043,0.7560720435896555,0.07608372757228987,0.8334933498200422,0.08403512702998017,2171,0.10749121156607416,0.09991252166872373,0.32299546142208774,0.09267762800572754,-0.805295387567061,0.036891795968714294,-0.8384455042951855,-0.009803921568627666,,0.9013902110478678,0.09992952077704234
44b6,random__random_nodes__s9__r0.9,random,random_nodes,9,0.9,preregistered_descriptive,0.9125211431134657,-0.1816807686771449,71,0.7051448135467753,0.08333333333333333,4,22,22,0.9130615930719586,0.7225070411029875,71,0.7308403744363208,15241,1788,4585,1782150,0.9000166655724624,0.01009024659997071,0.8977977977977978,0.09996071729204398,0.010065370479477037,-0.0007467847272815853,0.010314173148802909,1.0221923762331884,1980130,19980,17938,0.8066868977266677,0.806420699568759,94,0.8881690940041611,0.09803921568627451,0.9027172215448382,18783,1322,1043,0.7560720435896555,0.6804774396041192,0.8334933498200422,0.7501634547552392,18461,0.9140466405901867,0.9130615930719586,1.3524962178517397,0.7134781468801086,-0.18449486869267995,0.006664938758515482,-0.18687511920036604,-0.0014705882352943345,,1.015348303197563,0.8113317723345504
44b6,random__random_nodes__s9__r0.8,random,random_nodes,9,0.8,preregistered_descriptive,0.9125211431134657,-0.33016492397681285,71,0.5592602840804279,0.046511627906976744,2,17,24,0.8335421996699408,0.5777050563459551,71,0.5823562191366528,12127,1858,7699,1584130,0.800013130451031,0.01009024659997071,0.7987987987987988,0.1999744917480805,0.010074930719069774,-0.00030650749948839566,0.010151515151515151,1.0060720569053903,1980130,19980,15960,0.6367459937177234,0.636213597401906,177,0.8881690940041611,0.09803921568627451,0.9027172215448382,18783,1322,1043,0.7560720435896555,0.6048675624386687,0.8334933498200422,0.6668090832503406,16850,0.8342823191563103,0.8335421996699407,1.405446293494705,0.5639114468711256,-0.3340615687016629,0.012111184537168695,-0.33712334973605157,-0.005152758777929978,,1.0145057975885337,0.6455606437728184
44b6,random__random_nodes__s9__r0.7,random,random_nodes,9,0.7,preregistered_descriptive,0.9125211431134657,-0.4566454612156429,71,0.4320907617504052,0.058823529411764705,2,8,24,0.7424897889941896,0.4499933289566463,71,0.45587568189782274,9331,1769,10495,1386126,0.7000176756071571,0.01009024659997071,0.6978478478478478,0.2999602071270056,0.010058970108056555,-0.0004780529620020779,0.010163231224032161,1.0072331853675076,1980130,19980,13943,0.48570515892030025,0.4850662833413193,220,0.8881690940041611,0.09803921568627451,0.9027172215448382,18783,1322,1043,0.7560720435896555,0.5292637945451838,0.8334933498200422,0.5834659912368062,15108,0.748031885923652,0.7424897889941896,1.338124054462935,0.4379731146915816,-0.4599999008812069,0.016561740875949083,-0.4692856334641407,-0.0039215686274512995,,1.0008713395674373,0.49676390513101926
44b6,random__random_nodes__s9__r0.5,random,random_nodes,9,0.5,preregistered_descriptive,0.9125211431134657,-0.6582556867062725,71,0.23708235743989292,0.03333333333333333,1,4,25,0.5588160139323105,0.2509321230738597,71,0.25426545640719306,4960,1095,14866,990081,0.5000080802775575,0.01009024659997071,0.49944944944944947,0.4999862255439635,0.010078973336524992,-0.00011279970992775185,0.010101520227786705,1.0011172797120764,1980130,19980,9979,0.2499600702763137,0.2496406324868232,271,0.8881690940041611,0.09803921568627451,0.9027172215448382,18783,1322,1043,0.7560720435896555,0.3780421310667934,0.8334933498200422,0.4167575610853458,11369,0.5629053819874239,0.5588160139323105,0.8282904689863843,0.24041569077322625,-0.6575573247995623,0.02349595113863888,-0.6752810496096172,-0.006470588235294283,,0.9569907573624967,0.26412554141603034
44b6,random__random_nodes__s9__r0.3,random,random_nodes,9,0.3,preregistered_descriptive,0.9125211431134657,-0.8133070449543299,71,0.0889656874845717,0.03571428571428571,1,2,25,0.35358880722709674,0.09564266958770719,71,0.09921409815913576,1802,429,18024,594067,0.30001414048572567,0.01009024659997071,0.29614614614614615,0.699946432670969,0.009960156009339013,-0.0008521644694765442,0.010146003464488988,1.0055258178247537,1980130,19980,5917,0.08614172389927062,0.08603524463610712,186,0.8881690940041611,0.09803921568627451,0.9027172215448382,18783,1322,1043,0.7560720435896555,0.2268323043028366,0.8334933498200422,0.2500646771177634,7129,0.35297321384364017,0.35358880722709674,0.3245083207261725,0.09253711605600028,-0.8054358995167883,0.028582874752437072,-0.8356574267095679,-0.0062324929971990795,,0.9118720939264864,0.09595017192959159
44b6,random__random_nodes__s9__r0.1,random,random_nodes,9,0.1,preregistered_descriptive,0.9125211431134657,-0.9004876886305574,71,0.011023304978104394,0.0,0,0,26,0.1204288246997236,0.012033454482908292,71,0.012033454482908292,219,41,19607,198043,0.10001515052042037,0.01009024659997071,0.10045045045045045,0.8999892865341939,0.010134162782829992,0.00014648433713145822,0.010085366202660139,0.99951632526894,1980130,19980,2007,0.009955811105787148,0.009955811105787148,32,0.8881690940041611,0.09803921568627451,0.9027172215448382,18783,1322,1043,0.7560720435896555,0.07561865924390122,0.8334933498200422,0.08336721359933046,2516,0.12457295637966034,0.12042882469972357,0.031013615733736764,0.011023304978104394,-0.8869497105946841,0.03383507651005473,-0.9245188435719844,-0.009803921568627638,,0.8841626786699102,0.01165949022612146
44b6,random__random_tracklets__s9__r0.9,random,random_tracklets,9,0.9,preregistered_descriptive,0.9125211431134657,-0.08169939824098837,71,0.80001877757957,0.10869565217391304,5,20,21,0.8900646491414063,0.8199521796550859,71,0.8308217448724773,17042,1476,2784,1783550,0.9007236898587466,0.01009024659997071,0.8904904904904904,0.09917200214269316,0.009975610439853101,-0.0034549830227623333,0.011130328619391597,1.1030779584142083,1980130,19980,17792,0.8895810040994516,0.8890486077836341,343,0.8881690940041611,0.09803921568627451,0.9027172215448382,18783,1322,1043,0.7560720435896555,0.6810120009011176,0.8334933498200422,0.7509020282277874,18300,0.9060751596771798,0.8900646491414062,1.1164901664145235,0.8108883427969613,-0.08708467277582721,0.0069852933812745155,-0.0897503352710266,0.0010656436487637144,,0.9979550226258858,0.9075294892836656
44b6,random__random_tracklets__s9__r0.8,random,random_tracklets,9,0.8,preregistered_descriptive,0.9125211431134657,-0.1815228917212054,71,0.7023520627216726,0.05263157894736842,2,12,24,0.8149253013254748,0.7257350934975234,71,0.7309982513922603,15050,1602,4776,1585386,0.8006474322392975,0.01009024659997071,0.7674674674674674,0.19901436114583068,0.009672092474640246,-0.008384891254436469,0.011769653243621182,1.1664386124770576,1980130,19980,15334,0.7652664643560667,0.7644146302507586,692,0.8881690940041611,0.09803921568627451,0.9027172215448382,18783,1322,1043,0.7560720435896555,0.6053471402879758,0.8334933498200422,0.6674980980631938,16347,0.8093776303411397,0.8149253013254749,1.2118003025718609,0.7076152206164095,-0.19035779495637906,0.013224552599753525,-0.19020668064706803,-0.004540763673890891,,1.0019175498020934,0.8014553065709645
44b6,random__random_tracklets__s9__r0.7,random,random_tracklets,9,0.7,preregistered_descriptive,0.9125211431134657,-0.2438387448561109,71,0.6363806406359598,0.058823529411764705,2,8,24,0.7418861317046409,0.6628000453161783,71,0.6686823982573548,13609,1559,6217,1387690,0.7008075227384061,0.01009024659997071,0.6807307307307308,0.2989878325638344,0.00980118037890307,-0.00442662462787794,0.010767335088785362,1.0671032647325605,1980130,19980,13601,0.6794441782462866,0.6788053026673055,859,0.8881690940041611,0.09803921568627451,0.9027172215448382,18783,1322,1043,0.7560720435896555,0.5298609758798306,0.8334933498200422,0.5845232515132786,14851,0.7353072238451255,0.7418861317046409,1.1792738275340393,0.6422629935771362,-0.2557100219956523,0.019024150455712707,-0.2589413266843723,-0.0039215686274512995,,0.9912371307518185,0.7246458262132545
44b6,random__random_tracklets__s9__r0.5,random,random_tracklets,9,0.5,preregistered_descriptive,0.9125211431134657,-0.3742667330375763,71,0.5024714023443017,0.06451612903225806,2,5,24,0.5837342137670821,0.5318027971726635,71,0.5382544100758894,10674,1417,9152,991505,0.5007272249801781,0.01009024659997071,0.5134634634634635,0.4994025967400454,0.010346896889072673,0.002571726180457425,0.009832848653432797,0.974490420626721,1980130,19980,10259,0.513602725869137,0.5130703295533194,1037,0.8881690940041611,0.09803921568627451,0.9027172215448382,18783,1322,1043,0.7560720435896555,0.3785858562717404,0.8334933498200422,0.41767845637206885,11762,0.5823637173837699,0.5837342137670821,1.0718608169440242,0.5089230152475275,-0.38905000032526105,0.02895225998751788,-0.39986668435969236,-0.0033523086654018153,,0.9684595194903322,0.5684215882350082
44b6,random__random_tracklets__s9__r0.3,random,random_tracklets,9,0.3,preregistered_descriptive,0.9125211431134657,-0.5776304200671822,71,0.3115091718952057,0.0,0,0,26,0.3770875109645712,0.3348907230462834,71,0.3348907230462834,6504,1053,13322,595327,0.3006504623433815,0.01009024659997071,0.29654654654654655,0.6993077060429049,0.009952513492584747,-0.0009035942234257297,0.010149458081763254,1.0058681897618555,1980130,19980,5925,0.29510727785763724,0.2948410796997285,966,0.8881690940041611,0.09803921568627451,0.9027172215448382,18783,1322,1043,0.7560720435896555,0.2273134094701352,0.8334933498200422,0.25075752371126053,7296,0.36124176857949203,0.3770875109645712,0.7965204236006052,0.3115091718952057,-0.5864638436775829,0.03499931667365486,-0.6028258151722095,-0.009803921568627638,,0.9437101300363482,0.3463369261951199
44b6,random__random_tracklets__s9__r0.1,random,random_tracklets,9,0.1,preregistered_descriptive,0.9125211431134657,-0.8116650546302779,71,0.09235495218748452,0.0,0,0,26,0.11279526170320782,0.10085608848318767,71,0.10085608848318767,1864,357,17962,199478,0.10073985041386171,0.01009024659997071,0.08183183183183183,0.8990674183098232,0.008196392584645926,-0.0063424314791598185,0.010302406084962138,1.021026194245049,1980130,19980,1635,0.08150987595165841,0.08140339668849492,335,0.8881690940041611,0.09803921568627451,0.9027172215448382,18783,1322,1043,0.7560720435896555,0.07616658457332463,0.8334933498200422,0.08424490952706007,2123,0.10511462098331435,0.11279526170320782,0.2700453857791225,0.09235495218748452,-0.8056180633853041,0.03666947744318182,-0.8385306105048322,-0.009803921568627624,,0.8982839926977493,0.09928253228351787
44b6,random__random_nodes__s10__r0.9,random,random_nodes,10,0.9,preregistered_descriptive,0.9125211431134657,-0.1758487343701669,71,0.7075445434298441,0.11627906976744186,5,17,21,0.9123797196655506,0.7250445017665545,71,0.7366724087432988,15249,1726,4577,1782150,0.9000166655724624,0.01009024659997071,0.8997997997997998,0.09998112389357958,0.010087815279297477,-7.298859749271896e-05,0.010112132538640267,1.0021690192060937,1980130,19980,17978,0.8089229622531012,0.808124367779375,70,0.8881690940041611,0.09803921568627451,0.9027172215448382,18783,1322,1043,0.7560720435896555,0.6804774396041192,0.8334933498200422,0.7501634547552392,18435,0.9127593206911918,0.9123797196655506,1.3055975794251136,0.7191724504065883,-0.17880056516620024,0.0066706110788299355,-0.1843433308571134,0.0018239854081165685,,1.008746770402832,0.8118456995989095
44b6,random__random_nodes__s10__r0.8,random,random_nodes,10,0.8,preregistered_descriptive,0.9125211431134657,-0.3236104882567954,71,0.562825415841128,0.075,3,14,23,0.8348310553631322,0.5814106548566703,71,0.5889106548566703,12215,1877,7611,1584130,0.800013130451031,0.01009024659997071,0.8029029029029029,0.20001632528122848,0.010126694147576273,0.0007294028173321025,0.009944444444444445,0.9855501890779669,1980130,19980,16042,0.6432944684022787,0.6422296757706437,152,0.8881690940041611,0.09803921568627451,0.9027172215448382,18783,1322,1043,0.7560720435896555,0.6048675624386687,0.8334933498200422,0.6668090832503406,16912,0.8373520819923751,0.8348310553631321,1.41981845688351,0.570325415841128,-0.3276475997316606,0.012138191952313582,-0.3334447586404812,-0.002303921568627798,,1.0122084870771844,0.6502707741152097
44b6,random__random_nodes__s10__r0.7,random,random_nodes,10,0.7,preregistered_descriptive,0.9125211431134657,-0.44974508608893204,71,0.4392133215826337,0.05405405405405406,2,11,24,0.7514159147838608,0.4573706516191282,71,0.4627760570245336,9469,1733,10357,1386126,0.7000176756071571,0.01009024659997071,0.7029029029029029,0.300011733795883,0.010131835056841874,0.0006356686372284252,0.00999319869899866,0.9903820090014122,1980130,19980,14044,0.4929457488154182,0.4918809561837832,230,0.8881690940041611,0.09803921568627451,0.9027172215448382,18783,1322,1043,0.7560720435896555,0.5292637945451838,0.8334933498200422,0.5834659912368062,15196,0.7523889686587117,0.7514159147838608,1.31089258698941,0.4446187269880391,-0.4533542885847494,0.016659766414593297,-0.46200633634030297,-0.0043985161632223435,,0.9997284763327758,0.5040662901713175
44b6,random__random_nodes__s10__r0.5,random,random_nodes,10,0.5,preregistered_descriptive,0.9125211431134657,-0.6545413106832839,71,0.24072216649949849,0.03225806451612903,1,5,25,0.5608706162540802,0.25475402597856883,71,0.25797983243018174,5040,1111,14786,990081,0.5000080802775575,0.01009024659997071,0.5029029029029028,0.5000214269316123,0.010148664604209151,0.0005845276271936647,0.010031826707566999,0.994210261183916,1980130,19980,10048,0.2524623329606559,0.25198317627642014,307,0.8881690940041611,0.09803921568627451,0.9027172215448382,18783,1322,1043,0.7560720435896555,0.3780421310667934,0.8334933498200422,0.4167575610853458,11462,0.567510026241521,0.5608706162540802,0.840393343419062,0.2439479729511114,-0.6540250426216772,0.023586902274565363,-0.6715500978408345,-0.006578115117014727,,0.9578359134242582,0.26835346595693876
44b6,random__random_nodes__s10__r0.3,random,random_nodes,10,0.3,preregistered_descriptive,0.9125211431134657,-0.8136663595930149,71,0.09194720450837907,0.0,0,0,26,0.3507261196386488,0.09885478352045078,71,0.09885478352045078,1860,403,17966,594067,0.30001414048572567,0.01009024659997071,0.2988488488488488,0.6999739815830421,0.010051054847348868,-0.00025672739987322383,0.01010704419640377,1.001664735967217,1980130,19980,5971,0.08928286216259383,0.08922962253101209,184,0.8881690940041611,0.09803921568627451,0.9027172215448382,18783,1322,1043,0.7560720435896555,0.2268323043028366,0.8334933498200422,0.2500646771177634,7170,0.3550032182997475,0.35072611963864875,0.3048411497730711,0.09194720450837907,-0.8060258110644094,0.028661699086141787,-0.832524137110529,-0.009803921568627638,,0.9142798961889692,0.09904531187791067
44b6,random__random_nodes__s10__r0.1,random,random_nodes,10,0.1,preregistered_descriptive,0.9125211431134657,-0.9005475974718812,71,0.01096744981637068,0.0,0,0,26,0.12296583484983038,0.011973545641584435,71,0.011973545641584435,218,51,19608,198043,0.10001515052042037,0.01009024659997071,0.1001001001001001,0.8999857153789251,0.0100988169235974,2.8586687041554535e-05,0.010089294181484966,0.9999056099891804,1980130,19980,2000,0.009902571474205398,0.009902571474205398,32,0.8881690940041611,0.09803921568627451,0.9027172215448382,18783,1322,1043,0.7560720435896555,0.07561865924390122,0.8334933498200422,0.08336721359933046,2535,0.12551369015200278,0.12296583484983038,0.038577912254160365,0.01096744981637068,-0.8870055657564179,0.033828193127121015,-0.9245718690303746,-0.009803921568627638,,0.8846077195309713,0.011607282729431486
44b6,random__random_tracklets__s10__r0.9,random,random_tracklets,10,0.9,preregistered_descriptive,0.9125211431134657,-0.08687497862905291,71,0.7985344544130771,0.06976744186046512,3,17,23,0.8948456490282899,0.8186694202983662,71,0.8256461644844127,17000,1463,2826,1783730,0.9008145929812689,0.01009024659997071,0.8916916916916917,0.09909241639670434,0.009988058730861733,-0.0030813743837645228,0.011018329938900204,1.09197826135708,1980130,19980,17816,0.8905925570995049,0.8902198796784326,279,0.8881690940041611,0.09803921568627451,0.9027172215448382,18783,1322,1043,0.7560720435896555,0.6810807302107317,0.8334933498200422,0.7509715187278968,18240,0.90310442144873,0.8948456490282898,1.1066565809379727,0.8055111985991237,-0.09246181697366485,0.0069613336362316924,-0.09100913488270318,-0.002827177382581425,,1.0016575286230824,0.9055617695461887
44b6,random__random_tracklets__s10__r0.8,random,random_tracklets,10,0.8,preregistered_descriptive,0.9125211431134657,-0.16438796486718432,71,0.7187016276560815,0.05263157894736842,2,12,24,0.8123590069098584,0.7428700203515445,71,0.7481331782462813,15322,1493,4504,1585791,0.8008519642649725,0.01009024659997071,0.786986986986987,0.19900670867025483,0.009915556337499708,-0.0035051621593452363,0.010792744313902505,1.069621461375764,1980130,19980,15724,0.7859766810413672,0.7857104828834585,564,0.8881690940041611,0.09803921568627451,0.9027172215448382,18783,1322,1043,0.7560720435896555,0.6055017812346075,0.8334933498200422,0.66767082807698,16543,0.8190820418874091,0.8123590069098585,1.1293494704992435,0.7239647855508183,-0.1740082300219702,0.013313680238951575,-0.1731608814322449,-0.004540763673891002,,0.9968398345571399,0.8162203477395266
44b6,random__random_tracklets__s10__r0.7,random,random_tracklets,10,0.7,preregistered_descriptive,0.9125211431134657,-0.2314991004382747,71,0.6534026996625422,0.0,0,7,26,0.7513029015473403,0.681022042675191,71,0.681022042675191,13941,1510,5885,1387460,0.7006913687485166,0.01009024659997071,0.7002502502502502,0.29930413488763613,0.010083894310466609,-9.724904706445665e-05,0.010105117519024077,1.001473791438696,1980130,19980,13991,0.6996219986157696,0.6992493211946973,807,0.8881690940041611,0.09803921568627451,0.9027172215448382,18783,1322,1043,0.7560720435896555,0.5297731550953237,0.8334933498200422,0.5843157011333567,15137,0.7494677427340695,0.7513029015473404,1.1422087745839637,0.6534026996625422,-0.24457031591024636,0.01915868396469489,-0.24085386283434196,-0.009803921568627638,,0.995353660455767,0.7428406323989448
44b6,random__random_tracklets__s10__r0.5,random,random_tracklets,10,0.5,preregistered_descriptive,0.9125211431134657,-0.41228038290306146,71,0.47255425866029155,0.0,0,4,26,0.5403380028778875,0.5002407602104042,71,0.5002407602104042,10081,1507,9745,991880,0.5009166064854328,0.01009024659997071,0.48863863863863866,0.4989582429916078,0.009842924547324274,-0.002479192820986867,0.010338477105995447,1.0246010346293677,1980130,19980,9763,0.486184315604536,0.485545440025555,961,0.8881690940041611,0.09803921568627451,0.9027172215448382,18783,1322,1043,0.7560720435896555,0.3787290423334364,0.8334933498200422,0.4179830316850463,11190,0.554042679605882,0.5403380028778875,1.1399394856278366,0.47255425866029155,-0.425418756912497,0.028253499284649763,-0.4307299606190835,-0.00980392156862775,,0.9795177193331367,0.5369680387754504
44b6,random__random_tracklets__s10__r0.3,random,random_tracklets,10,0.3,preregistered_descriptive,0.9125211431134657,-0.589699329220896,71,0.3002249772629362,0.0,0,0,26,0.33705737867994245,0.3228218138925697,71,0.3228218138925697,6272,1065,13554,595548,0.30076207117714493,0.01009024659997071,0.29294294294294293,0.6991582276866566,0.009827923190070321,-0.0017214222093264913,0.010203079340912998,1.011182357123226,1980130,19980,5853,0.2911675451205878,0.2908481073310973,809,0.8881690940041611,0.09803921568627451,0.9027172215448382,18783,1322,1043,0.7560720435896555,0.2273977937891614,0.8334933498200422,0.25080142460934535,7034,0.348269544981928,0.33705737867994234,0.8055975794251135,0.3002249772629362,-0.5977480383098523,0.034591300624996296,-0.6144867082772646,-0.009803921568627638,,0.944262075452736,0.3340507760155114
44b6,random__random_tracklets__s10__r0.1,random,random_tracklets,10,0.1,preregistered_descriptive,0.9125211431134657,-0.7962331171825232,71,0.10656747302557028,0.0,0,0,26,0.11447469430550222,0.11628802593094249,71,0.11628802593094249,2163,471,17663,199469,0.10073530525773561,0.01009024659997071,0.09804804804804805,0.8992373032676071,0.009821074954002878,-0.000901421059695293,0.010120399110218059,1.0029882827885928,1980130,19980,1959,0.09678965021562051,0.0965766916892935,349,0.8881690940041611,0.09803921568627451,0.9027172215448382,18783,1322,1043,0.7560720435896555,0.07616314810784393,0.8334933498200422,0.08434555971703205,2497,0.12363222260731792,0.11447469430550225,0.35627836611195157,0.10656747302557028,-0.7914055425472183,0.037552713017438344,-0.8239819086313338,-0.009803921568627638,,0.903370555830281,0.11512191187506465
44b6,random__random_nodes__s11__r0.9,random,random_nodes,11,0.9,preregistered_descriptive,0.9125211431134657,-0.17493180418554433,71,0.7129582307299168,0.07142857142857142,3,16,23,0.9131554994852126,0.7304464817850642,71,0.7375893389279213,15345,1697,4481,1782150,0.9000166655724624,0.01009024659997071,0.901951951951952,0.10000306099023033,0.010111943439104452,0.0006513422420303124,0.009894938882715426,0.9806439104019667,1980130,19980,18021,0.8135015705691316,0.8128626949901506,77,0.8881690940041611,0.09803921568627451,0.9027172215448382,18783,1322,1043,0.7560720435896555,0.6804774396041192,0.8334933498200422,0.7501634547552392,18474,0.9146903005396841,0.9131554994852126,1.2836611195158851,0.7201010878727739,-0.1778719277000146,0.00670134402563749,-0.1789720837854114,-0.0026610644257704097,,1.012404653625826,0.8167938516340979
44b6,random__random_nodes__s11__r0.8,random,random_nodes,11,0.8,preregistered_descriptive,0.9125211431134657,-0.32109540245626644,71,0.5673107964765023,0.05405405405405406,2,11,24,0.8341870822670291,0.5860203352517939,71,0.5914257406571992,12301,1857,7525,1584130,0.800013130451031,0.01009024659997071,0.8037537537537538,0.2000249980868811,0.010137425590071521,0.0009441647122826935,0.00990151515151515,0.9812956555039888,1980130,19980,16059,0.6476601181919821,0.6465953255603472,156,0.8881690940041611,0.09803921568627451,0.9027172215448382,18783,1322,1043,0.7560720435896555,0.6048675624386687,0.8334933498200422,0.6668090832503406,16908,0.8371540327771452,0.8341870822670291,1.4046898638426626,0.5727162018819076,-0.3252568136908809,0.012178723796982205,-0.32887561009002636,-0.004398516163222288,,1.013616216741702,0.6548224118042981
44b6,random__random_nodes__s11__r0.7,random,random_nodes,11,0.7,preregistered_descriptive,0.9125211431134657,-0.4545461488396101,71,0.4368311327310632,0.03125,1,6,25,0.7498997147603865,0.4548499942738556,71,0.4579749942738556,9429,1759,10397,1386126,0.7000176756071571,0.01009024659997071,0.6996996996996997,0.29997908323342604,0.010085663208106622,-7.005594050179457e-05,0.010100942081198107,1.0010599821442847,1980130,19980,13980,0.48975137092051324,0.488952776446787,245,0.8881690940041611,0.09803921568627451,0.9027172215448382,18783,1322,1043,0.7560720435896555,0.5292637945451838,0.8334933498200422,0.5834659912368062,15162,0.7507055503292568,0.7498997147603865,1.3305597579425112,0.4399561327310632,-0.4580168828417253,0.01663839920762969,-0.46450562647861227,-0.006678921568627483,,1.003450397965005,0.5018928342997523
44b6,random__random_nodes__s11__r0.5,random,random_nodes,11,0.5,preregistered_descriptive,0.9125211431134657,-0.6647157687464083,71,0.23419382545211623,0.0,0,4,26,0.5599105857773126,0.2478053743670574,71,0.2478053743670574,4908,1131,14918,990081,0.5000080802775575,0.01009024659997071,0.4958958958958959,0.4999500038262378,0.010007262032096363,-0.0008303394336323978,0.010173233850041766,1.008224501675836,1980130,19980,9908,0.24655273385508172,0.24596709790768248,288,0.8881690940041611,0.09803921568627451,0.9027172215448382,18783,1322,1043,0.7560720435896555,0.3780421310667934,0.8334933498200422,0.4167575610853458,11332,0.5610734267465465,0.5599105857773126,0.8555219364599093,0.23419382545211623,-0.6637791901206723,0.023470625048678334,-0.6783824722264589,-0.009803921568627777,,0.9621521374335794,0.26128322879324895
44b6,random__random_nodes__s11__r0.3,random,random_nodes,11,0.3,preregistered_descriptive,0.9125211431134657,-0.8138728122386371,71,0.09177933484654101,0.0,0,1,26,0.34910230264066694,0.09864833087482865,71,0.09864833087482865,1860,440,17966,594067,0.30001414048572567,0.01009024659997071,0.2985985985985986,0.6999714307578502,0.010042638288273882,-0.0003118604618735313,0.010110651536041291,1.0020222435466186,1980130,19980,5966,0.09013469626790183,0.09002821700473833,169,0.8881690940041611,0.09803921568627451,0.9027172215448382,18783,1322,1043,0.7560720435896555,0.2268323043028366,0.8334933498200422,0.2500646771177634,7153,0.35416150913502004,0.34910230264066694,0.3328290468986384,0.09177933484654101,-0.8061936807262475,0.028687116718182054,-0.8327560073881914,-0.009803921568627652,,0.9159521665018364,0.0990192425331607
44b6,random__random_nodes__s11__r0.1,random,random_nodes,11,0.1,preregistered_descriptive,0.9125211431134657,-0.9006514510788652,71,0.010873395419078781,0.0,0,0,26,0.12117183612877734,0.0118696920346004,71,0.0118696920346004,216,39,19610,198043,0.10001515052042037,0.01009024659997071,0.09674674674674674,0.899951534321353,0.009760506556656888,-0.0010998622495332379,0.010126890550236885,1.003631620882911,1980130,19980,1933,0.009902571474205398,0.009902571474205398,30,0.8881690940041611,0.09803921568627451,0.9027172215448382,18783,1322,1043,0.7560720435896555,0.07561865924390122,0.8334933498200422,0.08336721359933046,2477,0.122641976531168,0.12117183612877734,0.029500756429652043,0.010873395419078781,-0.8870996201537097,0.03382993949048686,-0.9246774690007245,-0.009803921568627642,,0.884073670497698,0.01149965925052725
44b6,random__random_tracklets__s11__r0.9,random,random_tracklets,11,0.9,preregistered_descriptive,0.9125211431134657,-0.07601755760758067,71,0.8075767533564924,0.08888888888888889,4,19,22,0.9134411590105518,0.8276146966169962,71,0.836503585505885,17203,1476,2623,1783394,0.9006449071525607,0.01009024659997071,0.8957957957957958,0.09930566538275132,0.010035920273366401,-0.0016366031414412122,0.010582709824333117,1.0488058660889257,1980130,19980,17898,0.8953841239418623,0.8950646861523718,391,0.8881690940041611,0.09803921568627451,0.9027172215448382,18783,1322,1043,0.7560720435896555,0.6809524354994521,0.8334933498200422,0.7509871523279875,18454,0.9137000544635342,0.9134411590105516,1.1164901664145235,0.8164656422453812,-0.08150737332740732,0.007023939852778771,-0.08212646478062063,-0.0009150326797388031,,1.0001440703820805,0.9160075102596318
44b6,random__random_tracklets__s11__r0.8,random,random_tracklets,11,0.8,preregistered_descriptive,0.9125211431134657,-0.15568777985724624,71,0.7253699194605732,0.07317073170731707,3,15,23,0.8270890573618512,0.7495162900854877,71,0.7568333632562194,15491,1530,4335,1585605,0.8007580310383662,0.01009024659997071,0.795045045045045,0.19918373593857613,0.010018258015079417,-0.0014440265684155158,0.010379570369431594,1.0286736073885177,1980130,19980,15885,0.7944417824628653,0.7941223446733748,575,0.8881690940041611,0.09803921568627451,0.9027172215448382,18783,1322,1043,0.7560720435896555,0.6054307609480063,0.8334933498200422,0.6677045318818834,16735,0.8285884042184483,0.8270890573618511,1.1573373676248109,0.7326869926313049,-0.16528602294148365,0.013395541657228394,-0.1665964731165787,-0.0024868483978959244,,0.9963096471136923,0.8249524447324655
44b6,random__random_tracklets__s11__r0.7,random,random_tracklets,11,0.7,preregistered_descriptive,0.9125211431134657,-0.247497185370254,71,0.6357845433255269,0.02631578947368421,1,12,25,0.7423437679639655,0.6623923787958432,71,0.6650239577432117,13574,1524,6252,1387595,0.7007595460904082,0.01009024659997071,0.6813813813813814,0.2990429303879805,0.0098112201326756,-0.004272391749462083,0.01074366915034555,1.0647578375712579,1980130,19980,13614,0.680828408667412,0.6804024916147581,794,0.8881690940041611,0.09803921568627451,0.9027172215448382,18783,1322,1043,0.7560720435896555,0.5298247020775343,0.8334933498200422,0.5842325705164765,14777,0.7316433133633709,0.7423437679639652,1.1527987897125567,0.6384161222728953,-0.2595568932998932,0.01900150575968007,-0.25932634850867475,-0.00717234262125932,,0.9931265583466763,0.722988249713014
44b6,random__random_tracklets__s11__r0.5,random,random_tracklets,11,0.5,preregistered_descriptive,0.9125211431134657,-0.4094933080455254,71,0.47499526425459365,0.0,0,5,26,0.534981095542991,0.5030278350679402,71,0.5030278350679402,10030,1290,9796,991324,0.5006358168403084,0.01009024659997071,0.48483483483483486,0.49920312221003493,0.009771779962958629,-0.003190564390564986,0.010409524214052099,1.031642201299849,1980130,19980,9687,0.4843741681307565,0.4838950114465208,941,0.8881690940041611,0.09803921568627451,0.9027172215448382,18783,1322,1043,0.7560720435896555,0.37851674513262845,0.8334933498200422,0.417686346467276,11030,0.5461207109966827,0.5349810955429908,0.9757942511346445,0.47499526425459365,-0.4229777513181949,0.02823709689917958,-0.42792648337607725,-0.00980392156862775,,0.9695271449826556,0.5344524282650888
44b6,random__random_tracklets__s11__r0.3,random,random_tracklets,11,0.3,preregistered_descriptive,0.9125211431134657,-0.5963291484932091,71,0.294004055228348,0.0,0,1,26,0.34241342056826723,0.3161919946202566,71,0.3161919946202566,6090,888,13736,595567,0.30077166650674453,0.01009024659997071,0.283033033033033,0.699047521873326,0.00949515335806047,-0.003905217965292769,0.010346224765503629,1.025368871116952,1980130,19980,5655,0.28254272480434434,0.2824894851727626,784,0.8881690940041611,0.09803921568627451,0.9027172215448382,18783,1322,1043,0.7560720435896555,0.22740504854962065,0.8334933498200422,0.2509265874724282,6762,0.33480219834628905,0.34241342056826723,0.6717095310136157,0.294004055228348,-0.6039689603444405,0.034346112703134646,-0.6208713396277161,-0.009803921568627638,,0.9362627880631481,0.32441856353743576
44b6,random__random_tracklets__s11__r0.1,random,random_tracklets,11,0.1,preregistered_descriptive,0.9125211431134657,-0.7836540098215209,71,0.11801457827143352,0.0,0,0,26,0.12479649908626665,0.12886713329194477,71,0.12886713329194477,2380,341,17446,199566,0.10078429194042815,0.01009024659997071,0.10790790790790791,0.8992883197714461,0.010803443472334967,0.0023890498963625734,0.010010311339553086,0.9920779676070697,1980130,19980,2156,0.10759729542671564,0.1075440557951339,360,0.8881690940041611,0.09803921568627451,0.9027172215448382,18783,1322,1043,0.7560720435896555,0.07620018556913596,0.8334933498200422,0.08419798385640355,2645,0.13096004357082736,0.12479649908626665,0.2579425113464448,0.11801457827143352,-0.7799584373013551,0.03763223758131701,-0.8114823258342103,-0.009803921568627638,,0.897567957986653,0.12675542978192922
44b6,random__random_nodes__s12__r0.9,random,random_nodes,12,0.9,preregistered_descriptive,0.9125211431134657,-0.18325913892919954,71,0.7051584547767754,0.06666666666666667,3,19,23,0.9116452114528774,0.7225953375175994,71,0.7292620041842661,15242,1789,4584,1782150,0.9000166655724624,0.01009024659997071,0.8982482482482482,0.09996530877738949,0.010070420559436636,-0.0005951805980790904,0.010268714011516316,1.0176871209020921,1980130,19980,17947,0.807485492200394,0.8064739392003407,94,0.8881690940041611,0.09803921568627451,0.9027172215448382,18783,1322,1043,0.7560720435896555,0.6804774396041192,0.8334933498200422,0.7501634547552392,18451,0.9135515175521117,0.9116452114528774,1.353252647503782,0.7118251214434421,-0.1861478941293464,0.006660865535353666,-0.18678274956259205,-0.0031372549019611506,,1.0172669322168382,0.8114684657893726
44b6,random__random_nodes__s12__r0.8,random,random_nodes,12,0.8,preregistered_descriptive,0.9125211431134657,-0.33417548911835304,71,0.5571625978811607,0.02702702702702703,1,11,25,0.8308551101815043,0.5756429512924099,71,0.5783456539951126,12096,1884,7730,1584130,0.800013130451031,0.01009024659997071,0.7976476476476476,0.19996275795219753,0.010060411708635024,-0.0005970677103039012,0.01020959595959596,1.0118281905643016,1980130,19980,15937,0.6355214821913432,0.6344566895597082,179,0.8881690940041611,0.09803921568627451,0.9027172215448382,18783,1322,1043,0.7560720435896555,0.6048675624386687,0.8334933498200422,0.6668090832503406,16828,0.8331930484725454,0.8308551101815042,1.4251134644478063,0.5598653005838634,-0.3381077149889251,0.012080519927751554,-0.33915479018017963,-0.007101218865924963,,1.0179021627447806,0.6440276203071789
44b6,random__random_nodes__s12__r0.7,random,random_nodes,12,0.7,preregistered_descriptive,0.9125211431134657,-0.4571315910264554,71,0.4372304410332514,0.0,0,8,26,0.7484315323055177,0.45538955208701026,71,0.45538955208701026,9428,1737,10398,1386126,0.7000176756071571,0.01009024659997071,0.6995995995995996,0.2999780629033492,0.010084220337833646,-9.210983355586395e-05,0.01010430906189184,1.0013936688049994,1980130,19980,13978,0.488952776446787,0.4880477027098972,261,0.8881690940041611,0.09803921568627451,0.9027172215448382,18783,1322,1043,0.7560720435896555,0.5292637945451838,0.8334933498200422,0.5834659912368062,15161,0.7506560380254493,0.7484315323055178,1.3139183055975794,0.4372304410332514,-0.4607425745395371,0.016616897687684706,-0.4639445671455124,-0.009803921568627694,,1.0058723433980654,0.5019760466632819
44b6,random__random_nodes__s12__r0.5,random,random_nodes,12,0.5,preregistered_descriptive,0.9125211431134657,-0.6652641095413938,71,0.23359202836064002,0.0,0,3,26,0.5538521528292711,0.24725703357207185,71,0.24725703357207185,4876,1048,14950,990081,0.5000080802775575,0.01009024659997071,0.4935935935935936,0.49992653623447186,0.009960801186973591,-0.0012952243250466755,0.010219696196854903,1.0128291806946095,1980130,19980,9862,0.243943991907576,0.24357131448650376,301,0.8881690940041611,0.09803921568627451,0.9027172215448382,18783,1322,1043,0.7560720435896555,0.3780421310667934,0.8334933498200422,0.4167575610853458,11277,0.5583502500371342,0.5538521528292711,0.7927382753403933,0.23359202836064002,-0.6643809872121484,0.023413818034750705,-0.6788740060075169,-0.009803921568627583,,0.9583415430065627,0.2596725444236867
44b6,random__random_nodes__s12__r0.3,random,random_nodes,12,0.3,preregistered_descriptive,0.9125211431134657,-0.8147717356731434,71,0.0909045995751198,0.0,0,1,26,0.3452392666770325,0.09774940744032225,71,0.09774940744032225,1840,415,17986,594067,0.30001414048572567,0.01009024659997071,0.29524524524524526,0.699937249700278,0.009929856396669063,-0.001050643492677651,0.01015898988718406,1.0068128451105993,1980130,19980,5899,0.0881648298993771,0.08811159026779534,185,0.8881690940041611,0.09803921568627451,0.9027172215448382,18783,1322,1043,0.7560720435896555,0.2268323043028366,0.8334933498200422,0.2500646771177634,7085,0.3507946724761103,0.3452392666770325,0.31391830559757944,0.0909045995751198,-0.8070684159976688,0.02861329610054532,-0.8335811102050611,-0.009803921568627638,,0.9148222541282776,0.09799590281179912
44b6,random__random_nodes__s12__r0.1,random,random_nodes,12,0.1,preregistered_descriptive,0.9125211431134657,-0.9015874987704434,71,0.01001308241924122,0.0,0,0,26,0.12164450694340728,0.010933644343022249,71,0.010933644343022249,199,48,19627,198043,0.10001515052042037,0.01009024659997071,0.0986986986986987,0.8999714307578501,0.009957433486667036,-0.0004430039133180602,0.010105006096784276,1.0014627488701426,1980130,19980,1972,0.008891018474152159,0.008891018474152159,32,0.8881690940041611,0.09803921568627451,0.9027172215448382,18783,1322,1043,0.7560720435896555,0.07561865924390122,0.8334933498200422,0.08336721359933046,2488,0.12318661187305045,0.12164450694340731,0.036308623298033284,0.01001308241924122,-0.8879599331535473,0.03378363493800177,-0.9255672121398175,-0.009803921568627638,,0.8844742072726529,0.010597591612946624
44b6,random__random_tracklets__s12__r0.9,random,random_tracklets,12,0.9,preregistered_descriptive,0.9125211431134657,-0.08385503173146092,71,0.8060122123062471,0.022727272727272728,1,18,25,0.8980795625192435,0.8263933841092774,71,0.8286661113820047,17160,1464,2666,1783557,0.9007272249801781,0.01009024659997071,0.8996496496496497,0.09926179118944979,0.010078175241946291,-0.00036382203849761463,0.010199773112278899,1.010854691332173,1980130,19980,17975,0.8995900548368205,0.899483575573657,265,0.8881690940041611,0.09803921568627451,0.9027172215448382,18783,1322,1043,0.7560720435896555,0.6810146737076026,0.8334933498200422,0.7511082022612768,18405,0.9112739515769669,0.8980795625192434,1.107413010590015,0.8082849395789744,-0.08968807599381412,0.006996041073069892,-0.08331987850863048,-0.007531194295900323,,1.0069045918762833,0.9141452802060145
44b6,random__random_tracklets__s12__r0.8,random,random_tracklets,12,0.8,preregistered_descriptive,0.9125211431134657,-0.15813756426712522,71,0.7272387536787033,0.02631578947368421,1,12,25,0.8097675458634302,0.751751999898972,71,0.7543835788463404,15568,1581,4258,1585514,0.8007120744597577,0.01009024659997071,0.7977977977977978,0.19925822003418106,0.010053522075490977,-0.0007365550048867872,0.01023780079875119,1.0146234482297896,1980130,19980,15940,0.7983815151999148,0.7974232018314433,590,0.8881690940041611,0.09803921568627451,0.9027172215448382,18783,1322,1043,0.7560720435896555,0.6053960144637014,0.8334933498200422,0.6675075335978634,16849,0.8342328068525029,0.8097675458634301,1.1959152798789712,0.7298703326260717,-0.16810268294671682,0.013393571403795601,-0.1643587930496615,-0.00717234262125932,,1.0038384863121192,0.8293727276148165
44b6,random__random_tracklets__s12__r0.7,random,random_tracklets,12,0.7,preregistered_descriptive,0.9125211431134657,-0.21757141165160754,71,0.6637217781517318,0.03125,1,6,25,0.740678969648742,0.6918247314618581,71,0.6949497314618581,14199,1567,5627,1387581,0.7007524758475454,0.01009024659997071,0.7122122122122122,0.29936433436216614,0.010255257170572385,0.0025265628829554995,0.009703838838644568,0.9617048248030665,1980130,19980,14230,0.7139434595112601,0.7128254272480434,810,0.8881690940041611,0.09803921568627451,0.9027172215448382,18783,1322,1043,0.7560720435896555,0.5298193564645644,0.8334933498200422,0.5842821698267155,15440,0.7644699707877407,0.7406789696487421,1.1853252647503782,0.6668467781517319,-0.23112623742105665,0.019281273792045306,-0.23017376387502536,-0.006678921568627483,,0.9945850425056135,0.7566323380168273
44b6,random__random_tracklets__s12__r0.5,random,random_tracklets,12,0.5,preregistered_descriptive,0.9125211431134657,-0.4011444383405448,71,0.48302011210023077,0.0,0,2,26,0.5293015552879576,0.5113767047729209,71,0.5113767047729209,10255,1405,9571,991539,0.5007443955699878,0.01009024659997071,0.49594594594594593,0.49920669336530366,0.009993555472855834,-0.0009689123804956158,0.01018722606214299,1.0096112083298898,1980130,19980,9909,0.49528829260501517,0.49454293776287067,966,0.8881690940041611,0.09803921568627451,0.9027172215448382,18783,1322,1043,0.7560720435896555,0.3785988384746675,0.8334933498200422,0.4177505356099641,11333,0.561122939050354,0.5293015552879577,1.0627836611195158,0.48302011210023077,-0.41495290347255775,0.028463174909276856,-0.419803691681194,-0.009803921568627638,,0.9748126308365608,0.5462848446748129
44b6,random__random_tracklets__s12__r0.3,random,random_tracklets,12,0.3,preregistered_descriptive,0.9125211431134657,-0.5677780821215397,71,0.32076466078957455,0.0,0,1,26,0.33151641177461916,0.34474306099192603,71,0.34474306099192603,6695,1046,13131,595335,0.30065450248216025,0.01009024659997071,0.31316316316316317,0.6994729995153433,0.010510048964028657,0.002754128203206711,0.009909770038164494,0.9821137610445776,1980130,19980,6257,0.31235691849012404,0.31193100143747005,836,0.8881690940041611,0.09803921568627451,0.9027172215448382,18783,1322,1043,0.7560720435896555,0.22731646410611805,0.8334933498200422,0.25092210208151405,7474,0.3700549586572263,0.33151641177461916,0.7912254160363086,0.32076466078957455,-0.577208354783214,0.03535910589136565,-0.5933332664442776,-0.009803921568627694,,0.9434122175607137,0.356413457500152
44b6,random__random_tracklets__s12__r0.1,random,random_tracklets,12,0.1,preregistered_descriptive,0.9125211431134657,-0.8010104775729557,71,0.10214867868609533,0.0,0,0,26,0.09238593234225809,0.11151066554050991,71,0.11151066554050991,2068,419,17758,199378,0.10068934867912713,0.01009024659997071,0.08843843843843843,0.8991857765987297,0.008862562569591429,-0.004110312218248483,0.010227701555297987,1.0136225565912014,1980130,19980,1767,0.08747271468881436,0.08747271468881436,425,0.8881690940041611,0.09803921568627451,0.9027172215448382,18783,1322,1043,0.7560720435896555,0.07612840162353902,0.8334933498200422,0.08408145488989326,2361,0.11689854928949844,0.09238593234225809,0.31694402420574885,0.10214867868609533,-0.7958243368866932,0.03721120344288359,-0.8284177594472117,-0.009803921568627666,,0.9010371952055425,0.11010731978363708
44b6,random__random_nodes__s13__r0.9,random,random_nodes,13,0.9,preregistered_descriptive,0.9125211431134657,-0.1757956863849185,71,0.7110083256244218,0.08163265306122448,4,23,22,0.913795177236434,0.7285621914224247,71,0.7367254567285472,15372,1794,4454,1782150,0.9000166655724624,0.01009024659997071,0.9021521521521522,0.1000051016503839,0.010114187919086496,0.000718721855009199,0.009874734821699161,0.9786415746992573,1980130,19980,18025,0.8139274876217857,0.8136080498322952,90,0.8881690940041611,0.09803921568627451,0.9027172215448382,18783,1322,1043,0.7560720435896555,0.6804774396041192,0.8334933498200422,0.7501634547552392,18532,0.9175620141605189,0.913795177236434,1.3570347957639939,0.7191715909305443,-0.17880142464224424,0.006686870185085625,-0.18084190030749903,-0.0016406562625050913,,1.0158211908449186,0.8183584519545405
44b6,random__random_nodes__s13__r0.8,random,random_nodes,13,0.8,preregistered_descriptive,0.9125211431134657,-0.32582950826086965,71,0.5656454135615052,0.023255813953488372,1,17,25,0.8351288052900784,0.5843660534572471,71,0.586691634852596,12296,1912,7530,1584130,0.800013130451031,0.01009024659997071,0.8042042042042042,0.2000295895722266,0.010143106941980772,0.0010578621860800653,0.00987878787878788,0.9790432553765888,1980130,19980,16068,0.6461694085076931,0.6452643347708034,176,0.8881690940041611,0.09803921568627451,0.9027172215448382,18783,1322,1043,0.7560720435896555,0.6048675624386687,0.8334933498200422,0.6668090832503406,16962,0.83982769718275,0.8351288052900783,1.4462934947049924,0.5679709949568541,-0.3300020206159344,0.012156517965591696,-0.3305076860531825,-0.0074783401732788635,,1.0196374462663973,0.6546302085973582
44b6,random__random_nodes__s13__r0.7,random,random_nodes,13,0.7,preregistered_descriptive,0.9125211431134657,-0.4527871736621953,71,0.4387660715937471,0.027777777777777776,1,10,25,0.7493471568096649,0.4569561916734926,71,0.4597339694512704,9487,1796,10339,1386126,0.7000176756071571,0.01009024659997071,0.7018518518518518,0.3000010203300768,0.01011668491897562,0.00040410276016069685,0.010028551996282853,0.9938857189389172,1980130,19980,14023,0.49278602992067294,0.4922003939732737,242,0.8881690940041611,0.09803921568627451,0.9027172215448382,18783,1322,1043,0.7560720435896555,0.5292637945451838,0.8334933498200422,0.5834659912368062,15198,0.7524879932663266,0.7493471568096649,1.3585476550680786,0.44154384937152485,-0.45642916620126367,0.016643159365963334,-0.46240418923730864,-0.007026143790849981,,1.0055542562381174,0.5050811700969009
44b6,random__random_nodes__s13__r0.5,random,random_nodes,13,0.5,preregistered_descriptive,0.9125211431134657,-0.6583607870777687,71,0.23712226094428795,0.03225806451612903,1,5,25,0.563297809709237,0.25093454958408407,71,0.254160356035697,4967,1121,14859,990081,0.5000080802775575,0.01009024659997071,0.4996996996996997,0.4999887763691554,0.010084023428386163,-6.226874346967819e-05,0.010096469972698321,1.0006167711230793,1980130,19980,9984,0.2492147154341692,0.2488952776446787,292,0.8881690940041611,0.09803921568627451,0.9027172215448382,18783,1322,1043,0.7560720435896555,0.3780421310667934,0.8334933498200422,0.4167575610853458,11404,0.5646383126206862,0.5632978097092369,0.8479576399394856,0.24034806739590087,-0.6576249481768877,0.023516677964105615,-0.6752993499248595,-0.006578115117014782,,0.9582933982183662,0.26445634609116253
44b6,random__random_nodes__s13__r0.3,random,random_nodes,13,0.3,preregistered_descriptive,0.9125211431134657,-0.8125142115634875,71,0.09302555484157976,0.0,0,1,26,0.357015135852918,0.10000693154997821,71,0.10000693154997821,1882,405,17944,594067,0.30001414048572567,0.01009024659997071,0.30180180180180183,0.7000040813203071,0.010150370244433708,0.0003938427317304039,0.010064477588681033,0.997446146530279,1980130,19980,6030,0.09024117553106532,0.09008145663632007,190,0.8881690940041611,0.09803921568627451,0.9027172215448382,18783,1322,1043,0.7560720435896555,0.2268323043028366,0.8334933498200422,0.2500646771177634,7234,0.3581720057434272,0.357015135852918,0.3063540090771558,0.09302555484157976,-0.8049474607312088,0.028701392965064083,-0.8314116829599238,-0.009803921568627624,,0.9143702891788539,0.10020958704501279
44b6,random__random_nodes__s13__r0.1,random,random_nodes,13,0.1,preregistered_descriptive,0.9125211431134657,-0.9014795355636274,71,0.010114734299516908,0.0,0,0,26,0.12107191251406593,0.011041607549838323,71,0.011041607549838323,201,46,19625,198043,0.10001515052042037,0.01009024659997071,0.0982982982982983,0.8999673494375431,0.009917038218972647,-0.0005777440848493787,0.010109495215441222,1.0019076456932745,1980130,19980,1964,0.008997497737315658,0.008997497737315658,32,0.8881690940041611,0.09803921568627451,0.9027172215448382,18783,1322,1043,0.7560720435896555,0.07561865924390122,0.8334933498200422,0.08336721359933046,2493,0.12343417339208794,0.12107191251406593,0.03479576399394856,0.010114734299516908,-0.8878582812732716,0.03380097190529488,-0.9254765859002946,-0.009803921568627638,,0.8843851991004408,0.010701159490984507
44b6,random__random_tracklets__s13__r0.9,random,random_tracklets,13,0.9,preregistered_descriptive,0.9125211431134657,-0.05941758743629999,71,0.8259682808602757,0.06521739130434782,3,20,23,0.9177459317326463,0.8465818165467309,71,0.8531035556771657,17551,1423,2275,1783684,0.900791362183291,0.01009024659997071,0.9207707707707707,0.09941228987577481,0.010314046658488835,0.006747592815922231,0.008058194109322663,0.7986122072919462,1980130,19980,18397,0.9210988659958473,0.9205664696800299,260,0.8881690940041611,0.09803921568627451,0.9027172215448382,18783,1322,1043,0.7560720435896555,0.6810631660538303,0.8334933498200422,0.7512994482084141,18782,0.929940090112393,0.9177459317326463,1.0763993948562784,0.8324900199907105,-0.06548299558207804,0.007051750342115248,-0.06318715534022246,-0.003282182438192782,,1.0003132132959613,0.9347103027935916
44b6,random__random_tracklets__s13__r0.8,random,random_tracklets,13,0.8,preregistered_descriptive,0.9125211431134657,-0.1557404437911326,71,0.7248810523369718,0.07894736842105263,3,12,23,0.8146261548883049,0.7488859624802278,71,0.756780699322333,15540,1612,4286,1585430,0.8006696530025806,0.01009024659997071,0.7941441441441441,0.19926383184960333,0.010008010445115836,-0.0016491269029054773,0.010420572586774765,1.0327371569694852,1980130,19980,15867,0.7935367087259756,0.7931107916733217,643,0.8881690940041611,0.09803921568627451,0.9027172215448382,18783,1322,1043,0.7560720435896555,0.6053639407858815,0.8334933498200422,0.6675568288685131,16831,0.833341585383968,0.814626154888305,1.2193645990922843,0.732775789179077,-0.16519722639371148,0.01343004801027714,-0.1672613070748875,-0.0019091847265222395,,0.9994755085036139,0.8274058472892054
44b6,random__random_tracklets__s13__r0.7,random,random_tracklets,13,0.7,preregistered_descriptive,0.9125211431134657,-0.22807562028221284,71,0.6571028037383178,0.0,0,8,26,0.7525763434594984,0.6844455228312528,71,0.6844455228312528,14062,1574,5764,1387420,0.7006711680546227,0.01009024659997071,0.7049049049049049,0.299371986837742,0.010151215925963299,0.0009333521887359092,0.009947529145787991,0.9858559002727315,1980130,19980,14084,0.7043070861949635,0.7038811691423096,841,0.8881690940041611,0.09803921568627451,0.9027172215448382,18783,1322,1043,0.7560720435896555,0.5297578819154095,0.8334933498200422,0.5841751608080187,15303,0.7576867851661138,0.7525763434594984,1.1906202723146748,0.6571028037383178,-0.24087021183447077,0.019301223042281546,-0.23757292175586675,-0.009803921568627638,,0.9983308370823559,0.7488079338238757
44b6,random__random_tracklets__s13__r0.5,random,random_tracklets,13,0.5,preregistered_descriptive,0.9125211431134657,-0.39937789029383264,71,0.48466575587694916,0.0,0,0,26,0.5620068818803509,0.513143252819633,71,0.513143252819633,10288,1401,9538,991751,0.5008514592476252,0.01009024659997071,0.49364364364364366,0.4990750707853991,0.009945036606970903,-0.0014554167926449047,0.010235951998170742,1.0144402217286201,1980130,19980,9863,0.4940105414470532,0.49347814513123567,1019,0.8881690940041611,0.09803921568627451,0.9027172215448382,18783,1322,1043,0.7560720435896555,0.378679786328213,0.8334933498200422,0.4179431650039907,11344,0.5616675743922365,0.562006881880351,1.0597579425113464,0.48466575587694916,-0.41330725969583937,0.028476539255784528,-0.4180505079809894,-0.00980392156862775,,0.9746317055008766,0.5480702419184159
44b6,random__random_tracklets__s13__r0.3,random,random_tracklets,13,0.3,preregistered_descriptive,0.9125211431134657,-0.5834361196195383,71,0.3059583632447954,0.0,0,0,26,0.3575761410549985,0.3290850234939273,71,0.3290850234939273,6393,1069,13433,595379,0.3006767232454435,0.01009024659997071,0.2928928928928929,0.6992439354131061,0.009829033271244032,-0.001713789801994394,0.010202556271849596,1.0111305180469239,1980130,19980,5852,0.29319065112069426,0.2929244529627855,891,0.8881690940041611,0.09803921568627451,0.9027172215448382,18783,1322,1043,0.7560720435896555,0.22733326460402373,0.8334933498200422,0.25084493781458606,7161,0.35455760756548005,0.3575761410549986,0.8086232980332829,0.3059583632447954,-0.5920146523279931,0.03463954616887413,-0.6082717442197848,-0.009803921568627694,,0.9444439029114439,0.3405974166449126
44b6,random__random_tracklets__s13__r0.1,random,random_tracklets,13,0.1,preregistered_descriptive,0.9125211431134657,-0.80552822077685,71,0.0979869745411486,0.0,0,0,26,0.1045183185022108,0.10699292233661566,71,0.10699292233661566,1986,442,17840,199361,0.10068076338422224,0.01009024659997071,0.08543543543543544,0.8991638395020789,0.008562356729751556,-0.005115165244796123,0.010261297226086034,1.0169520758903774,1980130,19980,1707,0.08518341053079913,0.08513017089921737,387,0.8881690940041611,0.09803921568627451,0.9027172215448382,18783,1322,1043,0.7560720435896555,0.07612191052207547,0.8334933498200422,0.08408632401972238,2290,0.11338317571916622,0.10451831850221077,0.33434190620272314,0.0979869745411486,-0.79998604103164,0.03693328464919911,-0.8326575838574215,-0.009803921568627652,,0.9020634466185571,0.10576675950483512
44b6,random__random_nodes__s14__r0.9,random,random_nodes,14,0.9,preregistered_descriptive,0.9125211431134657,-0.17789167660771754,71,0.7086439186999398,0.0851063829787234,4,21,22,0.9142745189224011,0.7261188282078758,71,0.7346294665057481,15306,1773,4520,1782150,0.9000166655724624,0.01009024659997071,0.9007007007007007,0.09999030686427059,0.010097915439216676,0.00023021966091227091,0.010021214264067078,0.993158508543901,1980130,19980,17996,0.8109993078847895,0.8104136719373902,84,0.8881690940041611,0.09803921568627451,0.9027172215448382,18783,1322,1043,0.7560720435896555,0.6804774396041192,0.8334933498200422,0.7501634547552392,18489,0.9154329850967966,0.9142745189224011,1.3411497730711044,0.7171545569978122,-0.18081845857497636,0.006678115204282797,-0.18327650854124505,-0.0012932832707552855,,1.0144446923335735,0.8148217165122567
44b6,random__random_nodes__s14__r0.8,random,random_nodes,14,0.8,preregistered_descriptive,0.9125211431134657,-0.3187672962845005,71,0.5649030713266104,0.10256410256410256,4,13,22,0.8358695407298653,0.5834974365725549,71,0.5937538468289651,12268,1891,7558,1584130,0.800013130451031,0.01009024659997071,0.8025525525525525,0.20001275412595976,0.010122275318313521,0.0006409714488230355,0.009962121212121212,0.9873020558437224,1980130,19980,16035,0.6447319384549859,0.6438801043496779,174,0.8881690940041611,0.09803921568627451,0.9027172215448382,18783,1322,1043,0.7560720435896555,0.6048675624386687,0.8334933498200422,0.6668090832503406,16921,0.8377976927266426,0.8358695407298653,1.4304084720121029,0.5751594815830207,-0.32281353398976786,0.012163014261063032,-0.331382799233346,0.00045248868778247076,,1.0097765766155902,0.6530256836044965
44b6,random__random_nodes__s14__r0.7,random,random_nodes,14,0.7,preregistered_descriptive,0.9125211431134657,-0.4492725903167372,71,0.4395263863836085,0.05555555555555555,2,10,24,0.7513933428114975,0.4576929972411729,71,0.46324855279672844,9503,1795,10323,1386126,0.7000176756071571,0.01009024659997071,0.7025525525525526,0.30000816264061425,0.010126785010886456,0.0005584800115391825,0.010004983131426724,0.9915499123139139,1980130,19980,14037,0.49395730181547143,0.4926263110259277,250,0.8881690940041611,0.09803921568627451,0.9027172215448382,18783,1322,1043,0.7560720435896555,0.5292637945451838,0.8334933498200422,0.5834659912368062,15210,0.7530821409120166,0.7513933428114974,1.3577912254160363,0.44508194193916406,-0.45289107363362446,0.01666448484096031,-0.46168870914462556,-0.004248366013071936,,1.0024375688503142,0.5058721761093936
44b6,random__random_nodes__s14__r0.5,random,random_nodes,14,0.5,preregistered_descriptive,0.9125211431134657,-0.655457603686322,71,0.2398969416479794,0.03225806451612903,1,5,25,0.5662388259655298,0.2538377329755308,71,0.2570635394271437,5028,1133,14798,990081,0.5000080802775575,0.01009024659997071,0.5027527527527528,0.5000198964364972,0.010145634549092447,0.0005542090473188205,0.01003485686062003,0.9945105663373143,1980130,19980,10045,0.25251557259223767,0.25187669701325666,297,0.8881690940041611,0.09803921568627451,0.9027172215448382,18783,1322,1043,0.7560720435896555,0.3780421310667934,0.8334933498200422,0.4167575610853458,11467,0.5677575877605585,0.5662388259655298,0.857034795763994,0.2431227480995923,-0.6548502674731962,0.023591158429614498,-0.6724706469989217,-0.006578115117014727,,0.9588423799712962,0.2676692227481289
44b6,random__random_nodes__s14__r0.3,random,random_nodes,14,0.3,preregistered_descriptive,0.9125211431134657,-0.812944469951944,71,0.09263189063810887,0.0,0,2,26,0.3571816828170799,0.0995766731615216,71,0.0995766731615216,1877,437,17949,594067,0.30001414048572567,0.01009024659997071,0.30065065065065066,0.6999923475244242,0.010111654072688771,0.00014023064652898972,0.010081071351013627,0.9990906813955261,1980130,19980,6007,0.08880370547835809,0.08859074695203109,213,0.8881690940041611,0.09803921568627451,0.9027172215448382,18783,1322,1043,0.7560720435896555,0.2268323043028366,0.8334933498200422,0.2500646771177634,7216,0.3572807842748923,0.3571816828170799,0.33055975794251136,0.09263189063810887,-0.8053411249346797,0.028698160788550565,-0.831838709171867,-0.009803921568627638,,0.9158165770170095,0.09993627945362236
44b6,random__random_nodes__s14__r0.1,random,random_nodes,14,0.1,preregistered_descriptive,0.9125211431134657,-0.9003834753864188,71,0.011117818694033605,0.0,0,1,26,0.12291316446310294,0.012137667727046778,71,0.012137667727046778,221,52,19605,198043,0.10001515052042037,0.01009024659997071,0.09924924924924924,0.8999770425732725,0.010012976979746823,-0.0002577361774624973,0.010098833558630976,1.0008510157383361,1980130,19980,1983,0.010009050737368897,0.010009050737368897,33,0.8881690940041611,0.09803921568627451,0.9027172215448382,18783,1322,1043,0.7560720435896555,0.07561865924390122,0.8334933498200422,0.08336721359933046,2497,0.12363222260731792,0.12291316446310294,0.039334341906202726,0.011117818694033605,-0.8868551968787549,0.033833959341660044,-0.9244135131594513,-0.009803921568627638,,0.8846522236170773,0.011766976387660557
44b6,random__random_tracklets__s14__r0.9,random,random_tracklets,14,0.9,preregistered_descriptive,0.9125211431134657,-0.07488240826250447,71,0.8087572742631876,0.08695652173913043,4,20,22,0.8901865728968359,0.8289430826770482,71,0.8376387348509612,17233,1482,2593,1783652,0.9007752016281759,0.01009024659997071,0.9015515515515515,0.09923271178226156,0.010098943067369644,0.0002621756054841049,0.01001129897494885,0.9921758478110843,1980130,19980,18013,0.9015599212053452,0.9014534419421818,301,0.8881690940041611,0.09803921568627451,0.9027172215448382,18783,1322,1043,0.7560720435896555,0.6810509475098989,0.8334933498200422,0.7509599056090243,18488,0.915383472792989,0.8901865728968357,1.1210287443267777,0.8174529264371005,-0.08052008913568798,0.007013790916264251,-0.0807879297840543,-0.0011082693947144229,,1.000649197989738,0.9177448956409269
44b6,random__random_tracklets__s14__r0.8,random,random_tracklets,14,0.8,preregistered_descriptive,0.9125211431134657,-0.14208888312436718,71,0.7365468231333864,0.09523809523809523,4,16,22,0.8241784103084059,0.760908450465289,71,0.7704322599890985,15754,1563,4072,1585616,0.800763586229187,0.01009024659997071,0.8061061061061061,0.19929087059663803,0.01015756652304215,0.0013504009015926188,0.009819676868248021,0.9731850228790768,1980130,19980,16106,0.8060480221476868,0.8059415428845232,616,0.8881690940041611,0.09803921568627451,0.9027172215448382,18783,1322,1043,0.7560720435896555,0.6054349610724827,0.8334933498200422,0.6677402562343434,17023,0.8428479477150072,0.8241784103084058,1.1822995461422088,0.7460706326571959,-0.15190238291559266,0.013502823285997945,-0.15531159436554687,-0.00028011204481825924,,0.9954196561894032,0.8387878900403941
44b6,random__random_tracklets__s14__r0.7,random,random_tracklets,14,0.7,preregistered_descriptive,0.9125211431134657,-0.20565856371283242,71,0.6680550355672032,0.11428571428571428,4,9,22,0.7472014590260522,0.6954340079720618,71,0.7068625794006332,14275,1542,5551,1387447,0.700684803523001,0.01009024659997071,0.7164164164164164,0.2994755503405352,0.010316790479203891,0.0034681718346370387,0.009559916515236645,0.9474413157815584,1980130,19980,14314,0.7168716392482564,0.7164457221956024,818,0.8881690940041611,0.09803921568627451,0.9027172215448382,18783,1322,1043,0.7560720435896555,0.5297681913118516,0.8334933498200422,0.5843106530173108,15493,0.767094122889538,0.7472014590260524,1.1664145234493193,0.6794836069957747,-0.21848940857701382,0.019511990352084008,-0.22679520392486013,0.0016246498599437054,,0.9843671979409943,0.7597026624027262
44b6,random__random_tracklets__s14__r0.5,random,random_tracklets,14,0.5,preregistered_descriptive,0.9125211431134657,-0.3666924529313097,71,0.5093442545779786,0.07142857142857142,2,2,24,0.5661684753336791,0.5386858330392988,71,0.545828690182156,10820,1417,9006,991514,0.5007317701363042,0.01009024659997071,0.5266766766766767,0.4995326888248348,0.01061306244793316,0.005238846333781775,0.009565898184937327,0.9480341327797772,1980130,19980,10523,0.5268593941329927,0.5259543203961029,941,0.8881690940041611,0.09803921568627451,0.9027172215448382,18783,1322,1043,0.7560720435896555,0.37858929273722114,0.8334933498200422,0.41757724882752023,11896,0.5889983660939744,0.5661684753336791,1.0718608169440242,0.5164871117208357,-0.3814859038519528,0.029292200425040715,-0.3933235889305798,-0.0026610644257706317,,0.9677123467305302,0.5757736182971296
44b6,random__random_tracklets__s14__r0.3,random,random_tracklets,14,0.3,preregistered_descriptive,0.9125211431134657,-0.5599168437636755,71,0.3280704272522846,0.0,0,1,26,0.37154583118094464,0.35260429934979026,71,0.35260429934979026,6857,1075,12969,595736,0.300857014438446,0.01009024659997071,0.32232232232232233,0.6993617835369742,0.01081015751943814,0.004725275532633389,0.00978045267459986,0.9692976854131843,1980130,19980,6440,0.32257892775381997,0.3220997710695842,807,0.8881690940041611,0.09803921568627451,0.9027172215448382,18783,1322,1043,0.7560720435896555,0.22746957773475832,0.8334933498200422,0.2512109715725504,7640,0.3782740010892707,0.37154583118094464,0.813161875945537,0.3280704272522846,-0.569902588320504,0.03553784039895469,-0.5856507625940025,-0.009803921568627638,,0.9447408476493869,0.36505420961091956
44b6,random__random_tracklets__s14__r0.1,random,random_tracklets,14,0.1,preregistered_descriptive,0.9125211431134657,-0.7734062646815775,71,0.1274442030416749,0.0,0,0,26,0.13706051865643742,0.13911487843188816,71,0.13911487843188816,2581,426,17245,199449,0.10072520491078868,0.01009024659997071,0.11921921921921921,0.8994633063796138,0.011942902696930041,0.006203959976917445,0.009882735874645712,0.9794345238970077,1980130,19980,2382,0.11931001437470053,0.11920353511153703,342,0.8881690940041611,0.09803921568627451,0.9027172215448382,18783,1322,1043,0.7560720435896555,0.0761555115178868,0.8334933498200422,0.08421413656086661,2885,0.14284299648462642,0.13706051865643737,0.32223903177004537,0.1274442030416749,-0.7705288125311136,0.03818520634038075,-0.8017875494533306,-0.009803921568627666,,0.9013597208073432,0.13741330700095628
44b6,random__random_nodes__s15__r0.9,random,random_nodes,15,0.9,preregistered_descriptive,0.9125211431134657,-0.1834610581411501,71,0.7010032826298026,0.10638297872340426,5,21,21,0.9105013724017759,0.7184217870999752,71,0.7290600849723156,15162,1803,4664,1782150,0.9000166655724624,0.01009024659997071,0.8966466466466466,0.099948983496161,0.010052464719580283,-0.0011342175019101834,0.010430346499646428,1.0337058065237679,1980130,19980,17915,0.8035457594633445,0.8024809668317096,89,0.8881690940041611,0.09803921568627451,0.9027172215448382,18783,1322,1043,0.7560720435896555,0.6804774396041192,0.8334933498200422,0.7501634547552392,18435,0.9127593206911918,0.9105013724017759,1.3638426626323752,0.711641580502143,-0.18633143507064553,0.006638809809378254,-0.1909342442542411,0.0008343763037127472,,1.0134628172073186,0.8073041550122796
44b6,random__random_nodes__s15__r0.8,random,random_nodes,15,0.8,preregistered_descriptive,0.9125211431134657,-0.3332232181168612,71,0.5536874107513013,0.07317073170731707,3,15,23,0.8302920934864378,0.5719808518258728,71,0.5792979249966045,12020,1883,7806,1584130,0.800013130451031,0.01009024659997071,0.7952952952952953,0.1999387801953932,0.010030742426442274,-0.0011908211845790648,0.010328282828282829,1.0235907245629468,1980130,19980,15890,0.6312090720332215,0.6304104775594953,179,0.8881690940041611,0.09803921568627451,0.9027172215448382,18783,1322,1043,0.7560720435896555,0.6048675624386687,0.8334933498200422,0.6668090832503406,16805,0.832054265484973,0.830292093486438,1.424357034795764,0.5610044839220331,-0.33696853165075547,0.012060443080504135,-0.3427968127994694,-0.0024868483978959244,,1.0126929702699097,0.6399009980254516
44b6,random__random_nodes__s15__r0.7,random,random_nodes,15,0.7,preregistered_descriptive,0.9125211431134657,-0.46304750652086923,71,0.428684222748595,0.029411764705882353,1,8,25,0.7440073461587569,0.4465324601220082,71,0.4494736365925964,9230,1705,10596,1386126,0.7000176756071571,0.01009024659997071,0.6940440440440441,0.29992143458408793,0.010004141037683443,-0.001316100898056714,0.010291176490394004,1.0199132784746685,1980130,19980,13867,0.4787307671830911,0.47793217270936483,253,0.8881690940041611,0.09803921568627451,0.9027172215448382,18783,1322,1043,0.7560720435896555,0.5292637945451838,0.8334933498200422,0.5834659912368062,15052,0.7452591969104323,0.7440073461587569,1.2897125567322238,0.43162539921918325,-0.4663476163536053,0.01650038623042646,-0.4726851476532564,-0.006862745098039302,,1.001142356686613,0.49148241590410685
44b6,random__random_nodes__s15__r0.5,random,random_nodes,15,0.5,preregistered_descriptive,0.9125211431134657,-0.6699381907195001,71,0.2291835277314925,0.0,0,3,26,0.558041718830886,0.2425829523939655,71,0.2425829523939655,4814,1179,15012,990081,0.5000080802775575,0.01009024659997071,0.4943943943943944,0.49993469887508607,0.009976961480929337,-0.0011335252323808399,0.010203535380572074,1.0112275532098187,1980130,19980,9878,0.24112229143374328,0.24058989511792578,295,0.8881690940041611,0.09803921568627451,0.9027172215448382,18783,1322,1043,0.7560720435896555,0.3780421310667934,0.8334933498200422,0.4167575610853458,11368,0.5628558696836163,0.5580417188308862,0.8918305597579426,0.2291835277314925,-0.668789487841296,0.023326187670815263,-0.6834604568216878,-0.009803921568627721,,0.9643558546925769,0.2563625973547914
44b6,random__random_nodes__s15__r0.3,random,random_nodes,15,0.3,preregistered_descriptive,0.9125211431134657,-0.815753839777143,71,0.08999013806706115,0.0,0,1,26,0.3550933105535936,0.09676730333632265,71,0.09676730333632265,1825,454,18001,594067,0.30001414048572567,0.01009024659997071,0.2976476476476477,0.6999617376221208,0.010010655363788933,-0.0005213660974746995,0.010124359426663867,1.0033807723483446,1980130,19980,5947,0.0875259543203961,0.0873129957940691,185,0.8881690940041611,0.09803921568627451,0.9027172215448382,18783,1322,1043,0.7560720435896555,0.2268323043028366,0.8334933498200422,0.2500646771177634,7204,0.35668663662920236,0.3550933105535936,0.3434190620272315,0.08999013806706115,-0.8079828775057274,0.028585511460365094,-0.8345354296688805,-0.009803921568627652,,0.9165849174310295,0.0971982418247574
44b6,random__random_nodes__s15__r0.1,random,random_nodes,15,0.1,preregistered_descriptive,0.9125211431134657,-0.9012054255917971,71,0.010363736982442018,0.0,0,0,26,0.11994862158159342,0.011315717521668557,71,0.011315717521668557,206,51,19620,198043,0.10001515052042037,0.01009024659997071,0.0966966966966967,0.8999510241563146,0.009755457148195089,-0.0011167047709746527,0.010127451690069003,1.0036872329858024,1980130,19980,1932,0.009050737368897407,0.009050737368897407,36,0.8881690940041611,0.09803921568627451,0.9027172215448382,18783,1322,1043,0.7560720435896555,0.07561865924390122,0.8334933498200422,0.08336721359933046,2479,0.12274100113878299,0.11994862158159339,0.038577912254160365,0.010363736982442018,-0.8876092785903466,0.03380004255390105,-0.9252015465770704,-0.009803921568627638,,0.8846077195309713,0.010969577140477506
44b6,random__random_tracklets__s15__r0.9,random,random_tracklets,15,0.9,preregistered_descriptive,0.9125211431134657,-0.06752226610806311,71,0.8176620676620676,0.06818181818181818,3,18,23,0.9352887202045881,0.8381806951872207,71,0.8449988770054025,17305,1338,2521,1783423,0.9006595526556337,0.01009024659997071,0.9057057057057057,0.09939188327423921,0.010146779535757922,0.0017032175426161067,0.009577696777440558,0.9492034394351038,1980130,19980,18096,0.9065644465740297,0.9065112069424479,278,0.8881690940041611,0.09803921568627451,0.9027172215448382,18783,1322,1043,0.7560720435896555,0.6809635085548899,0.8334933498200422,0.7509259625670167,18489,0.9154329850967966,0.9352887202045881,1.0121028744326777,0.8244802494802494,-0.07349276609253907,0.007058700814623342,-0.07159522717224065,-0.002985739750445804,,0.9959353842062504,0.9216860807230899
44b6,random__random_tracklets__s15__r0.8,random,random_tracklets,15,0.8,preregistered_descriptive,0.9125211431134657,-0.15152486634471551,71,0.7312470588235294,0.04878048780487805,2,15,24,0.8403242557854245,0.7561182279882623,71,0.7609962767687501,15539,1424,4287,1585730,0.8008211582067845,0.01009024659997071,0.8002002002002002,0.19917251230773156,0.010082422606622817,-0.00015697335800878088,0.010121703853955374,1.0031175902068397,1980130,19980,15988,0.8006175797263483,0.7996592663578768,519,0.8881690940041611,0.09803921568627451,0.9027172215448382,18783,1322,1043,0.7560720435896555,0.6054784896352383,0.8334933498200422,0.6679347929078041,16736,0.8286379165222558,0.8403242557854245,1.0771558245083208,0.7361251076040172,-0.16184790796877135,0.01337345949213159,-0.15997245304870716,-0.00492587278813994,,0.9940417063156826,0.8280931769532154
44b6,random__random_tracklets__s15__r0.7,random,random_tracklets,15,0.7,preregistered_descriptive,0.9125211431134657,-0.2133342000380154,71,0.6659622428853198,0.05128205128205128,2,13,24,0.7678818333214896,0.6940587379472452,71,0.6991869430754503,14181,1468,5645,1387540,0.7007317701363042,0.01009024659997071,0.7163663663663664,0.2994275948269265,0.010315378295400492,0.0034469385954386178,0.009563104338581482,0.9477572469447122,1980130,19980,14313,0.717404035564074,0.7164989618271842,723,0.8881690940041611,0.09803921568627451,0.9027172215448382,18783,1322,1043,0.7560720435896555,0.5298037014551522,0.8334933498200422,0.584455776983707,15359,0.7604594741793336,0.7678818333214896,1.1104387291981845,0.6710904480135249,-0.22688256755926361,0.01931304268709305,-0.2279715262846857,-0.00467571644042275,,0.9878215719198762,0.7555780575569238
44b6,random__random_tracklets__s15__r0.5,random,random_tracklets,15,0.5,preregistered_descriptive,0.9125211431134657,-0.3945901294494891,71,0.48307808659481943,0.06451612903225806,2,5,24,0.5716855559453337,0.5114794007607507,71,0.5179310136639765,10220,1330,9606,991263,0.5006050107821204,0.01009024659997071,0.4986986986986987,0.49937555799301075,0.010051822775590333,-0.0003849261383612814,0.010128763524316213,1.0038172431133263,1980130,19980,9964,0.49869562902624714,0.4982164723420114,862,0.8881690940041611,0.09803921568627451,0.9027172215448382,18783,1322,1043,0.7560720435896555,0.37849345353325925,0.8334933498200422,0.41729862698760584,11233,0.5561717086696044,0.5716855559453337,1.006051437216339,0.48952969949804526,-0.40844331607474327,0.028472178577728824,-0.41970999936181613,-0.0033523086654018153,,0.9644690924568489,0.5444461567399026
44b6,random__random_tracklets__s15__r0.3,random,random_tracklets,15,0.3,preregistered_descriptive,0.9125211431134657,-0.5605588041964344,71,0.3241349522484043,0.034482758620689655,1,3,25,0.3550806585043091,0.34851406305496224,71,0.3519623389170312,6754,1011,13072,595499,0.300737325327125,0.01009024659997071,0.3177677677677678,0.6994362676325792,0.01066164678698033,0.003749429390357586,0.009844500087026796,0.9756451430092277,1980130,19980,6349,0.318106798700953,0.3176276420167172,788,0.8881690940041611,0.09803921568627451,0.9027172215448382,18783,1322,1043,0.7560720435896555,0.22737908414376645,0.8334933498200422,0.25081020349169114,7498,0.37124325394860624,0.3550806585043091,0.764750378214826,0.32758322811047325,-0.5703897874623153,0.03530709589907155,-0.5895102543889473,-0.006355645706558666,,0.9382585854569692,0.3597030816709896
44b6,random__random_tracklets__s15__r0.1,random,random_tracklets,15,0.1,preregistered_descriptive,0.9125211431134657,-0.7902912111848988,71,0.11193882585101135,0.0,0,0,26,0.10823128777724703,0.12222993192856686,71,0.12222993192856686,2269,444,17557,199374,0.10068732860973774,0.01009024659997071,0.10135135135135136,0.8993194398387878,0.010156790755063348,0.0002227887600176714,0.010082796295505953,0.9992616330640742,1980130,19980,2025,0.10035670553159771,0.10009050737368898,389,0.8881690940041611,0.09803921568627451,0.9027172215448382,18783,1322,1043,0.7560720435896555,0.0761268743055476,0.8334933498200422,0.0841683691164213,2585,0.12798930534237757,0.10823128777724703,0.3358547655068079,0.11193882585101135,-0.7860341897217772,0.03741652287880125,-0.8179038124950724,-0.009803921568627652,,0.9021567940269243,0.1208416532098848
44b6,random__random_nodes__s16__r0.9,random,random_nodes,16,0.9,preregistered_descriptive,0.9125211431134657,-0.18452559527810375,71,0.7021818687172835,0.0851063829787234,4,21,22,0.9104839563399936,0.7194849095374896,71,0.7279955478353619,15158,1761,4668,1782150,0.9000166655724624,0.01009024659997071,0.8961961961961962,0.0999443920108155,0.010047414639620682,-0.0012858216311126785,0.010475805636933023,1.0382110618548641,1980130,19980,17906,0.8031198424106906,0.8019485705158921,95,0.8881690940041611,0.09803921568627451,0.9027172215448382,18783,1322,1043,0.7560720435896555,0.6804774396041192,0.8334933498200422,0.7501634547552392,18398,0.9109273654503144,0.9104839563399933,1.332072617246596,0.7106925070151558,-0.18728050855763267,0.0066517682125947775,-0.18988408021994324,-0.0012932832707552855,,1.0138810858560512,0.8069288326331072
44b6,random__random_nodes__s16__r0.8,random,random_nodes,16,0.8,preregistered_descriptive,0.9125211431134657,-0.3323815323153717,71,0.5568649198206941,0.04878048780487805,2,15,24,0.829750061941802,0.5752615620176061,71,0.580139610798094,12050,1813,7776,1584130,0.800013130451031,0.01009024659997071,0.7941441441441441,0.19992704639951026,0.010016223416007525,-0.0014813813953945703,0.010386363636363636,1.0293468582218581,1980130,19980,15867,0.6324335835596018,0.6309961135068946,198,0.8881690940041611,0.09803921568627451,0.9027172215448382,18783,1322,1043,0.7560720435896555,0.6048675624386687,0.8334933498200422,0.6668090832503406,16765,0.8300737733326732,0.829750061941802,1.3714069591527989,0.5617429686011819,-0.33623004697160663,0.012087265408881054,-0.33954292493611293,-0.004925872788139829,,1.0121474221606301,0.6414961020467077
44b6,random__random_nodes__s16__r0.7,random,random_nodes,16,0.7,preregistered_descriptive,0.9125211431134657,-0.4565702122911865,71,0.432323138421493,0.05714285714285714,2,9,24,0.7426663577782685,0.45023664510799344,71,0.45595093082227917,9301,1688,10525,1386126,0.7000176756071571,0.01009024659997071,0.6953453453453453,0.2999346988750861,0.01002289835123214,-0.0010294002883538122,0.01024740574137548,1.0155753518853767,1980130,19980,13893,0.48256402065697707,0.48128626949901504,261,0.8881690940041611,0.09803921568627451,0.9027172215448382,18783,1322,1043,0.7560720435896555,0.5292637945451838,0.8334933498200422,0.5834659912368062,15092,0.7472396890627321,0.7426663577782686,1.2768532526475038,0.43803742413577873,-0.4599355914370098,0.016564373906831298,-0.4690449503436759,-0.004089635854341911,,0.9973020425999549,0.49516820716089016
44b6,random__random_nodes__s16__r0.5,random,random_nodes,16,0.5,preregistered_descriptive,0.9125211431134657,-0.6725796649947775,71,0.22674861825805223,0.0,0,1,26,0.5508472976299523,0.2399414781186881,71,0.2399414781186881,4759,1162,15067,990081,0.5000080802775575,0.01009024659997071,0.488988988988989,0.49987960105094,0.009867879496728045,-0.002224994107875231,0.010312620890481178,1.0220385387321569,1980130,19980,9770,0.2386732683809828,0.23776819464409307,293,0.8881690940041611,0.09803921568627451,0.9027172215448382,18783,1322,1043,0.7560720435896555,0.3780421310667934,0.8334933498200422,0.4167575610853458,11253,0.5571619547457544,0.5508472976299524,0.8789712556732224,0.22674861825805223,-0.6712243973147363,0.023307723770220876,-0.6860834671963707,-0.009803921568627721,,0.9635753714966819,0.25336585421662894
44b6,random__random_nodes__s16__r0.3,random,random_nodes,16,0.3,preregistered_descriptive,0.9125211431134657,-0.8178796943372099,71,0.08804101350685202,0.0,0,0,26,0.3496931034506855,0.09464144877625578,71,0.09464144877625578,1786,460,18040,594067,0.30001414048572567,0.01009024659997071,0.29404404404404405,0.6999250057393567,0.009889456913109128,-0.0013152821902791267,0.010176305117444157,1.0085288814917266,1980130,19980,5875,0.08502369163605387,0.08459777458339988,197,0.8881690940041611,0.09803921568627451,0.9027172215448382,18783,1322,1043,0.7560720435896555,0.2268323043028366,0.8334933498200422,0.2500646771177634,7156,0.35431004604644256,0.34969310345068544,0.34795763993948564,0.08804101350685202,-0.8099320020659365,0.02856431069872007,-0.8366400834673022,-0.009803921568627666,,0.9168560964006837,0.09509104521856936
44b6,random__random_nodes__s16__r0.1,random,random_nodes,16,0.1,preregistered_descriptive,0.9125211431134657,-0.8995009679602629,71,0.011924528301886792,0.0,0,0,26,0.12315884245447743,0.013020175153202732,71,0.013020175153202732,237,49,19589,198043,0.10001515052042037,0.01009024659997071,0.09774774774774775,0.8999617376221207,0.009861494725892862,-0.0007630118207049416,0.010115667753594522,1.002519378825081,1980130,19980,1953,0.010434967790022892,0.010434967790022892,41,0.8881690940041611,0.09803921568627451,0.9027172215448382,18783,1322,1043,0.7560720435896555,0.07561865924390122,0.8334933498200422,0.08336721359933046,2527,0.1251175917215428,0.12315884245447743,0.037065052950075644,0.011924528301886792,-0.8860484872709017,0.03385588834254884,-0.9235529347341841,-0.009803921568627642,,0.8845187113587589,0.012620626530232854
44b6,random__random_tracklets__s16__r0.9,random,random_tracklets,16,0.9,preregistered_descriptive,0.9125211431134657,-0.10214732554525774,71,0.7837699263540598,0.07142857142857142,3,16,23,0.9112398381889741,0.8032309604253508,71,0.8103738175682079,16815,1628,3011,1783515,0.9007060142515896,0.01009024659997071,0.8764264264264264,0.09904650154324925,0.009818252159359468,-0.00819674444373239,0.012557536301909825,1.2445222401151501,1980130,19980,17511,0.8750465846776341,0.8736091146249267,406,0.8881690940041611,0.09803921568627451,0.9027172215448382,18783,1322,1043,0.7560720435896555,0.6809986368686927,0.8334933498200422,0.7509105721919744,18153,0.8987968510174779,0.9112398381889741,1.2314674735249622,0.790912783496917,-0.10706023207587156,0.00692088231456045,-0.10640714343404767,-0.0026610644257705207,,1.0092322147204436,0.8953677967359843
44b6,random__random_tracklets__s16__r0.8,random,random_tracklets,16,0.8,preregistered_descriptive,0.9125211431134657,-0.1794276017067875,71,0.7038243230669023,0.05405405405405406,2,11,24,0.8245528331219426,0.7276881360012727,71,0.7330935414066782,15128,1668,4698,1585540,0.8007252049107887,0.01009024659997071,0.7687687687687688,0.19894906002091678,0.009687551244371003,-0.008076877442987804,0.011708355508249068,1.1603636632907521,1980130,19980,15360,0.7672363307245914,0.7655326625139754,749,0.8881690940041611,0.09803921568627451,0.9027172215448382,18783,1322,1043,0.7560720435896555,0.6054059420306457,0.8334933498200422,0.6675955196208201,16462,0.8150715452790018,0.8245528331219426,1.2617246596066565,0.7092297284723077,-0.18874328710048083,0.013179872527089465,-0.1882089580706548,-0.004398516163222177,,1.0048493819470696,0.8060900536888532
44b6,random__random_tracklets__s16__r0.7,random,random_tracklets,16,0.7,preregistered_descriptive,0.9125211431134657,-0.26695092523458264,71,0.6191894281327067,0.0,0,9,26,0.7296449619033506,0.645570217878883,71,0.645570217878883,13307,1665,6519,1387565,0.7007443955699878,0.01009024659997071,0.6601101101101101,0.2988414151978165,0.009505140299733705,-0.008958695034888145,0.011460346122366323,1.1357845429069684,1980130,19980,13189,0.658946920087313,0.657456210403024,958,0.8881690940041611,0.09803921568627451,0.9027172215448382,18783,1322,1043,0.7560720435896555,0.5298132471925986,0.8334933498200422,0.5844213395945788,14599,0.7228301232856364,0.7296449619033507,1.2594553706505296,0.6191894281327067,-0.2787835874400818,0.018687666329595842,-0.2758346699955506,-0.00980392156862786,,1.0025901827045556,0.7092902642052309
44b6,random__random_tracklets__s16__r0.5,random,random_tracklets,16,0.5,preregistered_descriptive,0.9125211431134657,-0.4223731558672406,71,0.4629308323563892,0.0,0,1,26,0.5611213795190695,0.49014798724622505,71,0.49014798724622505,9872,1499,9954,991229,0.5005878401923106,0.01009024659997071,0.47122122122122123,0.49911282299823995,0.009498309674151988,-0.005929762955666249,0.010683577021360075,1.0588023707360223,1980130,19980,9415,0.46999946760368416,0.4691476334983762,1060,0.8881690940041611,0.09803921568627451,0.9027172215448382,18783,1322,1043,0.7560720435896555,0.37848047133033214,0.8334933498200422,0.41739384612262,10991,0.5441897311481904,0.5611213795190694,1.1338880484114977,0.4629308323563892,-0.4350421832163993,0.028055939529747775,-0.44062517382836075,-0.009803921568627638,,0.9791004980939506,0.5259101578897373
44b6,random__random_tracklets__s16__r0.3,random,random_tracklets,16,0.3,preregistered_descriptive,0.9125211431134657,-0.5973067945224888,71,0.293207222699914,0.0,0,0,26,0.32664522539910545,0.3152143485909769,71,0.3152143485909769,6138,1108,13688,595433,0.3007039941822002,0.01009024659997071,0.2764764764764765,0.6990490523684412,0.00927728224670114,-0.005334108998124634,0.010439829074519551,1.0346455828492693,1980130,19980,5524,0.2755150934355534,0.2752488952776447,968,0.8881690940041611,0.09803921568627451,0.9027172215448382,18783,1322,1043,0.7560720435896555,0.22735388339690796,0.8334933498200422,0.2509028338353595,6938,0.3435163638164084,0.3266452253991054,0.8381240544629349,0.293207222699914,-0.6047657928728745,0.034451717580279206,-0.6219545905341404,-0.009803921568627583,,0.9462108199032385,0.3268518537640579
44b6,random__random_tracklets__s16__r0.1,random,random_tracklets,16,0.1,preregistered_descriptive,0.9125211431134657,-0.8057791736869863,71,0.09780301160207357,0.0,0,0,26,0.12747103534122523,0.10674196942647943,71,0.10674196942647943,1981,429,17845,199495,0.1007484357087666,0.01009024659997071,0.08478478478478478,0.8990888452414356,0.008491440888242814,-0.005354581758978681,0.010269370196587172,1.0177521525209288,1980130,19980,1694,0.08433157642549113,0.08422509716232764,399,0.8881690940041611,0.09803921568627451,0.9027172215448382,18783,1322,1043,0.7560720435896555,0.07617307567478818,0.8334933498200422,0.0843808198962311,2283,0.11303658959251374,0.1274710353412252,0.3245083207261725,0.09780301160207357,-0.8001700039707149,0.03711843074760949,-0.8330936828659681,-0.009803921568627638,,0.9015041616902154,0.10545326033395327
44b6,random__random_nodes__s17__r0.9,random,random_nodes,17,0.9,preregistered_descriptive,0.9125211431134657,-0.16774800191859562,71,0.7181598288212857,0.08888888888888889,4,19,22,0.9144472070332346,0.7358842523059812,71,0.74477314119487,15439,1672,4387,1782150,0.9000166655724624,0.01009024659997071,0.9038538538538539,0.10002244726168916,0.010133265998933872,0.0012914485653297354,0.009703000303060915,0.9616217212262267,1980130,19980,18059,0.8181866581483256,0.8176010222009263,82,0.8881690940041611,0.09803921568627451,0.9027172215448382,18783,1322,1043,0.7560720435896555,0.6804774396041192,0.8334933498200422,0.7501634547552392,18517,0.9168193296034064,0.9144472070332343,1.264750378214826,0.7270487177101745,-0.17092429786261398,0.006717117020658969,-0.1735500862595158,-0.0009150326797388031,,1.0092785315124062,0.8219186223800969
44b6,random__random_nodes__s17__r0.8,random,random_nodes,17,0.8,preregistered_descriptive,0.9125211431134657,-0.321959605829367,71,0.5668683882293158,0.04878048780487805,2,15,24,0.8333593117492955,0.5856834885036108,71,0.5905615372840987,12271,1821,7555,1584130,0.800013130451031,0.01009024659997071,0.8036036036036036,0.20002346759176592,0.010135531806101772,0.0009062655543502362,0.009909090909090909,0.9820464555464555,1980130,19980,16056,0.6457967310866208,0.6451046158760582,154,0.8881690940041611,0.09803921568627451,0.9027172215448382,18783,1322,1043,0.7560720435896555,0.6048675624386687,0.8334933498200422,0.6668090832503406,16908,0.8371540327771452,0.8333593117492953,1.3774583963691376,0.5717464370098037,-0.32622657856298487,0.012159995432093784,-0.32919372847332085,-0.00492587278813994,,1.0125216159485724,0.6533594492335983
44b6,random__random_nodes__s17__r0.7,random,random_nodes,17,0.7,preregistered_descriptive,0.9125211431134657,-0.44973913773920066,71,0.44194461195899243,0.025,1,14,25,0.7506781332194142,0.460282005374265,71,0.462782005374265,9527,1731,10299,1386126,0.7000176756071571,0.01009024659997071,0.703953953953954,0.30002244726168914,0.010146985194708129,0.0008672345142961537,0.009957845401714467,0.9868782990639072,1980130,19980,14065,0.4961933663419049,0.4955544907629239,219,0.8881690940041611,0.09803921568627451,0.9027172215448382,18783,1322,1043,0.7560720435896555,0.5292637945451838,0.8334933498200422,0.5834659912368062,15223,0.7537258008615141,0.7506781332194143,1.3093797276853252,0.44444461195899243,-0.4535284036137961,0.016679721320520424,-0.45911493749109333,-0.007303921568627747,,1.0028374709878898,0.5072278217971132
44b6,random__random_nodes__s17__r0.5,random,random_nodes,17,0.5,preregistered_descriptive,0.9125211431134657,-0.6549351068793581,71,0.24344086021505376,0.0,0,2,26,0.5665358544886767,0.2575860362341076,71,0.2575860362341076,5094,1099,14732,990081,0.5000080802775575,0.01009024659997071,0.508008008008008,0.5000734637655282,0.010251686478177037,0.0016153593429383674,0.009928801503763955,0.9839998859683744,1980130,19980,10150,0.2574136186977586,0.25704094127668636,266,0.8881690940041611,0.09803921568627451,0.9027172215448382,18783,1322,1043,0.7560720435896555,0.3780421310667934,0.8334933498200422,0.4167575610853458,11567,0.5727088181413081,0.5665358544886768,0.8313161875945537,0.24344086021505376,-0.6545321553577348,0.02366616641795863,-0.668797351728689,-0.009803921568627694,,0.9606829925942476,0.27118114030274376
44b6,random__random_nodes__s17__r0.3,random,random_nodes,17,0.3,preregistered_descriptive,0.9125211431134657,-0.806279196958622,71,0.09882829880852326,0.0,0,1,26,0.3623820270371052,0.10624194615484364,71,0.10624194615484364,1999,401,17827,594067,0.30001414048572567,0.01009024659997071,0.30945945945945946,0.7000821365711808,0.010407916952128296,0.0020809144289398117,0.00995409299577292,0.9865064146005922,1980130,19980,6183,0.09620401426822127,0.09604429537347602,195,0.8881690940041611,0.09803921568627451,0.9027172215448382,18783,1322,1043,0.7560720435896555,0.2268323043028366,0.8334933498200422,0.2500646771177634,7434,0.3680744665049265,0.3623820270371052,0.3033282904689864,0.09882829880852326,-0.7991447167642652,0.02887405763455981,-0.8253493330245543,-0.00980392156862761,,0.9141895031990844,0.1064361880348492
44b6,random__random_nodes__s17__r0.1,random,random_nodes,17,0.1,preregistered_descriptive,0.9125211431134657,-0.8993350200498025,71,0.012079118224369622,0.0,0,0,26,0.12820504507250077,0.013186123063663178,71,0.013186123063663178,240,43,19586,198043,0.10001515052042037,0.01009024659997071,0.1047047047047047,0.900032650562457,0.01056336250208288,0.0015780986596517171,0.010037669316930094,0.9947892965231625,1980130,19980,2092,0.011127083000585635,0.011127083000585635,31,0.8881690940041611,0.09803921568627451,0.9027172215448382,18783,1322,1043,0.7560720435896555,0.07561865924390122,0.8334933498200422,0.08336721359933046,2636,0.1305144328365599,0.1282050450725008,0.03252647503782148,0.012079118224369622,-0.885893897348419,0.033874341489446916,-0.9234054399706217,-0.009803921568627638,,0.8842516868421223,0.012777623455571986
44b6,random__random_tracklets__s17__r0.9,random,random_tracklets,17,0.9,preregistered_descriptive,0.9125211431134657,-0.07777848930580755,71,0.8041797479030973,0.10638297872340426,5,21,21,0.8971966004081021,0.8241043559353177,71,0.8347426538076581,17162,1515,2664,1783447,0.90067167307197,0.01009024659997071,0.8927427427427428,0.09924750656837487,0.010001418601169532,-0.0026763806301089497,0.010895705271935043,1.079825469475312,1980130,19980,17837,0.8921897460469573,0.8920832667837939,406,0.8881690940041611,0.09803921568627451,0.9027172215448382,18783,1322,1043,0.7560720435896555,0.6809726724628384,0.8334933498200422,0.7509545810180923,18439,0.9129573699064217,0.8971966004081019,1.1459909228441756,0.8148180457754377,-0.08315496979735082,0.007011634905844222,-0.0856245005153643,0.0008343763037125251,,1.000033808256076,0.913790767631331
44b6,random__random_tracklets__s17__r0.8,random,random_tracklets,17,0.8,preregistered_descriptive,0.9125211431134657,-0.1778660487534246,71,0.7020218452242621,0.09523809523809523,4,16,22,0.8099635448121829,0.7251312848362316,71,0.7346550943600411,15104,1689,4722,1585546,0.8007282350148728,0.01009024659997071,0.7697697697697697,0.19895620233145422,0.009700128536163567,-0.007824688474976672,0.011657847251789226,1.1553580119462161,1980130,19980,15380,0.7679284459351541,0.7671830910930096,694,0.8881690940041611,0.09803921568627451,0.9027172215448382,18783,1322,1043,0.7560720435896555,0.6054082330076328,0.8334933498200422,0.6675823135354472,16443,0.8141308115066594,0.8099635448121828,1.2776096822995462,0.7115456547480716,-0.1864273608247169,0.01325332325040618,-0.19083925995901252,-0.00028011204481825924,,1.0012612910316392,0.8040399006897727
44b6,random__random_tracklets__s17__r0.7,random,random_tracklets,17,0.7,preregistered_descriptive,0.9125211431134657,-0.24551815012760014,71,0.6296898216939079,0.11428571428571428,4,9,22,0.7243759759670991,0.6555744215572941,71,0.6670029929858655,13561,1710,6265,1387615,0.7007696464373552,0.01009024659997071,0.678928928928929,0.2990077290003316,0.009775766332880518,-0.00481536848527279,0.01082673012497574,1.0729896457641748,1980130,19980,13565,0.6773678326145983,0.6769419155619443,846,0.8881690940041611,0.09803921568627451,0.9027172215448382,18783,1322,1043,0.7560720435896555,0.5298323386674915,0.8334933498200422,0.5842089208742187,14877,0.7365945437441204,0.7243759759670991,1.2934947049924357,0.6411183931224793,-0.2568546224503092,0.019019086264378482,-0.26616188625192233,0.0016246498599437054,,0.9921015533270816,0.7217864427983917
44b6,random__random_tracklets__s17__r0.5,random,random_tracklets,17,0.5,preregistered_descriptive,0.9125211431134657,-0.38597471340877565,71,0.48745232826404256,0.10714285714285714,3,2,23,0.5738232396238178,0.5158321439904043,71,0.52654642970469,10353,1413,9473,991405,0.5006767232454434,0.01009024659997071,0.49574574574574576,0.49927301482029435,0.009990871540893984,-0.0009956724781518857,0.01018989102126476,1.009875320717567,1980130,19980,9905,0.4955012511313422,0.4951285737102699,1053,0.8881690940041611,0.09803921568627451,0.9027172215448382,18783,1322,1043,0.7560720435896555,0.3785476733219548,0.8334933498200422,0.4176469903625425,11424,0.5656285586968361,0.5738232396238178,1.0688350983358548,0.4981666139783283,-0.39980640159446024,0.028670265925544808,-0.41555534347997847,0.000910364145658038,,0.9637217004298365,0.5512473395650327
44b6,random__random_tracklets__s17__r0.3,random,random_tracklets,17,0.3,preregistered_descriptive,0.9125211431134657,-0.564352891055476,71,0.3239207427969752,0.0,0,1,26,0.4020426232212173,0.3481682520579896,71,0.3481682520579896,6768,1068,13058,595338,0.3006560175342023,0.01009024659997071,0.3113613613613614,0.699453103078846,0.010449526151530728,0.0023570746509946846,0.009935788190573025,0.984692305795764,1980130,19980,6221,0.31107916733216207,0.3110259277005803,926,0.8881690940041611,0.09803921568627451,0.9027172215448382,18783,1322,1043,0.7560720435896555,0.2273176095946116,0.8334933498200422,0.25110232494369694,7551,0.37386740605040353,0.40204262322121725,0.8078668683812406,0.3239207427969752,-0.5740522727758133,0.03538661478358485,-0.5899355842704332,-0.009803921568627694,,0.9444155894507945,0.3603374316056951
44b6,random__random_tracklets__s17__r0.1,random,random_tracklets,17,0.1,preregistered_descriptive,0.9125211431134657,-0.8038166144995271,71,0.09959942633895455,0.0,0,0,26,0.1415606728612205,0.10870452861393853,71,0.10870452861393853,2014,395,17812,199254,0.10062672652805624,0.01009024659997071,0.08658658658658659,0.8992301609570696,0.008682385297158401,-0.004711919516851633,0.01024776570631532,1.0156110264287364,1980130,19980,1730,0.08624820316243412,0.08624820316243412,394,0.8881690940041611,0.09803921568627451,0.9027172215448382,18783,1322,1043,0.7560720435896555,0.07608105476580487,0.8334933498200422,0.0840841382539144,2298,0.11377927414962619,0.14156067286122054,0.2987897125567322,0.09959942633895455,-0.798373589233834,0.0372067043744002,-0.8312193973052997,-0.009803921568627638,,0.8999653457207257,0.10720881309298846
44b6,random__random_nodes__s18__r0.9,random,random_nodes,18,0.9,preregistered_descriptive,0.9125211431134657,-0.18247663299323225,71,0.7064050351721585,0.0625,3,22,23,0.9112718626009733,0.7237945101202334,71,0.7300445101202334,15264,1782,4562,1782150,0.9000166655724624,0.01009024659997071,0.8983983983983984,0.09996683927250466,0.010072103919423168,-0.0005446458883449255,0.010253560965754117,1.01618536912506,1980130,19980,17950,0.8087100037267743,0.808124367779375,85,0.8881690940041611,0.09803921568627451,0.9027172215448382,18783,1322,1043,0.7560720435896555,0.6804774396041192,0.8334933498200422,0.7501634547552392,18465,0.9142446898054166,0.9112718626009733,1.3479576399394857,0.7126550351721584,-0.18531798040063008,0.0066704116456167695,-0.18559312307022136,-0.0035539215686276604,,1.017405252773185,0.812551896990637
44b6,random__random_nodes__s18__r0.8,random,random_nodes,18,0.8,preregistered_descriptive,0.9125211431134657,-0.32719250978774805,71,0.5620495287377564,0.047619047619047616,2,16,24,0.8280039524706706,0.5805667285638129,71,0.5853286333257176,12165,1818,7661,1584130,0.800013130451031,0.01009024659997071,0.7986486486486486,0.19997296125296535,0.010073036935100024,-0.0003444066574208529,0.01015909090909091,1.006822856947857,1980130,19980,15957,0.6391417771389022,0.638343182665176,175,0.8881690940041611,0.09803921568627451,0.9027172215448382,18783,1322,1043,0.7560720435896555,0.6048675624386687,0.8334933498200422,0.6668090832503406,16837,0.8336386592068129,0.8280039524706705,1.3751891074130105,0.5668114334996611,-0.3311615820731274,0.012136992692664605,-0.33428748567368977,-0.005042016806722893,,1.0125108398283558,0.6475616893550025
44b6,random__random_nodes__s18__r0.7,random,random_nodes,18,0.7,preregistered_descriptive,0.9125211431134657,-0.4497825666517956,71,0.43859649122807015,0.06060606060606061,2,7,24,0.7472570038242341,0.456677970401064,71,0.46273857646167005,9450,1720,10376,1386126,0.7000176756071571,0.01009024659997071,0.700950950950951,0.2999918373593858,0.010103699086518831,0.00020561772267407255,0.010058854822526447,0.99688889888535,1980130,19980,14005,0.4911356013416387,0.4902837672363307,241,0.8881690940041611,0.09803921568627451,0.9027172215448382,18783,1322,1043,0.7560720435896555,0.5292637945451838,0.8334933498200422,0.5834659912368062,15180,0.7515967717977917,0.7472570038242339,1.3010590015128594,0.4446570972886762,-0.45331591828411233,0.016662792765927664,-0.4627020439097016,-0.0037433155080216496,,0.9984039851390782,0.5029993992414256
44b6,random__random_nodes__s18__r0.5,random,random_nodes,18,0.5,preregistered_descriptive,0.9125211431134657,-0.6657772563701534,71,0.23319707196501568,0.0,0,4,26,0.5625522852553764,0.2467438867433123,71,0.2467438867433123,4906,1212,14920,990081,0.5000080802775575,0.01009024659997071,0.49834834834834835,0.4999750019131189,0.01005675293233584,-0.00033513596234327595,0.010123741350175597,1.003319517503664,1980130,19980,9957,0.24697865090773571,0.24618005643400948,282,0.8881690940041611,0.09803921568627451,0.9027172215448382,18783,1322,1043,0.7560720435896555,0.3780421310667934,0.8334933498200422,0.4167575610853458,11442,0.5665197801653711,0.5625522852553764,0.9167927382753404,0.23319707196501568,-0.6647759436077728,0.0234531546931121,-0.6794264894946378,-0.009803921568627721,,0.9658709103081378,0.26116955678263926
44b6,random__random_nodes__s18__r0.3,random,random_nodes,18,0.3,preregistered_descriptive,0.9125211431134657,-0.8139989456728794,71,0.09165189998031109,0.0,0,2,26,0.3554408714625186,0.09852219744058621,71,0.09852219744058621,1862,490,17964,594067,0.30001414048572567,0.01009024659997071,0.301001001001001,0.6999959186796929,0.010123437255393752,0.00021741693332942013,0.010076021075521099,0.9985901707843641,1980130,19980,6014,0.08912314326784859,0.08896342437310334,191,0.8881690940041611,0.09803921568627451,0.9027172215448382,18783,1322,1043,0.7560720435896555,0.2268323043028366,0.8334933498200422,0.2500646771177634,7259,0.35940981333861466,0.3554408714625186,0.37065052950075644,0.09165189998031109,-0.8063211155924774,0.028670730847912176,-0.832865754952164,-0.00980392156862768,,0.9182119912489544,0.09913662141074876
44b6,random__random_nodes__s18__r0.1,random,random_nodes,18,0.1,preregistered_descriptive,0.9125211431134657,-0.9000519467012319,71,0.011422533085090324,0.0,0,0,26,0.12615670616373625,0.012469196412233804,71,0.012469196412233804,227,47,19599,198043,0.10001515052042037,0.01009024659997071,0.1013013013013013,0.8999979593398464,0.010220002726680569,0.00043280720163551,0.01007582682551413,0.9985709195197845,1980130,19980,2024,0.010434967790022892,0.010434967790022892,31,0.8881690940041611,0.09803921568627451,0.9027172215448382,18783,1322,1043,0.7560720435896555,0.07561865924390122,0.8334933498200422,0.08336721359933046,2553,0.1264049116205377,0.12615670616373625,0.03555219364599092,0.011422533085090324,-0.8865504824876982,0.033850416112725136,-0.9240984412453294,-0.009803921568627638,,0.8844297031865468,0.012085339353584081
44b6,random__random_tracklets__s18__r0.9,random,random_tracklets,18,0.9,preregistered_descriptive,0.9125211431134657,-0.08073955703842484,71,0.8052823826917673,0.06818181818181818,3,18,23,0.9074502549466904,0.824963404256859,71,0.8317815860750408,17196,1528,2630,1783414,0.9006550074995076,0.01009024659997071,0.8983483483483483,0.0993214804989414,0.010064404563382366,-0.0007785460194395458,0.010324528762276582,1.0232186755779142,1980130,19980,17949,0.8978863866262046,0.8973539903103871,341,0.8881690940041611,0.09803921568627451,0.9027172215448382,18783,1322,1043,0.7560720435896555,0.6809600720894092,0.8334933498200422,0.7510382663438689,18478,0.9148883497549141,0.9074502549466904,1.1558245083207261,0.8121005645099492,-0.08587245106283936,0.007029975684677947,-0.08478379297265698,-0.002985739750445804,,1.004882947535517,0.9153019176320137
44b6,random__random_tracklets__s18__r0.8,random,random_tracklets,18,0.8,preregistered_descriptive,0.9125211431134657,-0.15833484364476946,71,0.7249859996266567,0.05,2,14,24,0.8219604027189236,0.7491862994686962,71,0.7541862994686962,15535,1602,4291,1585308,0.8006080408862044,0.01009024659997071,0.7921921921921922,0.1993061755477897,0.009984179730374161,-0.002126606873540985,0.010516131319936579,1.0422075630903913,1980130,19980,15828,0.7922589575680137,0.7918330405153596,662,0.8881690940041611,0.09803921568627451,0.9027172215448382,18783,1322,1043,0.7560720435896555,0.605317357587143,0.8334933498200422,0.6673887142464553,16818,0.8326979254344705,0.8219604027189236,1.2118003025718609,0.7299859996266567,-0.16798701594613186,0.013410035875653925,-0.16694095795179575,-0.004803921568627634,,1.0022008952382802,0.8273473138618722
44b6,random__random_tracklets__s18__r0.7,random,random_tracklets,18,0.7,preregistered_descriptive,0.9125211431134657,-0.24615973483049391,71,0.6343474817127149,0.05555555555555555,2,10,24,0.7212660452172492,0.6608058527274162,71,0.6663614082829717,13615,1637,6211,1387717,0.7008211582067844,0.01009024659997071,0.6790290290290291,0.29895671249649264,0.009776489010367387,-0.0048048929061810615,0.0108252182176961,1.0728398072776064,1980130,19980,13567,0.6781131874567428,0.6773678326145983,892,0.8881690940041611,0.09803921568627451,0.9027172215448382,18783,1322,1043,0.7560720435896555,0.5298712852762727,0.8334933498200422,0.5844412379916146,14885,0.7369906421745804,0.7212660452172491,1.2382753403933435,0.6399030372682705,-0.25806997830451806,0.018983153453353607,-0.2608945222707752,-0.004248366013072324,,0.9951963750250502,0.7250899022535097
44b6,random__random_tracklets__s18__r0.5,random,random_tracklets,18,0.5,preregistered_descriptive,0.9125211431134657,-0.4040143039100802,71,0.47723845428840717,0.03225806451612903,1,5,25,0.5554614955198025,0.5052810327517726,71,0.5085068392033855,10127,1394,9699,991677,0.5008140879639216,0.01009024659997071,0.4873873873873874,0.4990490523684412,0.009819729609540202,-0.0027111463624902537,0.010361645925501768,1.0268971945177086,1980130,19980,9738,0.4877815045519885,0.4869296704466805,981,0.8881690940041611,0.09803921568627451,0.9027172215448382,18783,1322,1043,0.7560720435896555,0.37865153094537163,0.8334933498200422,0.4175876887079468,11191,0.5540921919096896,0.5554614955198026,1.05446293494705,0.4804642607400201,-0.41750875483276845,0.02833128849119665,-0.4257674772842622,-0.006578115117014671,,0.9708603086573279,0.5394917136790583
44b6,random__random_tracklets__s18__r0.3,random,random_tracklets,18,0.3,preregistered_descriptive,0.9125211431134657,-0.6119801802076343,71,0.2795889950544966,0.0,0,0,26,0.33141526034737195,0.3005409629058313,71,0.3005409629058313,5823,1001,14003,595712,0.3008448940221097,0.01009024659997071,0.2683183183183183,0.6988235594214729,0.008999315105285776,-0.00716033503630636,0.010559672006576048,1.0465226892082797,1980130,19980,5361,0.26875366022467123,0.26864718096150775,777,0.8881690940041611,0.09803921568627451,0.9027172215448382,18783,1322,1043,0.7560720435896555,0.2274604138268098,0.8334933498200422,0.2510485317030309,6554,0.32450363915432984,0.3314152603473719,0.7571860816944024,0.2795889950544966,-0.618384020518292,0.03409641122555121,-0.6362726698645579,-0.009803921568627638,,0.9413777771066749,0.31004496249202157
44b6,random__random_tracklets__s18__r0.1,random,random_tracklets,18,0.1,preregistered_descriptive,0.9125211431134657,-0.7821314136838571,71,0.11948064819862234,0.0,0,0,26,0.13527055420790002,0.13038972942960864,71,0.13038972942960864,2411,353,17415,199283,0.10064137203112927,0.01009024659997071,0.11126126126126126,0.8994668775348825,0.011154990641449597,0.00356384123331464,0.009971098022457853,0.988191708068542,1980130,19980,2223,0.11276153969014534,0.11265506042698184,295,0.8881690940041611,0.09803921568627451,0.9027172215448382,18783,1322,1043,0.7560720435896555,0.07609212782124271,0.8334933498200422,0.0839927127786191,2671,0.13224736346982224,0.13527055420790005,0.2670196671709531,0.11948064819862234,-0.7784923673741662,0.0380433522091301,-0.8103708443243595,-0.009803921568627666,,0.898090456628125,0.12832773522760352
44b6,random__random_nodes__s19__r0.9,random,random_nodes,19,0.9,preregistered_descriptive,0.9125211431134657,-0.18134182899643492,71,0.7026464328675859,0.1111111111111111,5,19,21,0.9103892097486056,0.7200682030059197,71,0.7311793141170307,15187,1788,4639,1782150,0.9000166655724624,0.01009024659997071,0.8975975975975976,0.09995867663189041,0.010063125999494993,-0.000814164340260472,0.010334377209819173,1.0241947119358978,1980130,19980,17934,0.8052494276739605,0.8044508332002342,77,0.8881690940041611,0.09803921568627451,0.9027172215448382,18783,1322,1043,0.7560720435896555,0.6804774396041192,0.8334933498200422,0.7501634547552392,18441,0.9130563945140368,0.9103892097486058,1.3524962178517397,0.713757543978697,-0.18421547159409157,0.0066477575486414975,-0.18929677608755996,0.0013071895424835445,,1.0122290265132063,0.8085931044418329
44b6,random__random_nodes__s19__r0.8,random,random_nodes,19,0.8,preregistered_descriptive,0.9125211431134657,-0.32659088348145016,71,0.5563691627521414,0.1111111111111111,4,10,22,0.827747537074087,0.5748191485209044,71,0.5859302596320155,12081,1888,7745,1584130,0.800013130451031,0.01009024659997071,0.7972472472472473,0.1999586766318904,0.010055361618049024,-0.0006981321314571205,0.01022979797979798,1.0138303240108795,1980130,19980,15929,0.6355214821913432,0.6347761273491987,158,0.8881690940041611,0.09803921568627451,0.9027172215448382,18783,1322,1043,0.7560720435896555,0.6048675624386687,0.8334933498200422,0.6668090832503406,16822,0.8328959746497004,0.8277475370740868,1.4281391830559758,0.5674802738632525,-0.330492741709536,0.012074401795275469,-0.33997247481920895,0.0013071895424833224,,1.0086806724904256,0.6432244424909233
44b6,random__random_nodes__s19__r0.7,random,random_nodes,19,0.7,preregistered_descriptive,0.9125211431134657,-0.45032829748253644,71,0.43530884808013354,0.08823529411764706,3,8,23,0.742882832528551,0.4533693162191645,71,0.4621928456309292,9387,1738,10439,1386126,0.7000176756071571,0.01009024659997071,0.6984984984984985,0.29996683927250467,0.010068348764830903,-0.00033470265715062703,0.0101413458495229,1.0050642220728618,1980130,19980,13956,0.48847361976255127,0.4880477027098972,220,0.8881690940041611,0.09803921568627451,0.9027172215448382,18783,1322,1043,0.7560720435896555,0.5292637945451838,0.8334933498200422,0.5834659912368062,15099,0.7475862751893846,0.7428828325285509,1.3146747352496218,0.44413237749189827,-0.45384063808089026,0.016596855666780513,-0.4659447609924541,-0.0009803921568629081,,0.9961923611607729,0.4997723162642943
44b6,random__random_nodes__s19__r0.5,random,random_nodes,19,0.5,preregistered_descriptive,0.9125211431134657,-0.665648626011909,71,0.23321047340960221,0.0,0,3,26,0.5629242903343084,0.24687251710155672,71,0.24687251710155672,4872,1065,14954,990081,0.5000080802775575,0.01009024659997071,0.49754754754754754,0.4999668392725047,0.010040592638380093,-0.0004968350550091117,0.010139902166458428,1.0049211449884548,1980130,19980,9941,0.24495554490762925,0.24474258638130225,275,0.8881690940041611,0.09803921568627451,0.9027172215448382,18783,1322,1043,0.7560720435896555,0.3780421310667934,0.8334933498200422,0.4167575610853458,11358,0.5623607466455414,0.5629242903343084,0.8055975794251135,0.23321047340960221,-0.6647625421631863,0.02339621718090347,-0.6792409216241847,-0.009803921568627721,,0.9591220262024577,0.2594798713466127
44b6,random__random_nodes__s19__r0.3,random,random_nodes,19,0.3,preregistered_descriptive,0.9125211431134657,-0.8151142286812788,71,0.09059474412171507,0.0,0,3,26,0.3544966540886074,0.0974069144321869,71,0.0974069144321869,1834,418,17992,594067,0.30001414048572567,0.01009024659997071,0.2968968968968969,0.6999540851465449,0.009985405686563973,-0.0006867652834756219,0.010135181445576428,1.0044532950865492,1980130,19980,5932,0.08869722621519459,0.08869722621519459,168,0.8881690940041611,0.09803921568627451,0.9027172215448382,18783,1322,1043,0.7560720435896555,0.2268323043028366,0.8334933498200422,0.2500646771177634,7170,0.3550032182997475,0.3544966540886075,0.3161875945537065,0.09059474412171507,-0.8073782714510734,0.028615215875646714,-0.8339255229882978,-0.009803921568627652,,0.9149578436131045,0.09766701961315331
44b6,random__random_nodes__s19__r0.1,random,random_nodes,19,0.1,preregistered_descriptive,0.9125211431134657,-0.9012091825257064,71,0.010362694300518135,0.0,0,0,26,0.12405099421279615,0.011311960587759321,71,0.011311960587759321,206,53,19620,198043,0.10001515052042037,0.01009024659997071,0.0961961961961962,0.8999459225059306,0.009704963063577102,-0.0012851299853888008,0.010133063088390185,1.0042433540147175,1980130,19980,1922,0.009263695895224406,0.009263695895224406,32,0.8881690940041611,0.09803921568627451,0.9027172215448382,18783,1322,1043,0.7560720435896555,0.07561865924390122,0.8334933498200422,0.08336721359933046,2502,0.1238797841263554,0.12405099421279615,0.040090771558245086,0.010362694300518135,-0.8876103212722704,0.03381177529454629,-0.925217036251625,-0.00980392156862764,,0.8846967277031834,0.01096703850800931
44b6,random__random_tracklets__s19__r0.9,random,random_tracklets,19,0.9,preregistered_descriptive,0.9125211431134657,-0.0655240100042076,71,0.8181732580037665,0.08888888888888889,4,19,22,0.896751293059721,0.8381082442203692,71,0.8469971331092581,17378,1414,2448,1783801,0.9008504492129304,0.01009024659997071,0.9098098098098099,0.0992408744228758,0.010190598614980034,0.0030266233604070245,0.00917847083212363,0.9096379103509992,1980130,19980,18178,0.9102912207847522,0.9102379811531705,281,0.8881690940041611,0.09803921568627451,0.9027172215448382,18783,1322,1043,0.7560720435896555,0.6811078401050795,0.8334933498200422,0.7511135490411058,18599,0.9208793385156211,0.896751293059721,1.0695915279878971,0.8270621468926553,-0.07091086868013319,0.00707353762737678,-0.07168251495184536,-0.0009150326797390251,,0.9972491748843957,0.9249368325500847
44b6,random__random_tracklets__s19__r0.8,random,random_tracklets,19,0.8,preregistered_descriptive,0.9125211431134657,-0.141415648059123,71,0.736106566954896,0.10810810810810811,4,11,22,0.8309617983610261,0.7602946842435319,71,0.7711054950543427,15749,1569,4077,1585665,0.800788332079207,0.01009024659997071,0.8106606606606607,0.1993122975282504,0.010214641806434525,0.002495493459435758,0.00959020445413408,0.9504430203085343,1980130,19980,16197,0.8105733908321354,0.808976201884683,554,0.8881690940041611,0.09803921568627451,0.9027172215448382,18783,1322,1043,0.7560720435896555,0.6054536707178776,0.8334933498200422,0.667622082056043,17039,0.8436401445759271,0.830961798361026,1.186838124054463,0.7469173777657068,-0.15105563780708176,0.013538337876493223,-0.15596087517779939,0.0010068892421831732,,0.9942625552623854,0.8383318993118261
44b6,random__random_tracklets__s19__r0.7,random,random_tracklets,19,0.7,preregistered_descriptive,0.9125211431134657,-0.21337535222961745,71,0.668262012012012,0.03125,1,6,25,0.7436820467336569,0.6960207908838482,71,0.6991457908838482,14242,1486,5584,1387565,0.7007443955699878,0.01009024659997071,0.7214714714714715,0.29946687753488255,0.010388702511233708,0.004569726029751872,0.009391374785888468,0.9307378856246913,1980130,19980,14415,0.7213970079327051,0.7200127775115797,718,0.8881690940041611,0.09803921568627451,0.9027172215448382,18783,1322,1043,0.7560720435896555,0.5298132471925986,0.8334933498200422,0.5843831891777336,15456,0.7652621676486607,0.7436820467336568,1.1240544629349472,0.671387012012012,-0.22658600356077652,0.019446236533939953,-0.22614266719492981,-0.006678921568627594,,0.9908269107513228,0.7583451230495154
44b6,random__random_tracklets__s19__r0.5,random,random_tracklets,19,0.5,preregistered_descriptive,0.9125211431134657,-0.4043087278907681,71,0.48011844331641285,0.0,0,1,26,0.5540780773924403,0.5082124152226976,71,0.5082124152226976,10215,1450,9611,991446,0.5006974289566847,0.01009024659997071,0.4903903903903904,0.49919751039461263,0.009882535206153436,-0.002081217206188722,0.010298538258938145,1.020642871004564,1980130,19980,9798,0.48900601607836874,0.4884203801309695,1041,0.8881690940041611,0.09803921568627451,0.9027172215448382,18783,1322,1043,0.7560720435896555,0.3785633283313669,0.8334933498200422,0.4176402994777096,11313,0.5601326929742041,0.5540780773924404,1.0968229954614221,0.48011844331641285,-0.4178545722563757,0.028445411800483017,-0.42295021812262346,-0.009803921568627638,,0.9768791273516625,0.5440554494969086
44b6,random__random_tracklets__s19__r0.3,random,random_tracklets,19,0.3,preregistered_descriptive,0.9125211431134657,-0.563350920602452,71,0.32472147522089895,0.0,0,1,26,0.37387039230332,0.3491702225110137,71,0.3491702225110137,6762,998,13064,595481,0.3007282350148728,0.01009024659997071,0.31046046046046044,0.6993709665076653,0.010416789116697259,0.002142669314960492,0.009949813996182427,0.9860823417547901,1980130,19980,6203,0.3099078954373636,0.3098014161742001,943,0.8881690940041611,0.09803921568627451,0.9027172215448382,18783,1322,1043,0.7560720435896555,0.22737221121280504,0.8334933498200422,0.2509626579868928,7501,0.3713917908600287,0.37387039230332,0.7549167927382754,0.32472147522089895,-0.5732515403518896,0.035274274650215404,-0.5888212736840397,-0.00980392156862775,,0.9412454751891505,0.36016139953528137
44b6,random__random_tracklets__s19__r0.1,random,random_tracklets,19,0.1,preregistered_descriptive,0.9125211431134657,-0.8110374276509472,71,0.09290917199345919,0.0,0,0,26,0.11267909197886813,0.10148371546251847,71,0.10148371546251847,1875,355,17951,199393,0.10069692393933731,0.01009024659997071,0.08173173173173173,0.8991097620080096,0.008189856213608302,-0.006362813524752085,0.010303037450224262,1.02108876608171,1980130,19980,1633,0.08129691742533142,0.08129691742533142,348,0.8881690940041611,0.09803921568627451,0.9027172215448382,18783,1322,1043,0.7560720435896555,0.07613412906600686,0.8334933498200422,0.08410170281498541,2129,0.10541169480615933,0.11267909197886813,0.26853252647503784,0.09290917199345919,-0.8050638435793294,0.0365840937753948,-0.8378175998577144,-0.009803921568627652,,0.8981935317072407,0.09989030664105727
44b6,quality__quality_nodes__s20260908__r0.9,quality,quality_nodes,20260908,0.9,preregistered_descriptive,0.9125211431134657,-0.08010229032056182,71,0.8028522694968255,0.09523809523809523,4,16,22,0.9412825684536379,0.8228950432690944,71,0.8324188527929038,16945,1280,2881,1782150,0.9000166655724624,0.01009024659997071,0.9403403403403403,0.10039435757467541,0.01054232247566142,0.013571383030731824,0.006020810182846752,0.5966960394074244,1980130,19980,18788,0.8985252622051856,0.8980993451525315,76,0.8881690940041611,0.09803921568627451,0.9027172215448382,18783,1322,1043,0.7560720435896555,0.6804774396041192,0.8334933498200422,0.7501634547552392,19088,0.9450908550774868,0.9412825684536379,0.9682299546142209,0.812376079020635,-0.0855969365521535,0.007058734147258661,-0.08688091242300244,-0.0002801120448180372,,0.9901788698456968,0.9023429567690046
44b6,quality__quality_nodes__s20260908__r0.8,quality,quality_nodes,20260908,0.8,preregistered_descriptive,0.9125211431134657,-0.09174705220939527,71,0.7847235417062511,0.0975609756097561,4,15,22,0.9262087996371724,0.8110179933430948,71,0.8207740909040704,16520,1226,3306,1584130,0.800013130451031,0.01009024659997071,0.9243743743743744,0.2012544958294008,0.011658765379103988,0.03138982158469002,0.0038156565656565656,0.3781529547223992,1980130,19980,18469,0.8749401054144705,0.8744609487302348,95,0.8881690940041611,0.09803921568627451,0.9027172215448382,18783,1322,1043,0.7560720435896555,0.6048675624386687,0.8334933498200422,0.6668090832503406,18813,0.9314749715304254,0.9262087996371722,0.9273827534039334,0.7944796392672268,-0.10349337630556177,0.013948110416381443,-0.1056473386181247,-4.782400765201977e-05,,0.9793988171823101,0.8798635562010289
44b6,quality__quality_nodes__s20260908__r0.7,quality,quality_nodes,20260908,0.7,preregistered_descriptive,0.9125211431134657,-0.11433815103746969,71,0.7566359052421273,0.0975609756097561,4,15,22,0.910741594279398,0.7884268945150203,71,0.798182992075996,15906,1196,3920,1386126,0.7000176756071571,0.01009024659997071,0.9006506506506506,0.30202739586256155,0.012982225281107202,0.04420313436554246,0.003341728338529707,0.3311840107594008,1980130,19980,17995,0.8411329393600596,0.8405473034126604,118,0.8881690940041611,0.09803921568627451,0.9027172215448382,18783,1322,1043,0.7560720435896555,0.5292637945451838,0.8334933498200422,0.5834659912368062,18400,0.9110263900579294,0.910741594279398,0.9046898638426626,0.7663920028031029,-0.1315810127696856,0.020539736157912214,-0.1348300631877299,-4.782400765201977e-05,,0.97015140165757,0.8472785478198915
44b6,quality__quality_nodes__s20260908__r0.5,quality,quality_nodes,20260908,0.5,preregistered_descriptive,0.9125211431134657,-0.21365029647455502,71,0.6548440847417282,0.05263157894736842,2,12,24,0.8419984816651869,0.6936076887441738,71,0.6988708466389106,13755,1179,6071,990081,0.5000080802775575,0.01009024659997071,0.8098098098098098,0.5031497589470194,0.016342097262749208,0.0625557048913752,0.003838193867172231,0.3803865276378253,1980130,19980,16180,0.7240589895117926,0.7234733535643934,166,0.8881690940041611,0.09803921568627451,0.9027172215448382,18783,1322,1043,0.7560720435896555,0.3780421310667934,0.8334933498200422,0.4167575610853458,16726,0.8281427934841809,0.8419984816651869,0.8918305597579426,0.660107242636465,-0.2378657729363235,0.03192683652233691,-0.24103636932300115,-0.00454076367389078,,0.9587937291810043,0.7330072739115255
44b6,quality__quality_nodes__s20260908__r0.3,quality,quality_nodes,20260908,0.3,preregistered_descriptive,0.9125211431134657,-0.3626472402951816,71,0.5083497762163723,0.027777777777777776,1,10,25,0.7080266252803913,0.5470961250405063,71,0.5498739028182841,10563,953,9263,594067,0.30001414048572567,0.01009024659997071,0.6529029029029029,0.7035828890646124,0.021958802626639757,0.07774552871816175,0.0050033800772403565,0.49586301262992727,1980130,19980,13045,0.5516158228185061,0.5507639887131981,218,0.8881690940041611,0.09803921568627451,0.9027172215448382,18783,1322,1043,0.7560720435896555,0.2268323043028366,0.8334933498200422,0.2500646771177634,13686,0.6776253899093925,0.7080266252803913,0.7208774583963692,0.5111275539941501,-0.3868454615786384,0.04009592959988473,-0.39571702610421633,-0.007026143790849981,,0.9362791671634856,0.5630540697840485
44b6,quality__quality_nodes__s20260908__r0.1,quality,quality_nodes,20260908,0.1,preregistered_descriptive,0.9125211431134657,-0.6306494554320496,71,0.257970871875615,0.0,0,3,26,0.42572376940786005,0.28187168768141596,71,0.28187168768141596,5243,498,14583,198043,0.10001515052042037,0.01009024659997071,0.3597097097097097,0.9026319414330536,0.03629009861494726,0.08739074540366018,0.007178661872287941,0.711445632290967,1980130,19980,7187,0.2696054943299792,0.269445775435234,182,0.8881690940041611,0.09803921568627451,0.9027172215448382,18783,1322,1043,0.7560720435896555,0.07561865924390122,0.8334933498200422,0.08336721359933046,7705,0.38149230083675795,0.42572376940786005,0.3767019667170953,0.257970871875615,-0.6400021436971735,0.04195196341555496,-0.662797497278977,-0.009803921568627638,,0.9045010460203984,0.2793943332441494
44b6,quality__quality_tracklets__s20260908__r0.9,quality,quality_tracklets,20260908,0.9,preregistered_descriptive,0.9125211431134657,0.006438382000534704,71,0.8868343894826445,0.10204081632653061,5,23,21,0.9844988863818888,0.9087554434813473,71,0.9189595251140004,18753,1320,1073,1782932,0.9004115891380869,0.01009024659997071,0.9978978978978978,0.1005820983088029,0.011182703546742109,0.03286788628367163,0.00021298390450207405,0.02110789883992452,1980130,19980,19938,0.9983495714209658,0.9983495714209658,1,0.8881690940041611,0.09803921568627451,0.9027172215448382,18783,1322,1043,0.7560720435896555,0.6807760302714426,0.8334933498200422,0.7506249944808226,19944,0.9874733871367035,0.9844988863818888,0.9984871406959153,0.8970384711152976,-0.0009345444574909711,0.007386190873237386,-0.0013479689367280057,0.00040016006402532334,1.147212276721693,0.9913439283911255,0.9984175515967182
44b6,quality__quality_tracklets__s20260908__r0.8,quality,quality_tracklets,20260908,0.8,preregistered_descriptive,0.9125211431134657,0.0047896180252037235,71,0.8799905392620624,0.08163265306122448,4,23,22,0.9792579217103073,0.909147495832547,71,0.9173107611386694,18603,1314,1223,1585070,0.8004878467575361,0.01009024659997071,0.9878378378378379,0.2014218299619927,0.012451816008125824,0.04733089491130614,0.0006150964410469295,0.06095950529580864,1980130,19980,19737,0.9887664377362508,0.9887664377362508,31,0.8881690940041611,0.09803921568627451,0.9027172215448382,18783,1322,1043,0.7560720435896555,0.6052264821666533,0.8334933498200422,0.6674632161079556,19781,0.9794028816160816,0.9792579217103071,0.9939485627836612,0.8881538045681848,-0.0098192110046037,0.014719436486346216,-0.008289162198636957,-0.0016406562625055354,3.0731963193912804,0.9852872207577027,0.9905054529955708
44b6,quality__quality_tracklets__s20260908__r0.7,quality,quality_tracklets,20260908,0.7,preregistered_descriptive,0.9125211431134657,-0.003933780075004112,71,0.8643249384586252,0.08333333333333333,4,22,22,0.9655379868320598,0.9002540297051282,71,0.9085873630384615,18258,1298,1568,1387408,0.7006651078464545,0.01009024659997071,0.9643143143143144,0.30202229421217763,0.013887046924913219,0.0581226811655926,0.0012029248112943335,0.11921659192133377,1980130,19980,19267,0.9667252302614066,0.9667252302614066,100,0.8881690940041611,0.09803921568627451,0.9027172215448382,18783,1322,1043,0.7560720435896555,0.5297532999614353,0.8334933498200422,0.5843947010231888,19410,0.9610338169035005,0.9655379868320596,0.9818456883509834,0.8726582717919585,-0.025314743780829985,0.021875509597956144,-0.02433870143766559,-0.0014705882352946675,,0.9764695865079837,0.9722213356891782
44b6,quality__quality_tracklets__s20260908__r0.5,quality,quality_tracklets,20260908,0.5,preregistered_descriptive,0.9125211431134657,-0.06444897789244741,71,0.7942291291575855,0.07142857142857142,3,16,23,0.907156151204733,0.8409293080781611,71,0.8480721652210182,16763,1280,3063,991497,0.5007231848413993,0.01009024659997071,0.8748748748748749,0.5030905798025661,0.017629907100071913,0.07554944002558865,0.0025287442357275146,0.25061272890345965,1980130,19980,17480,0.8788265985199383,0.8788265985199383,256,0.8881690940041611,0.09803921568627451,0.9027172215448382,18783,1322,1043,0.7560720435896555,0.3785828016357576,0.8334933498200422,0.41765126984994005,17847,0.883646086052384,0.907156151204733,0.9682299546142209,0.8013719863004426,-0.09660102927234593,0.034824311577062284,-0.09661222504373906,-0.0026610644257706317,,0.9614823745695068,0.8930396503924224
44b6,quality__quality_tracklets__s20260908__r0.3,quality,quality_tracklets,20260908,0.3,preregistered_descriptive,0.9125211431134657,-0.18790200703495485,71,0.668782816229117,0.05128205128205128,2,13,24,0.791191960596127,0.7194909309503057,71,0.7246191360785108,14011,1124,5815,595463,0.3007191447026205,0.01009024659997071,0.7174174174174174,0.7035283014055047,0.02407202462621523,0.09174204798086234,0.004077514665981063,0.40410456033779185,1980130,19980,14334,0.7236330724591385,0.7235265931959751,421,0.8881690940041611,0.09803921568627451,0.9027172215448382,18783,1322,1043,0.7560720435896555,0.22736533828184363,0.8334933498200422,0.2508863578471692,14932,0.7393177204535327,0.7911919605961271,0.8502269288956127,0.6739110213573221,-0.22406199421546646,0.04474700724355324,-0.22797329783808556,-0.004675716440422528,,0.9416099271600387,0.7466223007958108
44b6,quality__quality_tracklets__s20260908__r0.1,quality,quality_tracklets,20260908,0.1,preregistered_descriptive,0.9125211431134657,-0.4410865230296412,71,0.4315953762863971,0.0,0,5,26,0.5136855006417855,0.4714346200838245,71,0.4714346200838245,8849,677,10977,200287,0.10114840944786453,0.01009024659997071,0.4442942942942943,0.9023493100017855,0.044321398792732426,0.11489691260504849,0.0062381906718738675,0.6182396644192993,1980130,19980,8877,0.45136559655007186,0.45131235691849014,372,0.8881690940041611,0.09803921568627451,0.9027172215448382,18783,1322,1043,0.7560720435896555,0.07647548463709015,0.8334933498200422,0.08468541865692887,9386,0.464722483537159,0.5136855006417853,0.5121028744326778,0.4315953762863971,-0.4663776392863914,0.04806918261770898,-0.47935178407872236,-0.00980392156862775,,0.9125709258239365,0.4714603392612646
44b6,quality__quality_tracklets_fork_protected__s20260908__r0.9,quality,quality_tracklets_fork_protected,20260908,0.9,preregistered_descriptive,0.9125211431134657,0.006014366541867711,71,0.8868450917344429,0.09803921568627451,5,25,21,0.9851124569785292,0.908731588086706,71,0.9185355096553334,18755,1322,1071,1783726,0.9008125729118795,0.01009024659997071,0.9980980980980981,0.10017906792847486,0.011179968223819128,0.032859109091321656,0.00019347874788700842,0.019174828481156255,1980130,19980,19942,0.9984560506841292,0.9984560506841292,1,0.8881690940041611,0.09803921568627451,0.9027172215448382,18783,1322,1043,0.7560720435896555,0.6810792028927403,0.8334933498200422,0.7510399211596424,19947,0.987621924048126,0.985112456978529,1.0,0.8966490133030703,-0.001324002269718183,0.007353121719352429,-0.0013387551774843853,-3.3306690738754696e-16,1.2225928812561164,0.9919136296203062,0.9985222685207602
44b6,quality__quality_tracklets_fork_protected__s20260908__r0.8,quality,quality_tracklets_fork_protected,20260908,0.8,preregistered_descriptive,0.9125211431134657,0.006436577231943463,71,0.8800548644941588,0.09803921568627451,5,25,21,0.9799666578950709,0.9091537987767817,71,0.9189577203454091,18607,1317,1219,1586481,0.8012004262346412,0.01009024659997071,0.9881381381381381,0.20070504808305487,0.012444523445285509,0.04729025990370215,0.0006020591948664928,0.059667441117667086,1980130,19980,19743,0.9889793962625779,0.9889793962625779,31,0.8881690940041611,0.09803921568627451,0.9027172215448382,18783,1322,1043,0.7560720435896555,0.6057652435881281,0.8334933498200422,0.6682167660770679,19786,0.9796504431351191,0.9799666578950708,0.9962178517397882,0.8898587860627862,-0.008114229510002291,0.014662136894089295,-0.008225559662145387,-4.440892098500626e-16,2.2779400239810688,0.9837020541502172,0.9907160714899151
44b6,quality__quality_tracklets_fork_protected__s20260908__r0.7,quality,quality_tracklets_fork_protected,20260908,0.7,preregistered_descriptive,0.9125211431134657,-0.002653277203363724,71,0.8642214860388073,0.09803921568627451,5,25,21,0.9662467230168235,0.9000639443414745,71,0.9098678659101019,18261,1304,1565,1389318,0.7016296909798851,0.01009024659997071,0.9647147147147147,0.30105196030916004,0.01387371357745311,0.05805203298387105,0.0011932729870077115,0.11826004203020919,1980130,19980,19275,0.9670446680508971,0.9670446680508971,97,0.8881690940041611,0.09803921568627451,0.9027172215448382,18783,1322,1043,0.7560720435896555,0.5304825943023402,0.8334933498200422,0.5854053805766785,19415,0.961281378422538,0.9662467230168235,0.9863842662632375,0.8740254076074347,-0.02394760796535378,0.021791980475619976,-0.02444525767898348,-2.220446049250313e-16,,0.9752471079516272,0.9723806500427526
44b6,quality__quality_tracklets_fork_protected__s20260908__r0.5,quality,quality_tracklets_fork_protected,20260908,0.5,preregistered_descriptive,0.9125211431134657,-0.061063225916388464,71,0.7946289016245914,0.10204081632653061,5,23,21,0.9087898224913175,0.8412538355644241,71,0.8514579171970772,16777,1287,3049,994073,0.5020241095281623,0.01009024659997071,0.8757257257257257,0.5017850674693263,0.017601323041667966,0.07545909962576154,0.0025181100078393035,0.24955881730845045,1980130,19980,17497,0.8795719533620827,0.8795719533620827,256,0.8881690940041611,0.09803921568627451,0.9027172215448382,18783,1322,1043,0.7560720435896555,0.3795663944222347,0.8334933498200422,0.4189389148280322,17863,0.884438282913304,0.9087898224913175,0.9735249621785174,0.8048329832572445,-0.09314003231554402,0.03472791164722816,-0.09619129762764195,0.00040016006402532334,,0.9586666360398957,0.8937900201872173
44b6,quality__quality_tracklets_fork_protected__s20260908__r0.3,quality,quality_tracklets_fork_protected,20260908,0.3,preregistered_descriptive,0.9125211431134657,-0.1861940108032215,71,0.6691478194484206,0.06521739130434782,3,20,23,0.7928319710420108,0.7198053931798094,71,0.7263271323102442,14024,1132,5802,598157,0.30207966143637033,0.01009024659997071,0.7183683683683684,0.7021636099278117,0.023995372452382903,0.0915343385964364,0.00407171485984169,0.4035297670379542,1980130,19980,14353,0.7244316669328649,0.7243251876697013,419,0.8881690940041611,0.09803921568627451,0.9027172215448382,18783,1322,1043,0.7560720435896555,0.22839398694906776,0.8334933498200422,0.2521949294842803,14946,0.7400108927068376,0.7928319710420109,0.8562783661119516,0.6756695585788554,-0.22230345699393317,0.044661386858359464,-0.22757321522338808,-0.0032821824381928932,,0.9406360499911368,0.7473237828042264
44b6,quality__quality_tracklets_fork_protected__s20260908__r0.1,quality,quality_tracklets_fork_protected,20260908,0.1,preregistered_descriptive,0.9125211431134657,-0.43549652838518826,71,0.4322756738314568,0.04878048780487805,2,15,24,0.5157115325218179,0.4721465659477896,71,0.4770246147282774,8869,691,10957,202119,0.1020736012282022,0.01009024659997071,0.44574574574574577,0.9014294824375686,0.044063150916044506,0.1146094247830148,0.006228307923854239,0.6172602286917666,1980130,19980,8906,0.4526965873396156,0.4526433477080339,367,0.8881690940041611,0.09803921568627451,0.9027172215448382,18783,1322,1043,0.7560720435896555,0.0771749962771624,0.8334933498200422,0.08553278442207433,9410,0.4659107788285389,0.5157115325218178,0.5226928895612708,0.43715372261194463,-0.4608192929608439,0.04804506070170944,-0.4786157162987579,-0.0049258727881398845,,0.9083846104191218,0.4725322949593955
44b6,hgb_all_leaf7__membership_nodes__s20260908__r0.9,hgb_all_leaf7,membership_nodes,20260908,0.9,preregistered_descriptive,0.9125211431134657,-0.09836132789387642,71,0.7846563565855253,0.10638297872340426,5,21,21,0.9414452312212351,0.8035215173472489,71,0.8141598152195892,16794,1577,3032,1782150,0.9000166655724624,0.01009024659997071,0.9255255255255255,0.10024334872331199,0.010376230956990152,0.008585291670294214,0.007515910698050308,0.7448688814079257,1980130,19980,18492,0.8882500133099079,0.8876643773625087,121,0.8881690940041611,0.09803921568627451,0.9027172215448382,18783,1322,1043,0.7560720435896555,0.6804774396041192,0.8334933498200422,0.7501634547552392,18920,0.9367727880378274,0.941445231221235,1.192889561270802,0.7952946544578657,-0.10267836111492279,0.007023071377111834,-0.10621877557470077,0.0008343763037125251,,1.0028732108136407,0.8934976513988792
44b6,hgb_all_leaf7__membership_nodes__s20260908__r0.8,hgb_all_leaf7,membership_nodes,20260908,0.8,preregistered_descriptive,0.9125211431134657,-0.1920123034446688,71,0.6871474523332246,0.1111111111111111,5,19,21,0.8807084894767995,0.7093977285576858,71,0.7205088396687969,14740,1625,5086,1584130,0.800013130451031,0.01009024659997071,0.836036036036036,0.2003540545366426,0.010544589143567762,0.009092483667761001,0.008272727272727272,0.8198736463736462,1980130,19980,16704,0.7695256348826066,0.7687802800404622,300,0.8881690940041611,0.09803921568627451,0.9027172215448382,18783,1322,1043,0.7560720435896555,0.6048675624386687,0.8334933498200422,0.6668090832503406,17537,0.8682972718720602,0.8807084894767994,1.2291981845688351,0.6982585634443357,-0.19971445212845285,0.013233972253339832,-0.20655346524049206,0.0013071895424834334,,0.9964635306987251,0.7842035701533007
44b6,hgb_all_leaf7__membership_nodes__s20260908__r0.7,hgb_all_leaf7,membership_nodes,20260908,0.7,preregistered_descriptive,0.9125211431134657,-0.2794223605621733,71,0.5984011286150952,0.10256410256410256,4,13,22,0.804806508957559,0.6228423722948822,71,0.6330987825512924,12725,1439,7101,1386126,0.7000176756071571,0.01009024659997071,0.7448948948948949,0.3004397622630921,0.010737119136355569,0.009887276773410525,0.008580750297977792,0.8504004548315698,1980130,19980,14883,0.6580950859820051,0.6575626896661875,374,0.8881690940041611,0.09803921568627451,0.9027172215448382,18783,1322,1043,0.7560720435896555,0.5292637945451838,0.8334933498200422,0.5834659912368062,15891,0.7868000198049215,0.8048065089575589,1.088502269288956,0.6086575388715054,-0.2893154767012831,0.018724130217592005,-0.2985989794675479,0.0004524886877825818,,0.98082181780231,0.6770711140001446
44b6,hgb_all_leaf7__membership_nodes__s20260908__r0.5,hgb_all_leaf7,membership_nodes,20260908,0.5,preregistered_descriptive,0.9125211431134657,-0.4625943851526191,71,0.4164866292188775,0.09375,3,6,23,0.62566526149147,0.44055175796084656,71,0.4499267579608466,8675,1003,11151,990081,0.5000080802775575,0.01009024659997071,0.5565065065065065,0.500567813687728,0.01123039428087197,0.011408260642513043,0.008950062067635036,0.887001321420729,1980130,19980,11119,0.44327317254964593,0.44306021402331897,353,0.8881690940041611,0.09803921568627451,0.9027172215448382,18783,1322,1043,0.7560720435896555,0.3780421310667934,0.8334933498200422,0.4167575610853458,12124,0.6002871713620834,0.62566526149147,0.7586989409984871,0.42586162921887755,-0.472111386353911,0.02735833100628779,-0.48952379459027906,-0.0004289215686277825,,0.9464510368313239,0.46167574459488275
44b6,hgb_all_leaf7__membership_nodes__s20260908__r0.3,hgb_all_leaf7,membership_nodes,20260908,0.3,preregistered_descriptive,0.9125211431134657,-0.6543449207553576,71,0.24026133516726433,0.0,0,2,26,0.4075653513990604,0.25817622235810805,71,0.25817622235810805,4891,531,14935,594067,0.30001414048572567,0.01009024659997071,0.34954954954954953,0.7004907787669311,0.011756249715941131,0.010913230961389063,0.009376197185842202,0.9292337003804664,1980130,19980,6984,0.24452962785497526,0.24436990896023,301,0.8881690940041611,0.09803921568627451,0.9027172215448382,18783,1322,1043,0.7560720435896555,0.2268323043028366,0.8334933498200422,0.2500646771177634,7789,0.3856513343565876,0.4075653513990604,0.4016641452344932,0.24026133516726433,-0.6577116804055242,0.03312281476687849,-0.6776638139536084,-0.009803921568627638,,0.920065047541591,0.26031059125660694
44b6,hgb_all_leaf7__membership_nodes__s20260908__r0.1,hgb_all_leaf7,membership_nodes,20260908,0.1,preregistered_descriptive,0.9125211431134657,-0.8362745044270005,71,0.06986067956299488,0.0,0,1,26,0.14800404020749364,0.0762466386864652,71,0.0762466386864652,1394,128,18432,198043,0.10001515052042037,0.01009024659997071,0.12287287287287288,0.9002178404713925,0.012396297773715809,0.007691933942885294,0.009833975557871192,0.9746021031735477,1980130,19980,2455,0.06910504179311079,0.06910504179311079,96,0.8881690940041611,0.09803921568627451,0.9027172215448382,18783,1322,1043,0.7560720435896555,0.07561865924390122,0.8334933498200422,0.08336721359933046,2808,0.1390305490914492,0.14800404020749358,0.09682299546142209,0.06986067956299488,-0.8281123360097936,0.03612028673940247,-0.8625908695977753,-0.009803921568627652,,0.888034534161141,0.07420063499708822
44b6,hgb_all_leaf7__membership_tracklets__s20260908__r0.9,hgb_all_leaf7,membership_tracklets,20260908,0.9,fixed_primary,0.9125211431134657,-0.034869954984375284,71,0.8451667688823891,0.11627906976744186,5,17,21,0.9578218830351594,0.8660232811523462,71,0.8776511881290904,17915,1371,1911,1783439,0.9006676329331913,0.01009024659997071,0.9357357357357358,0.09968981965665893,0.010483117168571508,0.011836892111302648,0.006528005856902451,0.6469619738452578,1980130,19980,18696,0.9378693499440984,0.9377628706809349,301,0.8881690940041611,0.09803921568627451,0.9027172215448382,18783,1322,1043,0.7560720435896555,0.6809696178268556,0.8334933498200422,0.7509992908836822,19100,0.9456850027231767,0.9578218830351594,1.0370650529500756,0.8567946758591333,-0.041178339713655254,0.007187010921050674,-0.043880951313542305,0.0018239854081163465,,0.992195531351345,0.9537916316148075
44b6,hgb_all_leaf7__membership_tracklets__s20260908__r0.8,hgb_all_leaf7,membership_tracklets,20260908,0.8,preregistered_descriptive,0.9125211431134657,-0.11626857460653006,71,0.7599005255255256,0.1111111111111111,4,10,22,0.8844040000500009,0.7851414573958245,71,0.7962525685069356,16195,1486,3631,1585335,0.8006216763545828,0.01009024659997071,0.8311311311311311,0.19968930949162053,0.01047475770105372,0.007709654089255561,0.008546207525424588,0.8469770724383878,1980130,19980,16606,0.8345844646755044,0.8338923494649417,532,0.8881690940041611,0.09803921568627451,0.9027172215448382,18783,1322,1043,0.7560720435896555,0.6053276669835852,0.8334933498200422,0.6675325192118193,17394,0.8612170124275883,0.8844040000500007,1.1240544629349472,0.7710116366366366,-0.1269613789361519,0.013706388723241314,-0.1312821528722548,0.0013071895424834334,,0.990073105116993,0.8623683041924862
44b6,hgb_all_leaf7__membership_tracklets__s20260908__r0.7,hgb_all_leaf7,membership_tracklets,20260908,0.7,preregistered_descriptive,0.9125211431134657,-0.16654601337597785,71,0.7107095802747977,0.05714285714285714,2,9,24,0.8342240609669156,0.7402608440232021,71,0.7459751297374878,15104,1426,4722,1387671,0.7007979274088065,0.01009024659997071,0.7694694694694695,0.2999020483126291,0.011078994949090959,0.015140882361348581,0.007774377636258374,0.7704844038480627,1980130,19980,15374,0.7734121279880743,0.7722940957248576,598,0.8881690940041611,0.09803921568627451,0.9027172215448382,18783,1322,1043,0.7560720435896555,0.5298537211193713,0.8334933498200422,0.5844850477089544,16243,0.8042283507451602,0.8342240609669154,1.0786686838124055,0.7164238659890834,-0.18154914958370516,0.019949258062581132,-0.18240563558421702,-0.004089635854341966,,0.9852409307785677,0.8042895540911107
44b6,hgb_all_leaf7__membership_tracklets__s20260908__r0.5,hgb_all_leaf7,membership_tracklets,20260908,0.5,preregistered_descriptive,0.9125211431134657,-0.2944681041526359,71,0.5780099738779387,0.06451612903225806,2,5,24,0.69186467795975,0.6116014260576039,71,0.6180530389608297,12170,1229,7656,991410,0.5006792483321802,0.01009024659997071,0.6079579579579579,0.5004142540111726,0.012252246800012105,0.021661923909415022,0.0079223642689538,0.7851507087028772,1980130,19980,12147,0.6126816802427727,0.6120428046637917,674,0.8881690940041611,0.09803921568627451,0.9027172215448382,18783,1322,1043,0.7560720435896555,0.3785495824694441,0.8334933498200422,0.41745104625288143,13121,0.6496509382581571,0.6918646779597499,0.9296520423600605,0.5844615867811646,-0.31351142879162397,0.030600579850232845,-0.32171637533746694,-0.0033523086654018153,,0.9598782357642562,0.6479225691419696
44b6,hgb_all_leaf7__membership_tracklets__s20260908__r0.3,hgb_all_leaf7,membership_tracklets,20260908,0.3,preregistered_descriptive,0.9125211431134657,-0.5034895658999494,71,0.3776992350150092,0.03333333333333333,1,4,25,0.4596920657328742,0.4056982438801829,71,0.40903157721351624,7801,828,12025,595660,0.3008186331200477,0.01009024659997071,0.38143143143143143,0.7000030609902304,0.012794211462915086,0.017746380780644343,0.008926881767029982,0.8847040236911451,1980130,19980,7621,0.38620028749401053,0.38577437044135654,555,0.8881690940041611,0.09803921568627451,0.9027172215448382,18783,1322,1043,0.7560720435896555,0.22744055869292126,0.8334933498200422,0.25097924840316443,8425,0.4171411595781552,0.4596920657328742,0.6263237518910741,0.38103256834834254,-0.516940447224446,0.03730419679924346,-0.5343231744638987,-0.006470588235294283,,0.9301460827326961,0.41505025502700293
44b6,hgb_all_leaf7__membership_tracklets__s20260908__r0.1,hgb_all_leaf7,membership_tracklets,20260908,0.1,preregistered_descriptive,0.9125211431134657,-0.7235075263474113,71,0.17324594071205124,0.0,0,2,26,0.1934059132558055,0.18901361676605427,71,0.18901361676605427,3489,313,16337,199995,0.10100094438243953,0.01009024659997071,0.16861861861861863,0.8996882891615438,0.01684542113552839,0.022655360761964824,0.00933131475983563,0.9247856003700363,1980130,19980,3369,0.17212372890379599,0.17212372890379599,256,0.8881690940041611,0.09803921568627451,0.9027172215448382,18783,1322,1043,0.7560720435896555,0.0763639904237162,0.8334933498200422,0.08480499829171106,3728,0.1845818685943457,0.19340591325580547,0.2367624810892587,0.17324594071205124,-0.7247270748607373,0.04024942794314687,-0.7539530327219306,-0.00980392156862761,,0.8963689611622673,0.18566796022724485
44b6,hgb_all_leaf7__membership_tracklets_fork_protected__s20260908__r0.9,hgb_all_leaf7,membership_tracklets_fork_protected,20260908,0.9,preregistered_descriptive,0.9125211431134657,-0.036632560256581126,71,0.8452650443312583,0.09803921568627451,5,25,21,0.958313260690331,0.8660846612882571,71,0.8758885828568845,17923,1378,1903,1784364,0.9011347739794862,0.01009024659997071,0.9364864864864865,0.0992255694717241,0.010486089161180118,0.01195767894961927,0.006482228783343379,0.6424252092473336,1980130,19980,18711,0.9386147047862429,0.9385082255230793,295,0.8881690940041611,0.09803921568627451,0.9027172215448382,18783,1322,1043,0.7560720435896555,0.6813228101123724,0.8334933498200422,0.7514707969651931,19111,0.9462296380650592,0.9583132606903307,1.0423600605143721,0.8550689658998857,-0.042904049672902844,0.007147473740096111,-0.04378003399667735,1.1102230246251565e-16,,0.9945775631709897,0.9542172801907279
44b6,hgb_all_leaf7__membership_tracklets_fork_protected__s20260908__r0.8,hgb_all_leaf7,membership_tracklets_fork_protected,20260908,0.8,preregistered_descriptive,0.9125211431134657,-0.11703778137635346,71,0.7602926005814499,0.1,5,24,21,0.8853191294821683,0.7854833617371122,71,0.7954833617371122,16214,1500,3612,1586938,0.8014312191623782,0.01009024659997071,0.8324824824824825,0.19888528939111802,0.010481190821569588,0.00785857405214975,0.00851238071985188,0.8436246463864014,1980130,19980,16633,0.8359154554650482,0.8352233402544854,526,0.8881690940041611,0.09803921568627451,0.9027172215448382,18783,1322,1043,0.7560720435896555,0.6059397396686483,0.8334933498200422,0.6683274008520302,17416,0.8623062831113532,0.8853191294821681,1.13464447806354,0.7702926005814499,-0.12768041499133864,0.013645259462582104,-0.13087911927030815,0.00019607843137259273,,0.9920204312591665,0.8633764972743537
44b6,hgb_all_leaf7__membership_tracklets_fork_protected__s20260908__r0.7,hgb_all_leaf7,membership_tracklets_fork_protected,20260908,0.7,preregistered_descriptive,0.9125211431134657,-0.16132570031239812,71,0.7112897916960549,0.10416666666666667,5,22,21,0.835319579969419,0.7407787761344009,71,0.7511954428010675,15127,1441,4699,1389986,0.7019670425679122,0.01009024659997071,0.7710710710710711,0.29873734152998493,0.011083564870437544,0.015253374982817777,0.007750650688645483,0.7681329303357147,1980130,19980,15406,0.7750093169355268,0.77389128467231,591,0.8881690940041611,0.09803921568627451,0.9027172215448382,18783,1322,1043,0.7560720435896555,0.5307376564069081,0.8334933498200422,0.5856352043480632,16269,0.8055156706441551,0.835319579969419,1.0900151285930408,0.7217064583627215,-0.176266557210067,0.019869164593995292,-0.1818076100044323,0.0006127450980388804,,0.9809292046022401,0.8055070722205785
44b6,hgb_all_leaf7__membership_tracklets_fork_protected__s20260908__r0.5,hgb_all_leaf7,membership_tracklets_fork_protected,20260908,0.5,preregistered_descriptive,0.9125211431134657,-0.28888144800132565,71,0.578735114105423,0.11363636363636363,5,18,21,0.6943813003591178,0.6122760587485037,71,0.62363969511214,12198,1251,7628,994415,0.5021968254609546,0.01009024659997071,0.6095595595595595,0.4988975333520394,0.0122474017387107,0.021679079537952742,0.007914052236194031,0.7843269396624067,1980130,19980,12179,0.6142256295586435,0.6135867539796624,673,0.8881690940041611,0.09803921568627451,0.9027172215448382,18783,1322,1043,0.7560720435896555,0.37969698011050146,0.8334933498200422,0.4189622774183968,13155,0.6513343565876121,0.6943813003591177,0.9462934947049925,0.5900987504690594,-0.30787426510372917,0.030509274973158695,-0.32095043776949295,0.0015597147950086043,,0.9558074569975971,0.6494070329654162
44b6,hgb_all_leaf7__membership_tracklets_fork_protected__s20260908__r0.3,hgb_all_leaf7,membership_tracklets_fork_protected,20260908,0.3,preregistered_descriptive,0.9125211431134657,-0.49269166967752076,71,0.3786647314949202,0.13157894736842105,5,12,21,0.46232508566741726,0.4066715786991028,71,0.4198294734359449,7827,844,11999,598679,0.3023432804916849,0.01009024659997071,0.38278278278278277,0.6984766471953677,0.012774792501490783,0.01768281535608327,0.008926845758553868,0.8847004550493128,1980130,19980,7648,0.3874780386519725,0.3870521215993185,557,0.8881690940041611,0.09803921568627451,0.9027172215448382,18783,1322,1043,0.7560720435896555,0.2285933019469486,0.8334933498200422,0.25252873554351307,8457,0.41872555329999506,0.46232508566741726,0.6384266263237519,0.3918226262317623,-0.5061503893410262,0.03724051664399,-0.5332861594897251,0.003353973168214397,,0.92093698470482,0.41642673094360705
44b6,hgb_all_leaf7__membership_tracklets_fork_protected__s20260908__r0.1,hgb_all_leaf7,membership_tracklets_fork_protected,20260908,0.1,preregistered_descriptive,0.9125211431134657,-0.7110917298757436,71,0.17416761772440828,0.11428571428571428,4,9,22,0.19536157921621353,0.19000084180915058,71,0.201429413237722,3510,327,16316,201791,0.10190795553827274,0.01009024659997071,0.16991991991991992,0.8987852970435936,0.016824338052737732,0.02269728641843006,0.009326118361009909,0.924270608117445,1980130,19980,3395,0.17329500079859447,0.17329500079859447,255,0.8881690940041611,0.09803921568627451,0.9027172215448382,18783,1322,1043,0.7560720435896555,0.07704975620186562,0.8334933498200422,0.0857327478786231,3755,0.1859187007971481,0.19536157921621353,0.24735249621785174,0.1855961891529797,-0.7123768264198088,0.040241587774279525,-0.752957967509967,0.0016246498599437886,,0.8858308022139109,0.18678280501903258
44b6,image_only_seed20260908__membership_nodes__s20260908__r0.9,image_only_seed20260908,membership_nodes,20260908,0.9,preregistered_descriptive,0.9125211431134657,-0.09595417213230628,71,0.7885030502111685,0.08695652173913043,4,20,22,0.9278898325514429,0.8078713188072464,71,0.8165669709811594,16803,1484,3023,1782150,0.9000166655724624,0.01009024659997071,0.9117117117117117,0.10010254317271637,0.010221361838229106,0.003936098374751036,0.008909990908172542,0.8830300448948797,1980130,19980,18216,0.8872916999414364,0.8869722621519459,143,0.8881690940041611,0.09803921568627451,0.9027172215448382,18783,1322,1043,0.7560720435896555,0.6804774396041192,0.8334933498200422,0.7501634547552392,18596,0.9207308016041986,0.9278898325514428,1.1225416036308624,0.7971987023850815,-0.10077431318770702,0.0070164882914142135,-0.10186239102900585,-0.001108269394714645,,1.000666332384788,0.8944311017266662
44b6,image_only_seed20260908__membership_nodes__s20260908__r0.8,image_only_seed20260908,membership_nodes,20260908,0.8,preregistered_descriptive,0.9125211431134657,-0.19319336616678118,71,0.6919068632053328,0.047619047619047616,2,16,24,0.8487026409905953,0.7145658721847797,71,0.7193277769466845,14739,1476,5087,1584130,0.800013130451031,0.01009024659997071,0.8074574574574575,0.20006275029972195,0.01018413892799202,0.0018790106079499722,0.009714646464646464,0.9627759211231433,1980130,19980,16133,0.7683543629878081,0.7678752063035724,316,0.8881690940041611,0.09803921568627451,0.9027172215448382,18783,1322,1043,0.7560720435896555,0.6048675624386687,0.8334933498200422,0.6668090832503406,16869,0.8352230529286527,0.8487026409905952,1.1164901664145235,0.6966687679672375,-0.201304247605551,0.013242366310906084,-0.20139371567096426,-0.005042016806723004,,0.996512008409889,0.7844298822285783
44b6,image_only_seed20260908__membership_nodes__s20260908__r0.7,image_only_seed20260908,membership_nodes,20260908,0.7,preregistered_descriptive,0.9125211431134657,-0.27979709890700066,71,0.602751382782584,0.05263157894736842,2,12,24,0.7592328956259665,0.6274608863117281,71,0.632724044206465,12750,1327,7076,1386126,0.7000176756071571,0.01009024659997071,0.7056056056056056,0.30003928270795605,0.010170792554212243,0.0012311237496882982,0.009902290220267876,0.9813724691621136,1980130,19980,14098,0.6590533993504765,0.6582548048767503,386,0.8881690940041611,0.09803921568627451,0.9027172215448382,18783,1322,1043,0.7560720435896555,0.5292637945451838,0.8334933498200422,0.5834659912368062,14969,0.74114967569441,0.7592328956259664,1.0037821482602118,0.6080145406773209,-0.28995847489546767,0.018759789219869816,-0.2940161244529796,-0.004540763673890891,,0.9810553654578841,0.6784992572787034
44b6,image_only_seed20260908__membership_nodes__s20260908__r0.5,image_only_seed20260908,membership_nodes,20260908,0.5,preregistered_descriptive,0.9125211431134657,-0.45669282220830754,71,0.42555759389784686,0.05714285714285714,2,9,24,0.5503285447843524,0.4501140351908724,71,0.4558283209051581,8815,888,11011,990081,0.5000080802775575,0.01009024659997071,0.49309309309309307,0.49992143458408794,0.00995070100325125,-0.0013962862579628228,0.010229796707031672,1.0138301978726039,1980130,19980,9852,0.44875685460256615,0.44875685460256615,386,0.8881690940041611,0.09803921568627451,0.9027172215448382,18783,1322,1043,0.7560720435896555,0.3780421310667934,0.8334933498200422,0.4167575610853458,10689,0.5292370153983265,0.5503285447843526,0.6717095310136157,0.4312718796121326,-0.46670113596065593,0.027566140148580498,-0.4801693265025461,-0.004089635854341911,,0.9450406013743613,0.4690922163114722
44b6,image_only_seed20260908__membership_nodes__s20260908__r0.3,image_only_seed20260908,membership_nodes,20260908,0.3,preregistered_descriptive,0.9125211431134657,-0.6466984379067067,71,0.24406813035345082,0.037037037037037035,1,1,25,0.32517566015098803,0.2621190015030552,71,0.26582270520675894,4958,488,14868,594067,0.30001414048572567,0.01009024659997071,0.2841841841841842,0.6998245032267939,0.00955784448555466,-0.0034875248330912397,0.010318434299162448,1.022614680120147,1980130,19980,5678,0.25081190438162165,0.25081190438162165,247,0.8881690940041611,0.09803921568627451,0.9027172215448382,18783,1322,1043,0.7560720435896555,0.2268323043028366,0.8334933498200422,0.2500646771177634,6236,0.3087587265435461,0.325175660150988,0.3691376701966717,0.24777183405715453,-0.650201181515634,0.03340817273917948,-0.6740063927809623,-0.006100217864923929,,0.9143951636557898,0.26372771569209824
44b6,image_only_seed20260908__membership_nodes__s20260908__r0.1,image_only_seed20260908,membership_nodes,20260908,0.1,preregistered_descriptive,0.9125211431134657,-0.8386479975649949,71,0.06772269286681036,0.0,0,0,26,0.09057953333444561,0.07387314554847077,71,0.07387314554847077,1351,123,18475,198043,0.10001515052042037,0.01009024659997071,0.08323323323323323,0.8998137897609877,0.008397166271971238,-0.005647343038715237,0.010278398304908795,1.0186468886636162,1980130,19980,1663,0.0679337698983123,0.0679337698983123,75,0.8881690940041611,0.09803921568627451,0.9027172215448382,18783,1322,1043,0.7560720435896555,0.07561865924390122,0.8334933498200422,0.08336721359933046,1826,0.090409466752488,0.09057953333444563,0.09304084720121028,0.06772269286681036,-0.8302503227059782,0.03621770105984098,-0.8650617770562082,-0.009803921568627638,,0.8878120137306104,0.07187281807655302
44b6,image_only_seed20260908__membership_tracklets__s20260908__r0.9,image_only_seed20260908,membership_tracklets,20260908,0.9,preregistered_descriptive,0.9125211431134657,-0.04606959677831457,71,0.8342150009446438,0.11627906976744186,5,17,21,0.9313252180625976,0.8548236393584069,71,0.8664515463351511,17662,1346,2164,1783421,0.900658542620939,0.01009024659997071,0.925975975975976,0.0995995204448639,0.010373882554932346,0.008545301968050638,0.007518720546594208,0.745147353149529,1980130,19980,18501,0.927540861417239,0.9274876217856572,241,0.8881690940041611,0.09803921568627451,0.9027172215448382,18783,1322,1043,0.7560720435896555,0.6809627448958941,0.8334933498200422,0.7508407744145991,18833,0.9324652176065752,0.9313252180625976,1.0181543116490166,0.845842907921388,-0.05213010765140047,0.007131501348340341,-0.055025083534771146,0.0018239854081162354,,0.9910349005449661,0.9403556675016241
44b6,image_only_seed20260908__membership_tracklets__s20260908__r0.8,image_only_seed20260908,membership_tracklets,20260908,0.8,preregistered_descriptive,0.9125211431134657,-0.11069165881722609,71,0.7656213157274228,0.1111111111111111,4,10,22,0.8649655119396703,0.7907183731851285,71,0.8018294842962396,16235,1379,3591,1585244,0.8005757197759743,0.01009024659997071,0.8368868868868868,0.19979440348952887,0.010547903035747179,0.009174936619492289,0.00825301479414312,0.8179200292455764,1980130,19980,16721,0.8403875845179152,0.8402278656231699,453,0.8881690940041611,0.09803921568627451,0.9027172215448382,18783,1322,1043,0.7560720435896555,0.6052929204992803,0.8334933498200422,0.6674592387088415,17383,0.8606723770857058,0.8649655119396702,1.0431164901664145,0.7767324268385338,-0.1212405887342547,0.01379770105398015,-0.12579654941368967,0.0013071895424834334,,0.9850977511385733,0.8641293790333439
44b6,image_only_seed20260908__membership_tracklets__s20260908__r0.7,image_only_seed20260908,membership_tracklets,20260908,0.7,preregistered_descriptive,0.9125211431134657,-0.2069212077231607,71,0.6691558748463938,0.09090909090909091,3,7,23,0.7747552934086684,0.6965090262993959,71,0.705599935390305,14158,1332,5668,1387704,0.7008145929812689,0.01009024659997071,0.7237737737737737,0.2994194321863123,0.010420810201599188,0.005062181412222432,0.009315931441226414,0.923261027263046,1980130,19980,14461,0.7272001277751158,0.726933929617207,504,0.8881690940041611,0.09803921568627451,0.9027172215448382,18783,1322,1043,0.7560720435896555,0.5298663214928006,0.8334933498200422,0.5842967565737885,15235,0.7543199485072041,0.7747552934086684,1.0075642965204237,0.6782467839373029,-0.21972623163548566,0.01954284992797589,-0.22575104517341776,-0.0007130124777188218,,0.9772188321598708,0.7533971209249021
44b6,image_only_seed20260908__membership_tracklets__s20260908__r0.5,image_only_seed20260908,membership_tracklets,20260908,0.5,preregistered_descriptive,0.9125211431134657,-0.39522557297916927,71,0.483076181292189,0.06451612903225806,2,5,24,0.5396248778002778,0.5108439572310706,71,0.5172955701342964,10019,914,9807,991624,0.5007873220445123,0.01009024659997071,0.501951951951952,0.4992245491416473,0.010113712455527498,0.00023516439117146637,0.010066706727121535,0.9976670666454036,1980130,19980,10029,0.5079593249214716,0.5077996060267262,481,0.8881690940041611,0.09803921568627451,0.9027172215448382,18783,1322,1043,0.7560720435896555,0.3786312939819853,0.8334933498200422,0.4176985521742121,10769,0.5331979997029261,0.5396248778002779,0.6913767019667171,0.4895277941954148,-0.4084452213773737,0.028754811798711255,-0.4206280761124787,-0.0033523086654018153,,0.9455298700790252,0.5330917820393675
44b6,image_only_seed20260908__membership_tracklets__s20260908__r0.3,image_only_seed20260908,membership_tracklets,20260908,0.3,preregistered_descriptive,0.9125211431134657,-0.5835175382905531,71,0.29948989601726506,0.07407407407407407,2,1,24,0.34203724750173475,0.3215961974155051,71,0.3290036048229125,6106,562,13720,595712,0.3008448940221097,0.01009024659997071,0.30395395395395397,0.6991867969288065,0.01019452352814783,0.0006844222079413693,0.0100453764686677,0.9955531184636123,1980130,19980,6073,0.3091093009636373,0.3091093009636373,300,0.8881690940041611,0.09803921568627451,0.9027172215448382,18783,1322,1043,0.7560720435896555,0.2274604138268098,0.8334933498200422,0.25108529251746164,6558,0.3247016883695598,0.34203724750173475,0.42511346444780634,0.3068973034246725,-0.591075712148116,0.03504092381201751,-0.6161619479413504,-0.00239651416122022,,0.9140618994928086,0.32477557182354594
44b6,image_only_seed20260908__membership_tracklets__s20260908__r0.1,image_only_seed20260908,membership_tracklets,20260908,0.1,preregistered_descriptive,0.9125211431134657,-0.8111961735329103,71,0.09289426344193484,0.0,0,0,26,0.08900805753387149,0.10132496958055533,71,0.10132496958055533,1859,186,17967,199745,0.10087469004560307,0.01009024659997071,0.09064064064064065,0.8990209932913298,0.009066559863826379,-0.00343083142622192,0.010205096088767317,1.011382228140682,1980130,19980,1811,0.09199808337326305,0.09199808337326305,131,0.8881690940041611,0.09803921568627451,0.9027172215448382,18783,1322,1043,0.7560720435896555,0.07626853304925219,0.8334933498200422,0.08427880831780128,2011,0.09956924295687479,0.08900805753387149,0.14069591527987896,0.09289426344193484,-0.8050787521308537,0.037195372945660374,-0.8385876249099431,-0.009803921568627638,,0.8906776677801772,0.09889950306903159
44b6,image_only_seed20260908__membership_tracklets_fork_protected__s20260908__r0.9,image_only_seed20260908,membership_tracklets_fork_protected,20260908,0.9,preregistered_descriptive,0.9125211431134657,-0.047539524980056425,71,0.8344192634560906,0.1,5,24,21,0.9316855510399904,0.8549816181334092,71,0.8649816181334092,17673,1354,2153,1784586,0.901246887830597,0.01009024659997071,0.9266266266266266,0.09901181032063873,0.01037439495771008,0.008589006907181961,0.00749703391564047,0.7429980864553135,1980130,19980,18514,0.92817973699622,0.9281264973646383,240,0.8881690940041611,0.09803921568627451,0.9027172215448382,18783,1322,1043,0.7560720435896555,0.6814075762608964,0.8334933498200422,0.7513667296603389,18845,0.9330593652522652,0.9316855510399906,1.0242057488653555,0.8444192634560906,-0.053553752116697884,0.007082064700162705,-0.05481766811159117,0.00019607843137203762,,0.9932574920941563,0.9409385079713636
44b6,image_only_seed20260908__membership_tracklets_fork_protected__s20260908__r0.8,image_only_seed20260908,membership_tracklets_fork_protected,20260908,0.8,preregistered_descriptive,0.9125211431134657,-0.11130227283307803,71,0.7659754948162111,0.10204081632653061,5,23,21,0.8662986293372023,0.7910147886477346,71,0.8012188702803876,16254,1394,3572,1587014,0.8014696004807765,0.01009024659997071,0.8382382382382383,0.19890518582761524,0.010553152020083,0.009306225955772273,0.008221491875171705,0.8147959312704579,1980130,19980,16748,0.8416653356758771,0.8415056167811319,448,0.8881690940041611,0.09803921568627451,0.9027172215448382,18783,1322,1043,0.7560720435896555,0.6059687587104854,0.8334933498200422,0.6682957181637152,17405,0.8617616477694707,0.8662986293372021,1.05446293494705,0.7761795764488642,-0.12179343912392437,0.01372747927309298,-0.12542991217019656,0.0004001600640255454,,0.9868707081486542,0.8651386058773394
44b6,image_only_seed20260908__membership_tracklets_fork_protected__s20260908__r0.7,image_only_seed20260908,membership_tracklets_fork_protected,20260908,0.7,preregistered_descriptive,0.9125211431134657,-0.20477367908169952,71,0.669579181032447,0.10869565217391304,5,20,21,0.7763630201304346,0.6968778988143748,71,0.7077474640317661,14177,1347,5649,1389840,0.7018933100351997,0.01009024659997071,0.7252752752752752,0.2983450246154631,0.010426380014965752,0.005160748396990858,0.009298819224449,0.9215651106560658,1980130,19980,14491,0.728637597827823,0.7283713996699143,496,0.8881690940041611,0.09803921568627451,0.9027172215448382,18783,1322,1043,0.7560720435896555,0.5306819093002211,0.8334933498200422,0.5853266067637292,15258,0.7554587314947765,0.7763630201304346,1.018910741301059,0.6804487462498383,-0.21752426932295021,0.01947173688743986,-0.2253110596179031,0.0010656436487637144,,0.9760796276854413,0.7544026281239974
44b6,image_only_seed20260908__membership_tracklets_fork_protected__s20260908__r0.5,image_only_seed20260908,membership_tracklets_fork_protected,20260908,0.5,preregistered_descriptive,0.9125211431134657,-0.3882080314498634,71,0.48342328450269856,0.13157894736842105,5,12,21,0.5408569418982073,0.5111552169267601,71,0.5243131116636023,10032,926,9794,993823,0.5018978551913258,0.01009024659997071,0.5029029029029028,0.4981123893579573,0.010110452263632459,0.00020294244659807505,0.010069886962173036,0.9979822457661508,1980130,19980,10048,0.508704679763616,0.5085449608688708,480,0.8881690940041611,0.09803921568627451,0.9027172215448382,18783,1322,1043,0.7560720435896555,0.3794709370477707,0.8334933498200422,0.41878313846629595,10785,0.5339901965638462,0.5408569418982075,0.7004538577912254,0.49658117923954065,-0.4013918363332479,0.02869245672537135,-0.420254461343449,0.003353973168214286,,0.9391675498823295,0.533778085281113
44b6,image_only_seed20260908__membership_tracklets_fork_protected__s20260908__r0.3,image_only_seed20260908,membership_tracklets_fork_protected,20260908,0.3,preregistered_descriptive,0.9125211431134657,-0.581873864714929,71,0.299965684592382,0.08571428571428572,3,9,23,0.3434398393332917,0.32207584982710813,71,0.3306472783985367,6119,573,13707,597311,0.30165241676051574,0.01009024659997071,0.3049049049049049,0.6983807361681504,0.010199042040076276,0.0007154504956089958,0.010043252226068632,0.9953425941143783,1980130,19980,6092,0.30996113506894535,0.30996113506894535,297,0.8881690940041611,0.09803921568627451,0.9027172215448382,18783,1322,1043,0.7560720435896555,0.22807095919388157,0.8334933498200422,0.2519374358495159,6574,0.3254938852304798,0.3434398393332917,0.43343419062027233,0.30853711316381055,-0.5894359024089779,0.03501024133764474,-0.6156516130553746,-0.0012324929971991305,,0.9134458327845214,0.3254593016981632
44b6,image_only_seed20260908__membership_tracklets_fork_protected__s20260908__r0.1,image_only_seed20260908,membership_tracklets_fork_protected,20260908,0.1,preregistered_descriptive,0.9125211431134657,-0.8039565715098871,71,0.0938061938061938,0.0625,2,6,24,0.09138541185672096,0.10231457160357861,71,0.10856457160357862,1878,194,17948,200585,0.1012989046173736,0.01009024659997071,0.09174174174174174,0.8986036782899268,0.009138270558616048,-0.003197952919979417,0.01019755049745862,1.0106344177443813,1980130,19980,1833,0.0930096363733163,0.0930096363733163,131,0.8881690940041611,0.09803921568627451,0.9027172215448382,18783,1322,1043,0.7560720435896555,0.07658926982745125,0.8334933498200422,0.08474839819900452,2032,0.1006090013368322,0.09138541185672093,0.14674735249621784,0.10005619380619381,-0.7979168217665947,0.0372179811274463,-0.8376206310687058,-0.0035539215686276326,,0.8849646747042099,0.09990915220537401
44b6,image_plus_tabular_seed20260908__membership_nodes__s20260908__r0.9,image_plus_tabular_seed20260908,membership_nodes,20260908,0.9,preregistered_descriptive,0.9125211431134657,-0.056833657729679965,71,0.8348636879969709,0.0,0,0,26,0.957463974308002,0.8556874853837857,71,0.8556874853837857,17639,1302,2187,1782150,0.9000166655724624,0.01009024659997071,0.9464464464464465,0.10045659770935898,0.010610779115113766,0.015626461226587868,0.005404586321850692,0.5356248004747853,1980130,19980,18910,0.9322791886280147,0.932225948996433,129,0.8881690940041611,0.09803921568627451,0.9027172215448382,18783,1322,1043,0.7560720435896555,0.6804774396041192,0.8334933498200422,0.7501634547552392,19209,0.9510818438381938,0.957463974308002,0.9848714069591528,0.8348636879969709,-0.06310932757581766,0.007193152237602252,-0.054222888398654356,-0.00980392156862786,,1.00166517920419,0.9392794510659974
44b6,image_plus_tabular_seed20260908__membership_nodes__s20260908__r0.8,image_plus_tabular_seed20260908,membership_nodes,20260908,0.8,preregistered_descriptive,0.9125211431134657,-0.12392036712990229,71,0.763041933191187,0.0,0,0,26,0.9077646881069388,0.7886007759835634,71,0.7886007759835634,16104,1279,3722,1584130,0.800013130451031,0.01009024659997071,0.8732232232232232,0.20073310716016632,0.011013616306742502,0.018478841782366247,0.006396464646464647,0.6339255025227247,1980130,19980,17447,0.8454985891497631,0.8454985891497631,223,0.8881690940041611,0.09803921568627451,0.9027172215448382,18783,1322,1043,0.7560720435896555,0.6048675624386687,0.8334933498200422,0.6668090832503406,17942,0.8883497549140962,0.9077646881069388,0.9674735249621785,0.763041933191187,-0.13493108238160156,0.013769037879478918,-0.12788548344075357,-0.009803921568627638,,0.992475445955072,0.8576972848589477
44b6,image_plus_tabular_seed20260908__membership_nodes__s20260908__r0.7,image_plus_tabular_seed20260908,membership_nodes,20260908,0.7,preregistered_descriptive,0.9125211431134657,-0.18832761370596574,71,0.6950465868035748,0.0,0,0,26,0.8525363228654738,0.7241935294074999,71,0.7241935294074999,14621,1210,5205,1386126,0.7000176756071571,0.01009024659997071,0.7968468468468468,0.3009693135729408,0.011485968808030439,0.02133324726847253,0.006833287317930519,0.6772170779206086,1980130,19980,15921,0.7628174413033062,0.7627109620401427,295,0.8881690940041611,0.09803921568627451,0.9027172215448382,18783,1322,1043,0.7560720435896555,0.5292637945451838,0.8334933498200422,0.5834659912368062,16544,0.8191315541912165,0.8525363228654738,0.9152798789712556,0.6950465868035748,-0.20292642876921374,0.019786592991295038,-0.1983102851286329,-0.00980392156862786,,0.9812888102639568,0.7787688123570176
44b6,image_plus_tabular_seed20260908__membership_nodes__s20260908__r0.5,image_plus_tabular_seed20260908,membership_nodes,20260908,0.5,preregistered_descriptive,0.9125211431134657,-0.339601635537502,71,0.5411759050045671,0.0,0,0,26,0.709633903213427,0.5729195075759637,71,0.5729195075759637,11257,975,8569,990081,0.5000080802775575,0.01009024659997071,0.6266266266266266,0.5012825549065123,0.012645430020372071,0.025567037444065282,0.007534980591869696,0.7467588147837307,1980130,19980,12520,0.5828142469254113,0.5816962146621946,331,0.8881690940041611,0.09803921568627451,0.9027172215448382,18783,1322,1043,0.7560720435896555,0.3780421310667934,0.8334933498200422,0.4167575610853458,13234,0.6552458285884042,0.709633903213427,0.737518910741301,0.5411759050045671,-0.3567971105682214,0.02975341801405068,-0.3595511319829248,-0.00980392156862786,,0.9549900563418373,0.5995832939854143
44b6,image_plus_tabular_seed20260908__membership_nodes__s20260908__r0.3,image_plus_tabular_seed20260908,membership_nodes,20260908,0.3,preregistered_descriptive,0.9125211431134657,-0.5395655545015654,71,0.3468640093786635,0.0,0,0,26,0.48938580355493094,0.37295558861190026,71,0.37295558861190026,7101,646,12725,594067,0.30001414048572567,0.01009024659997071,0.4120620620620621,0.7011279748998801,0.013858706172872756,0.02468546984906586,0.008475083744389685,0.8399283070459633,1980130,19980,8233,0.365915987861364,0.3653835915455465,238,0.8881690940041611,0.09803921568627451,0.9027172215448382,18783,1322,1043,0.7560720435896555,0.2268323043028366,0.8334933498200422,0.2500646771177634,8809,0.4361538842402337,0.48938580355493094,0.4886535552193646,0.3468640093786635,-0.5511090061941251,0.03602004805867157,-0.5657816809916093,-0.009803921568627694,,0.9252626444599622,0.37816315467252704
44b6,image_plus_tabular_seed20260908__membership_nodes__s20260908__r0.1,image_plus_tabular_seed20260908,membership_nodes,20260908,0.1,preregistered_descriptive,0.9125211431134657,-0.782294738631703,71,0.11930824211525966,0.0,0,0,26,0.1774038200284757,0.13022640448176273,71,0.13022640448176273,2387,181,17439,198043,0.10001515052042037,0.01009024659997071,0.15125125125125125,0.9005071040481596,0.015259312371555672,0.017241643600167493,0.009515809273060182,0.943070040834067,1980130,19980,3022,0.12223819411169674,0.12223819411169674,91,0.8881690940041611,0.09803921568627451,0.9027172215448382,18783,1322,1043,0.7560720435896555,0.07561865924390122,0.8334933498200422,0.08336721359933046,3233,0.1600732782096351,0.1774038200284757,0.13691376701966718,0.11930824211525966,-0.7786647734575288,0.037976242125843086,-0.8104670591889184,-0.009803921568627666,,0.8903932507247644,0.12706852053979953
44b6,image_plus_tabular_seed20260908__membership_tracklets__s20260908__r0.9,image_plus_tabular_seed20260908,membership_tracklets,20260908,0.9,preregistered_descriptive,0.9125211431134657,-0.02218623889408433,71,0.8581489884666289,0.10869565217391304,5,20,21,0.958547725827967,0.87946533900199,71,0.8903349042193813,18155,1330,1671,1783075,0.9004838066187574,0.01009024659997071,0.9554054054054054,0.1000760145907201,0.010705662969869467,0.01852300433492776,0.004521580269467915,0.4481139508999751,1980130,19980,19089,0.9582068892083266,0.9580471703135814,160,0.8881690940041611,0.09803921568627451,0.9027172215448382,18783,1322,1043,0.7560720435896555,0.680830631889636,0.8334933498200422,0.7506040623305718,19308,0.9559835619151359,0.958547725827967,1.006051437216339,0.8690185536840203,-0.028954461888768268,0.007250028802641695,-0.03050191134548963,0.0010656436487636034,,0.9910927408866375,0.9667056928798983
44b6,image_plus_tabular_seed20260908__membership_tracklets__s20260908__r0.8,image_plus_tabular_seed20260908,membership_tracklets,20260908,0.8,preregistered_descriptive,0.9125211431134657,-0.07307550910938465,71,0.799811187160727,0.1282051282051282,5,13,21,0.9230389935380342,0.8266251211835682,71,0.839445634004081,16944,1359,2882,1585280,0.8005939004004787,0.01009024659997071,0.8798798798798799,0.20021426931612377,0.011089523617278966,0.02003429786039034,0.006078257566164366,0.6023893971215739,1980130,19980,17580,0.8840440824149497,0.8838843635202044,342,0.8881690940041611,0.09803921568627451,0.9027172215448382,18783,1322,1043,0.7560720435896555,0.6053066663612031,0.8334933498200422,0.6674858101085535,18071,0.8947368421052632,0.9230389935380343,1.0279878971255674,0.8126316999812397,-0.08534131559154878,0.014015769804553324,-0.09010787016582311,0.0030165912518851368,,0.9822965053658563,0.9025123918406648
44b6,image_plus_tabular_seed20260908__membership_tracklets__s20260908__r0.7,image_plus_tabular_seed20260908,membership_tracklets,20260908,0.7,preregistered_descriptive,0.9125211431134657,-0.13512196484992056,71,0.7355692017005196,0.10810810810810811,4,11,22,0.8749945472165906,0.7665883674527343,71,0.7773991782635451,15572,1344,4254,1387551,0.700737325327125,0.01009024659997071,0.7977977977977978,0.30025202152896463,0.011487866031590912,0.021398906807527717,0.006817656379993216,0.6756679643501484,1980130,19980,15940,0.8022680083053825,0.802161529042219,505,0.8881690940041611,0.09803921568627451,0.9027172215448382,18783,1322,1043,0.7560720435896555,0.5298079015796286,0.8334933498200422,0.5842202345689637,16644,0.8240827845719662,0.8749945472165905,1.0166414523449319,0.7463800125113305,-0.15159300306145806,0.020184460521585568,-0.1563133146136893,0.0010068892421831732,,0.9759066367683252,0.8296663004360656
44b6,image_plus_tabular_seed20260908__membership_tracklets__s20260908__r0.5,image_plus_tabular_seed20260908,membership_tracklets,20260908,0.5,preregistered_descriptive,0.9125211431134657,-0.2656110310952865,71,0.6027944111776448,0.08823529411764706,3,8,23,0.7521049847705588,0.6380865826064145,71,0.6469101120181792,12684,1216,7142,991830,0.5008913556180655,0.01009024659997071,0.6404904904904904,0.5005315919700023,0.012902412711855863,0.028188145278605265,0.007268036021450977,0.7203031114692554,1980130,19980,12797,0.6461161688761113,0.6454772932971304,560,0.8881690940041611,0.09803921568627451,0.9027172215448382,18783,1322,1043,0.7560720435896555,0.37870995085854364,0.8334933498200422,0.4177585773034375,13607,0.6737139179086002,0.7521049847705588,0.9198184568835098,0.6116179405894094,-0.2863550749833791,0.030953194119181127,-0.2955838330576048,-0.0009803921568628526,,0.9568004063641409,0.6755816240706026
44b6,image_plus_tabular_seed20260908__membership_tracklets__s20260908__r0.3,image_plus_tabular_seed20260908,membership_tracklets,20260908,0.3,preregistered_descriptive,0.9125211431134657,-0.452416815265997,71,0.42479635376260666,0.03333333333333333,1,4,25,0.529149793330821,0.45677099451413533,71,0.4601043278474687,8761,798,11065,595965,0.30097266341098816,0.01009024659997071,0.4354854854854855,0.7003984388949825,0.014599850662371112,0.029607801951606297,0.008148595001318485,0.8075714424404791,1980130,19980,8701,0.4417292232337752,0.4417292232337752,464,0.8881690940041611,0.09803921568627451,0.9027172215448382,18783,1322,1043,0.7560720435896555,0.22755701668976736,0.8334933498200422,0.25125364719781423,9362,0.4635341882457791,0.529149793330821,0.6036308623298033,0.42812968709594,-0.4698433284768485,0.03812834516101005,-0.4840745721917127,-0.006470588235294394,,0.9288207778829475,0.46663449055876005
44b6,image_plus_tabular_seed20260908__membership_tracklets__s20260908__r0.1,image_plus_tabular_seed20260908,membership_tracklets,20260908,0.1,preregistered_descriptive,0.9125211431134657,-0.7583932334021627,71,0.13793959864891714,0.03571428571428571,1,2,25,0.16217680514923125,0.15055648113987444,71,0.154127909711303,2777,306,17049,199440,0.10072065975466257,0.01009024659997071,0.13423423423423422,0.8996209473764762,0.013447653429602888,0.011242612720962043,0.009714211906620467,0.962732853986806,1980130,19980,2682,0.13613373795453335,0.13613373795453335,220,0.8881690940041611,0.09803921568627451,0.9027172215448382,18783,1322,1043,0.7560720435896555,0.07615207505240609,0.8334933498200422,0.08418561081346305,2999,0.148487399118681,0.16217680514923122,0.2314674735249622,0.1415110272203457,-0.7564619883524428,0.03861231626742678,-0.7907730566723904,-0.0062324929971990795,,0.8925138539558988,0.14783408044513272
44b6,image_plus_tabular_seed20260908__membership_tracklets_fork_protected__s20260908__r0.9,image_plus_tabular_seed20260908,membership_tracklets_fork_protected,20260908,0.9,preregistered_descriptive,0.9125211431134657,-0.023256202716238406,71,0.8581892070692752,0.09803921568627451,5,25,21,0.9587280791780441,0.8794610188285998,71,0.8892649403972273,18161,1336,1665,1784144,0.9010236701630701,0.01009024659997071,0.9557557557557558,0.09953421931995,0.010703171941278282,0.018503816505130857,0.0045105262620799445,0.44701843680342146,1980130,19980,19096,0.9585795666293989,0.9584198477346537,159,0.8881690940041611,0.09803921568627451,0.9027172215448382,18783,1322,1043,0.7560720435896555,0.6812388076228441,0.8334933498200422,0.7511303589142087,19314,0.9562806357379808,0.9587280791780439,1.0105900151285931,0.8679931286379026,-0.029979886934885958,0.007207571761513709,-0.030463774477751893,-2.220446049250313e-16,,0.9925930364420854,0.9670214129931389
44b6,image_plus_tabular_seed20260908__membership_tracklets_fork_protected__s20260908__r0.8,image_plus_tabular_seed20260908,membership_tracklets_fork_protected,20260908,0.8,preregistered_descriptive,0.9125211431134657,-0.07550469411010374,71,0.8000566144555576,0.10204081632653061,5,23,21,0.9242045899207689,0.8268123673707088,71,0.8370164490033619,16958,1370,2868,1587023,0.8014741456369027,0.01009024659997071,0.8809309309309309,0.19933576512001633,0.011090576507082757,0.020110866504684667,0.006051787426832898,0.599766057932664,1980130,19980,17601,0.8849491561518394,0.8847894372570941,339,0.8881690940041611,0.09803921568627451,0.9027172215448382,18783,1322,1043,0.7560720435896555,0.6059721951759661,0.8334933498200422,0.6683340487055835,18087,0.8955290389661831,0.9242045899207689,1.0363086232980332,0.8102606960882107,-0.0877123194845778,0.013951661834760598,-0.08985651600888978,0.00040016006402543436,,0.9857409235404354,0.9032554313769756
44b6,image_plus_tabular_seed20260908__membership_tracklets_fork_protected__s20260908__r0.7,image_plus_tabular_seed20260908,membership_tracklets_fork_protected,20260908,0.7,preregistered_descriptive,0.9125211431134657,-0.13502979448740338,71,0.7358953779330533,0.10638297872340426,5,21,21,0.8761279382524244,0.7668530507537219,71,0.7774913486260623,15587,1355,4239,1389671,0.7018079621034983,0.01009024659997071,0.798998998998999,0.29918271560849935,0.011487611096439374,0.02144974516659027,0.006801488333652295,0.674065620326072,1980130,19980,15964,0.8033860405685993,0.8032795613054358,499,0.8881690940041611,0.09803921568627451,0.9027172215448382,18783,1322,1043,0.7560720435896555,0.5306173801150834,0.8334933498200422,0.5852759056424451,16660,0.8248749814328861,0.8761279382524244,1.024962178517398,0.7465336758053936,-0.15143933976739488,0.020109896878197975,-0.155974067669314,0.0008343763037126362,,0.9766939464077876,0.8304634425719213
44b6,image_plus_tabular_seed20260908__membership_tracklets_fork_protected__s20260908__r0.5,image_plus_tabular_seed20260908,membership_tracklets_fork_protected,20260908,0.5,preregistered_descriptive,0.9125211431134657,-0.2626054910925957,71,0.6033057851239669,0.11363636363636363,5,18,21,0.753435748821757,0.6385520156572336,71,0.64991565202087,12702,1228,7124,994341,0.5021594541772509,0.01009024659997071,0.6418418418418418,0.49926434201464176,0.012896984032640713,0.0282051740919368,0.007259159921646519,0.7194234402227188,1980130,19980,12824,0.6472874407709098,0.6466485651919289,556,0.8881690940041611,0.09803921568627451,0.9027172215448382,18783,1322,1043,0.7560720435896555,0.3796687247276601,0.8334933498200422,0.4189942597300073,13627,0.6747041639847502,0.753435748821757,0.9288956127080181,0.6146694214876033,-0.28330359408518524,0.030874578715490153,-0.29503978460309443,0.0015597147950086043,,0.9547669493194226,0.676539179227051
44b6,image_plus_tabular_seed20260908__membership_tracklets_fork_protected__s20260908__r0.3,image_plus_tabular_seed20260908,membership_tracklets_fork_protected,20260908,0.3,preregistered_descriptive,0.9125211431134657,-0.4428273940557882,71,0.4257886320686146,0.11904761904761904,5,16,21,0.5310888175314114,0.45778898715291555,71,0.46969374905767747,8787,811,11039,598230,0.30211652770272657,0.01009024659997071,0.43738738738738736,0.6992623013544882,0.014608093876936965,0.02974258008748667,0.008134452565308634,0.8061698477549842,1980130,19980,8739,0.4434328914443912,0.4434328914443912,458,0.8881690940041611,0.09803921568627451,0.9027172215448382,18783,1322,1043,0.7560720435896555,0.22842186050241126,0.8334933498200422,0.25234108254916826,9390,0.464920532752389,0.5310888175314114,0.613464447806354,0.43769339397337653,-0.460279621599412,0.03809271995485594,-0.4830209543467785,0.0021008403361343353,,0.9207371222426814,0.46801648673086976
44b6,image_plus_tabular_seed20260908__membership_tracklets_fork_protected__s20260908__r0.1,image_plus_tabular_seed20260908,membership_tracklets_fork_protected,20260908,0.1,preregistered_descriptive,0.9125211431134657,-0.7553048831404688,71,0.13849590469099032,0.06060606060606061,2,7,24,0.16419305534583412,0.15115565391239075,71,0.15721625997299682,2790,319,17036,200613,0.1013130451030993,0.01009024659997071,0.13518518518518519,0.8990322169221743,0.013463733656343308,0.011333363596104911,0.009709938146137407,0.9623093003659191,1980130,19980,2701,0.1368258531650961,0.1368258531650961,220,0.8881690940041611,0.09803921568627451,0.9027172215448382,18783,1322,1043,0.7560720435896555,0.07659996105339122,0.8334933498200422,0.08478721621546612,3020,0.1495271574986384,0.1641930553458341,0.24130105900151286,0.1445565107515964,-0.7534165048211922,0.038604291124391496,-0.7901658587568388,-0.003743315508021594,,0.8906918206697975,0.14852616201637261
44b6,oracle__oracle_nodes__s20260908__r0.9,oracle,oracle_nodes,20260908,0.9,hindsight_oracle,0.9125211431134657,0.013627802059351879,71,0.8934075342465754,0.10638297872340426,5,21,21,0.9885509592005769,0.9155106473004772,71,0.9261489451728175,18783,1198,1043,1782150,0.9000166655724624,0.01009024659997071,1.0,0.10100247430043618,0.01121117751031058,0.033650507698440045,0.0,0.0,1980130,19980,19980,1.0,1.0,0,0.8881690940041611,0.09803921568627451,0.9027172215448382,18783,1322,1043,0.7560720435896555,0.6804774396041192,0.8334933498200422,0.7501634547552392,19980,0.9892558300737734,0.9885509592005771,0.9062027231467473,0.9040458321189158,0.006072816546127235,0.007447282806719802,0.00534614294891933,0.0008343763037127472,0.546477177631826,0.9851145346047744,1.0
44b6,oracle__oracle_nodes__s20260908__r0.8,oracle,oracle_nodes,20260908,0.8,hindsight_oracle,0.9125211431134657,0.025687468971491767,71,0.897848948374761,0.10638297872340426,5,21,21,0.9885509592005769,0.927570314212617,71,0.9382086120849574,18783,1094,1043,1584130,0.800013130451031,0.01009024659997071,1.0,0.20202535520240797,0.012612601238534716,0.05047836413000432,0.0,0.0,1980130,19980,19980,1.0,1.0,0,0.8881690940041611,0.09803921568627451,0.9027172215448382,18783,1322,1043,0.7560720435896555,0.6048675624386687,0.8334933498200422,0.6668090832503406,19980,0.9892558300737734,0.9885509592005771,0.8275340393343419,0.9084872462471014,0.010514230674312897,0.014933745317764535,0.009919347350014596,0.0008343763037126362,0.5813630503783058,0.9723067151051539,1.0
44b6,oracle__oracle_nodes__s20260908__r0.7,oracle,oracle_nodes,20260908,0.7,hindsight_oracle,0.9125211431134657,0.03940383006764492,71,0.9038109902800501,0.10638297872340426,5,21,21,0.9885509592005769,0.9412866753087702,71,0.9519249731811106,18783,956,1043,1386126,0.7000176756071571,0.01009024659997071,1.0,0.30304007346376555,0.014414274027036503,0.06609162322170631,0.0,0.0,1980130,19980,19980,1.0,1.0,0,0.8881690940041611,0.09803921568627451,0.9027172215448382,18783,1322,1043,0.7560720435896555,0.5292637945451838,0.8334933498200422,0.5834659912368062,19980,0.9892558300737734,0.9885509592005771,0.7231467473524962,0.9144492881523905,0.016476272579601936,0.022475162715725527,0.016094291048206866,0.0008343763037125251,0.5703801553590656,0.9581383322411108,1.0
44b6,oracle__oracle_nodes__s20260908__r0.5,oracle,oracle_nodes,20260908,0.5,hindsight_oracle,0.9125211431134657,0.06729817051262488,71,0.9144150722944355,0.12195121951219512,5,15,21,0.9885509592005769,0.967624191674871,71,0.9798193136260905,18783,715,1043,990081,0.5000080802775575,0.01009024659997071,1.0,0.5050883860929011,0.020180167077239134,0.1009592393995112,0.0,0.0,1980130,19980,19980,1.0,1.0,0,0.8881690940041611,0.09803921568627451,0.9027172215448382,18783,1322,1043,0.7560720435896555,0.3780421310667934,0.8334933498200422,0.4167575610853458,19980,0.9892558300737734,0.9885509592005771,0.5408472012102874,0.926610194245655,0.028637178672866526,0.03768242170913583,0.02722454842089761,0.0023912003825914407,0.5599323342982518,0.930450095097211,1.0
44b6,oracle__oracle_nodes__s20260908__r0.3,oracle,oracle_nodes,20260908,0.3,hindsight_oracle,0.9125211431134657,0.09880310375197388,71,0.927922142080822,0.1388888888888889,5,10,21,0.9885509592005769,0.9974353579765506,71,1.0113242468654395,18783,416,1043,594067,0.30001414048572567,0.01009024659997071,1.0,0.7071208836058465,0.03363257006364602,0.15421508571258816,0.0,0.0,1980130,19980,19980,1.0,1.0,0,0.8881690940041611,0.09803921568627451,0.9027172215448382,18783,1322,1043,0.7560720435896555,0.2268323043028366,0.8334933498200422,0.2500646771177634,19980,0.9892558300737734,0.9885509592005771,0.3146747352496218,0.9418110309697109,0.043838015396922336,0.05315050730285742,0.04156762912885531,0.004084967320261201,0.5379437010023643,0.9009428501187173,1.0
44b6,oracle__oracle_nodes__s20260908__r0.1,oracle,oracle_nodes,20260908,0.1,hindsight_oracle,0.9125211431134657,0.12674085796643886,71,0.939807865505854,0.13333333333333333,4,4,22,0.9885509592005769,1.025928667746571,71,1.0392620010799045,18783,160,1043,198043,0.10001515052042037,0.01009024659997071,1.0,0.9091584827691759,0.10088718106673804,0.3028571222036799,0.0,0.0,1980130,19980,19980,1.0,1.0,0,0.8881690940041611,0.09803921568627451,0.9027172215448382,18783,1322,1043,0.7560720435896555,0.07561865924390122,0.8334933498200422,0.08336721359933046,19980,0.9892558300737734,0.9885509592005771,0.12102874432677761,0.9531411988391874,0.05516818326639883,0.06878375469561865,0.05442769150611415,0.003529411764706003,0.5427117647714889,0.8764623097580242,1.0
44b6,oracle__oracle_tracklets__s20260908__r0.9,oracle,oracle_tracklets,20260908,0.9,hindsight_oracle,0.9125211431134657,0.00999668962733613,71,0.8905472636815921,0.1,5,24,21,0.9880857834245186,0.9125178327408018,71,0.9225178327408018,18795,1279,1031,1783512,0.9007044991995475,0.01009024659997071,0.9983983983983984,0.10029130423692065,0.01118467383454667,0.032981057815606084,0.00016275213866482214,0.0161296492659847,1980130,19980,19948,0.9994676036841825,0.9994676036841825,22,0.8881690940041611,0.09803921568627451,0.9027172215448382,18783,1322,1043,0.7560720435896555,0.680997491380199,0.8334933498200422,0.7508886994158173,19971,0.9888102193395059,0.9880857834245188,0.9674735249621785,0.9005472636815921,0.0025742481088035785,0.00737501160409787,0.002425599591866223,0.00019607843137203762,0.7377453816242094,0.9896754079388267,1.000637453493618
44b6,oracle__oracle_tracklets__s20260908__r0.8,oracle,oracle_tracklets,20260908,0.8,hindsight_oracle,0.9125211431134657,0.019382505100157377,71,0.892201072767836,0.10204081632653061,5,23,21,0.9864153322079071,0.92169956658097,71,0.931903648213623,18796,1241,1030,1585521,0.8007156095811891,0.01009024659997071,0.9962962962962963,0.20127796342116674,0.012554863669418444,0.04943144048073487,0.00018752740054078847,0.01858501659823981,1980130,19980,19906,0.998296331789384,0.998296331789384,45,0.8881690940041611,0.09803921568627451,0.9027172215448382,18783,1322,1043,0.7560720435896555,0.6053986872701864,0.8334933498200422,0.6675140787962959,19952,0.9878694855671635,0.9864153322079069,0.9387291981845688,0.9024051544004891,0.004432138827700549,0.014840569716202956,0.004141775319928986,0.00040016006402543436,0.7656682992995811,0.9796580853288408,1.0007019385882867
44b6,oracle__oracle_tracklets__s20260908__r0.7,oracle,oracle_tracklets,20260908,0.7,hindsight_oracle,0.9125211431134657,0.027118254481934945,71,0.8920613805881514,0.10638297872340426,5,21,21,0.9854111424984024,0.9290010997230602,71,0.9396393975954006,18777,1223,1049,1387358,0.7006398569790873,0.01009024659997071,0.9941441441441441,0.3023518608269775,0.014317140925413628,0.06470280808790815,0.00019737774388803788,0.019561240841092113,1980130,19980,19863,0.997018580631422,0.9969653409998402,51,0.8881690940041611,0.09803921568627451,0.9027172215448382,18783,1322,1043,0.7560720435896555,0.5297342084865424,0.8334933498200422,0.5841124124611184,19922,0.9863841164529386,0.9854111424984024,0.9251134644478064,0.9026996784604918,0.004726662887703292,0.022275980193237177,0.0040078979849850205,0.0008343763037127472,0.8214385703945846,0.9705018332638734,0.9996833570377265
44b6,oracle__oracle_tracklets__s20260908__r0.5,oracle,oracle_tracklets,20260908,0.5,hindsight_oracle,0.9125211431134657,0.046647784688328975,71,0.8949551783330154,0.12195121951219512,5,15,21,0.9830694085990556,0.9469738058505751,71,0.9591689278017946,18769,1146,1057,991397,0.5006726831066647,0.01009024659997071,0.9904404404404404,0.5043195673800475,0.019960722092158843,0.09889484820731462,0.00019317651984914025,0.019144875988432335,1980130,19980,19789,0.9951551935260609,0.9951019538944791,78,0.8881690940041611,0.09803921568627451,0.9027172215448382,18783,1322,1043,0.7560720435896555,0.37854461868597195,0.8334933498200422,0.4175087024802931,19869,0.9837599643511412,0.9830694085990556,0.8668683812405447,0.9071503002842349,0.00917728471144641,0.037215627246859284,0.007040957058878139,0.0023912003825915518,0.7978005278387943,0.9500329237650332,0.9992561276189058
44b6,oracle__oracle_tracklets__s20260908__r0.3,oracle,oracle_tracklets,20260908,0.3,hindsight_oracle,0.9125211431134657,0.06829041429663063,71,0.8992277807089069,0.14285714285714285,5,9,21,0.9767362007256969,0.9665258431243821,71,0.9808115574100963,18748,1023,1078,595482,0.3007287400322201,0.01009024659997071,0.9849349349349349,0.7062454403999694,0.03304717858810174,0.15063634988183625,0.000217383768293458,0.0215439500055518,1980130,19980,19679,0.9923867326838098,0.9923867326838098,108,0.8881690940041611,0.09803921568627451,0.9027172215448382,18783,1322,1043,0.7560720435896555,0.2273725930423029,0.8334933498200422,0.2508611044582946,19776,0.9791553200970441,0.9767362007256968,0.7738275340393344,0.9135134949946211,0.015540479421832565,0.05222917375445346,0.011579447825090405,0.004481792717086819,0.7648097363648647,0.9276200647804032,0.9981445136060223
44b6,oracle__oracle_tracklets__s20260908__r0.1,oracle,oracle_tracklets,20260908,0.1,hindsight_oracle,0.9125211431134657,0.08995805425502468,71,0.9040633143518966,0.15625,5,6,21,0.9730096542996355,0.9868541973684903,71,1.0024791973684903,18734,896,1092,199427,0.10071409452914708,0.01009024659997071,0.9803803803803803,0.9082524296609953,0.0982214043233865,0.29510530472813934,0.00022013777704648108,0.021816887710863292,1980130,19980,19588,0.9902039077889581,0.9901506681573764,136,0.8881690940041611,0.09803921568627451,0.9027172215448382,18783,1322,1043,0.7560720435896555,0.07614711126893398,0.8334933498200422,0.08408768845744895,19697,0.9752438480962519,0.9730096542996355,0.6777609682299546,0.9196883143518966,0.02171529877910805,0.0673633332628562,0.016773642560796442,0.005821078431372029,0.7488304835038556,0.9064763540451978,0.9973952967390778
6bba,identity__identity__s20260908__r1,identity,identity,20260908,1.0,baseline,0.9115967648894652,0.0,128,0.9022683650322806,0.09137055837563451,18,72,107,0.9802489030388399,0.9024597090519018,128,0.9115967648894652,103418,5563,5639,2153557,1.0,0.05153288257520001,1.0,0.0,0.05153288257520001,,,,2153557,110979,110979,1.0,1.0,0,0.9022683650322806,0.09137055837563451,0.9024597090519018,103418,5563,5639,1.0225102996134647,1.0225102996134647,1.002492879120691,1.002492879120691,110979,0.9810645238284669,0.9802489030388399,1.0,0.911405420869844,0.0,0.0,0.0,0.0,,0.9999999999999999,1.0
6bba,random__random_nodes__s0__r0.9,random,random_nodes,0,0.9,preregistered_descriptive,0.9115967648894652,-0.16444358308905205,128,0.7320132128258539,0.07692307692307693,14,57,111,0.8897138263969445,0.7394608741081055,128,0.7471531818004131,83989,5680,25068,1938260,0.9000272572307118,0.05153288257520001,0.8999450346461944,0.09996827538532188,0.05152817475467687,-6.389304230814091e-05,0.05157526579562186,1.0008224500222747,2153557,110979,99875,0.8101007561546346,0.8100717476648166,213,0.9022683650322806,0.09137055837563451,0.9024597090519018,103418,5563,5639,1.0225102996134647,0.92028714045126,1.002492879120691,0.9022926870803287,100803,0.8911077518763094,0.8897138263969445,1.0210318173647313,0.7397055205181615,-0.17169990035168248,0.00815073761189744,-0.17114957255569374,-0.0014447481452557476,,0.9927238611907861,0.8121217328879666
6bba,random__random_nodes__s0__r0.8,random,random_nodes,0,0.8,preregistered_descriptive,0.9115967648894652,-0.31144971252467823,128,0.5812090759480374,0.07228915662650602,12,41,113,0.7961611146196509,0.5929181367021363,128,0.6001470523647869,66395,5179,42662,1722893,0.8000220100977128,0.05153288257520001,0.7987997729300138,0.19991158232390635,0.05145415298570486,-0.0007122697459776168,0.05184784425909758,1.0061118584515034,2153557,110979,88650,0.6381867759964416,0.6381287590168055,401,0.9022683650322806,0.09137055837563451,0.9024597090519018,103418,5563,5639,1.0225102996134647,0.8180307452423786,1.002492879120691,0.8020308888677654,90286,0.79813650869423,0.7961611146196509,0.9309724968542153,0.588437991610688,-0.322967429259156,0.0148021502211782,-0.32434372257094374,-0.001908140174912698,,0.9792217959984687,0.6419935905482616
6bba,random__random_nodes__s0__r0.7,random,random_nodes,0,0.7,preregistered_descriptive,0.9115967648894652,-0.4432850229154898,128,0.450838948341921,0.03896103896103896,6,29,119,0.7034796774757075,0.46441563807787145,128,0.46831174197397535,51186,4478,57871,1507544,0.700025121229668,0.05153288257520001,0.6997990610836284,0.2999625962876326,0.05151624098533774,-0.00011498887537724128,0.0515717175970143,1.000753596924403,2153557,110979,77663,0.4900500879924191,0.4900210795026011,509,0.9022683650322806,0.09137055837563451,0.9024597090519018,103418,5563,5639,1.0225102996134647,0.7157828964454998,1.002492879120691,0.7017876348125553,79818,0.7055984299997348,0.7034796774757075,0.8049613517886033,0.4547350522380249,-0.4566703686318191,0.020253756912512855,-0.4582978278865432,-0.00524095194145946,,0.9673378194253391,0.4949283722605567
6bba,random__random_nodes__s0__r0.5,random,random_nodes,0,0.5,preregistered_descriptive,0.9115967648894652,-0.6612310428094892,128,0.23562708797950757,0.029411764705882353,4,11,121,0.5102648594918561,0.2474245456093878,128,0.25036572207997604,26308,2594,82749,1076810,0.5000146269636698,0.05153288257520001,0.49859883401364224,0.4999084490286295,0.05138696706011274,-0.0006600256597545731,0.05167880662774078,1.0028316687374867,2153557,110979,55334,0.24907656307412637,0.24903788508770233,553,0.9022683650322806,0.09137055837563451,0.9024597090519018,103418,5563,5639,1.0225102996134647,0.5112701060277369,1.002492879120691,0.5012723139796403,57930,0.5121065054233962,0.5102648594918561,0.46629516447959735,0.2385682644500958,-0.6728371564197482,0.02838982683685201,-0.6834249902793661,-0.0061958793669751044,,0.9341866229839569,0.2543765796987776
6bba,random__random_nodes__s0__r0.3,random,random_nodes,0,0.3,preregistered_descriptive,0.9115967648894652,-0.8157283372325513,128,0.08813987513744877,0.015625,2,3,123,0.31202227187099363,0.09430592765691385,128,0.09586842765691385,9699,984,99358,646126,0.3000273501003224,0.05153288257520001,0.2998495210805648,0.6999629879495421,0.051502338553161456,-9.045087125427993e-05,0.05154597457528736,1.0002540513829834,2153557,110979,33277,0.09067086967452474,0.09066120017791873,323,0.9022683650322806,0.09137055837563451,0.9024597090519018,103418,5563,5639,1.0225102996134647,0.30678105564331454,1.002492879120691,0.30079780915773724,35486,0.31369948992671565,0.31202227187099363,0.17688297681107315,0.08970237513744876,-0.8217030457323953,0.034598747622648834,-0.8427525290176368,-0.007574555837563321,,0.904916564560403,0.09377558556362917
6bba,random__random_nodes__s0__r0.1,random,random_nodes,0,0.1,preregistered_descriptive,0.9115967648894652,-0.9011639256295607,128,0.009571700740089397,0.0,0,0,125,0.10448234143302512,0.010432839259904512,128,0.010432839259904512,1045,119,108012,215410,0.10002521409927854,0.05153288257520001,0.09891961542273764,0.8999147156191832,0.05096327932779351,-0.0008589317822949226,0.05159618955631332,1.0012284773905464,2153557,110979,10978,0.009688835599218704,0.009688835599218704,43,0.9022683650322806,0.09137055837563451,0.9024597090519018,103418,5563,5639,1.0225102996134647,0.10227681163755427,1.002492879120691,0.10029275688996385,11925,0.10541809213143448,0.10448234143302512,0.02139133561028222,0.009571700740089397,-0.9018337201297546,0.040945975734063514,-0.9329728455260609,-0.009137055837563305,,0.8828777543690758,0.010104162336068503
6bba,random__random_tracklets__s0__r0.9,random,random_tracklets,0,0.9,preregistered_descriptive,0.9115967648894652,-0.0725292149229263,128,0.8229439725979518,0.07909604519774012,14,52,111,0.893271884165459,0.8311579454467649,128,0.8390675499665389,94181,5387,14876,1940726,0.901172339529439,0.05153288257520001,0.9037205237026825,0.09896611047411653,0.05167859862752393,0.001990300759878211,0.05020415259055307,0.9742158808464095,2153557,110979,100294,0.9040979326616256,0.9040979326616256,681,0.9022683650322806,0.09137055837563451,0.9024597090519018,103418,5563,5639,1.0225102996134647,0.9214579988956136,1.002492879120691,0.9045362671263332,101257,0.8951211534551498,0.893271884165459,0.9683623943915154,0.8308535771177258,-0.08055184375211821,0.008414346547090834,-0.07971611015222779,-0.001227451317789341,,0.9901646660264126,0.9106948350708218
6bba,random__random_tracklets__s0__r0.8,random,random_tracklets,0,0.8,preregistered_descriptive,0.9115967648894652,-0.1567585487326405,128,0.7334732791043471,0.06707317073170732,11,39,114,0.7994472879266449,0.7481308990836539,128,0.7548382161568247,83858,5273,25199,1725302,0.8011406245574183,0.05153288257520001,0.8000342407122069,0.1987992625006242,0.0514617151084274,-0.0006461145060281605,0.05181959346650944,1.0055636494017397,2153557,110979,88787,0.7999864627047516,0.7999381152217215,1130,0.9022683650322806,0.09137055837563451,0.9024597090519018,103418,5563,5639,1.0225102996134647,0.819174540048724,1.002492879120691,0.8041574270815499,90477,0.7998249661866497,0.799447287926645,0.9478698543951105,0.7401805961775179,-0.17122482469232614,0.016150117572292733,-0.17047892754054056,-0.002429738764392675,,0.9807882577743636,0.810881376581583
6bba,random__random_tracklets__s0__r0.7,random,random_tracklets,0,0.7,preregistered_descriptive,0.9115967648894652,-0.2395222669396262,128,0.6488284335234752,0.03821656050955414,6,32,119,0.7056527456325714,0.6682528418988836,128,0.672074497949839,73934,4893,35123,1510048,0.7011878487544095,0.05153288257520001,0.7002766289117761,0.29876264211207604,0.05146591366632054,-0.00046402131359799215,0.05169003075326064,1.0030494738545106,2153557,110979,77716,0.7004873426289427,0.7004196561527007,1498,0.9022683650322806,0.09137055837563451,0.9024597090519018,103418,5563,5639,1.0225102996134647,0.7169717973151921,1.002492879120691,0.7039108019480167,79910,0.7064117184254028,0.7056527456325714,0.8795613877404278,0.6526500895744306,-0.2587553312954134,0.023057528045202724,-0.2572643951982209,-0.005315399786607999,,0.9711439851924513,0.7149014350351752
6bba,random__random_tracklets__s0__r0.5,random,random_tracklets,0,0.5,preregistered_descriptive,0.9115967648894652,-0.4205459035973036,128,0.4663117117435834,0.014705882352941176,2,11,123,0.5039720781208765,0.48958027305686747,128,0.4910508612921616,52724,4009,56333,1079294,0.5011680675273512,0.05153288257520001,0.49317438434298383,0.49839761321232284,0.05071092769903288,-0.003726569208007385,0.05235868683925631,1.0160248024715333,2153557,110979,54732,0.492767216538707,0.4926801910692529,1772,0.9022683650322806,0.09137055837563451,0.9024597090519018,103418,5563,5639,1.0225102996134647,0.5124495108840931,1.002492879120691,0.5033773235864574,57323,0.5067405698323034,0.5039720781208765,0.7206543232069027,0.4677822999788775,-0.4436231208909665,0.033998355563022,-0.4468777915580564,-0.007666467602269189,,0.9477461698067083,0.5098170347196573
6bba,random__random_tracklets__s0__r0.3,random,random_tracklets,0,0.3,preregistered_descriptive,0.9115967648894652,-0.6089675948575565,128,0.28287943313173247,0.0,0,4,125,0.3066271913600214,0.3026291700319087,128,0.3026291700319087,31618,2715,77439,648668,0.3012077228510785,0.05153288257520001,0.2912803323151227,0.6982528941367233,0.049834429939506805,-0.005043814268803929,0.05226498432774776,1.0142064972103864,2153557,110979,32326,0.29096482237134735,0.2909261443849233,1531,0.9022683650322806,0.09137055837563451,0.9024597090519018,103418,5563,5639,1.0225102996134647,0.3079879989383457,1.002492879120691,0.3031276494358711,34580,0.30569036695220164,0.3066271913600214,0.48804601833543054,0.28287943313173247,-0.6285259877381115,0.041263415188651925,-0.641093954208645,-0.009137055837563357,,0.9209208400030592,0.3057245486265051
6bba,random__random_tracklets__s0__r0.1,random,random_tracklets,0,0.1,preregistered_descriptive,0.9115967648894652,-0.8080065826319222,128,0.09506011167494226,0.0,0,2,125,0.1009445269474854,0.103590182257543,128,0.103590182257543,10453,905,98604,218244,0.10134117648151407,0.05153288257520001,0.09458546211445408,0.8982917665812518,0.04809754220047287,-0.005218094808071799,0.05192028369571227,1.00751755192322,2153557,110979,10497,0.09454833781353343,0.09452899882032141,677,0.9022683650322806,0.09137055837563451,0.9024597090519018,103418,5563,5639,1.0225102996134647,0.10362239672729397,1.002492879120691,0.10274604332329011,11450,0.1012190486293438,0.1009445269474854,0.16268200611181016,0.09506011167494226,-0.8163453091949018,0.044673314622537375,-0.8435428414168962,-0.009137055837563315,,0.8894296824054201,0.1010712043463844
6bba,random__random_nodes__s1__r0.9,random,random_nodes,1,0.9,preregistered_descriptive,0.9115967648894652,-0.16156077124068702,128,0.7354062851806924,0.07142857142857142,12,43,113,0.890502386675155,0.742893136505921,128,0.7500359936487782,84268,5530,24789,1938260,0.9000272572307118,0.05153288257520001,0.9013957595581146,0.10004709734463017,0.0516112389462714,0.0010634277384574205,0.05082746159955782,0.98631124555059,2153557,110979,100036,0.8127792067144984,0.8127405287280745,216,0.9022683650322806,0.09137055837563451,0.9024597090519018,103418,5563,5639,1.0225102996134647,0.92028714045126,1.002492879120691,0.9022926870803287,100935,0.8922746439653115,0.8905023866751551,0.9940679489484091,0.7425491423235495,-0.16885627854629448,0.008167408238387963,-0.1677339807843688,-0.001994198694706184,,0.9920286876353335,0.8148246106840146
6bba,random__random_nodes__s1__r0.8,random,random_nodes,1,0.8,preregistered_descriptive,0.9115967648894652,-0.31008871683443784,128,0.5853205706428928,0.0440251572327044,7,34,118,0.7977347072945743,0.5971055323317569,128,0.6015080480550273,66836,5130,42221,1722893,0.8000220100977128,0.05153288257520001,0.8014038692004793,0.20005307018875165,0.05162189410485735,0.0008052908699850988,0.05117678747236825,0.9930899440311316,2153557,110979,88939,0.6425863969521747,0.6425767274555687,382,0.9022683650322806,0.09137055837563451,0.9024597090519018,103418,5563,5639,1.0225102996134647,0.8180307452423786,1.002492879120691,0.8020308888677654,90532,0.8003111712237339,0.7977347072945743,0.9221642998382168,0.5897230863661632,-0.3216823345036808,0.014844054776748161,-0.320198231496893,-0.004734540114292973,,0.9818607985008582,0.6462502548967719
6bba,random__random_nodes__s1__r0.7,random,random_nodes,1,0.7,preregistered_descriptive,0.9115967648894652,-0.4397480270588357,128,0.4548258873092957,0.03333333333333333,5,25,120,0.7052713273414968,0.4685154044972961,128,0.47184873783062947,51605,4404,57452,1507544,0.700025121229668,0.05153288257520001,0.7023490930716622,0.30010114668815585,0.051703963532739344,0.001182123046459484,0.05113364591734222,0.9922527784609139,2153557,110979,77946,0.49423698002282,0.494207971533002,495,0.9022683650322806,0.09137055837563451,0.9024597090519018,103418,5563,5639,1.0225102996134647,0.7157828964454998,1.002492879120691,0.7017876348125553,80039,0.7075520902396549,0.7052713273414968,0.7916591767032177,0.45815922064262904,-0.45324620022721496,0.020315010562155733,-0.45425931511676143,-0.005803722504230002,,0.9673066810831489,0.49897206604932043
6bba,random__random_nodes__s1__r0.5,random,random_nodes,1,0.5,preregistered_descriptive,0.9115967648894652,-0.6578286194232372,128,0.2403159789705606,0.014285714285714285,2,15,123,0.513169005800659,0.25233957403765656,128,0.253768145466228,26832,2596,82225,1076810,0.5000146269636698,0.05153288257520001,0.5024373980663008,0.5001170089954949,0.0517825800280458,0.0011294667736670685,0.05128317051266453,0.9951543160394515,2153557,110979,55760,0.25394998936355373,0.2539016418805237,574,0.9022683650322806,0.09137055837563451,0.9024597090519018,103418,5563,5639,1.0225102996134647,0.5112701060277369,1.002492879120691,0.5012723139796403,58343,0.5157574632473192,0.513169005800659,0.4666546827251483,0.241744550399132,-0.669660870470712,0.028511188336187127,-0.6786313233504324,-0.007708484408991911,,0.9357584904912737,0.2594343557478248
6bba,random__random_nodes__s1__r0.3,random,random_nodes,1,0.3,preregistered_descriptive,0.9115967648894652,-0.814412750845612,128,0.09082483781278962,0.0,0,2,125,0.3139584188667487,0.09718401404385316,128,0.09718401404385316,9996,1001,99061,646126,0.3000273501003224,0.05153288257520001,0.30195802809540545,0.700077549058102,0.05186449701760957,0.0009820191721506624,0.051390743589590504,0.9972417808104934,2153557,110979,33511,0.09304956583960239,0.09303989634299638,374,0.9022683650322806,0.09137055837563451,0.9024597090519018,103418,5563,5639,1.0225102996134647,0.30678105564331454,1.002492879120691,0.30079780915773724,35777,0.31627195657747015,0.3139584188667487,0.17993888189825633,0.09082483781278962,-0.8205805830570544,0.034686667059576855,-0.8399623620676255,-0.009137055837563302,,0.9066103162959421,0.09665241596364205
6bba,random__random_nodes__s1__r0.1,random,random_nodes,1,0.1,preregistered_descriptive,0.9115967648894652,-0.9003825457412594,128,0.010287933893382926,0.0,0,0,125,0.10705534815983792,0.011214219148205726,128,0.011214219148205726,1123,100,107934,215410,0.10002521409927854,0.05153288257520001,0.10114526171618053,0.9000356412337742,0.0521099299011188,0.0008701570617385019,0.051468748242522365,0.9987554677814878,2153557,110979,11225,0.010298013885397125,0.010298013885397125,58,0.9022683650322806,0.09137055837563451,0.9024597090519018,103418,5563,5639,1.0225102996134647,0.10227681163755427,1.002492879120691,0.10029275688996385,12218,0.10800823896535568,0.10705534815983792,0.017975912277548085,0.010287933893382926,-0.9011174869764611,0.04097511016695142,-0.9322206000706476,-0.009137055837563303,,0.8827241063389867,0.010859035438865072
6bba,random__random_tracklets__s1__r0.9,random,random_tracklets,1,0.9,preregistered_descriptive,0.9115967648894652,-0.07769874122594389,128,0.8195003888194742,0.06285714285714286,11,50,114,0.8940870250573287,0.8276123093778069,128,0.8338980236635213,93791,5392,15266,1940677,0.9011495864748413,0.05153288257520001,0.902125627370944,0.09890344456857951,0.05158869817079298,0.000762274522354809,0.051024051108605785,0.9901260818109349,2153557,110979,100117,0.901777253476184,0.901767583979578,532,0.9022683650322806,0.09137055837563451,0.9024597090519018,103418,5563,5639,1.0225102996134647,0.9214347336629399,1.002492879120691,0.9044122745264033,100902,0.891982920943061,0.8940870250573287,0.9692611900053928,0.8257861031051885,-0.08561931776465548,0.008410464659132033,-0.08325786433322685,-0.0028513415518490737,,0.9919767590453543,0.9068398931562062
6bba,random__random_tracklets__s1__r0.8,random,random_tracklets,1,0.8,preregistered_descriptive,0.9115967648894652,-0.155742097111623,128,0.7368213556678903,0.04430379746835443,7,33,118,0.8027883443187959,0.7514242880310067,128,0.7558546677778422,84103,5086,24954,1725444,0.801206561980946,0.05153288257520001,0.8031699690932519,0.19890011544234787,0.05165916714770227,0.0011467484647617453,0.05102391191110758,0.9901233806715605,2153557,110979,89135,0.8030903711152797,0.8030903711152797,1049,0.9022683650322806,0.09137055837563451,0.9024597090519018,103418,5563,5639,1.0225102996134647,0.819241961743411,1.002492879120691,0.8042450667819752,90657,0.8014161826716525,0.8027883443187959,0.9142548984360956,0.7412517354147258,-0.17015368545511822,0.016174688904587287,-0.16721010992548235,-0.004706676090727946,,0.9816756152985875,0.813141792271286
6bba,random__random_tracklets__s1__r0.7,random,random_tracklets,1,0.7,preregistered_descriptive,0.9115967648894652,-0.24164765510114794,128,0.6471637437177099,0.034482758620689655,5,20,120,0.705317428276791,0.6665008339262483,128,0.6699491097883172,73655,4755,35402,1510104,0.7012138522453782,0.05153288257520001,0.6984024004541399,0.2986333936819059,0.05132626627040257,-0.0014317139173694088,0.052017785292787506,1.009409578765168,2153557,110979,77508,0.6983310448858032,0.6983213753891973,1436,0.9022683650322806,0.09137055837563451,0.9024597090519018,103418,5563,5639,1.0225102996134647,0.7169983861525335,1.002492879120691,0.7039654906199516,79592,0.703600569301898,0.7053174282767911,0.8547546287974115,0.6506120195797789,-0.2607934012900651,0.02303524193939721,-0.2589941170650508,-0.005688779975494329,,0.9703724655793822,0.7121677405645247
6bba,random__random_tracklets__s1__r0.5,random,random_tracklets,1,0.5,preregistered_descriptive,0.9115967648894652,-0.4191131014246995,128,0.46765234800634287,0.015503875968992248,2,4,123,0.5106871397717891,0.49093327586786645,128,0.4924836634647657,52790,3826,56267,1079532,0.501278582363968,0.05153288257520001,0.4942736914190973,0.4983408222354299,0.050812759603235474,-0.0032656066565706146,0.0522566979353367,1.0140456990559465,2153557,110979,54854,0.49386953915179177,0.4938502001585797,1717,0.9022683650322806,0.09137055837563451,0.9024597090519018,103418,5563,5639,1.0225102996134647,0.5125625134427939,1.002492879120691,0.5038213262000886,57347,0.5069527320303039,0.5106871397717891,0.6877584037389898,0.4692027356032421,-0.4422026852666019,0.03402407768043739,-0.4455505108644727,-0.007586668240664118,,0.946160274487828,0.5104152652442447
6bba,random__random_tracklets__s1__r0.3,random,random_tracklets,1,0.3,preregistered_descriptive,0.9115967648894652,-0.5995329450076448,128,0.2917122317635037,0.0,0,0,125,0.3190779096808325,0.31206381988182036,128,0.31206381988182036,32544,2505,76513,648508,0.30113342716259656,0.05153288257520001,0.299498103244758,0.6987777210955959,0.05125303003201194,-0.0008309181579837403,0.05165346776085031,1.0023399658552834,2153557,110979,33238,0.29961902183372335,0.29960935233711733,1559,0.9022683650322806,0.09137055837563451,0.9024597090519018,103418,5563,5639,1.0225102996134647,0.3079120308316561,1.002492879120691,0.3029385715203773,35466,0.3135226880950487,0.3190779096808325,0.45029660255257953,0.2917122317635037,-0.6196931891063403,0.04159857445132059,-0.6319944636214021,-0.009137055837563357,,0.9191808250686468,0.3146600454070569
6bba,random__random_tracklets__s1__r0.1,random,random_tracklets,1,0.1,preregistered_descriptive,0.9115967648894652,-0.803674414290156,128,0.09902780301653644,0.0,0,0,125,0.10815232994988853,0.10792235059930923,128,0.10792235059930923,10899,1003,98158,217759,0.10111596767580333,0.05153288257520001,0.09935212968219212,0.8987881980516779,0.05063395772390578,-0.0013637289742409876,0.05163400313462459,1.0019622531162897,2153557,110979,11026,0.09925738266065869,0.09924771316405268,635,0.9022683650322806,0.09137055837563451,0.9024597090519018,103418,5563,5639,1.0225102996134647,0.10339211840389109,1.002492879120691,0.10224666697035117,11971,0.10582473634426853,0.10815232994988853,0.1802984001438073,0.09902780301653644,-0.8123776178533075,0.044861910631177435,-0.8393992690837702,-0.009137055837563302,,0.8901836373826768,0.10538728779169215
6bba,random__random_nodes__s2__r0.9,random,random_nodes,2,0.9,preregistered_descriptive,0.9115967648894652,-0.1632459472726916,128,0.7329003574230669,0.08,14,50,111,0.890062286587303,0.7403508176167736,128,0.7483508176167736,84071,5653,24986,1938260,0.9000272572307118,0.05153288257520001,0.9009722560123987,0.1000240872074408,0.05158699039344567,0.000734334094383002,0.051045764687849805,0.9905474356758645,2153557,110979,99989,0.8111740702779013,0.8111547312846893,183,0.9022683650322806,0.09137055837563451,0.9024597090519018,103418,5563,5639,1.0225102996134647,0.92028714045126,1.002492879120691,0.9022926870803287,100893,0.8919033601188109,0.890062286587303,1.0161783210497932,0.7409003574230669,-0.17050506344677707,0.008155514508736417,-0.17026440594386472,-0.0011370558375632944,,0.9921524054112856,0.8129077848530682
6bba,random__random_nodes__s2__r0.8,random,random_nodes,2,0.8,preregistered_descriptive,0.9115967648894652,-0.3113446311479827,128,0.5830621172353456,0.05454545454545454,9,40,116,0.7978233604066571,0.594797588286937,128,0.6002521337414825,66644,5243,42413,1722893,0.8000220100977128,0.05153288257520001,0.8006830121013886,0.20001390399779104,0.051575460577064275,0.0003852048863275997,0.05136254713651478,0.9966946262236221,2153557,110979,88859,0.6407878705834574,0.6407588620936394,378,0.9022683650322806,0.09137055837563451,0.9024597090519018,103418,5563,5639,1.0225102996134647,0.8180307452423786,1.002492879120691,0.8020308888677654,90491,0.7999487274688166,0.7978233604066571,0.9424770807118461,0.5885166626898911,-0.3228887581799529,0.014822014680499596,-0.3224841354454644,-0.003682510383017923,,0.9816927088976066,0.644389416106556
6bba,random__random_nodes__s2__r0.7,random,random_nodes,2,0.7,preregistered_descriptive,0.9115967648894652,-0.44472108231808594,128,0.44952448045086296,0.03821656050955414,6,32,119,0.7035750778080635,0.4630540265204238,128,0.46687568257137924,51048,4503,58009,1507544,0.700025121229668,0.05153288257520001,0.7000243289270943,0.29997483572230776,0.05153282424924248,-4.0301655774256776e-07,0.051533018685382494,1.0000026412297485,2153557,110979,77688,0.48890908739291034,0.4888994178963043,487,0.9022683650322806,0.09137055837563451,0.9024597090519018,103418,5563,5639,1.0225102996134647,0.7157828964454998,1.002492879120691,0.7017876348125553,79823,0.7056426304576515,0.7035750778080635,0.8094553298579903,0.4533461365018184,-0.4580592843680256,0.02023569834637831,-0.45964138087785633,-0.005315399786607888,,0.9676301803847142,0.4935859629188568
6bba,random__random_nodes__s2__r0.5,random,random_nodes,2,0.5,preregistered_descriptive,0.9115967648894652,-0.6627955416894704,128,0.23560162557960507,0.014184397163120567,2,16,123,0.5102190690912601,0.24738278348368276,128,0.24880122319999481,26320,2657,82737,1076810,0.5000146269636698,0.05153288257520001,0.4991304661242217,0.499937334094463,0.05144175852750253,-0.00041218515841213917,0.05162401195452599,1.0017683734107636,2153557,110979,55393,0.24923127501982248,0.24920226653000443,548,0.9022683650322806,0.09137055837563451,0.9024597090519018,103418,5563,5639,1.0225102996134647,0.5112701060277369,1.002492879120691,0.5012723139796403,57958,0.51235402798773,0.5102190690912601,0.47761998921445264,0.23702006529591713,-0.6743853555739269,0.028396702795736625,-0.6834736283639558,-0.007718616121251243,,0.9362801508608416,0.25447715401969595
6bba,random__random_nodes__s2__r0.3,random,random_nodes,2,0.3,preregistered_descriptive,0.9115967648894652,-0.8171214664574946,128,0.08757359889510795,0.007692307692307693,1,5,124,0.31114138719237505,0.09370606766273976,128,0.09447529843197053,9638,999,99419,646126,0.3000273501003224,0.05153288257520001,0.2999306175042125,0.6999673941460253,0.051516267724871,-4.9202023431012916e-05,0.051540004152760555,1.000138194822503,2153557,110979,33286,0.09005202189174032,0.09005202189174032,325,0.9022683650322806,0.09137055837563451,0.9024597090519018,103418,5563,5639,1.0225102996134647,0.30678105564331454,1.002492879120691,0.30079780915773724,35426,0.3131690844317147,0.3111413871923751,0.17957936365270538,0.08834282966433872,-0.8230625912055053,0.034571863618620045,-0.8433255050077821,-0.00836782506833253,,0.9058288319962149,0.093191800469542
6bba,random__random_nodes__s2__r0.1,random,random_nodes,2,0.1,preregistered_descriptive,0.9115967648894652,-0.9004131244498784,128,0.010260920551158018,0.0,0,0,125,0.10599468369703384,0.01118364043958672,128,0.01118364043958672,1120,95,107937,215410,0.10002521409927854,0.05153288257520001,0.09991980464772615,0.8999690587091411,0.05147857573928787,-8.189185643374805e-05,0.05153891835861779,1.0001171248941678,2153557,110979,11089,0.01031735287860914,0.01031735287860914,53,0.9022683650322806,0.09137055837563451,0.9024597090519018,103418,5563,5639,1.0225102996134647,0.10227681163755427,1.002492879120691,0.10029275688996385,12043,0.10646122293826964,0.10599468369703383,0.01707711666367068,0.010260920551158018,-0.901144500318686,0.04097901923220827,-0.9322550878445235,-0.009137055837563302,,0.882683672646858,0.010828929189950888
6bba,random__random_tracklets__s2__r0.9,random,random_tracklets,2,0.9,preregistered_descriptive,0.9115967648894652,-0.06901451631869271,128,0.8256783691167214,0.08743169398907104,16,58,109,0.8961985164571366,0.8338390791718654,128,0.8425822485707725,94451,5335,14606,1940650,0.9011370490774101,0.05153288257520001,0.9068382306562502,0.0991727121314339,0.05185891325071497,0.004452293075716584,0.04856110884094934,0.9423324761638537,2153557,110979,100640,0.9072018410721537,0.9071921715755478,631,0.9022683650322806,0.09137055837563451,0.9024597090519018,103418,5563,5639,1.0225102996134647,0.9214219140449361,1.002492879120691,0.9045950206837137,101507,0.897331176350987,0.8961985164571367,0.9590149200071904,0.8344215385156285,-0.0769838823542155,0.008426862601541962,-0.07704749248157822,-0.00039388643865645445,,0.9888063430586173,0.9132215618273181
6bba,random__random_tracklets__s2__r0.8,random,random_tracklets,2,0.8,preregistered_descriptive,0.9115967648894652,-0.14999088940374683,128,0.7409443923965292,0.05917159763313609,10,44,115,0.8051567086305886,0.7556887157224047,128,0.7616058754857183,84624,5154,24433,1725334,0.8011554836951147,0.05153288257520001,0.8071707259932059,0.19917134131475028,0.05191980219482141,0.0035129259090322567,0.04997396216457313,0.9697490159151877,2153557,110979,89579,0.8072482546558626,0.8072192461660446,1143,0.9022683650322806,0.09137055837563451,0.9024597090519018,103418,5563,5639,1.0225102996134647,0.819189733670062,1.002492879120691,0.804318107136161,91196,0.8061809920350775,0.8051567086305887,0.9264785187848283,0.7468615521598428,-0.16454386871000115,0.016216284606792697,-0.16298727793628986,-0.003219896074249662,,0.9806418737577524,0.8182363762739107
6bba,random__random_tracklets__s2__r0.7,random,random_tracklets,2,0.7,preregistered_descriptive,0.9115967648894652,-0.23160446642676713,128,0.6565006054012319,0.0392156862745098,6,28,119,0.7086235480789718,0.6760707298352471,128,0.679992298462698,74824,4917,34233,1510232,0.7012732887961638,0.05153288257520001,0.7093684390740591,0.2991665434563576,0.052127752557222996,0.004122639088292389,0.050136400730579414,0.9729011502008885,2153557,110979,78725,0.7092479065539848,0.7092382370573788,1476,0.9022683650322806,0.09137055837563451,0.9024597090519018,103418,5563,5639,1.0225102996134647,0.7170591606378852,1.002492879120691,0.704113562142444,80848,0.714703724330584,0.7086235480789718,0.8838756066870394,0.6604221740286829,-0.25098324684116113,0.023168434244446368,-0.24955741346110094,-0.005215487210112557,,0.9712672043964323,0.7234364566152425
6bba,random__random_tracklets__s2__r0.5,random,random_tracklets,2,0.5,preregistered_descriptive,0.9115967648894652,-0.4016225006622087,128,0.48295303676691864,0.029850746268656716,4,9,121,0.5153730567661226,0.5069891896003907,128,0.5099742642272564,54565,3925,54492,1079191,0.501120239677891,0.05153288257520001,0.509916290469368,0.4993576744682455,0.05243742766572368,0.0041006234673711525,0.05062427515390472,0.9823683951704159,2153557,110979,56590,0.510210988415943,0.510210988415943,1800,0.9022683650322806,0.09137055837563451,0.9024597090519018,103418,5563,5639,1.0225102996134647,0.5124006064154116,1.002492879120691,0.5034469400219037,59182,0.5231743000857488,0.5153730567661226,0.7055545568937623,0.4859381113937843,-0.4254673094760597,0.034438384923581394,-0.42990890437509255,-0.006151981210697599,,0.9454701888174895,0.527555577324095
6bba,random__random_tracklets__s2__r0.3,random,random_tracklets,2,0.3,preregistered_descriptive,0.9115967648894652,-0.595701819376395,128,0.29528527105444335,0.0,0,3,125,0.31320380380320145,0.31589494551307024,128,0.31589494551307024,33025,2784,76032,648854,0.30129409158893866,0.05153288257520001,0.30421971724380287,0.6988648658704832,0.0520332771316814,0.0014863028783213582,0.05131710377396735,0.9958127938813092,2153557,110979,33762,0.3038155833607302,0.30377690537430624,1609,0.9022683650322806,0.09137055837563451,0.9024597090519018,103418,5563,5639,1.0225102996134647,0.3080763118623724,1.002492879120691,0.3030268442698581,36076,0.31891514396089143,0.31320380380320145,0.5004493978069388,0.29528527105444335,-0.6161201498154006,0.0417096620230705,-0.6282744255619022,-0.009137055837563302,,0.9214922087081432,0.31932400626265284
6bba,random__random_tracklets__s2__r0.1,random,random_tracklets,2,0.1,preregistered_descriptive,0.9115967648894652,-0.8045991455995919,128,0.09819109714680083,0.0,0,0,125,0.10180097657898565,0.10699761928987328,128,0.10699761928987328,10813,1065,98244,218206,0.10132353125549962,0.05153288257520001,0.09782030834662414,0.8984861288038939,0.049751152580588986,-0.002706088571939256,0.0517337681898529,1.0038982025575562,2153557,110979,10856,0.09734282233266936,0.09734282233266936,746,0.9022683650322806,0.09137055837563451,0.9024597090519018,103418,5563,5639,1.0225102996134647,0.10360435430195518,1.002492879120691,0.10272658911206455,11913,0.1053120110324343,0.10180097657898565,0.1914434657558871,0.09819109714680083,-0.8132143237230431,0.04483314542723331,-0.8402952351892619,-0.009137055837563302,,0.8907283522322871,0.10454821341363867
6bba,random__random_nodes__s3__r0.9,random,random_nodes,3,0.9,preregistered_descriptive,0.9115967648894652,-0.16302046147249838,128,0.7324756879333653,0.08648648648648649,16,60,109,0.8898137558209128,0.7399276547683181,128,0.7485763034169668,83982,5598,25075,1938260,0.9000272572307118,0.05153288257520001,0.9004856774705124,0.09999765002854236,0.05155913035402887,0.0003562265033187764,0.051296581002057626,0.9954145477346904,2153557,110979,99935,0.8102844765901487,0.8102457986037247,188,0.9022683650322806,0.09137055837563451,0.9024597090519018,103418,5563,5639,1.0225102996134647,0.92028714045126,1.002492879120691,0.9022926870803287,100817,0.8912315131584764,0.8898137558209127,1.006291569297142,0.7411243365820139,-0.17028108428783006,0.008153065328107889,-0.17068511961169142,-0.0004884071889148522,,0.9909648211339597,0.8120536084755515
6bba,random__random_nodes__s3__r0.8,random,random_nodes,3,0.8,preregistered_descriptive,0.9115967648894652,-0.31063351808743367,128,0.5826741337066853,0.06547619047619048,11,43,114,0.7973766296637104,0.5944156277544125,128,0.6009632468020315,66588,5223,42469,1722893,0.8000220100977128,0.05153288257520001,0.8002595085556727,0.19999089386060165,0.051548180879485844,0.00013840437092881892,0.05147168093920086,0.9988123770117102,2153557,110979,88812,0.6403430737395811,0.640294726256551,370,0.9022683650322806,0.09137055837563451,0.9024597090519018,103418,5563,5639,1.0225102996134647,0.8180307452423786,1.002492879120691,0.8020308888677654,90433,0.7994360021569823,0.7973766296637104,0.9388818982563365,0.5892217527543043,-0.32218366811553967,0.01481640505651155,-0.32286048635400094,-0.002589436789944277,,0.9803369316884368,0.6438629275964713
6bba,random__random_nodes__s3__r0.7,random,random_nodes,3,0.7,preregistered_descriptive,0.9115967648894652,-0.4442636958252277,128,0.45052757667036586,0.032467532467532464,5,29,120,0.7027588590393022,0.4640863158174843,128,0.4673330690642375,51152,4481,57905,1507544,0.700025121229668,0.05153288257520001,0.7000603717820488,0.29997679403185584,0.05153547757146723,1.7930720853377226e-05,0.0515268268595214,0.9998824883186038,2153557,110979,77692,0.4897116556112089,0.48965363863157285,513,0.9022683650322806,0.09137055837563451,0.9024597090519018,103418,5563,5639,1.0225102996134647,0.7157828964454998,1.002492879120691,0.7017876348125553,79811,0.7055365493586514,0.7027588590393024,0.8055006291569297,0.4537743299171191,-0.4576310909527249,0.020250927119282947,-0.4586243203537005,-0.005890302590810137,,0.9680554120925876,0.49459048158402713
6bba,random__random_nodes__s3__r0.5,random,random_nodes,3,0.5,preregistered_descriptive,0.9115967648894652,-0.6615934087113327,128,0.2366850670555501,0.014705882352941176,2,11,123,0.511796370872708,0.24853276794283835,128,0.25000335617813246,26455,2716,82602,1076810,0.5000146269636698,0.05153288257520001,0.5007974481658692,0.5000279059110595,0.051613562281182385,0.0003649418373226113,0.05145219814868302,0.9984343117930722,2153557,110979,55578,0.2503239281363012,0.2502755806532712,572,0.9022683650322806,0.09137055837563451,0.9024597090519018,103418,5563,5639,1.0225102996134647,0.5112701060277369,1.002492879120691,0.5012723139796403,58184,0.5143518886855668,0.511796370872708,0.488225777458206,0.2381556552908442,-0.6732497655789997,0.02841759479971026,-0.6823445359087738,-0.007666467602269189,,0.9367209602131469,0.25579514028229966
6bba,random__random_nodes__s3__r0.3,random,random_nodes,3,0.3,preregistered_descriptive,0.9115967648894652,-0.8170085583942309,128,0.08765797501452643,0.007936507936507936,1,1,124,0.3121867255754289,0.09379455570158347,128,0.09458820649523426,9655,1087,99402,646126,0.3000273501003224,0.05153288257520001,0.3005343353247011,0.7000001958309549,0.051619962669819816,0.00025787273258664155,0.05149555767394992,0.9992757070944824,2153557,110979,33353,0.08982962346980217,0.08980061497998414,368,0.9022683650322806,0.09137055837563451,0.9024597090519018,103418,5563,5639,1.0225102996134647,0.30678105564331454,1.002492879120691,0.30079780915773724,35611,0.3148045013746342,0.3121867255754289,0.1953981664569477,0.08845162580817723,-0.8229537950616668,0.034576918838774916,-0.8432420721890933,-0.008343405043912525,,0.9065288209060681,0.09335438874951005
6bba,random__random_nodes__s3__r0.1,random,random_nodes,3,0.1,preregistered_descriptive,0.9115967648894652,-0.9010737266091086,128,0.009654224868330662,0.0,0,0,125,0.10634896155784054,0.010523038280356632,128,0.010523038280356632,1054,118,108003,215410,0.10002521409927854,0.05153288257520001,0.100343308193442,0.8999920688463304,0.051696764309920616,0.0002471250491110736,0.051514668392025995,0.9996465522155211,2153557,110979,11136,0.009659827109400684,0.009650157612794677,56,0.9022683650322806,0.09137055837563451,0.9024597090519018,103418,5563,5639,1.0225102996134647,0.10227681163755427,1.002492879120691,0.10029275688996385,12118,0.1071242298070208,0.10634896155784054,0.021211576487506743,0.009654224868330662,-0.9017511960015133,0.04094857901346285,-0.9328852497850081,-0.009137055837563302,,0.8828696676306501,0.010191426370594432
6bba,random__random_tracklets__s3__r0.9,random,random_tracklets,3,0.9,preregistered_descriptive,0.9115967648894652,-0.07174227392772914,128,0.8227924409613923,0.08888888888888889,16,55,109,0.897408442985149,0.8309656020728472,128,0.839854490961736,94176,5402,14881,1940689,0.9011551586514776,0.05153288257520001,0.905018066481046,0.09905472398116498,0.051753784351846174,0.0030169536184856244,0.04951895071123889,0.9609194796929463,2153557,110979,100438,0.9050358738324082,0.9050165348391963,581,0.9022683650322806,0.09137055837563451,0.9024597090519018,103418,5563,5639,1.0225102996134647,0.9214404312709417,1.002492879120691,0.9043986968449653,101300,0.8955012773932338,0.897408442985149,0.9710587812331476,0.8316813298502811,-0.0797240910195629,0.008428100724657828,-0.07992220770371239,-0.00024816694867457745,,0.9892086818366036,0.9105917980021215
6bba,random__random_tracklets__s3__r0.8,random,random_tracklets,3,0.8,preregistered_descriptive,0.9115967648894652,-0.15899773808701745,128,0.7305662293101788,0.075,12,35,113,0.794180827406389,0.7450990268024478,128,0.7525990268024477,83465,5190,25592,1725594,0.8012762141888977,0.05153288257520001,0.7973580587318322,0.1985109014196765,0.05128089226086785,-0.0022887412141943896,0.052548935305154885,1.019716590246474,2153557,110979,88490,0.7970566052331316,0.7970372662399196,1037,0.9022683650322806,0.09137055837563451,0.9024597090519018,103418,5563,5639,1.0225102996134647,0.8193131818434326,1.002492879120691,0.8045865747889843,90065,0.79618284845431,0.794180827406389,0.9329498472047456,0.7380662293101787,-0.17333919155966526,0.016097310608065185,-0.17345799285751928,-0.0016370558375633504,,0.9792552529672857,0.8070398704128924
6bba,random__random_tracklets__s3__r0.7,random,random_tracklets,3,0.7,preregistered_descriptive,0.9115967648894652,-0.24555706109045594,128,0.6434234439888671,0.033783783783783786,5,23,120,0.6991763251443747,0.6626613254206308,128,0.6660397037990092,73284,4840,35773,1510137,0.7012291757311276,0.05153288257520001,0.6971769433856856,0.29855065510350154,0.0512350866179691,-0.002063603881948457,0.0522318236921451,1.0135630122364134,2153557,110979,77372,0.6963584675781779,0.6963487980815719,1269,0.9022683650322806,0.09137055837563451,0.9024597090519018,103418,5563,5639,1.0225102996134647,0.7170140545745383,1.002492879120691,0.7040717030870801,79306,0.7010723031090602,0.6991763251443748,0.8700341542333273,0.6468018223672455,-0.2646035985025985,0.022953523819473853,-0.2627519074507448,-0.005758677459185013,,0.9711989177980225,0.7086136678948017
6bba,random__random_tracklets__s3__r0.5,random,random_tracklets,3,0.5,preregistered_descriptive,0.9115967648894652,-0.41438934318463017,128,0.4721541279856987,0.014925373134328358,2,9,123,0.5145294617688323,0.49571488439140216,128,0.497207421704835,53352,3940,55705,1079150,0.5011012014077175,0.05153288257520001,0.4995269375287216,0.4988132644138926,0.05137098642450076,-0.0007339046821175369,0.05169549342102202,1.0031554773902802,2153557,110979,55437,0.4992361097681255,0.49921677077491344,1724,0.9022683650322806,0.09137055837563451,0.9024597090519018,103418,5563,5639,1.0225102996134647,0.5123811395880724,1.002492879120691,0.5032264545000612,58002,0.5127429920173973,0.5145294617688323,0.7082509437353945,0.4736466652991316,-0.4377587555707124,0.03416142749537632,-0.440906252155876,-0.007644518524130506,,0.9471262838783452,0.5158800301008257
6bba,random__random_tracklets__s3__r0.3,random,random_tracklets,3,0.3,preregistered_descriptive,0.9115967648894652,-0.5892832651764391,128,0.30126564150301643,0.0,0,4,125,0.32572389295333826,0.32231349971302603,128,0.32231349971302603,33658,2665,75399,648840,0.3012875907161965,0.05153288257520001,0.31083358112796117,0.6992310697559653,0.05316564946674064,0.004849670382636179,0.050828826948854836,0.9863377402706365,2153557,110979,34496,0.3115415111489296,0.31153184165232356,1440,0.9022683650322806,0.09137055837563451,0.9024597090519018,103418,5563,5639,1.0225102996134647,0.30806966465303703,1.002492879120691,0.30316895986957104,36624,0.3237595141485666,0.32572389295333826,0.4790580621966565,0.30126564150301643,-0.6101397793668275,0.04188435953099778,-0.6220305688698735,-0.009137055837563357,,0.9205087308304323,0.3254645057744668
6bba,random__random_tracklets__s3__r0.1,random,random_tracklets,3,0.1,preregistered_descriptive,0.9115967648894652,-0.7952922995365169,128,0.1067221318994723,0.0,0,0,125,0.11390848664833868,0.11630446535294829,128,0.11630446535294829,11750,1042,97307,217994,0.10122508946826111,0.05153288257520001,0.10693013993638437,0.8990848819482047,0.05443727809022267,0.004408806256908221,0.051205773203972176,0.9936524146354418,2153557,110979,11867,0.10681892900655592,0.1068092595099499,704,0.9022683650322806,0.09137055837563451,0.9024597090519018,103418,5563,5639,1.0225102996134647,0.10350369656059145,1.002492879120691,0.1024389314583122,12847,0.11356865657128208,0.11390848664833866,0.18730900593205105,0.1067221318994723,-0.8046832889703717,0.04520919253944918,-0.8313644362384027,-0.009137055837563302,,0.890517841452028,0.11361514808567592
6bba,random__random_nodes__s4__r0.9,random,random_nodes,4,0.9,preregistered_descriptive,0.9115967648894652,-0.1667169647241229,128,0.7314368959140235,0.06043956043956044,11,57,114,0.889835170717941,0.7388358441213863,128,0.7448798001653423,83849,5579,25208,1938260,0.9000272572307118,0.05153288257520001,0.8994674668180467,0.09994232778381046,0.05150083064191595,-0.00043499864094525116,0.05182143736327027,1.0055994303763076,2153557,110979,99822,0.8087276876365816,0.8086696706569456,218,0.9022683650322806,0.09137055837563451,0.9024597090519018,103418,5563,5639,1.0225102996134647,0.92028714045126,1.002492879120691,0.9022926870803287,100739,0.8905419860149751,0.889835170717941,1.0028761459644078,0.7374808519579795,-0.17392456891186447,0.008150248868156573,-0.17177411379867208,-0.00309309979360739,,0.9936587204657507,0.8107210008435175
6bba,random__random_nodes__s4__r0.8,random,random_nodes,4,0.8,preregistered_descriptive,0.9115967648894652,-0.3138476343066936,128,0.5812601252243969,0.04819277108433735,8,41,117,0.7970918281698548,0.5929298534743378,128,0.5977491305827716,66377,5138,42680,1722893,0.8000220100977128,0.05153288257520001,0.7990070193460024,0.19992284260380755,0.051467502624945365,-0.0005914950256760858,0.051794438355655455,1.0050755123211625,2153557,110979,88673,0.6381287590168055,0.6380804115337756,388,0.9022683650322806,0.09137055837563451,0.9024597090519018,103418,5563,5639,1.0225102996134647,0.8180307452423786,1.002492879120691,0.8020308888677654,90290,0.7981718690605635,0.7970918281698549,0.9236023728204207,0.5860794023328306,-0.3253260185370134,0.014807703507429326,-0.3243375590849933,-0.00431777872912964,,0.9814784936748588,0.6417758571255759
6bba,random__random_nodes__s4__r0.7,random,random_nodes,4,0.7,preregistered_descriptive,0.9115967648894652,-0.44568116971689675,128,0.44730466650809175,0.05161290322580645,8,30,117,0.7017316166316414,0.46075430484998775,128,0.4659155951725684,50774,4454,58283,1507544,0.700025121229668,0.05153288257520001,0.6980509826183332,0.29986761827455305,0.051387554857437,-0.0010041751398165513,0.05187202115127714,1.0065810131149222,2153557,110979,77469,0.4861242723703804,0.48607592488735035,505,0.9022683650322806,0.09137055837563451,0.9024597090519018,103418,5563,5639,1.0225102996134647,0.7157828964454998,1.002492879120691,0.7017876348125553,79607,0.7037331706756482,0.7017316166316414,0.8006471328419917,0.4524659568306724,-0.4589394640391716,0.020205251467121293,-0.46191065566903544,-0.003975765514982632,,0.9657853094133583,0.4909226871175893
6bba,random__random_nodes__s4__r0.5,random,random_nodes,4,0.5,preregistered_descriptive,0.9115967648894652,-0.6590068665026236,128,0.23704731635256726,0.03676470588235294,5,11,120,0.5109266037872067,0.24891342779860623,128,0.25258989838684154,26477,2638,82580,1076810,0.5000146269636698,0.05153288257520001,0.5003379017651988,0.500002937464322,0.05156620016530307,0.000150706827687626,0.05149956303569919,0.9993534314822736,2153557,110979,55527,0.2502949196464832,0.2502755806532712,594,0.9022683650322806,0.09137055837563451,0.9024597090519018,103418,5563,5639,1.0225102996134647,0.5112701060277369,1.002492879120691,0.5012723139796403,58143,0.5139894449306495,0.5109266037872067,0.4742045658817185,0.24072378694080254,-0.6706816339290415,0.028426502801115264,-0.6819727840544109,-0.005460585249327993,,0.9337985200278341,0.25600814515583054
6bba,random__random_nodes__s4__r0.3,random,random_nodes,4,0.3,preregistered_descriptive,0.9115967648894652,-0.8163990260877234,128,0.08823449265620883,0.007874015748031496,1,2,124,0.31276052987703684,0.09441033722693855,128,0.0951977388017417,9714,1036,99343,646126,0.3000273501003224,0.05153288257520001,0.3004712603285306,0.6999967687892458,0.051609128869601284,0.0002257902953907672,0.05150020133591521,0.9993658177526338,2153557,110979,33346,0.09033243729331451,0.0903227677967085,373,0.9022683650322806,0.09137055837563451,0.9024597090519018,103418,5563,5639,1.0225102996134647,0.30678105564331454,1.002492879120691,0.30079780915773724,35607,0.31476914100830083,0.3127605298770368,0.18623045119539816,0.08902189423101198,-0.822383526638832,0.03459836817284081,-0.8426477399978041,-0.008349654262760145,,0.9061152876832199,0.09392377079362874
6bba,random__random_nodes__s4__r0.1,random,random_nodes,4,0.1,preregistered_descriptive,0.9115967648894652,-0.9002340149219691,128,0.010424586634910457,0.0,0,0,125,0.10622569496979863,0.011362749967496096,128,0.011362749967496096,1138,108,107919,215410,0.10002521409927854,0.05153288257520001,0.10019913677362384,0.8999842356081383,0.05162248734970521,0.0001351192940319854,0.05152292369980192,0.999806747169954,2153557,110979,11120,0.010298013885397125,0.010298013885397125,73,0.9022683650322806,0.09137055837563451,0.9024597090519018,103418,5563,5639,1.0225102996134647,0.10227681163755427,1.002492879120691,0.10029275688996385,12135,0.10727451136393773,0.10622569496979861,0.019413985259751933,0.010424586634910457,-0.9009808342349336,0.04098316549369067,-0.9320801245780965,-0.009137055837563303,,0.8827888002463926,0.01100366828585872
6bba,random__random_tracklets__s4__r0.9,random,random_tracklets,4,0.9,preregistered_descriptive,0.9115967648894652,-0.07018344771182816,128,0.823727097354248,0.09550561797752809,17,53,108,0.8975163971689823,0.8318627553798842,128,0.841413317177637,94367,5504,14690,1941018,0.9013079291609184,0.05153288257520001,0.9062435235495003,0.09896023554547244,0.05181507847943708,0.0038573834573837583,0.048955721067662876,0.949989960220518,2153557,110979,100574,0.9065539847995513,0.9065443153029453,614,0.9022683650322806,0.09137055837563451,0.9024597090519018,103418,5563,5639,1.0225102996134647,0.9215966406903222,1.002492879120691,0.9047693280353497,101520,0.8974460975415706,0.8975163971689825,0.9893942117562466,0.8332776591520008,-0.07812776171784319,0.00840341770919295,-0.07900037138121052,0.00041350596018940866,,0.9893988186464516,0.9124189255804225
6bba,random__random_tracklets__s4__r0.8,random,random_tracklets,4,0.8,preregistered_descriptive,0.9115967648894652,-0.15382650006968446,128,0.7363704713946007,0.06748466257668712,11,38,114,0.8027662198365489,0.751021798562112,128,0.7577702648197807,84229,5327,24828,1725534,0.801248353305717,0.05153288257520001,0.8035754512114904,0.1988780844599325,0.05168255160431495,0.001359273315603073,0.05092950612467087,0.9882914283001993,2153557,110979,89180,0.8036415324218221,0.803564176448974,1126,0.9022683650322806,0.09137055837563451,0.9024597090519018,103418,5563,5639,1.0225102996134647,0.819284693803424,1.002492879120691,0.8045881932397778,90890,0.8034759240105728,0.8027662198365488,0.9575768470249865,0.7431189376522693,-0.16828648321757467,0.016149184862245036,-0.16758709535203464,-0.002388589579894851,,0.9812485412353348,0.8144338066273885
6bba,random__random_tracklets__s4__r0.7,random,random_tracklets,4,0.7,preregistered_descriptive,0.9115967648894652,-0.23998346749164734,128,0.6487636290273063,0.03424657534246575,5,21,120,0.7035106704451586,0.6681886398635712,128,0.6716132973978178,73961,4946,35096,1510070,0.7011980644115758,0.05153288257520001,0.7010425395795601,0.29879348548745754,0.051521452647890494,-7.919882930862093e-05,0.05155970516886899,1.0005204947274169,2153557,110979,77801,0.7006613935678508,0.7006033765882148,1506,0.9022683650322806,0.09137055837563451,0.9024597090519018,103418,5563,5639,1.0225102996134647,0.716982242929862,1.002492879120691,0.7039897110655768,80022,0.7074018086827379,0.7035106704451586,0.8890886212475283,0.6521882865615529,-0.2592171343082911,0.023038187854062253,-0.25730925704239277,-0.0057123983033168235,,0.9720426981328617,0.7151814981922443
6bba,random__random_tracklets__s4__r0.5,random,random_tracklets,4,0.5,preregistered_descriptive,0.9115967648894652,-0.42046960383949467,128,0.4663475152201614,0.015267175572519083,2,6,123,0.5040376427887426,0.4896004434927186,128,0.4911271610499705,52701,3951,56356,1079165,0.5011081666285128,0.05153288257520001,0.49191288441957487,0.4983922278610658,0.05058725959422331,-0.004286740593030342,0.052482706498186885,1.0184314145749722,2153557,110979,54592,0.49108472412926185,0.4910170376530198,1921,0.9022683650322806,0.09137055837563451,0.9024597090519018,103418,5563,5639,1.0225102996134647,0.5123882615980746,1.002492879120691,0.5033738382417299,57319,0.5067052094659701,0.5040376427887425,0.7102282940859249,0.4678742327774133,-0.4435311880924307,0.03400886669796449,-0.4468681322571478,-0.0076103382803113795,,0.9471976522052261,0.5095743915035731
6bba,random__random_tracklets__s4__r0.3,random,random_tracklets,4,0.3,preregistered_descriptive,0.9115967648894652,-0.5973432482676517,128,0.293748769971195,0.0,0,2,125,0.3120769541388629,0.3142535166218134,128,0.3142535166218134,32837,2729,76220,648564,0.30115943065356526,0.05153288257520001,0.30201209237783727,0.6988868968528986,0.05167878574820681,0.00043323203085983284,0.0514700068372411,0.9987798909197996,2153557,110979,33517,0.3014175482024406,0.30135953122280457,1671,0.9022683650322806,0.09137055837563451,0.9024597090519018,103418,5563,5639,1.0225102996134647,0.30793861966899744,1.002492879120691,0.3028434058294002,35900,0.31735928784222206,0.3120769541388628,0.49056264605428723,0.293748769971195,-0.617656650898649,0.041672916663368864,-0.6298791090934573,-0.009137055837563302,,0.9210186759631217,0.31750151924998593
6bba,random__random_tracklets__s4__r0.1,random,random_tracklets,4,0.1,preregistered_descriptive,0.9115967648894652,-0.8033038270758767,128,0.09937255615167773,0.0,0,0,125,0.10694875191846652,0.10829293781358854,128,0.10829293781358854,10928,913,98129,218137,0.10129149123984181,0.05153288257520001,0.09951432252948757,0.898611950192355,0.05062873331896927,-0.0013729787880892483,0.05163478728131362,1.0019774695499502,2153557,110979,11044,0.09947011158599084,0.09947011158599084,641,0.9022683650322806,0.09137055837563451,0.9024597090519018,103418,5563,5639,1.0225102996134647,0.1035715930559453,1.002492879120691,0.10266655069462273,11967,0.10578937597793513,0.10694875191846653,0.16412007909401402,0.09937255615167773,-0.8120328647181663,0.04485172417196103,-0.8390184954102744,-0.009137055837563302,,0.8894981517241262,0.10566773790782671
6bba,random__random_nodes__s5__r0.9,random,random_nodes,5,0.9,preregistered_descriptive,0.9115967648894652,-0.16433659700167114,128,0.7314284219064814,0.08379888268156424,15,54,110,0.8885571509669814,0.7388802796196376,128,0.747260167887794,83859,5594,25198,1938260,0.9000272572307118,0.05153288257520001,0.899557573955433,0.09994722355768054,0.05150598990847461,-0.0003649787166740983,0.05177498989767623,1.0046981133283768,2153557,110979,99832,0.8088147131060357,0.8087760351196117,217,0.9022683650322806,0.09137055837563451,0.9024597090519018,103418,5563,5639,1.0225102996134647,0.92028714045126,1.002492879120691,0.9022926870803287,100734,0.8904977855570584,0.8885571509669814,1.0055725328060399,0.7398083101746378,-0.17159711069520622,0.008147268253289153,-0.17172669768555338,-0.0007571675694069135,,0.9912251971313277,0.8108758480710911
6bba,random__random_nodes__s5__r0.8,random,random_nodes,5,0.8,preregistered_descriptive,0.9115967648894652,-0.312537055162024,128,0.5792511741400572,0.08125,13,35,112,0.7958175085580615,0.5909347097274411,128,0.5990597097274412,66231,5282,42826,1722893,0.8000220100977128,0.05153288257520001,0.7987997729300138,0.19991158232390635,0.05145415298570486,-0.0007122697459776168,0.05184784425909758,1.0061118584515034,2153557,110979,88650,0.6371134618731749,0.6370264364037208,351,0.9022683650322806,0.09137055837563451,0.9024597090519018,103418,5563,5639,1.0225102996134647,0.8180307452423786,1.002492879120691,0.8020308888677654,90264,0.7979420266793964,0.7958175085580615,0.9494876865000899,0.5873761741400573,-0.3240292467297867,0.01478088080402784,-0.3263058801284885,-0.0010120558375633637,,0.9791335762230494,0.6404229087563663
6bba,random__random_nodes__s5__r0.7,random,random_nodes,5,0.7,preregistered_descriptive,0.9115967648894652,-0.44265066948460413,128,0.44791969356756045,0.07534246575342465,11,21,114,0.701618068312238,0.4614118488295186,128,0.46894609540486104,50868,4508,58189,1507544,0.700025121229668,0.05153288257520001,0.6982492183205832,0.2998783889770672,0.05140214812967316,-0.0009033395840553924,0.05183796610904115,1.0059201721036262,2153557,110979,77491,0.48720725599025316,0.4871395695140111,489,0.9022683650322806,0.09137055837563451,0.9024597090519018,103418,5563,5639,1.0225102996134647,0.7157828964454998,1.002492879120691,0.7017876348125553,79614,0.7037950513167316,0.701618068312238,0.8103541254718677,0.4554539401429029,-0.4559514807269411,0.0202093285618212,-0.4612571887842044,-0.0016028092622208945,,0.9637152265586387,0.4918571618927314
6bba,random__random_nodes__s5__r0.5,random,random_nodes,5,0.5,preregistered_descriptive,0.9115967648894652,-0.6620150104679114,128,0.2362567026828635,0.014925373134328358,2,9,123,0.5104896757745662,0.24808921710812087,128,0.2495817544215537,26392,2652,82665,1076810,0.5000146269636698,0.05153288257520001,0.4997522053721875,0.4999711149341665,0.05150583668428042,-0.00012233779243539443,0.05155993004856294,1.0005248585371382,2153557,110979,55462,0.24968574136030477,0.24964706337388076,574,0.9022683650322806,0.09137055837563451,0.9024597090519018,103418,5563,5639,1.0225102996134647,0.5112701060277369,1.002492879120691,0.5012723139796403,58025,0.5129463141238143,0.5104896757745662,0.47672119360057524,0.23774923999629632,-0.6736561808735477,0.02840376769146885,-0.6827742596352497,-0.007644518524130506,,0.9361620264971623,0.2551924243431009
6bba,random__random_nodes__s5__r0.3,random,random_nodes,5,0.3,preregistered_descriptive,0.9115967648894652,-0.8179289751028029,128,0.08754022069115963,0.0,0,3,125,0.3123913460066636,0.09366778978666218,128,0.09366778978666218,9631,961,99426,646126,0.3000273501003224,0.05153288257520001,0.30085872101929195,0.7000178206168871,0.05167567935665799,0.0004228681238797096,0.05147167598384271,0.9988122808525609,2153557,110979,33389,0.08950086058519793,0.08950086058519793,375,0.9022683650322806,0.09137055837563451,0.9024597090519018,103418,5563,5639,1.0225102996134647,0.30678105564331454,1.002492879120691,0.30079780915773724,35609,0.31478682119146756,0.31239134600666363,0.1727485169872371,0.08754022069115963,-0.8238652001786844,0.03457369624229276,-0.8433656155075324,-0.009137055837563315,,0.9062808135550979,0.09312156865986386
6bba,random__random_nodes__s5__r0.1,random,random_nodes,5,0.1,preregistered_descriptive,0.9115967648894652,-0.9008221414006532,128,0.009885025880628465,0.0,0,0,125,0.10503359329321715,0.010774623488812005,128,0.010774623488812005,1079,98,107978,215410,0.10002521409927854,0.05153288257520001,0.09946926896079439,0.8999445798397907,0.05124646023861473,-0.0004319098410558987,0.05156471619541758,1.0006177341267708,2153557,110979,11039,0.009824208551702799,0.009824208551702799,63,0.9022683650322806,0.09137055837563451,0.9024597090519018,103418,5563,5639,1.0225102996134647,0.10227681163755427,1.002492879120691,0.10029275688996385,12008,0.10615181973285243,0.10503359329321715,0.017616394031997124,0.009885025880628465,-0.9015203949892155,0.040958911435495904,-0.9326439969985858,-0.009137055837563302,,0.8827079328621351,0.010433171763537665
6bba,random__random_tracklets__s5__r0.9,random,random_tracklets,5,0.9,preregistered_descriptive,0.9115967648894652,-0.07498493578813104,128,0.8213171349910414,0.07142857142857142,13,57,112,0.8919583183636332,0.829468971958477,128,0.8366118291013341,93971,5358,15086,1941194,0.9013896544182485,0.05153288257520001,0.9033150415844439,0.09871495727458143,0.05164295789086511,0.0015053296861070346,0.0505266925029313,0.9804747954706315,2153557,110979,100249,0.9032856949467211,0.9032856949467211,555,0.9022683650322806,0.09137055837563451,0.9024597090519018,103418,5563,5639,1.0225102996134647,0.9216802056076807,1.002492879120691,0.9048363953891827,101051,0.89330009458898,0.891958318363633,0.9631493798310264,0.8284599921338985,-0.08294542873594546,0.008385383548341063,-0.0813761206417658,-0.001994198694706295,,0.9907802109380425,0.908638279921969
6bba,random__random_tracklets__s5__r0.8,random,random_tracklets,5,0.8,preregistered_descriptive,0.9115967648894652,-0.1566172903224431,128,0.7354208258905117,0.049689440993788817,8,36,117,0.7973878168683363,0.7500105304676432,128,0.7549794745670221,83988,5147,25069,1725498,0.8012316367758086,0.05153288257520001,0.8023590048567747,0.1988296162986187,0.051605391602887976,0.0006584823488366133,0.05124060001074618,0.9943282318036971,2153557,110979,89045,0.8019977179988009,0.8019687095089829,1050,0.9022683650322806,0.09137055837563451,0.9024597090519018,103418,5563,5639,1.0225102996134647,0.8192676009794189,1.002492879120691,0.8042114505029363,90596,0.8008769370850682,0.7973878168683363,0.9252202049253999,0.7403897699898906,-0.1710156508799534,0.016169918318586052,-0.1686190969028446,-0.004168111738184543,,0.9816060212201927,0.8120364672286481
6bba,random__random_tracklets__s5__r0.7,random,random_tracklets,5,0.7,preregistered_descriptive,0.9115967648894652,-0.2460591097115632,128,0.6436063300360738,0.027586206896551724,4,20,121,0.7036183931290759,0.6627790344882468,128,0.665537655177902,73328,4876,35729,1509801,0.7010731547853156,0.05153288257520001,0.6958343470386289,0.2986422060748721,0.05114780027301611,-0.0026674691874972434,0.0524360161303351,1.0175253839879261,2153557,110979,77223,0.695053085536367,0.694995068556731,1453,0.9022683650322806,0.09137055837563451,0.9024597090519018,103418,5563,5639,1.0225102996134647,0.7168545215504901,1.002492879120691,0.7036685276125834,79384,0.7017618302525614,0.7036183931290759,0.8765054826532447,0.646364950725729,-0.265040470144115,0.02301469155600855,-0.2626953661196636,-0.006378435147908146,,0.9721218973766891,0.7089293254911552
6bba,random__random_tracklets__s5__r0.5,random,random_tracklets,5,0.5,preregistered_descriptive,0.9115967648894652,-0.42212793627473394,128,0.46558163409798925,0.007407407407407408,1,10,124,0.5103568875709885,0.48872808787399047,128,0.48946882861473123,52607,3935,56450,1079234,0.5011402066441706,0.05153288257520001,0.4931022986330747,0.4984230712364473,0.050706334307481046,-0.003747185865060252,0.05236320920244657,1.0161125593165663,2153557,110979,54724,0.4921580382525286,0.4920806822796805,1717,0.9022683650322806,0.09137055837563451,0.9024597090519018,103418,5563,5639,1.0225102996134647,0.5124210228440845,1.002492879120691,0.5035580122102591,57255,0.5061394436046357,0.5103568875709885,0.7073521481215171,0.46632237483873,-0.445083046031114,0.03400091493298743,-0.44773253611089875,-0.008396315096822593,,0.9479026865334913,0.5086058116737994
6bba,random__random_tracklets__s5__r0.3,random,random_tracklets,5,0.3,preregistered_descriptive,0.9115967648894652,-0.6056486345745009,128,0.28601217111150884,0.0,0,3,125,0.3131770875324826,0.3059481303149642,128,0.3059481303149642,31959,2683,77098,648418,0.3010916358378255,0.05153288257520001,0.2948125321006677,0.6985672028191824,0.050458192092138095,-0.0031905773086077743,0.05199586217618439,1.008984158809839,2153557,110979,32718,0.29386567135314934,0.2938366628633313,1571,0.9022683650322806,0.09137055837563451,0.9024597090519018,103418,5563,5639,1.0225102996134647,0.3078692987716432,1.002492879120691,0.30277946628601415,34968,0.309120322486541,0.3131770875324825,0.4822937264066151,0.28601217111150884,-0.6253932497583352,0.04143818928336243,-0.6379497680203001,-0.009137055837563302,,0.9206358457267906,0.30898180703306977
6bba,random__random_tracklets__s5__r0.1,random,random_tracklets,5,0.1,preregistered_descriptive,0.9115967648894652,-0.7975378579323236,128,0.10466890725769824,0.0,0,0,125,0.11340665719609777,0.11405890695714162,128,0.11405890695714162,11523,1033,97534,217846,0.10115636595641536,0.05153288257520001,0.10469548292920282,0.8990359242095038,0.05333584275130138,0.002735818692968522,0.05132997642726626,0.9960625888210765,2153557,110979,11619,0.10421783441954012,0.10421783441954012,745,0.9022683650322806,0.09137055837563451,0.9024597090519018,103418,5563,5639,1.0225102996134647,0.10343342606190356,1.002492879120691,0.10239183879674477,12654,0.11186251889569576,0.11340665719609778,0.18569117382707173,0.10466890725769824,-0.8067365136121457,0.04515995013395109,-0.8335607522287114,-0.009137055837563302,,0.8904366157922629,0.1114113509652446
6bba,random__random_nodes__s6__r0.9,random,random_nodes,6,0.9,preregistered_descriptive,0.9115967648894652,-0.16673282414450774,128,0.7319236908905347,0.055248618784530384,10,56,115,0.8889368024565211,0.7393390788665044,128,0.7448639407449574,83907,5582,25150,1938260,0.9000272572307118,0.05153288257520001,0.8997918525126375,0.09995995256974274,0.051519404001527144,-0.0001829269135691008,0.05165422648713173,1.002354689003757,2153557,110979,99858,0.8094915778684562,0.8094625693786381,194,0.9022683650322806,0.09137055837563451,0.9024597090519018,103418,5563,5639,1.0225102996134647,0.92028714045126,1.002492879120691,0.9022926870803287,100729,0.8904535850991416,0.8889368024565212,1.0034154233327341,0.7374485527689877,-0.1739568681008563,0.008152047504061899,-0.17127267768945925,-0.003612193959110388,,0.994254338730636,0.8112944287460151
6bba,random__random_nodes__s6__r0.8,random,random_nodes,6,0.8,preregistered_descriptive,0.9115967648894652,-0.3148286728620008,128,0.5813884372650828,0.03680981595092025,6,38,119,0.7978151103697173,0.5930871104323724,128,0.5967680920274644,66512,5345,42545,1722893,0.8000220100977128,0.05153288257520001,0.8008271835212067,0.20002173723598315,0.05158474728262289,0.00046922208305909946,0.051325395203685474,0.995973689785124,2153557,110979,88875,0.6395985225009186,0.6395791835077066,368,0.9022683650322806,0.09137055837563451,0.9024597090519018,103418,5563,5639,1.0225102996134647,0.8180307452423786,1.002492879120691,0.8020308888677654,90497,0.8000017680183167,0.7978151103697173,0.9608125112349452,0.5850694188601748,-0.32633600200966917,0.014805703895095557,-0.32417830251462504,-0.005456074242471298,,0.984491911273996,0.6431097174926229
6bba,random__random_nodes__s6__r0.7,random,random_nodes,6,0.7,preregistered_descriptive,0.9115967648894652,-0.4448180288665884,128,0.45057622943608694,0.02631578947368421,4,27,121,0.7040494776378255,0.46414715707550835,128,0.4667787360228768,51217,4613,57840,1507544,0.700025121229668,0.05153288257520001,0.7005469503239352,0.30000323121075423,0.05157129742150146,0.00026543617590349443,0.051443237210396696,0.9982604240181501,2153557,110979,77746,0.4902047999381152,0.49018546094490323,523,0.9022683650322806,0.09137055837563451,0.9024597090519018,103418,5563,5639,1.0225102996134647,0.7157828964454998,1.002492879120691,0.7017876348125553,79901,0.7063321576011528,0.7040494776378255,0.8292288333632932,0.45320780838345537,-0.45819761248638863,0.020249372527100268,-0.45856192450349376,-0.006505476890194872,,0.9698372510836463,0.4952304113274102
6bba,random__random_nodes__s6__r0.5,random,random_nodes,6,0.5,preregistered_descriptive,0.9115967648894652,-0.6614588441908469,128,0.23754203334048796,0.007142857142857143,1,15,124,0.5128551661867857,0.2494236349843326,128,0.2501379206986183,26561,2759,82496,1076810,0.5000146269636698,0.05153288257520001,0.5010587588642896,0.5000421036552827,0.05164049368040787,0.0004867617447621127,0.05142526517371304,0.9979116751070557,2153557,110979,55607,0.2509040979326616,0.25089442843605564,614,0.9022683650322806,0.09137055837563451,0.9024597090519018,103418,5563,5639,1.0225102996134647,0.5112701060277369,1.002492879120691,0.5012723139796403,58240,0.5148469338142343,0.5128551661867857,0.4959554197375517,0.23825631905477368,-0.6731491018150704,0.028443499828782887,-0.6814795738963522,-0.008422770123277634,,0.9378600264181542,0.25681079858681777
6bba,random__random_nodes__s6__r0.3,random,random_nodes,6,0.3,preregistered_descriptive,0.9115967648894652,-0.8167802289765336,128,0.08786747677301583,0.007936507936507936,1,1,124,0.313746968465969,0.09402288511928077,128,0.09481653591293156,9675,1052,99382,646126,0.3000273501003224,0.05153288257520001,0.3004352174735761,0.6999948104796977,0.051602938126619265,0.00020745747413598186,0.05150285485703823,0.9994173095572918,2153557,110979,33342,0.08950086058519793,0.08950086058519793,419,0.9022683650322806,0.09137055837563451,0.9024597090519018,103418,5563,5639,1.0225102996134647,0.30678105564331454,1.002492879120691,0.30079780915773724,35655,0.3151934654043016,0.31374696846596895,0.18910659715980585,0.08866112756666662,-0.8227442933031773,0.03457940735199131,-0.8430162312846123,-0.00834340504391251,,0.9062407570194133,0.09355190959380352
6bba,random__random_nodes__s6__r0.1,random,random_nodes,6,0.1,preregistered_descriptive,0.9115967648894652,-0.9007625852590817,128,0.009939538292414804,0.0,0,0,125,0.10759136173952559,0.010834179630383424,128,0.010834179630383424,1085,103,107972,215410,0.10002521409927854,0.05153288257520001,0.10124437956730553,0.9000410265850313,0.05216099531126689,0.000947161018355375,0.051463072718426414,0.9986453337503152,2153557,110979,11236,0.009891895027944846,0.009891895027944846,62,0.9022683650322806,0.09137055837563451,0.9024597090519018,103418,5563,5639,1.0225102996134647,0.10227681163755427,1.002492879120691,0.10029275688996385,12238,0.10818504079702265,0.1075913617395256,0.01851518964587453,0.009939538292414804,-0.9014658825774292,0.040960745828054576,-0.932586275249573,-0.009137055837563305,,0.8827483665542638,0.010491321097257408
6bba,random__random_tracklets__s6__r0.9,random,random_tracklets,6,0.9,preregistered_descriptive,0.9115967648894652,-0.07602946132014676,128,0.821422639497172,0.06043956043956044,11,57,114,0.8899278653992752,0.8295233475253624,128,0.8355673035693184,93965,5336,15092,1940735,0.9011765186619161,0.05153288257520001,0.9030266987448076,0.09892400681883384,0.05163868328236467,0.0014451404991285006,0.05056808036763116,0.981277930529872,2153557,110979,100217,0.903082635517995,0.9030632965247829,572,0.9022683650322806,0.09137055837563451,0.9024597090519018,103418,5563,5639,1.0225102996134647,0.9214622721016149,1.002492879120691,0.9044669073811038,101042,0.8932205337647298,0.8899278653992752,0.9591946791299658,0.827466595541128,-0.083938825328716,0.008415715116025901,-0.08135207664256516,-0.003093099793607501,,0.9917627135079784,0.9084951402324339
6bba,random__random_tracklets__s6__r0.8,random,random_tracklets,6,0.8,preregistered_descriptive,0.9115967648894652,-0.1517335854989954,128,0.7416532371076233,0.03488372093023256,6,47,119,0.8017147511591869,0.7563748072974465,128,0.7598631793904698,84679,5119,24378,1725470,0.8012186350303242,0.05153288257520001,0.809414393714126,0.19922666355948218,0.052060018429761164,0.004786927898146355,0.04940818104731048,0.9587699848773444,2153557,110979,89828,0.8094915778684562,0.8094625693786381,966,0.9022683650322806,0.09137055837563451,0.9024597090519018,103418,5563,5639,1.0225102996134647,0.8192543065607482,1.002492879120691,0.804177261982716,91262,0.8067644380795785,0.8017147511591869,0.9201869494876865,0.7451416092006465,-0.16626381166919746,0.016231877584519716,-0.16231677933897493,-0.005648683744540195,,0.982965914095239,0.8187245704934288
6bba,random__random_tracklets__s6__r0.7,random,random_tracklets,6,0.7,preregistered_descriptive,0.9115967648894652,-0.22935099238979095,128,0.6587817963104426,0.038461538461538464,6,31,119,0.7086616474913463,0.6783996186535204,128,0.6822457724996742,75028,4832,34029,1510340,0.7013234383858891,0.05153288257520001,0.7124681246001496,0.2992820837196915,0.052351788339049486,0.005675958031246986,0.049610007198192835,0.9626864386209875,2153557,110979,79069,0.7121680945289989,0.7121294165425748,1381,0.9022683650322806,0.09137055837563451,0.9024597090519018,103418,5563,5639,1.0225102996134647,0.7171104391099007,1.002492879120691,0.703986026413784,81073,0.7166927449368375,0.7086616474913462,0.8685960812511235,0.6626279501565965,-0.24877747071324752,0.023208382138289296,-0.24726847253667078,-0.005290901991409469,,0.9706202625550145,0.7253847124574222
6bba,random__random_tracklets__s6__r0.5,random,random_tracklets,6,0.5,preregistered_descriptive,0.9115967648894652,-0.39728415365225467,128,0.4892240997965142,0.0072992700729927005,1,12,124,0.5253209093860458,0.5135826842299113,128,0.5143126112372105,55297,3973,53760,1079369,0.5012028936313272,0.05153288257520001,0.5178457185593671,0.4997013577939251,0.05324407130462335,0.007758707434727043,0.0498134404778307,0.9666340788357766,2153557,110979,57470,0.5179465857007485,0.5179079077143244,1736,0.9022683650322806,0.09137055837563451,0.9024597090519018,103418,5563,5639,1.0225102996134647,0.5124851209341038,1.002492879120691,0.5034303433566907,60017,0.5305557765578451,0.5253209093860458,0.7141829947869854,0.4899540268038135,-0.4214513940660305,0.03459549980672358,-0.4234725246287141,-0.008407128830264177,,0.9482125873857966,0.5346396922106254
6bba,random__random_tracklets__s6__r0.3,random,random_tracklets,6,0.3,preregistered_descriptive,0.9115967648894652,-0.5789974505341884,128,0.3109017978654824,0.0,0,3,125,0.33057251777366964,0.33259931435527673,128,0.33259931435527673,34724,2631,74333,648720,0.3012318689498351,0.05153288257520001,0.3208715162328008,0.6998352082515331,0.05489271180170181,0.009978097870725297,0.050084494201033065,0.9718938995494117,2153557,110979,35610,0.32151076214972246,0.32148175365990445,1477,0.9022683650322806,0.09137055837563451,0.9024597090519018,103418,5563,5639,1.0225102996134647,0.30801268857301983,1.002492879120691,0.30310623382740776,37766,0.3338548987367509,0.33057251777366964,0.4729462520222901,0.3109017978654824,-0.6005036230043617,0.04225434415494819,-0.6121147388515733,-0.009137055837563302,,0.9202303297083024,0.33574930111453793
6bba,random__random_tracklets__s6__r0.1,random,random_tracklets,6,0.1,preregistered_descriptive,0.9115967648894652,-0.7937981498326013,128,0.10809705561613958,0.0,0,0,125,0.11516657518859745,0.11779861505686383,128,0.11779861505686383,11895,983,97162,218046,0.10124923556701773,0.05153288257520001,0.10780417916903198,0.8991069129306201,0.054869156049640905,0.0050650591935650245,0.0511570329489215,0.992706605811735,2153557,110979,11964,0.10784389564679263,0.10784389564679263,742,0.9022683650322806,0.09137055837563451,0.9024597090519018,103418,5563,5639,1.0225102996134647,0.10352838619526557,1.002492879120691,0.10260141439122691,13015,0.11505379195728467,0.11516657518859746,0.1767032176882977,0.10809705561613958,-0.8033083652537044,0.04527645839997582,-0.8299375523950139,-0.009137055837563302,,0.8900522028491209,0.11501457756560862
6bba,random__random_nodes__s7__r0.9,random,random_nodes,7,0.9,preregistered_descriptive,0.9115967648894652,-0.1631626151926462,128,0.7336533845415266,0.07303370786516854,13,53,112,0.8898563541767434,0.7411307789103021,128,0.748434149696819,84051,5508,25006,1938260,0.9000272572307118,0.05153288257520001,0.9006118274628533,0.10000450411196048,0.051566353327211004,0.00045425439729839044,0.05123155455022597,0.9941527038675874,2153557,110979,99949,0.8110193583322052,0.8110000193389932,179,0.9022683650322806,0.09137055837563451,0.9024597090519018,103418,5563,5639,1.0225102996134647,0.92028714045126,1.002492879120691,0.9022926870803287,100787,0.8909663104109758,0.8898563541767434,0.9901132482473486,0.7409567553280435,-0.1704486655418005,0.00815820104176529,-0.16948713118336495,-0.0018336850510465297,,0.991662202463673,0.8127355406116546
6bba,random__random_nodes__s7__r0.8,random,random_nodes,7,0.8,preregistered_descriptive,0.9115967648894652,-0.31336758749381977,128,0.5815893355740531,0.049079754601226995,8,38,117,0.7976381957976157,0.5933212019355227,128,0.5982291773956454,66446,5192,42611,1722893,0.8000220100977128,0.05153288257520001,0.7999171014336045,0.19997228991989535,0.05152612495378413,-6.113647130849315e-05,0.051559916779670464,1.0005246010531432,2153557,110979,88774,0.6390376916977702,0.6390183527045582,360,0.9022683650322806,0.09137055837563451,0.9024597090519018,103418,5563,5639,1.0225102996134647,0.8180307452423786,1.002492879120691,0.8020308888677654,90363,0.798817195746148,0.7976381957976157,0.9333093654502966,0.5864973110341758,-0.3249081098356682,0.014804050652614698,-0.32394255776899383,-0.0042290803774406305,,0.9818465598693235,0.6425031254490027
6bba,random__random_nodes__s7__r0.7,random,random_nodes,7,0.7,preregistered_descriptive,0.9115967648894652,-0.4454678565850401,128,0.4500079268614913,0.025806451612903226,4,30,121,0.7048839247824187,0.46354826314313474,128,0.46612890830442505,51093,4481,57964,1507544,0.700025121229668,0.05153288257520001,0.7002766289117761,0.29998854388914403,0.05155139750481578,0.000127933145320096,0.05148967590435487,0.9991615708517355,2153557,110979,77716,0.48914115531145447,0.4891218163182425,509,0.9022683650322806,0.09137055837563451,0.9024597090519018,103418,5563,5639,1.0225102996134647,0.7157828964454998,1.002492879120691,0.7017876348125553,79874,0.7060934751284024,0.7048839247824187,0.8055006291569297,0.45258857202278163,-0.45881684884706236,0.02024374023691311,-0.4591551861456802,-0.00655641067627305,,0.9687653031355842,0.4940170629714672
6bba,random__random_nodes__s7__r0.5,random,random_nodes,7,0.5,preregistered_descriptive,0.9115967648894652,-0.6635328526429218,128,0.23624042111294136,0.0,0,7,125,0.5112074418720244,0.24806391224654334,128,0.24806391224654334,26389,2647,82668,1076810,0.5000146269636698,0.05153288257520001,0.4990944232692672,0.4999353757849149,0.051438043851747293,-0.00042898790426586355,0.0516277268476253,1.0018404612295244,2153557,110979,55389,0.24947301243497264,0.24944400394515462,592,0.9022683650322806,0.09137055837563451,0.9024597090519018,103418,5563,5639,1.0225102996134647,0.5112701060277369,1.002492879120691,0.5012723139796403,58022,0.5129197938490643,0.5112074418720243,0.47582239798669784,0.23624042111294136,-0.6751649997569027,0.028407465347864896,-0.6828032621532234,-0.00913705583756333,,0.9376553271032899,0.25515497393001163
6bba,random__random_nodes__s7__r0.3,random,random_nodes,7,0.3,preregistered_descriptive,0.9115967648894652,-0.81761053984942,128,0.0878385130408714,0.0,0,0,125,0.31180575532817,0.09398622504004513,128,0.09398622504004513,9669,1020,99388,646126,0.3000273501003224,0.05153288257520001,0.29925481397381487,0.6999306758419996,0.05140019129395815,-0.00039294242195823806,0.051589757673817245,1.0011036661598396,2153557,110979,33211,0.08992631843586223,0.08992631843586223,369,0.9022683650322806,0.09137055837563451,0.9024597090519018,103418,5563,5639,1.0225102996134647,0.30678105564331454,1.002492879120691,0.30079780915773724,35473,0.3135845687361321,0.31180575532816995,0.18335430523099047,0.0878385130408714,-0.8235669078289726,0.03458498047209617,-0.8430584644839529,-0.009137055837563315,,0.9067668300978431,0.09348825559155859
6bba,random__random_nodes__s7__r0.1,random,random_nodes,7,0.1,preregistered_descriptive,0.9115967648894652,-0.9000025837429949,128,0.010637128250233632,0.0,0,0,125,0.10826667036900968,0.011594181146470284,128,0.011594181146470284,1161,89,107896,215410,0.10002521409927854,0.05153288257520001,0.10152371169320322,0.9000562034840285,0.05230490692168423,0.0011641721688211083,0.051447078059610546,0.9983349560261013,2153557,110979,11267,0.010617107273395347,0.010617107273395347,63,0.9022683650322806,0.09137055837563451,0.9024597090519018,103418,5563,5639,1.0225102996134647,0.10227681163755427,1.002492879120691,0.10029275688996385,12238,0.10818504079702265,0.10826667036900968,0.015998561927017797,0.010637128250233632,-0.9007682926196103,0.04099379037986306,-0.9318593182852947,-0.009137055837563302,,0.8826351522163034,0.011225831678197146
6bba,random__random_tracklets__s7__r0.9,random,random_tracklets,7,0.9,preregistered_descriptive,0.9115967648894652,-0.0727051801862536,128,0.8209728275584981,0.09714285714285714,17,50,108,0.8961560922111589,0.8291772989889259,128,0.8388915847032116,93994,5434,15063,1940913,0.9012591726153522,0.05153288257520001,0.9029005487524667,0.09883000796052831,0.05162673442859108,0.0012825253675181718,0.050676247625138726,0.9833769254259894,2153557,110979,100203,0.9028215591096328,0.9028118896130267,627,0.9022683650322806,0.09137055837563451,0.9024597090519018,103418,5563,5639,1.0225102996134647,0.9215467866203071,1.002492879120691,0.9047629346455079,101102,0.8937509392597307,0.8961560922111589,0.9768110731619629,0.8306871132727838,-0.08071830759706022,0.008395577208517135,-0.08167798727149311,0.0005772298767223738,,0.9886019564968491,0.9089058929417381
6bba,random__random_tracklets__s7__r0.8,random,random_tracklets,7,0.8,preregistered_descriptive,0.9115967648894652,-0.14469575558012993,128,0.7440318766967335,0.08024691358024691,13,37,112,0.8115158675280904,0.7588763179513106,128,0.7669010093093352,84961,5133,24096,1725548,0.8012548541784592,0.05153288257520001,0.8103154650879896,0.19923743426199636,0.05211561776316857,0.005292427989794292,0.04918354520582511,0.9544109071339723,2153557,110979,89928,0.810709934440813,0.810700264944207,1120,0.9022683650322806,0.09137055837563451,0.9024597090519018,103418,5563,5639,1.0225102996134647,0.8192913410127594,1.002492879120691,0.8041897610553586,91519,0.8090363416164992,0.8115158675280904,0.9227035772065433,0.7520565680547582,-0.15934885281508582,0.016243421553959914,-0.15982681265455095,-0.0011123644795388854,,0.9781786740140789,0.8215356053813123
6bba,random__random_tracklets__s7__r0.7,random,random_tracklets,7,0.7,preregistered_descriptive,0.9115967648894652,-0.22967897780353064,128,0.6560269679492244,0.06206896551724138,9,20,116,0.7134754040310539,0.6757108905342104,128,0.6819177870859345,74730,4856,34327,1510124,0.7012231392064384,0.05153288257520001,0.707962767730832,0.29914304374178124,0.05202817781851027,0.003432143510959705,0.05037043483936945,0.9774426021262396,2153557,110979,78569,0.7082809568933841,0.7082712873967781,1482,0.9022683650322806,0.09137055837563451,0.9024597090519018,103418,5563,5639,1.0225102996134647,0.7170078821658697,1.002492879120691,0.7039495386206998,80707,0.7134572714173318,0.7134754040310538,0.8729103001977351,0.6622338645009486,-0.24917155636889543,0.02314981757276552,-0.24989863609045698,-0.0029301592858391734,,0.9682844503731468,0.7226503975058829
6bba,random__random_tracklets__s7__r0.5,random,random_tracklets,7,0.5,preregistered_descriptive,0.9115967648894652,-0.41237382938682215,128,0.47407066650153046,0.015151515151515152,2,7,123,0.5146260282567855,0.4977077839874915,128,0.499222935502643,53588,3981,55469,1079363,0.501200107543009,0.05153288257520001,0.49976121608592616,0.49872171344252214,0.051384937226864366,-0.0006707958381236072,0.05168153983358686,1.0028847068310203,2153557,110979,55463,0.4997969405712739,0.49978727107466786,1901,0.9022683650322806,0.09137055837563451,0.9024597090519018,103418,5563,5639,1.0225102996134647,0.512482272130103,1.002492879120691,0.5033935348511449,58227,0.5147320126236508,0.5146260282567855,0.7156210677691893,0.475585818016682,-0.435819602853162,0.034201255950957604,-0.4389531810153679,-0.007621904322411832,,0.9474643913109433,0.5181517741667372
6bba,random__random_tracklets__s7__r0.3,random,random_tracklets,7,0.3,preregistered_descriptive,0.9115967648894652,-0.6004575077297406,128,0.2900939597315436,0.007936507936507936,1,1,124,0.3089366922481039,0.3103456063660738,128,0.31113925715972457,32418,2693,76639,648616,0.3011835767523219,0.05153288257520001,0.29784013191684916,0.6986347644985895,0.050960815027689725,-0.0016987444306253735,0.05177943852948388,1.0047844394096155,2153557,110979,33054,0.2979752074107022,0.2979461989208842,1605,0.9022683650322806,0.09137055837563451,0.9024597090519018,103418,5563,5639,1.0225102996134647,0.3079633093036716,1.002492879120691,0.3029981872730312,35414,0.31306300333271453,0.30893669224810383,0.48409131763436997,0.2908876105251944,-0.6205178103446496,0.04151842747949047,-0.6336325301653185,-0.00834340504391251,,0.9199303376284209,0.3134556020147794
6bba,random__random_tracklets__s7__r0.1,random,random_tracklets,7,0.1,preregistered_descriptive,0.9115967648894652,-0.7976844611338855,128,0.10452657694090277,0.0,0,0,125,0.11161514132809515,0.11391230375557967,128,0.11391230375557967,11502,982,97555,217963,0.10121069467861775,0.05153288257520001,0.10435307580713468,0.8989600397145177,0.05313287117538298,0.0024285541175618655,0.05135271136405672,0.9965037622166706,2153557,110979,11581,0.10457560579396237,0.10457560579396237,687,0.9022683650322806,0.09137055837563451,0.9024597090519018,103418,5563,5639,1.0225102996134647,0.10348897773992034,1.002492879120691,0.1025940675522766,12585,0.11125255257644469,0.11161514132809514,0.1765234585655222,0.10452657694090277,-0.8068788439289413,0.04509908568905727,-0.8336464909853795,-0.009137055837563302,,0.8900436410834465,0.11121904498104845
6bba,random__random_nodes__s8__r0.9,random,random_nodes,8,0.9,preregistered_descriptive,0.9115967648894652,-0.1654812333129696,128,0.733159582999198,0.054945054945054944,10,57,115,0.8901856020852661,0.7406210260819901,128,0.7461155315764956,84111,5667,24946,1938260,0.9000272572307118,0.05153288257520001,0.9007740203101487,0.10001331650492662,0.0515756400070166,0.0005802902609864656,0.05114794911215669,0.992530333181312,2153557,110979,99967,0.8113674602100215,0.8113577907134154,202,0.9022683650322806,0.09137055837563451,0.9024597090519018,103418,5563,5639,1.0225102996134647,0.92028714045126,1.002492879120691,0.9022926870803287,100879,0.8917795988366439,0.8901856020852662,1.01869494876865,0.7386540884937035,-0.1727513323761405,0.008156339682653724,-0.1699950226525655,-0.0036425503430578265,,0.9950248720160111,0.8133037237780211
6bba,random__random_nodes__s8__r0.8,random,random_nodes,8,0.8,preregistered_descriptive,0.9115967648894652,-0.3150961492002211,128,0.5817647470435938,0.030120481927710843,5,41,120,0.7972463017594908,0.5934885674964729,128,0.5965006156892441,66512,5271,42545,1722893,0.8000220100977128,0.05153288257520001,0.7996648014489228,0.1999585817530591,0.051509873219056555,-0.00020816656558861785,0.051624932662121745,1.0017862398205148,2153557,110979,88746,0.6396178614941306,0.6396081919975246,365,0.9022683650322806,0.09137055837563451,0.9024597090519018,103418,5563,5639,1.0225102996134647,0.8180307452423786,1.002492879120691,0.8020308888677654,90385,0.7990116777609816,0.7972463017594907,0.9475103361495596,0.5847767952363649,-0.32662862563347905,0.014807254131930458,-0.32377839568735917,-0.006125007644792402,,0.9845799846228488,0.6431287627024644
6bba,random__random_nodes__s8__r0.7,random,random_nodes,8,0.7,preregistered_descriptive,0.9115967648894652,-0.446474283594062,128,0.4490882528954131,0.025157232704402517,4,34,121,0.7025048241047182,0.4626067580249629,128,0.4651224812954032,51029,4571,58028,1507544,0.700025121229668,0.05153288257520001,0.6989790861334126,0.29991804474541484,0.05145587790472451,-0.0005320814014802166,0.05171258163535409,1.0034870756529455,2153557,110979,77572,0.488454621052428,0.488406273569398,519,0.9022683650322806,0.09137055837563451,0.9024597090519018,103418,5563,5639,1.0225102996134647,0.7157828964454998,1.002492879120691,0.7017876348125553,79750,0.704997303772067,0.702504824104718,0.821678950206723,0.45160397616585335,-0.45980144470399065,0.020228725399541903,-0.46008167642648073,-0.0066213325671231615,,0.9696024739933108,0.4934044782940308
6bba,random__random_nodes__s8__r0.5,random,random_nodes,8,0.5,preregistered_descriptive,0.9115967648894652,-0.6618940365281826,128,0.2370911758391183,0.007462686567164179,1,9,124,0.5120914469541137,0.2489564597045662,128,0.24970272836128263,26503,2727,82554,1076810,0.5000146269636698,0.05153288257520001,0.5007614053109147,0.5000259476015114,0.05160984760542714,0.00034813909146888696,0.051455913041782333,0.9985063996118332,2153557,110979,55574,0.2508267419598136,0.25076872498017755,569,0.9022683650322806,0.09137055837563451,0.9024597090519018,103418,5563,5639,1.0225102996134647,0.5112701060277369,1.002492879120691,0.5012723139796403,58188,0.5143872490519001,0.5120914469541137,0.4902031278087363,0.23783744449583472,-0.6735679763740092,0.02842911251744351,-0.6819323618647792,-0.008390787180846876,,0.9375587047111301,0.2562564294090678
6bba,random__random_nodes__s8__r0.3,random,random_nodes,8,0.3,preregistered_descriptive,0.9115967648894652,-0.8166116675018356,128,0.08803923349377894,0.0078125,1,3,124,0.3120673243542229,0.09420384738762957,128,0.09498509738762957,9694,1053,99363,646126,0.3000273501003224,0.05153288257520001,0.299597221095883,0.6999492797827059,0.05145900335228733,-0.00021878062003777732,0.05156454922314852,1.000614494015589,2153557,110979,33249,0.0901777253476184,0.09015838635440639,370,0.9022683650322806,0.09137055837563451,0.9024597090519018,103418,5563,5639,1.0225102996134647,0.30678105564331454,1.002492879120691,0.30079780915773724,35548,0.31424757560488326,0.3120673243542229,0.18928635628258134,0.08882048349377894,-0.8225849373760651,0.03458870051738035,-0.8428445621816527,-0.008355805837563304,,0.9062613262043446,0.09373281665873424
6bba,random__random_nodes__s8__r0.1,random,random_nodes,8,0.1,preregistered_descriptive,0.9115967648894652,-0.9002044688843176,128,0.010451493528501159,0.0,0,0,125,0.10595862807441409,0.011392296005147618,128,0.011392296005147618,1141,114,107916,215410,0.10002521409927854,0.05153288257520001,0.10022616891483975,0.8999857043402993,0.0516364142797456,0.00015612037310931443,0.051521375829593936,0.9997767106159978,2153557,110979,11123,0.01052041230733528,0.01052041230733528,53,0.9022683650322806,0.09137055837563451,0.9024597090519018,103418,5563,5639,1.0225102996134647,0.10227681163755427,1.002492879120691,0.10029275688996385,12120,0.1071419099901875,0.10595862807441409,0.020492539996404817,0.010451493528501159,-0.9009539273413428,0.04098338975744478,-0.932050802804199,-0.009137055837563302,,0.8828373206769471,0.011032886983492892
6bba,random__random_tracklets__s8__r0.9,random,random_tracklets,8,0.9,preregistered_descriptive,0.9115967648894652,-0.0744695714025303,128,0.8227464475051748,0.062146892655367235,11,52,114,0.8968390191930526,0.8309125042213982,128,0.8371271934869349,94202,5440,14855,1941086,0.9013395048285232,0.05153288257520001,0.9051261950459096,0.0988662366871669,0.05174938153178169,0.0029598861586395474,0.049554998093857515,0.9616189822400049,2153557,110979,100450,0.9051228993018623,0.9051035603086504,598,0.9022683650322806,0.09137055837563451,0.9024597090519018,103418,5563,5639,1.0225102996134647,0.9216289271356652,1.002492879120691,0.9046263001502277,101307,0.8955631580343172,0.8968390191930528,0.9778896278986159,0.8289611367707115,-0.08244428409913251,0.008403003425987599,-0.07995020825649118,-0.0029223665720267133,,0.9924946371375901,0.9108598751549081
6bba,random__random_tracklets__s8__r0.8,random,random_tracklets,8,0.8,preregistered_descriptive,0.9115967648894652,-0.15282579032762278,128,0.7391745454227415,0.04878048780487805,8,39,117,0.8044818423080545,0.7538929257813546,128,0.7587709745618424,84515,5280,24542,1725586,0.8012724994044736,0.05153288257520001,0.8064318474666379,0.1990078224674896,0.05186469987586825,0.003013747076371258,0.05019498984744294,0.9740380770315976,2153557,110979,89497,0.8066874238527142,0.8066777543561082,1090,0.9022683650322806,0.09137055837563451,0.9024597090519018,103418,5563,5639,1.0225102996134647,0.8193093834380981,1.002492879120691,0.8044731223282394,91142,0.8057036270895767,0.8044818423080545,0.9491281682545389,0.7440525942032293,-0.16735282666661466,0.01618981089188881,-0.16475659416243588,-0.004259007057075714,,0.9828534147360315,0.8171952594397381
6bba,random__random_tracklets__s8__r0.7,random,random_tracklets,8,0.7,preregistered_descriptive,0.9115967648894652,-0.2278626573561977,128,0.6600324547168984,0.04,6,25,119,0.7174928087203142,0.6797341075332675,128,0.6837341075332675,75247,4948,33810,1510223,0.7012691096636866,0.05153288257520001,0.7139458816532858,0.2994196549654407,0.05246443737116969,0.006455908054064051,0.04934606285382088,0.9575645760124522,2153557,110979,79233,0.7144694347212284,0.7144307567348044,1362,0.9022683650322806,0.09137055837563451,0.9024597090519018,103418,5563,5639,1.0225102996134647,0.717054887431884,1.002492879120691,0.7043736954488007,81300,0.7186994457262578,0.7174928087203143,0.8894481394930793,0.6640324547168984,-0.24737296615294557,0.023196697400563238,-0.24592229891919765,-0.005137055837563298,,0.9714585454025875,0.7275626499673729
6bba,random__random_tracklets__s8__r0.5,random,random_tracklets,8,0.5,preregistered_descriptive,0.9115967648894652,-0.4025919879376636,128,0.48276014655645433,0.022058823529411766,3,11,122,0.5185882219063735,0.5067988945988604,128,0.5090047769518016,54549,3937,54508,1079270,0.501156923174079,0.05153288257520001,0.5094026797862659,0.49929109194361243,0.052380775894817794,0.003844082932309176,0.05068105636575701,0.9834702394495406,2153557,110979,56533,0.5099499120075809,0.5099015645245508,1816,0.9022683650322806,0.09137055837563451,0.9024597090519018,103418,5563,5639,1.0225102996134647,0.5124381156680896,1.002492879120691,0.5034364617489098,59156,0.5229444577045819,0.5185882219063735,0.7077116663670682,0.4849660289093955,-0.4264393919604485,0.034428821740155546,-0.430089636193197,-0.006931173484622133,,0.9463779727802295,0.527411611099441
6bba,random__random_tracklets__s8__r0.3,random,random_tracklets,8,0.3,preregistered_descriptive,0.9115967648894652,-0.5891964104521634,128,0.3006070699473515,0.007936507936507936,1,1,124,0.32673680315737264,0.321606703643651,128,0.3224003544373018,33573,2627,75484,648407,0.3010865280092424,0.05153288257520001,0.3087971598230296,0.6993324122750759,0.05285260646476673,0.003917993189563977,0.05096435571205528,0.9889676875281506,2153557,110979,34270,0.3094528998820321,0.30944323038542615,1571,0.9022683650322806,0.09137055837563451,0.9024597090519018,103418,5563,5639,1.0225102996134647,0.30786407596430826,1.002492879120691,0.30265096107489997,36552,0.32312302755456546,0.32673680315737264,0.4722272155311882,0.30140072074100227,-0.6100047001288418,0.041906529624914673,-0.6227595350331655,-0.00834340504391251,,0.9193610185420336,0.32462851966124134
6bba,random__random_tracklets__s8__r0.1,random,random_tracklets,8,0.1,preregistered_descriptive,0.9115967648894652,-0.7916637999203328,128,0.11005263110052631,0.0,0,0,125,0.120641011845443,0.11993296496913244,128,0.11993296496913244,12107,954,96950,217932,0.10119629988897438,0.05153288257520001,0.10946215049694086,0.8992528069919484,0.05574215810436283,0.006388573386543276,0.05105896028414595,0.9908034973521522,2153557,110979,12148,0.11013556634241621,0.11013556634241621,717,0.9022683650322806,0.09137055837563451,0.9024597090519018,103418,5563,5639,1.0225102996134647,0.10347425891924923,1.002492879120691,0.10251786486358806,13185,0.11655660752645397,0.120641011845443,0.17149020312780874,0.11005263110052631,-0.8013527897693177,0.045330819596017105,-0.8278575636787865,-0.00913705583756333,,0.8898076736163772,0.11706631337380638
6bba,random__random_nodes__s9__r0.9,random,random_nodes,9,0.9,preregistered_descriptive,0.9115967648894652,-0.1635450439656566,128,0.7342159658808446,0.06358381502890173,11,48,114,0.8905636924678906,0.7416933394209184,128,0.7480517209238086,84183,5600,24874,1938260,0.9000272572307118,0.05153288257520001,0.9010263202948305,0.10002702467176285,0.05159008595338087,0.0007763460489456937,0.05101789620849338,0.990006645447106,2153557,110979,99995,0.8119282910131699,0.8119186215165638,216,0.9022683650322806,0.09137055837563451,0.9024597090519018,103418,5563,5639,1.0225102996134647,0.92028714045126,1.002492879120691,0.9022926870803287,100905,0.892009441217811,0.8905636924678906,1.0066510875426928,0.7405743473837347,-0.17083107348610926,0.00816132249812579,-0.16892769212910924,-0.002778674334673159,,0.9934956666035821,0.8140056058015692
6bba,random__random_nodes__s9__r0.8,random,random_nodes,9,0.8,preregistered_descriptive,0.9115967648894652,-0.3105324700479285,128,0.5849083030594826,0.04375,7,35,118,0.7984727725609994,0.5966892948415367,128,0.6010642948415367,66817,5178,42240,1722893,0.8000220100977128,0.05153288257520001,0.8013498049180475,0.20005013272442962,0.051618411590272875,0.0007737844212107863,0.05119071944717924,0.9933602951955683,2153557,110979,88933,0.6423156510472064,0.6422963120539945,392,0.9022683650322806,0.09137055837563451,0.9024597090519018,103418,5563,5639,1.0225102996134647,0.8180307452423786,1.002492879120691,0.8020308888677654,90550,0.8004702928722341,0.7984727725609992,0.9307927377314399,0.5892833030594826,-0.3221221178103614,0.014839397450351732,-0.32060981166071695,-0.004762055837563284,,0.9823033294599405,0.6460712293948976
6bba,random__random_nodes__s9__r0.7,random,random_nodes,9,0.7,preregistered_descriptive,0.9115967648894652,-0.4427643678324489,128,0.4538173487818847,0.013513513513513514,2,23,123,0.7052414241785993,0.46748104570566495,128,0.4688323970570163,51506,4438,57551,1507544,0.700025121229668,0.05153288257520001,0.7015741716901396,0.3000590430328732,0.051646917104907056,0.0007879476921204085,0.051266770173355646,0.9948360660505254,2153557,110979,77860,0.492805894525131,0.492776886035313,544,0.9022683650322806,0.09137055837563451,0.9024597090519018,103418,5563,5639,1.0225102996134647,0.7157828964454998,1.002492879120691,0.7017876348125553,80022,0.7074018086827379,0.7052414241785991,0.7977709868775841,0.455168700133236,-0.456236720736608,0.020298926455072946,-0.4552775898013097,-0.007785704486212075,,0.96970800327706,0.49801966003768394
6bba,random__random_nodes__s9__r0.5,random,random_nodes,9,0.5,preregistered_descriptive,0.9115967648894652,-0.6627166549549997,128,0.23633303792822552,0.007194244604316547,1,14,124,0.5119597321322632,0.2481606854740339,128,0.24888010993446555,26401,2654,82656,1076810,0.5000146269636698,0.05153288257520001,0.5005992124636193,0.5000171352085453,0.05159313156452856,0.00027252673512712745,0.05147263006072921,0.9988307947962571,2153557,110979,55556,0.2494343344485486,0.24940532595873058,608,0.9022683650322806,0.09137055837563451,0.9024597090519018,103418,5563,5639,1.0225102996134647,0.5112701060277369,1.002492879120691,0.5012723139796403,58212,0.5145994112499005,0.5119597321322632,0.4770807118461262,0.23705246238865718,-0.6743529584811868,0.028410015308355602,-0.6827090388862236,-0.008417631377131668,,0.9369740498228675,0.25527050916197425
6bba,random__random_nodes__s9__r0.3,random,random_nodes,9,0.3,preregistered_descriptive,0.9115967648894652,-0.817654859447917,128,0.08779614500313525,0.0,0,3,125,0.3134160173234177,0.09394190544154817,128,0.09394190544154817,9661,982,99396,646126,0.3000273501003224,0.05153288257520001,0.29999369250038294,0.6999708211877343,0.05152710152508953,-1.7119586235138572e-05,0.05153536049079527,1.0000480841643518,2153557,110979,33293,0.08978127598677213,0.0897425980003481,380,0.9022683650322806,0.09137055837563451,0.9024597090519018,103418,5563,5639,1.0225102996134647,0.30678105564331454,1.002492879120691,0.30079780915773724,35581,0.31453929862713376,0.3134160173234177,0.1765234585655222,0.08779614500313525,-0.8236092758667087,0.03458232277311563,-0.8431001263834694,-0.009137055837563315,,0.9064538024940412,0.09341191267978256
6bba,random__random_nodes__s9__r0.1,random,random_nodes,9,0.1,preregistered_descriptive,0.9115967648894652,-0.9006422905244346,128,0.01004974486290389,0.0,0,0,125,0.10575992409846816,0.010954474365030642,128,0.010954474365030642,1097,100,107960,215410,0.10002521409927854,0.05153288257520001,0.1000369439263284,0.8999754232151722,0.05153892576946288,9.112819568011139e-06,0.05153221092104985,0.9999869664936911,2153557,110979,11102,0.009930573014368872,0.009920903517762866,71,0.9022683650322806,0.09137055837563451,0.9024597090519018,103418,5563,5639,1.0225102996134647,0.10227681163755427,1.002492879120691,0.10029275688996385,12086,0.10684134687635363,0.10575992409846814,0.017975912277548085,0.01004974486290389,-0.9013556760069401,0.04096494814542897,-0.9324701828323002,-0.009137055837563302,,0.8827241063389867,0.01060751745368196
6bba,random__random_tracklets__s9__r0.9,random,random_tracklets,9,0.9,preregistered_descriptive,0.9115967648894652,-0.07691305252400038,128,0.819731161180933,0.06818181818181818,12,51,113,0.8917060195212448,0.827865530547283,128,0.8346837123654648,93792,5361,15265,1941330,0.9014528057534581,0.05153288257520001,0.9004316131880806,0.09849170998610579,0.051474504592212554,-0.0007986290317301487,0.05206689064068191,1.0103624722467766,2153557,110979,99929,0.9004718714343731,0.9004235239513431,672,0.9022683650322806,0.09137055837563451,0.9024597090519018,103418,5563,5639,1.0225102996134647,0.9217447784983669,1.002492879120691,0.904866148538187,100873,0.8917265582871439,0.8917060195212447,0.9636886571993528,0.8265493429991149,-0.08485607787072913,0.008375557679769663,-0.08296973618438858,-0.002318874019381467,,0.9911616913948336,0.9069054184719567
6bba,random__random_tracklets__s9__r0.8,random,random_tracklets,9,0.8,preregistered_descriptive,0.9115967648894652,-0.15773927755545014,128,0.7335482232168665,0.055900621118012424,9,36,116,0.7956570993596523,0.7482674252222138,128,0.753857487334015,83747,5110,25310,1725101,0.8010472905987629,0.05153288257520001,0.7984303336667298,0.19881052278052538,0.05136452880150206,-0.0015280010306128805,0.05221072875627836,1.0131536631992049,2153557,110979,88609,0.7987874451256067,0.7987100891527588,1146,0.9022683650322806,0.09137055837563451,0.9024597090519018,103418,5563,5639,1.0225102996134647,0.8190791051146952,1.002492879120691,0.8039591872241881,90296,0.7982249096100635,0.7956570993596523,0.9185691173827072,0.7391382853286678,-0.17226713554117623,0.01616314860936474,-0.1703554324390526,-0.003546993725762282,,0.9805795512585724,0.8098568518271398
6bba,random__random_tracklets__s9__r0.7,random,random_tracklets,9,0.7,preregistered_descriptive,0.9115967648894652,-0.23702393715350178,128,0.651654314916933,0.034013605442176874,5,22,120,0.7037342425683976,0.6711714671917457,128,0.6745728277359634,74213,4827,34844,1510019,0.7011743826608722,0.05153288257520001,0.7029167680371963,0.2989202860306926,0.05166093936566361,0.0008872650260575449,0.05123240585637522,0.9941692235363253,2153557,110979,78009,0.7031271152023826,0.7029724032566864,1513,0.9022683650322806,0.09137055837563451,0.9024597090519018,103418,5563,5639,1.0225102996134647,0.7169580280958546,1.002492879120691,0.7039497086362774,80229,0.7092317076404911,0.7037342425683976,0.8676972856372461,0.6550556754611507,-0.25634974540869326,0.023085654672475364,-0.25437389653263154,-0.005735695293345611,,0.9710429548361952,0.7176168493976014
6bba,random__random_tracklets__s9__r0.5,random,random_tracklets,9,0.5,preregistered_descriptive,0.9115967648894652,-0.4116246541714746,128,0.47549996016253687,0.007575757575757576,1,7,124,0.5100251431874001,0.49921453496041485,128,0.4999721107179906,53712,3902,55345,1079026,0.5010436222491441,0.05153288257520001,0.5018697231007668,0.4990012621305037,0.05161784794805686,0.00038511912853244625,0.051447561773462096,0.9983443425348193,2153557,110979,55697,0.5022143147227756,0.5021466282465334,1781,0.9022683650322806,0.09137055837563451,0.9024597090519018,103418,5563,5639,1.0225102996134647,0.512322264305388,1.002492879120691,0.5034109982881401,58326,0.5156071816904023,0.5100251431874001,0.7014200970699263,0.4762575359201126,-0.4351478849497314,0.034234582498345045,-0.437479756589832,-0.008379480079987622,,0.9475841497260633,0.5193537852628117
6bba,random__random_tracklets__s9__r0.3,random,random_tracklets,9,0.3,preregistered_descriptive,0.9115967648894652,-0.5977660508960948,128,0.29332796348503154,0.0,0,3,125,0.3090258155147726,0.31383071399337037,128,0.31383071399337037,32775,2678,76282,648566,0.3011603593496713,0.05153288257520001,0.30201209237783727,0.6988859176981246,0.051678626384978554,0.000432759786532365,0.051470075236330314,0.9987812182099839,2153557,110979,33517,0.302007387495407,0.30196870950898297,1546,0.9022683650322806,0.09137055837563451,0.9024597090519018,103418,5563,5639,1.0225102996134647,0.30793956927033106,1.002492879120691,0.30287180229319016,35780,0.3162984768522202,0.3090258155147726,0.4813949307927377,0.29332796348503154,-0.6180774573848125,0.04162796907318114,-0.6302569641317126,-0.009137055837563357,,0.9205946300572828,0.3169283626016064
6bba,random__random_tracklets__s9__r0.1,random,random_tracklets,9,0.1,preregistered_descriptive,0.9115967648894652,-0.7952169374021123,128,0.10679761601918814,0.0,0,0,125,0.11018952446271837,0.11637982748735286,128,0.11637982748735286,11755,1011,97302,218203,0.10132213821134059,0.05153288257520001,0.10724551491723659,0.8989996954828653,0.054545537870698386,0.004575580884823506,0.05119321839828786,0.9934087875558584,2153557,110979,11902,0.10738942930631032,0.10738942930631032,649,0.9022683650322806,0.09137055837563451,0.9024597090519018,103418,5563,5639,1.0225102996134647,0.10360292989995475,1.002492879120691,0.10293283794360908,12850,0.11359517684603213,0.11018952446271837,0.18173647312601116,0.10679761601918814,-0.8046078048506559,0.04518920973331732,-0.8312690912978663,-0.009137055837563302,,0.8902982421803716,0.11366073227542509
6bba,random__random_nodes__s10__r0.9,random,random_nodes,10,0.9,preregistered_descriptive,0.9115967648894652,-0.16243923632679014,128,0.7326920896810932,0.0903954802259887,16,52,109,0.8901014583285844,0.7401179805400762,128,0.749157528562675,84020,5616,25037,1938260,0.9000272572307118,0.05153288257520001,0.9005036988979898,0.09999862918331638,0.0515601622073406,0.00037023048817300694,0.05128729150893881,0.9952342843251042,2153557,110979,99937,0.810729273434025,0.810729273434025,176,0.9022683650322806,0.09137055837563451,0.9024597090519018,103418,5563,5639,1.0225102996134647,0.92028714045126,1.002492879120691,0.9022926870803287,100833,0.8913729546238099,0.8901014583285844,1.0095272335071004,0.7417316377036921,-0.1696737831661519,0.008155722412840294,-0.17049745092466612,-9.750781496431493e-05,,0.9906913249577967,0.8123900059340983
6bba,random__random_nodes__s10__r0.8,random,random_nodes,10,0.8,preregistered_descriptive,0.9115967648894652,-0.3090986591698276,128,0.5834536592195881,0.07317073170731707,12,39,113,0.7982725053988952,0.5951810325489059,128,0.6024981057196376,66673,5216,42384,1722893,0.8000220100977128,0.05153288257520001,0.8007010335288658,0.20001488315256505,0.0515766214152591,0.00039570703591903714,0.051357903144911114,0.9966045091688098,2153557,110979,88861,0.6413003539035758,0.6412713454137577,354,0.9022683650322806,0.09137055837563451,0.9024597090519018,103418,5563,5639,1.0225102996134647,0.8180307452423786,1.002492879120691,0.8020308888677654,90481,0.7998603265529831,0.7982725053988952,0.9376235843969082,0.5907707323903199,-0.32063468847952414,0.014827917966245607,-0.3221065944692416,-0.0018199826668315877,,0.9794434718547298,0.6446525143053887
6bba,random__random_nodes__s10__r0.7,random,random_nodes,10,0.7,preregistered_descriptive,0.9115967648894652,-0.4385093538365501,128,0.4528526358460969,0.06622516556291391,10,26,115,0.7050236046940501,0.4664648944966237,128,0.4730874110529151,51387,4417,57670,1507544,0.700025121229668,0.05153288257520001,0.7008352931635715,0.3000188976871385,0.051592523999299526,0.00041210607519245277,0.05139370260350798,0.9972992007289923,2153557,110979,77778,0.4919646483204084,0.4919259703339844,513,0.9022683650322806,0.09137055837563451,0.9024597090519018,103418,5563,5639,1.0225102996134647,0.7157828964454998,1.002492879120691,0.7017876348125553,79933,0.7066150405318199,0.7050236046940501,0.7939960452992989,0.4594751524023883,-0.4519302684674557,0.020289279377230296,-0.45628409393250846,-0.0025145392812719325,,0.9639141083200332,0.4968451794837986
6bba,random__random_nodes__s10__r0.5,random,random_nodes,10,0.5,preregistered_descriptive,0.9115967648894652,-0.6585778161029685,128,0.23958687901968864,0.014388489208633094,2,14,123,0.514459216643373,0.25158009986563334,128,0.25301894878649667,26747,2581,82310,1076810,0.5000146269636698,0.05153288257520001,0.5023923444976076,0.5001145611085599,0.051777936683351754,0.001108463341349913,0.05128781412903867,0.9952444258129027,2153557,110979,55755,0.25294436171652906,0.252915353226711,591,0.9022683650322806,0.09137055837563451,0.9024597090519018,103418,5563,5639,1.0225102996134647,0.5112701060277369,1.002492879120691,0.5012723139796403,58383,0.5161110669106532,0.514459216643373,0.4639582958835161,0.24102572794055196,-0.670379692929292,0.02848991885589408,-0.6793695280421626,-0.007698206916700034,,0.9356222111688297,0.2586187794365995
6bba,random__random_nodes__s10__r0.3,random,random_nodes,10,0.3,preregistered_descriptive,0.9115967648894652,-0.8179834849590258,128,0.08748466815063825,0.0,0,1,125,0.31342766110157144,0.0936132799304393,128,0.0936132799304393,9629,1008,99428,646126,0.3000273501003224,0.05153288257520001,0.3006965281719965,0.700009008223921,0.051647821013238907,0.0003403704282331756,0.051483616828896316,0.9990439939735216,2153557,110979,33371,0.08948152159198593,0.08948152159198593,375,0.9022683650322806,0.09137055837563451,0.9024597090519018,103418,5563,5639,1.0225102996134647,0.30678105564331454,1.002492879120691,0.30079780915773724,35634,0.3150078234810513,0.31342766110157144,0.1811971957576847,0.08748466815063825,-0.8239207527192057,0.034566000563157756,-0.8434124296846204,-0.009137055837563302,,0.9066679792755898,0.09310713532225305
6bba,random__random_nodes__s10__r0.1,random,random_nodes,10,0.1,preregistered_descriptive,0.9115967648894652,-0.9002941173669038,128,0.010369528974222744,0.0,0,0,125,0.10621100479854381,0.011302647522561412,128,0.011302647522561412,1132,109,107925,215410,0.10002521409927854,0.05153288257520001,0.10070373674298741,0.9000116519418108,0.05188245671045912,0.0005271394368087941,0.05149403012258616,0.9992460648294387,2153557,110979,11176,0.010288344388791119,0.010288344388791119,68,0.9022683650322806,0.09137055837563451,0.9024597090519018,103418,5563,5639,1.0225102996134647,0.10227681163755427,1.002492879120691,0.10029275688996385,12155,0.1074513131956047,0.10621100479854381,0.019593744382527412,0.010369528974222744,-0.9010358918956213,0.04098108521090871,-0.9321381467402492,-0.0091370558375633,,0.8827968869848184,0.010945565442867436
6bba,random__random_tracklets__s10__r0.9,random,random_tracklets,10,0.9,preregistered_descriptive,0.9115967648894652,-0.06772520462988763,128,0.8277423302158902,0.07954545454545454,14,51,111,0.8983415659480332,0.8359170148050321,128,0.8438715602595775,94702,5353,14355,1940711,0.9011653743086437,0.05153288257520001,0.9088386091062273,0.0992515340907422,0.05197167429874927,0.005993117012370613,0.047532018454657356,0.9223628890795244,2153557,110979,100862,0.9094838422711714,0.9094548337813534,648,0.9022683650322806,0.09137055837563451,0.9024597090519018,103418,5563,5639,1.0225102996134647,0.9214508768856114,1.002492879120691,0.9046228427911913,101802,0.8999390033680749,0.8983415659480332,0.962250584217149,0.8356968756704356,-0.0757085451994084,0.008424344761930769,-0.07496703900880053,-0.0011825103830178652,,0.9898401691964122,0.9156546933876011
6bba,random__random_tracklets__s10__r0.8,random,random_tracklets,10,0.8,preregistered_descriptive,0.9115967648894652,-0.15724902357995296,128,0.7335435553803705,0.062111801242236024,10,36,115,0.7941441147462581,0.7481365611852886,128,0.7543477413095122,83745,5108,25312,1725030,0.8010143218869991,0.05153288257520001,0.7984303336667298,0.19884528277500296,0.051366642898964074,-0.0015086571584862435,0.05220207828211525,1.0129858000071839,2153557,110979,88609,0.7986714111663347,0.7986424026765166,1151,0.9022683650322806,0.09137055837563451,0.9024597090519018,103418,5563,5639,1.0225102996134647,0.8190453942673517,1.002492879120691,0.8038865610257839,90287,0.7981453487858134,0.794144114746258,0.9182095991371562,0.7397547355045941,-0.17165068536524986,0.01617525511198248,-0.17049840297859564,-0.0029258757133397983,,0.9798940795558972,0.8097042843849315
6bba,random__random_tracklets__s10__r0.7,random,random_tracklets,10,0.7,preregistered_descriptive,0.9115967648894652,-0.23458656132335154,128,0.6527835123999614,0.0472972972972973,7,23,118,0.7062278082235709,0.6722804738363839,128,0.6770102035661136,74307,4774,34750,1510087,0.701205958328477,0.05153288257520001,0.7034574108615144,0.2989163694115965,0.05169834585689434,0.0011465291701072916,0.051144575504685534,0.9924648680393954,2153557,110979,78069,0.7040553868765592,0.7040167088901352,1499,0.9022683650322806,0.09137055837563451,0.9024597090519018,103418,5563,5639,1.0225102996134647,0.7169903145411978,1.002492879120691,0.7042241635941479,80259,0.7094969103879917,0.7062278082235709,0.8581700521301456,0.6575132421296911,-0.2538921787401529,0.023089669689075887,-0.25326890490459386,-0.004407326107833565,,0.9691947086614204,0.7184853486970647
6bba,random__random_tracklets__s10__r0.5,random,random_tracklets,10,0.5,preregistered_descriptive,0.9115967648894652,-0.417678722779074,128,0.46824657995762076,0.023255813953488372,3,4,122,0.5028259667228232,0.49159246071504237,128,0.4939180421103912,52814,3734,56243,1079282,0.5011624953507151,0.05153288257520001,0.4946881842510745,0.4984857371419843,0.05086715056861877,-0.0030182541894480104,0.05220171743734146,1.0129787977834435,2153557,110979,54900,0.4946334293836663,0.4946140903904543,1662,0.9022683650322806,0.09137055837563451,0.9024597090519018,103418,5563,5639,1.0225102996134647,0.5124438132760913,1.002492879120691,0.5035469504925761,57317,0.5066875292828034,0.5028259667228232,0.6712205644436455,0.4705721613529696,-0.4408332595168744,0.03404023582335908,-0.4449074841602186,-0.006811474442214471,,0.944562133527813,0.5106723186088881
6bba,random__random_tracklets__s10__r0.3,random,random_tracklets,10,0.3,preregistered_descriptive,0.9115967648894652,-0.5963326651455789,128,0.2947051334923168,0.0,0,0,125,0.3129422519532887,0.3152640997438862,128,0.3152640997438862,32872,2485,76185,648853,0.30129362724088565,0.05153288257520001,0.30324656016003027,0.6988124810900734,0.05186690976230363,0.0009921471280150875,0.0513888445833865,0.997204930432461,2153557,110979,33654,0.3036608714150341,0.3036415324218221,1470,0.9022683650322806,0.09137055837563451,0.9024597090519018,103418,5563,5639,1.0225102996134647,0.30807583706170555,1.002492879120691,0.30339173959909915,35785,0.31634267731013693,0.3129422519532886,0.4467014200970699,0.2947051334923168,-0.6167002873775271,0.0416760034149499,-0.6288716127229655,-0.009137055837563302,,0.9190402028259488,0.317838317699047
6bba,random__random_tracklets__s10__r0.1,random,random_tracklets,10,0.1,preregistered_descriptive,0.9115967648894652,-0.8054402554229516,128,0.09741234253490381,0.0,0,0,125,0.10653766535051878,0.10615650946651357,128,0.10615650946651357,10710,888,98347,218044,0.1012483068709117,0.05153288257520001,0.09718054767118103,0.8985306803461116,0.049462493808589095,-0.003143204004437216,0.05176612091988016,1.004526010054644,2153557,110979,10785,0.0974105088089114,0.0973911698156994,638,0.9022683650322806,0.09137055837563451,0.9024597090519018,103418,5563,5639,1.0225102996134647,0.10352743659393195,1.002492879120691,0.10261543317860325,11692,0.10335835079251421,0.10653766535051878,0.159626101024627,0.09741234253490381,-0.8139930783349402,0.044786786092073136,-0.8410899856774614,-0.00913705583756333,,0.8892797012427187,0.10355766130301898
6bba,random__random_nodes__s11__r0.9,random,random_nodes,11,0.9,preregistered_descriptive,0.9115967648894652,-0.16627175340212152,128,0.7305766815517722,0.07303370786516854,13,53,112,0.888430635315713,0.7380216407008268,128,0.7453250114873436,83765,5599,25292,1938260,0.9000272572307118,0.05153288257520001,0.898890781138774,0.09991099483104195,0.051467811335940486,-0.0008831261562806296,0.05211870114307213,1.0113678594830642,2153557,110979,99758,0.8081088398537972,0.8080604923707672,197,0.9022683650322806,0.09137055837563451,0.9024597090519018,103418,5563,5639,1.0225102996134647,0.92028714045126,1.002492879120691,0.9022926870803287,100669,0.8899231796041407,0.888430635315713,1.0064713284199174,0.7378800523382891,-0.17352536853155487,0.00814291764960684,-0.17258098600068184,-0.0018336850510465297,,0.9924498885844272,0.8099688661477128
6bba,random__random_nodes__s11__r0.8,random,random_nodes,11,0.8,preregistered_descriptive,0.9115967648894652,-0.3148118898266863,128,0.5801228754966655,0.049689440993788817,8,36,117,0.7956180964004894,0.5918159309634,128,0.5967848750627789,66286,5205,42771,1722893,0.8000220100977128,0.05153288257520001,0.798547472945332,0.19989787415707014,0.05143790125097728,-0.0008592998402577415,0.05191286014154886,1.007373497218875,2153557,110979,88622,0.6375969367034752,0.6375292502272332,354,0.9022683650322806,0.09137055837563451,0.9024597090519018,103418,5563,5639,1.0225102996134647,0.8180307452423786,1.002492879120691,0.8020308888677654,90248,0.7978005852140628,0.7956180964004893,0.9356462340463778,0.5850918195960444,-0.3263136012737996,0.014790575472677647,-0.3254343535611794,-0.004168111738184543,,0.981892250806498,0.6409460014258037
6bba,random__random_nodes__s11__r0.7,random,random_nodes,11,0.7,preregistered_descriptive,0.9115967648894652,-0.44647825469150565,128,0.44767907603193746,0.039473684210526314,6,27,119,0.7016050319014632,0.4611711417769069,128,0.4651185101979595,50855,4540,58202,1507544,0.700025121229668,0.05153288257520001,0.6982221861793673,0.2998769202449062,0.051400158138004595,-0.0009170898871137322,0.05184260997843697,1.0060102867869847,2153557,110979,77488,0.487062213541163,0.486994527064921,491,0.9022683650322806,0.09137055837563451,0.9024597090519018,103418,5563,5639,1.0225102996134647,0.7157828964454998,1.002492879120691,0.7017876348125553,79653,0.7041398148884822,0.7016050319014631,0.8161064174006831,0.4516264444529901,-0.4597789764168539,0.02020418420337694,-0.46149275147837193,-0.005189687416510658,,0.9678114076316328,0.4917390939924768
6bba,random__random_nodes__s11__r0.5,random,random_nodes,11,0.5,preregistered_descriptive,0.9115967648894652,-0.6634143698912879,128,0.2349566353701433,0.014598540145985401,2,12,123,0.5089782026302739,0.2467225409835788,128,0.24818239499817732,26251,2670,82806,1076810,0.5000146269636698,0.05153288257520001,0.49825642689157407,0.4998898450879232,0.05135167764043796,-0.0008196517453649543,0.0517140981121842,1.0035165030157154,2153557,110979,55296,0.2484190373049179,0.24836102032528187,566,0.9022683650322806,0.09137055837563451,0.9024597090519018,103418,5563,5639,1.0225102996134647,0.5112701060277369,1.002492879120691,0.5012723139796403,57880,0.5116645008442288,0.5089782026302739,0.4799568578105339,0.23641648938474183,-0.6749889314851022,0.028372077334185536,-0.6841092454025086,-0.007677201822964802,,0.9363464975334294,0.2538275113910684
6bba,random__random_nodes__s11__r0.3,random,random_nodes,11,0.3,preregistered_descriptive,0.9115967648894652,-0.8160823843191103,128,0.0885292674505243,0.0078125,1,3,124,0.3123826810006146,0.09473313057035485,128,0.09551438057035484,9743,997,99314,646126,0.3000273501003224,0.05153288257520001,0.30075960316816697,0.70001243526563,0.05165865481345744,0.00037245286542904993,0.05147897316693102,0.9989538833153702,2153557,110979,33378,0.0907482256473728,0.09071921715755478,361,0.9022683650322806,0.09137055837563451,0.9024597090519018,103418,5563,5639,1.0225102996134647,0.30678105564331454,1.002492879120691,0.30079780915773724,35564,0.3143890170702168,0.3123826810006146,0.1792198454071544,0.08931051745052429,-0.8220949034193197,0.03460005395069683,-0.8423266324322438,-0.008355805837563318,,0.9058004177104073,0.09421151466886864
6bba,random__random_nodes__s11__r0.1,random,random_nodes,11,0.1,preregistered_descriptive,0.9115967648894652,-0.900244558797908,128,0.010414949161857654,0.0,0,0,125,0.10560700049009283,0.011352206091557172,128,0.011352206091557172,1137,113,107920,215410,0.10002521409927854,0.05153288257520001,0.10006397606754432,0.8999768919473332,0.05155285269950327,3.011389864534018e-05,0.05153066305084186,0.999956929939735,2153557,110979,11105,0.010501073314123267,0.01049140381751726,52,0.9022683650322806,0.09137055837563451,0.9024597090519018,103418,5563,5639,1.0225102996134647,0.10227681163755427,1.002492879120691,0.10029275688996385,12037,0.10640818238876955,0.10560700049009283,0.020312780873629338,0.010414949161857654,-0.9009904717079863,0.04098289952633475,-0.9320904024866794,-0.009137055837563303,,0.8828292339385213,0.01099396113865855
6bba,random__random_tracklets__s11__r0.9,random,random_tracklets,11,0.9,preregistered_descriptive,0.9115967648894652,-0.07778009440554745,128,0.8188589512702603,0.06818181818181818,12,51,113,0.8871261847129052,0.8269984886657359,128,0.8338166704839177,93666,5329,15391,1940633,0.9011291551605088,0.05153288257520001,0.9005397417529443,0.09883882035349445,0.051499175784396126,-0.0004602814220110839,0.051840093178786795,1.0059614480742172,2153557,110979,99941,0.9003461679784951,0.900326828985283,556,0.9022683650322806,0.09137055837563451,0.9024597090519018,103418,5563,5639,1.0225102996134647,0.9214138424336004,1.002492879120691,0.9043309658029342,100724,0.8904093846412249,0.8871261847129053,0.9579363652705375,0.8256771330884422,-0.08572828778140185,0.008421192292145385,-0.08388241267831126,-0.0023188740193815782,,0.9908320782970993,0.9056543187524514
6bba,random__random_tracklets__s11__r0.8,random,random_tracklets,11,0.8,preregistered_descriptive,0.9115967648894652,-0.1572556494786761,128,0.7341655796689107,0.05555555555555555,9,37,116,0.7902757454277355,0.7487855598552335,128,0.7543411154107891,83863,5172,25194,1725486,0.8012260645991724,0.05153288257520001,0.8013768370592634,0.19878212729207892,0.051542579887637455,8.806348076608555e-05,0.05149379425375697,0.9992414877746069,2153557,110979,88936,0.8010404378348063,0.8009920903517763,1026,0.9022683650322806,0.09137055837563451,0.9024597090519018,103418,5563,5639,1.0225102996134647,0.8192619033714171,1.002492879120691,0.8042925830168489,90432,0.799427162065399,0.7902757454277354,0.929714182994787,0.7397211352244663,-0.17168428564537774,0.01615760316560133,-0.16983175236226966,-0.0035815002820077657,,0.9811760232921868,0.8108797153470436
6bba,random__random_tracklets__s11__r0.7,random,random_tracklets,11,0.7,preregistered_descriptive,0.9115967648894652,-0.23573314973623416,128,0.6516134127826873,0.0472972972972973,7,23,118,0.7004147030588431,0.6711338854235013,128,0.675863615153231,74252,4894,34805,1509990,0.7011609165673349,0.05153288257520001,0.7039710215446165,0.2989917643291958,0.05173941549281783,0.001430955324286901,0.05104829800160667,0.9905965948462867,2153557,110979,78126,0.703871666441045,0.703774971474985,1469,0.9022683650322806,0.09137055837563451,0.9024597090519018,103418,5563,5639,1.0225102996134647,0.7169442588765171,1.002492879120691,0.7039640369891615,80260,0.709505750479575,0.7004147030588432,0.8797411468632033,0.656343142512417,-0.255062278357427,0.023087965827089996,-0.2544137894554906,-0.004407326107833565,,0.9701890198781234,0.7179958045242367
6bba,random__random_tracklets__s11__r0.5,random,random_tracklets,11,0.5,preregistered_descriptive,0.9115967648894652,-0.41047442625624153,128,0.4766133597509199,0.007692307692307693,1,5,124,0.5096281389458955,0.5003531078639929,128,0.5011223386332236,53884,3999,55173,1079544,0.5012841545406043,0.05153288257520001,0.5043476693788915,0.49888229482546076,0.051847817226532686,0.0014281785131091194,0.051216326059367996,0.9938571936982165,2153557,110979,55972,0.5039161461254327,0.5038677986424027,1775,0.9022683650322806,0.09137055837563451,0.9024597090519018,103418,5563,5639,1.0225102996134647,0.5125682110507956,1.002492879120691,0.5036066679387614,58546,0.5175520018387391,0.5096281389458956,0.7188567319791479,0.47738259052015064,-0.43402283034969336,0.034258201585904535,-0.4363648027738135,-0.008367825068332557,,0.9484087954806171,0.5209979612689561
6bba,random__random_tracklets__s11__r0.3,random,random_tracklets,11,0.3,preregistered_descriptive,0.9115967648894652,-0.5928643762100216,128,0.2979378766307608,0.0,0,1,125,0.3145713939733154,0.3187323886794435,128,0.3187323886794435,33274,2624,75783,648751,0.30124626373947844,0.05153288257520001,0.3070671027852116,0.6990699987956396,0.052528628086893125,0.002957288967425642,0.051103597407240534,0.9916696845488309,2153557,110979,34078,0.30700651724071243,0.30699684774410646,1525,0.9022683650322806,0.09137055837563451,0.9024597090519018,103418,5563,5639,1.0225102996134647,0.30802740739369094,1.002492879120691,0.3032595693184453,36267,0.32060360145331107,0.31457139397331535,0.47168793816286175,0.2979378766307608,-0.6134675442390831,0.041772188430385715,-0.6254995088028441,-0.009137055837563302,,0.9201941946097828,0.3217384100002769
6bba,random__random_tracklets__s11__r0.1,random,random_tracklets,11,0.1,preregistered_descriptive,0.9115967648894652,-0.8072710221355093,128,0.09573984508527583,0.0,0,0,125,0.10428234410808057,0.10432574275395584,128,0.10432574275395584,10531,939,98526,218086,0.1012678094891382,0.05153288257520001,0.09600915488515846,0.8984464730355463,0.04885687297671561,-0.004063075277153812,0.05183441136550225,1.0058511920008013,2153557,110979,10655,0.09583438086213232,0.09583438086213232,620,0.9022683650322806,0.09137055837563451,0.9024597090519018,103418,5563,5639,1.0225102996134647,0.10354737822193798,1.002492879120691,0.10272324865498444,11578,0.10235058035201244,0.10428234410808057,0.1687938162861765,0.09573984508527583,-0.8156655757845681,0.04472798020654659,-0.8428619465044926,-0.009137055837563302,,0.8896909951419126,0.10181878376997168
6bba,random__random_nodes__s12__r0.9,random,random_nodes,12,0.9,preregistered_descriptive,0.9115967648894652,-0.16497410280728864,128,0.7325638164318594,0.06593406593406594,12,57,113,0.8897647415020203,0.74002925548877,128,0.7466226620821765,84028,5647,25029,1938260,0.9000272572307118,0.05153288257520001,0.8999810775011489,0.09997023369486992,0.051530238461300344,-3.588507259967975e-05,0.051556686809384245,1.0004619232031025,2153557,110979,99879,0.810729273434025,0.810719603937419,185,0.9022683650322806,0.09137055837563451,0.9024597090519018,103418,5563,5639,1.0225102996134647,0.92028714045126,1.002492879120691,0.9022926870803287,100780,0.8909044297698924,0.8897647415020202,1.0150997663131405,0.739157223025266,-0.172248197844578,0.008152813088083355,-0.17058326665121526,-0.0025436492441567315,,0.9936448737637169,0.8125122071768545
6bba,random__random_nodes__s12__r0.8,random,random_nodes,12,0.8,preregistered_descriptive,0.9115967648894652,-0.31073676741004796,128,0.5829518299034497,0.06172839506172839,10,37,115,0.7974654403803348,0.5946871579732443,128,0.6008599974794172,66597,5184,42460,1722893,0.8000220100977128,0.05153288257520001,0.7995026086016274,0.19994976936009298,0.05149942567530311,-0.00030268591191155513,0.05166672858655472,1.0025972933138252,2153557,110979,88728,0.6403624127327932,0.6403334042429751,375,0.9022683650322806,0.09137055837563451,0.9024597090519018,103418,5563,5639,1.0225102996134647,0.8180307452423786,1.002492879120691,0.8020308888677654,90332,0.7985431529070641,0.7974654403803347,0.9318712924680927,0.5891246694096226,-0.3222807514602214,0.014820651671958618,-0.32259320275061615,-0.0029642163313904346,,0.9804081925478189,0.6439372158551383
6bba,random__random_nodes__s12__r0.7,random,random_nodes,12,0.7,preregistered_descriptive,0.9115967648894652,-0.44338481683322384,128,0.4499960366739768,0.04666666666666667,7,25,118,0.7021256516461617,0.4635452813895747,128,0.46821194805624133,51093,4484,57964,1507544,0.700025121229668,0.05153288257520001,0.6988168932861172,0.2999092323524487,0.051443937954713095,-0.0006145832198302556,0.05174044485172899,1.0040277637530968,2153557,110979,77554,0.4890444603453944,0.4890251213521824,519,0.9022683650322806,0.09137055837563451,0.9024597090519018,103418,5563,5639,1.0225102996134647,0.7157828964454998,1.002492879120691,0.7017876348125553,79690,0.7044668982770661,0.7021256516461617,0.8060399065252561,0.45466270334064346,-0.45674271752920054,0.02024157791544462,-0.4591560055777718,-0.004470389170896649,,0.966567707280122,0.4940269384941856
6bba,random__random_nodes__s12__r0.5,random,random_nodes,12,0.5,preregistered_descriptive,0.9115967648894652,-0.6593626890563911,128,0.23664470621934192,0.03759398496240601,5,8,120,0.509223072857018,0.2484746773368335,128,0.2522340758330741,26437,2659,82620,1076810,0.5000146269636698,0.05153288257520001,0.49848169473503995,0.4999020845225984,0.05137489436390821,-0.0007146345837791772,0.05169088003031353,1.0030659541484597,2153557,110979,55321,0.2503432671295132,0.2503142586396952,550,0.9022683650322806,0.09137055837563451,0.9024597090519018,103418,5563,5639,1.0225102996134647,0.5112701060277369,1.002492879120691,0.5012723139796403,57892,0.5117705819432289,0.509223072857018,0.4779795074600036,0.24040410471558252,-0.6710013161542615,0.02842444574694375,-0.6824094774620122,-0.0053776573413227,,0.9338887777350123,0.25560493686011915
6bba,random__random_nodes__s12__r0.3,random,random_nodes,12,0.3,preregistered_descriptive,0.9115967648894652,-0.8177276872510042,128,0.08700629650829994,0.007751937984496124,1,4,124,0.31007249226263633,0.09309388384001138,128,0.093869077638461,9576,1004,99481,646126,0.3000273501003224,0.05153288257520001,0.29825462474882636,0.6998763327520418,0.05122839817620712,-0.0009016782117785313,0.05166339288498114,1.0025325637390976,2153557,110979,33100,0.08914308921077568,0.08914308921077568,357,0.9022683650322806,0.09137055837563451,0.9024597090519018,103418,5563,5639,1.0225102996134647,0.30678105564331454,1.002492879120691,0.30079780915773724,35283,0.31190495133529583,0.31007249226263633,0.18047815926658278,0.08778149030674956,-0.8236239305630945,0.03455804714199315,-0.8439238723538837,-0.008361862039113696,,0.9058640545103616,0.09258718254159845
6bba,random__random_nodes__s12__r0.1,random,random_nodes,12,0.1,preregistered_descriptive,0.9115967648894652,-0.9001050488486935,128,0.01054318952093066,0.0,0,0,125,0.10613565068348559,0.011491716040771704,128,0.011491716040771704,1151,113,107906,215410,0.10002521409927854,0.05153288257520001,0.10006397606754432,0.8999768919473332,0.05155285269950327,3.011389864534018e-05,0.05153066305084186,0.999956929939735,2153557,110979,11105,0.010530081803941287,0.010530081803941287,62,0.9022683650322806,0.09137055837563451,0.9024597090519018,103418,5563,5639,1.0225102996134647,0.10227681163755427,1.002492879120691,0.10029275688996385,12064,0.10664686486151996,0.1061356506834856,0.020312780873629338,0.01054318952093066,-0.9008622313489133,0.040989892561973267,-0.9319578855731034,-0.009137055837563302,,0.8828292339385213,0.011129068530803365
6bba,random__random_tracklets__s12__r0.9,random,random_tracklets,12,0.9,preregistered_descriptive,0.9115967648894652,-0.07523815592963456,128,0.8220639636490737,0.06111111111111111,11,55,114,0.8944525554846641,0.8302474978487195,128,0.8363586089598306,94077,5383,14980,1940937,0.9012703169686245,0.05153288257520001,0.903288009443228,0.09883930993088147,0.05164825030384809,0.0015766476487884963,0.05047972909415859,0.9795634665011299,2153557,110979,100246,0.9039045427295055,0.9039045427295055,597,0.9022683650322806,0.09137055837563451,0.9024597090519018,103418,5563,5639,1.0225102996134647,0.9215581818363106,1.002492879120691,0.9045763600527572,101141,0.8940957028314813,0.8944525554846641,0.9676433579004134,0.8281750747601848,-0.08323034610965918,0.008405205323306852,-0.08061741652648918,-0.0030259447264522343,,0.99210649571591,0.9096708846026847
6bba,random__random_tracklets__s12__r0.8,random,random_tracklets,12,0.8,preregistered_descriptive,0.9115967648894652,-0.15927717137903052,128,0.7327328115972478,0.05,8,35,117,0.7933921021827599,0.7473195935104346,128,0.7523195935104346,83703,5177,25354,1725528,0.8012455672173989,0.05153288257520001,0.7989529550635706,0.19862986872471944,0.051385431010102414,-0.001339122901617514,0.05212730913092337,1.0115348982245644,2153557,110979,88667,0.799241911466089,0.7992225724728771,1049,0.9022683650322806,0.09137055837563451,0.9024597090519018,103418,5563,5639,1.0225102996134647,0.8192818449994231,1.002492879120691,0.8043798574314007,90240,0.797729864481396,0.7933921021827599,0.9306129786086644,0.7377328115972478,-0.1736726092725962,0.016120907083363112,-0.17126102262483023,-0.004137055837563408,,0.9818457900680473,0.8093483510423137
6bba,random__random_tracklets__s12__r0.7,random,random_tracklets,12,0.7,preregistered_descriptive,0.9115967648894652,-0.25296831054097346,128,0.635577007459412,0.04081632653061224,6,22,119,0.6880067819539917,0.6545468216954304,128,0.6586284543484917,72424,4893,36633,1510155,0.7012375339960818,0.05153288257520001,0.6872921904144027,0.29800477631698763,0.05050806043088292,-0.0071017389262319,0.05393828430747806,1.0466770266298986,2153557,110979,76275,0.6868533524144733,0.6868340134212613,1393,0.9022683650322806,0.09137055837563451,0.9024597090519018,103418,5563,5639,1.0225102996134647,0.7170226009865408,1.002492879120691,0.704139744641898,78374,0.6928333377533791,0.6880067819539917,0.8795613877404278,0.6396586401124733,-0.2717467807573707,0.022852612430302677,-0.270765499786774,-0.005055423184502139,,0.9708878395859483,0.7002544938922105
6bba,random__random_tracklets__s12__r0.5,random,random_tracklets,12,0.5,preregistered_descriptive,0.9115967648894652,-0.4305904205209854,128,0.45672536861936897,0.015037593984962405,2,8,123,0.4912459434237979,0.47950258496998355,128,0.4810063443684798,51636,4000,57421,1079636,0.5013268745614813,0.05153288257520001,0.48373115634489405,0.49771710064438174,0.04972416629308397,-0.008202941265942823,0.05335122415894651,1.0352850741678008,2153557,110979,53684,0.4828173045311261,0.4827979655379141,1706,0.9022683650322806,0.09137055837563451,0.9024597090519018,103418,5563,5639,1.0225102996134647,0.5126118927121421,1.002492879120691,0.5037191658690854,56221,0.4969987889074531,0.4912459434237979,0.7190364911019235,0.4582291280178652,-0.4531762928519788,0.03373841961814672,-0.45669554370006493,-0.007633296439067128,,0.9476658520569573,0.49929866838604364
6bba,random__random_tracklets__s12__r0.3,random,random_tracklets,12,0.3,preregistered_descriptive,0.9115967648894652,-0.6156154770615336,128,0.27665249496531663,0.0,0,1,125,0.29708175483281307,0.2959812878279316,128,0.2959812878279316,30909,2668,78148,648666,0.3012067941549724,0.05153288257520001,0.2853062291064075,0.697929283483911,0.048812485932667966,-0.008078615113241532,0.05270547833696926,1.0227543211862469,2153557,110979,31663,0.2842832002165967,0.2842638612233847,1511,0.9022683650322806,0.09137055837563451,0.9024597090519018,103418,5563,5639,1.0225102996134647,0.3079870493370121,1.002492879120691,0.30318280880471926,33845,0.29919289963844026,0.29708175483281307,0.4795973395649829,0.27665249496531663,-0.6347529259045274,0.04102136022891789,-0.6474997814528881,-0.009137055837563302,,0.9205397441822379,0.29888493407816197
6bba,random__random_tracklets__s12__r0.1,random,random_tracklets,12,0.1,preregistered_descriptive,0.9115967648894652,-0.8027718186531787,128,0.09986100133547736,0.0,0,0,125,0.1011324936835308,0.10882494623628647,128,0.10882494623628647,10992,1016,98065,217961,0.10120976598251172,0.05153288257520001,0.10004595464006703,0.8987270008783018,0.050940305834530034,-0.0008994422443612232,0.05159961066255562,1.001294864250185,2153557,110979,11103,0.09994391691968516,0.09994391691968516,656,0.9022683650322806,0.09137055837563451,0.9024597090519018,103418,5563,5639,1.0225102996134647,0.10348802813858672,1.002492879120691,0.10259242310615035,12064,0.10664686486151996,0.1011324936835308,0.18263526873988856,0.09986100133547736,-0.8115444195343666,0.044895949417526795,-0.8385307122331422,-0.009137055837563302,,0.8903110001443688,0.10628388609522264
6bba,random__random_nodes__s13__r0.9,random,random_nodes,13,0.9,preregistered_descriptive,0.9115967648894652,-0.16215202842783605,128,0.7338894026907707,0.08092485549132948,14,48,111,0.8902178827011444,0.7413522509124961,128,0.7494447364616291,84114,5557,24943,1938260,0.9000272572307118,0.05153288257520001,0.9005487524666829,0.10000107707025142,0.05156274184061994,0.0004052404503085834,0.05126406777614179,0.9947836258011389,2153557,110979,99942,0.8112997737337794,0.8112997737337794,211,0.9022683650322806,0.09137055837563451,0.9024597090519018,103418,5563,5639,1.0225102996134647,0.92028714045126,1.002492879120691,0.9022926870803287,100868,0.8916823578292271,0.8902178827011444,0.9989214452633471,0.7419818882399037,-0.16942353262994025,0.008160311347642446,-0.16926776948704797,-0.0010445702884305241,,0.9912206155038259,0.8133261250197469
6bba,random__random_nodes__s13__r0.8,random,random_nodes,13,0.8,preregistered_descriptive,0.9115967648894652,-0.31269071416778305,128,0.5810534054508218,0.06172839506172839,10,37,115,0.7964436498168805,0.5927332112155093,128,0.5989060507216821,66390,5201,42667,1722893,0.8000220100977128,0.05153288257520001,0.7994395336054569,0.19994634231838393,0.05149536274162121,-0.0003394434354815863,0.05168298255716754,1.0029127030056681,2153557,110979,88721,0.6386315728403179,0.6385928948538939,348,0.9022683650322806,0.09137055837563451,0.9024597090519018,103418,5563,5639,1.0225102996134647,0.8180307452423786,1.002492879120691,0.8020308888677654,90345,0.7986580740976477,0.7964436498168805,0.934927197555276,0.5872262449569947,-0.3241791759128493,0.014803864357017138,-0.32453036219340975,-0.0029642163313904346,,0.980554085347018,0.6419169578848745
6bba,random__random_nodes__s13__r0.7,random,random_nodes,13,0.7,preregistered_descriptive,0.9115967648894652,-0.4412720785464129,128,0.4507181249449291,0.06040268456375839,9,24,116,0.7032412831923046,0.4642844178866764,128,0.47032468634305225,51152,4433,57905,1507544,0.700025121229668,0.05153288257520001,0.6991953432631399,0.2999297946027031,0.05147179783807305,-0.0004220789770134978,0.051675430680187553,1.0027661581860772,2153557,110979,77596,0.4895569436655128,0.4895085961824827,528,0.9022683650322806,0.09137055837563451,0.9024597090519018,103418,5563,5639,1.0225102996134647,0.7157828964454998,1.002492879120691,0.7017876348125553,79791,0.7053597475269844,0.7032412831923045,0.7968721912637067,0.4567583934013049,-0.4546470274685391,0.02025339646659083,-0.4584286876318163,-0.0030967873811874602,,0.9646702782668698,0.4945924195363611
6bba,random__random_nodes__s13__r0.5,random,random_nodes,13,0.5,preregistered_descriptive,0.9115967648894652,-0.6622457368483693,128,0.23747237704991367,0.0,0,5,125,0.513382888758852,0.24935102804109588,128,0.24935102804109588,26543,2716,82514,1076810,0.5000146269636698,0.05153288257520001,0.50112183386046,0.5000455306969918,0.051646994362979544,0.0005161665500061302,0.05141876411078926,0.9977855214242243,2153557,110979,55614,0.2508364114564196,0.25079773346999557,606,0.9022683650322806,0.09137055837563451,0.9024597090519018,103418,5563,5639,1.0225102996134647,0.5112701060277369,1.002492879120691,0.5012723139796403,58321,0.5155629812324856,0.5133828887588519,0.488225777458206,0.23747237704991367,-0.6739330438199304,0.02844148347750171,-0.6815501644883077,-0.009137055837563302,,0.9382345204855335,0.25663731074679685
6bba,random__random_nodes__s13__r0.3,random,random_nodes,13,0.3,preregistered_descriptive,0.9115967648894652,-0.8172747895496862,128,0.08814901597507924,0.0,0,1,125,0.3128432346953316,0.09432197533977893,128,0.09432197533977893,9706,1052,99351,646126,0.3000273501003224,0.05153288257520001,0.3009037745879851,0.7000202685038222,0.051683417785385516,0.0004457841504481913,0.05146835908243893,0.9987479160967384,2153557,110979,33394,0.0900230134019223,0.0900230134019223,396,0.9022683650322806,0.09137055837563451,0.9024597090519018,103418,5563,5639,1.0225102996134647,0.30678105564331454,1.002492879120691,0.30079780915773724,35618,0.3148663820157177,0.3128432346953316,0.18910659715980585,0.08814901597507924,-0.8232564048947648,0.03459176242488757,-0.8427294961370105,-0.009137055837563302,,0.9070304322905186,0.09384950162400912
6bba,random__random_nodes__s13__r0.1,random,random_nodes,13,0.1,preregistered_descriptive,0.9115967648894652,-0.9004425353556861,128,0.010232498488485004,0.0,0,0,125,0.10636937832920948,0.01115422953377904,128,0.01115422953377904,1117,105,107940,215410,0.10002521409927854,0.05153288257520001,0.10045143675830563,0.8999979437749746,0.05175247203008217,0.0003311293654203898,0.05150847691119404,0.9995264059996963,2153557,110979,11148,0.010172310429519039,0.010172310429519039,65,0.9022683650322806,0.09137055837563451,0.9024597090519018,103418,5563,5639,1.0225102996134647,0.10227681163755427,1.002492879120691,0.10029275688996385,12138,0.10730103163868777,0.10636937832920948,0.01887470789142549,0.010232498488485004,-0.901172922381359,0.04097067437812202,-0.9322761538962449,-0.009137055837563302,,0.8827645400311154,0.010801440596360467
6bba,random__random_tracklets__s13__r0.9,random,random_tracklets,13,0.9,preregistered_descriptive,0.9115967648894652,-0.07880676509665763,128,0.8161433802004596,0.0847457627118644,15,52,110,0.8878709846205505,0.8243154235216211,128,0.8327899997928075,93397,5380,15660,1941019,0.9013083935089714,0.05153288257520001,0.8976202705016264,0.09849122040871879,0.05132201178865328,-0.0028824359055185317,0.05345867562506469,1.037370179070702,2153557,110979,99617,0.897348624030633,0.897348624030633,595,0.9022683650322806,0.09137055837563451,0.9024597090519018,103418,5563,5639,1.0225102996134647,0.921597115490989,1.002492879120691,0.9046729787259661,100483,0.8882789225696378,0.8878709846205505,0.967104080532087,0.824617956471646,-0.08678746439819796,0.008361313704220441,-0.08650559923450107,-0.0006624795663769945,,0.9895067793306762,0.9031620639610239
6bba,random__random_tracklets__s13__r0.8,random,random_tracklets,13,0.8,preregistered_descriptive,0.9115967648894652,-0.15186456238848567,128,0.7380687833002336,0.06962025316455696,11,33,114,0.802325913372051,0.7527701771845238,128,0.7597322025009795,84362,5244,24695,1725897,0.8014169116489603,0.05153288257520001,0.805413636814172,0.19880024165539822,0.0517898808561577,0.002335258610167008,0.0504957208997802,0.9798737888588648,2153557,110979,89384,0.8056237792260534,0.8055851012396295,1050,0.9022683650322806,0.09137055837563451,0.9024597090519018,103418,5563,5639,1.0225102996134647,0.819457046445476,1.002492879120691,0.804550046042738,90969,0.8041742912456573,0.802325913372051,0.9426568398346216,0.7450308086166894,-0.16637461225315464,0.016166297015767717,-0.1658558288831457,-0.0021750305211076792,,0.9803030240798455,0.8157357316163
6bba,random__random_tracklets__s13__r0.7,random,random_tracklets,13,0.7,preregistered_descriptive,0.9115967648894652,-0.23645293641208465,128,0.6507427828896537,0.04929577464788732,7,17,118,0.7062922020939933,0.6702142510125918,128,0.6751438284773805,74117,4839,34940,1510182,0.7012500713935131,0.05153288257520001,0.702574360915128,0.29882188097590395,0.051630200863207215,0.0006744094654084626,0.05130444919370507,0.9955672306674948,2153557,110979,77971,0.7028176913109904,0.7027596743313543,1439,0.9022683650322806,0.09137055837563451,0.9024597090519018,103418,5563,5639,1.0225102996134647,0.7170354206045447,1.002492879120691,0.7041615544298556,80093,0.7080294551851557,0.7062922020939935,0.8698543951105518,0.6556723603544424,-0.25573306051540157,0.023077163499096998,-0.25532262153840696,-0.004207478372774687,,0.9695097194973209,0.7166678573071301
6bba,random__random_tracklets__s13__r0.5,random,random_tracklets,13,0.5,preregistered_descriptive,0.9115967648894652,-0.412981885810379,128,0.4727573604240595,0.023076923076923078,3,5,122,0.5089029586679187,0.4963071867713939,128,0.4986148790790862,53423,3946,55634,1079121,0.5010877353141802,0.05153288257520001,0.499716162517233,0.49883774328324304,0.05139182723716803,-0.0006394122685735508,0.05167455297477002,1.0027491262372772,2153557,110979,55458,0.4996905761086078,0.4996422286255778,1751,0.9022683650322806,0.09137055837563451,0.9024597090519018,103418,5563,5639,1.0225102996134647,0.5123673703687349,1.002492879120691,0.5034101494666032,58010,0.512813712750064,0.5089029586679186,0.7093294984720474,0.4750650527317518,-0.4363403681380922,0.03417787168434033,-0.44033039396484824,-0.006829363529871069,,0.9463418986180377,0.5165313205551361
6bba,random__random_tracklets__s13__r0.3,random,random_tracklets,13,0.3,preregistered_descriptive,0.9115967648894652,-0.5961621615804005,128,0.29338432190866837,0.016,2,0,123,0.30915933719345035,0.31383460330906476,128,0.31543460330906475,32759,2602,76298,648554,0.3011547871730351,0.05153288257520001,0.3034177637210643,0.698968166699142,0.05192011767717106,0.0011498091199744502,0.05136601056609189,0.9967618343711977,2153557,110979,33673,0.30336111702024793,0.30334177802703594,1388,0.9022683650322806,0.09137055837563451,0.9024597090519018,103418,5563,5639,1.0225102996134647,0.3079338716623294,1.002492879120691,0.3029857621621975,35694,0.3155382289760522,0.30915933719345035,0.4677332374618012,0.29498432190866836,-0.6164210989611756,0.04168192910127097,-0.630307034844108,-0.007537055837563367,,0.9183631893823232,0.31671996907423905
6bba,random__random_tracklets__s13__r0.1,random,random_tracklets,13,0.1,preregistered_descriptive,0.9115967648894652,-0.804480852683109,128,0.09829009380420076,0.0,0,0,125,0.10273816027004976,0.10711591220635623,128,0.10711591220635623,10824,1066,98233,217984,0.101220445987731,0.05153288257520001,0.09853215473197632,0.8986334915973833,0.05016423223722842,-0.0020775270285245543,0.05168701981273762,1.0029910462957838,2153557,110979,10935,0.09839679746272409,0.09839679746272409,648,0.9022683650322806,0.09137055837563451,0.9024597090519018,103418,5563,5639,1.0225102996134647,0.10349894855392335,1.002492879120691,0.1025872022718359,11930,0.10546229258935122,0.10273816027004976,0.1916232248786626,0.09829009380420076,-0.8131153270656433,0.044816877899472564,-0.8401606747450181,-0.009137055837563315,,0.8907191876197484,0.10466272147550108
6bba,random__random_nodes__s14__r0.9,random,random_nodes,14,0.9,preregistered_descriptive,0.9115967648894652,-0.16514163325510123,128,0.7317990609345273,0.07222222222222222,13,55,112,0.8884460339405154,0.7392329094121417,128,0.7464551316343639,83851,5525,25206,1938260,0.9000272572307118,0.05153288257520001,0.8996476810928193,0.09995211933155061,0.05151114917503328,-0.0002949587924029454,0.05172854243208219,1.0037967962804462,2153557,110979,99842,0.8089984335415499,0.8089790945483378,188,0.9022683650322806,0.09137055837563451,0.9024597090519018,103418,5563,5639,1.0225102996134647,0.92028714045126,1.002492879120691,0.9022926870803287,100725,0.8904182247328082,0.8884460339405154,0.9931691533345317,0.7390212831567495,-0.17238413771309447,0.0081503163598865,-0.17137711599964656,-0.0019148336153411716,,0.9918983546008011,0.8107745982655965
6bba,random__random_nodes__s14__r0.8,random,random_nodes,14,0.8,preregistered_descriptive,0.9115967648894652,-0.3113677934845198,128,0.5819371337986845,0.0658682634730539,11,42,114,0.7959476119589978,0.59364214505764,128,0.6002289714049454,66445,5122,42612,1722893,0.8000220100977128,0.05153288257520001,0.7991421800520819,0.19993018626461267,0.05147620891140657,-0.0005127289037403048,0.05175960841862798,1.0043996344100705,2153557,110979,88688,0.6389893442147402,0.6389603357249222,365,0.9022683650322806,0.09137055837563451,0.9024597090519018,103418,5563,5639,1.0225102996134647,0.8180307452423786,1.002492879120691,0.8020308888677654,90279,0.7980746280531467,0.7959476119589978,0.9207262268560129,0.5885239601459898,-0.32288146072385415,0.014811752428510017,-0.3236293164227719,-0.0025502294902579603,,0.9794280843239014,0.6424567998052433
6bba,random__random_nodes__s14__r0.7,random,random_nodes,14,0.7,preregistered_descriptive,0.9115967648894652,-0.4398849845446331,128,0.4536339527220504,0.04430379746835443,7,33,118,0.7052511930348481,0.4672814005979966,128,0.4717117803448321,51487,4442,57570,1507544,0.700025121229668,0.05153288257520001,0.7025473287739121,0.30011191739067,0.05171855680497551,0.001282958602220643,0.05109959087510623,0.9915919374496179,2153557,110979,77968,0.4932313523757953,0.4931830048927653,483,0.9022683650322806,0.09137055837563451,0.9024597090519018,103418,5563,5639,1.0225102996134647,0.7157828964454998,1.002492879120691,0.7017876348125553,80080,0.7079145339945722,0.7052511930348481,0.7984900233686859,0.4580643324688859,-0.4533410884009581,0.020298479922638668,-0.4554767883765439,-0.00470667609072789,,0.9664618952493382,0.497824517567084
6bba,random__random_nodes__s14__r0.5,random,random_nodes,14,0.5,preregistered_descriptive,0.9115967648894652,-0.657862234841101,128,0.2395303431969621,0.022222222222222223,3,10,122,0.5141292746551162,0.251512307826142,128,0.2537345300483642,26745,2599,82312,1076810,0.5000146269636698,0.05153288257520001,0.5031402337379144,0.5001551960316816,0.05185501620527298,0.001457120317814693,0.05121073009722804,0.9937486035736142,2153557,110979,55838,0.25324411611131525,0.25323444661470923,556,0.9022683650322806,0.09137055837563451,0.9024597090519018,103418,5563,5639,1.0225102996134647,0.5112701060277369,1.002492879120691,0.5012723139796403,58413,0.5163762696581536,0.5141292746551163,0.46719396009347475,0.2417525654191843,-0.6696528554506597,0.02849271156473436,-0.6794401127904943,-0.006914833615341065,,0.9349676463382367,0.2585907779907513
6bba,random__random_nodes__s14__r0.3,random,random_nodes,14,0.3,preregistered_descriptive,0.9115967648894652,-0.8139690610267065,128,0.0905125805308448,0.0078125,1,3,124,0.3149414429152104,0.0968464538627586,128,0.0976277038627586,9961,994,99096,646126,0.3000273501003224,0.05153288257520001,0.30309337802647346,0.7001392358088651,0.05205950542154317,0.0015595030416764007,0.05130715767421527,0.9956197889637681,2153557,110979,33637,0.09289485389390628,0.09289485389390628,354,0.9022683650322806,0.09137055837563451,0.9024597090519018,103418,5563,5639,1.0225102996134647,0.30678105564331454,1.002492879120691,0.30079780915773724,35868,0.31707640491155487,0.31494144291521037,0.17868056803882798,0.09129383053084479,-0.8201115903389992,0.03467975164506542,-0.8402930068342087,-0.008355805837563318,,0.9057757261839464,0.09631057622742176
6bba,random__random_nodes__s14__r0.1,random,random_nodes,14,0.1,preregistered_descriptive,0.9115967648894652,-0.8999537923424422,128,0.0106815683400513,0.0,0,0,125,0.10721127699090918,0.011642972547023005,128,0.011642972547023005,1166,103,107891,215410,0.10002521409927854,0.05153288257520001,0.10155975454815776,0.9000581617935766,0.05232347616173808,0.0011921736075908805,0.051445014232666564,0.9982949072874931,2153557,110979,11271,0.010655785259819374,0.010655785259819374,64,0.9022683650322806,0.09137055837563451,0.9024597090519018,103418,5563,5639,1.0225102996134647,0.10227681163755427,1.002492879120691,0.10029275688996385,12239,0.108193880888606,0.10721127699090918,0.01851518964587453,0.0106815683400513,-0.9007238525297927,0.040994200162477575,-0.9318109366673565,-0.009137055837563302,,0.8827483665542638,0.011274518946945717
6bba,random__random_tracklets__s14__r0.9,random,random_tracklets,14,0.9,preregistered_descriptive,0.9115967648894652,-0.07040176430733891,128,0.8266804152539411,0.06321839080459771,11,49,114,0.897229928019232,0.8348731615016665,128,0.8411950005821263,94602,5379,14455,1940994,0.9012967848076462,0.05153288257520001,0.9093071662206363,0.09913844171434334,0.05199088714339148,0.006260149621979017,0.04735066780201634,0.9188437641329161,2153557,110979,100914,0.9096578932100795,0.9096288847202615,530,0.9022683650322806,0.09137055837563451,0.9024597090519018,103418,5563,5639,1.0225102996134647,0.9215852454743187,1.002492879120691,0.9046627787015185,101706,0.8990903545760734,0.897229928019232,0.9669243214093115,0.8330022543344009,-0.0784031665354431,0.008427357562424631,-0.07601390511265993,-0.0028152167571036113,,0.9918446649180691,0.9147105122553834
6bba,random__random_tracklets__s14__r0.8,random,random_tracklets,14,0.8,preregistered_descriptive,0.9115967648894652,-0.1429438716085656,128,0.7500919939021184,0.036585365853658534,6,39,119,0.8148594990365092,0.7649943566955337,128,0.7686528932808996,85614,5081,23443,1725289,0.8011345880327291,0.05153288257520001,0.8163886861478298,0.1996942099640748,0.05251410053620002,0.00890810332634065,0.04758001998748447,0.9232943629352138,2153557,110979,90602,0.8173238701193216,0.8172948616295036,1091,0.9022683650322806,0.09137055837563451,0.9024597090519018,103418,5563,5639,1.0225102996134647,0.8191683676400555,1.002492879120691,0.8041076824050248,92161,0.8147116804130091,0.8148594990365092,0.9133561028222182,0.7537505304874843,-0.1576548903823597,0.016326950171903776,-0.1537923025282718,-0.005478519252197556,,0.9824405108307952,0.8277671576605455
6bba,random__random_tracklets__s14__r0.7,random,random_tracklets,14,0.7,preregistered_descriptive,0.9115967648894652,-0.22749750135748315,128,0.6617033217580414,0.02631578947368421,4,27,121,0.721285286482942,0.6814676845846136,128,0.684099263531982,75458,4979,33599,1509770,0.7010587599956722,0.05153288257520001,0.7145495994737743,0.2996742352066849,0.052524556720560084,0.0068691014013824775,0.04920726886377016,0.9548712667482521,2153557,110979,79300,0.7149529095515288,0.7149142315651047,1523,0.9022683650322806,0.09137055837563451,0.9024597090519018,103418,5563,5639,1.0225102996134647,0.716839802729819,1.002492879120691,0.7040204370774201,81527,0.7207061465156779,0.721285286482942,0.8950206722991192,0.6643349007054098,-0.2470705201644342,0.023254826898358227,-0.2442468513656464,-0.006505476890194983,,0.9731579952936517,0.7295941979344576
6bba,random__random_tracklets__s14__r0.5,random,random_tracklets,14,0.5,preregistered_descriptive,0.9115967648894652,-0.39293975244885015,128,0.49332260232780273,0.007575757575757576,1,7,124,0.5355256128739652,0.5178994366830393,128,0.518657012440615,55779,4011,53278,1079364,0.501200571891062,0.05153288257520001,0.5209273826579803,0.4998712411472169,0.053561171208230035,0.009196428630016287,0.04949483007243577,0.9604514166311154,2153557,110979,57812,0.5218143843431511,0.521766036860121,1819,0.9022683650322806,0.09137055837563451,0.9024597090519018,103418,5563,5639,1.0225102996134647,0.5124827469307698,1.002492879120691,0.5033987212803201,60462,0.5344896173124354,0.5355256128739652,0.7210138414524537,0.49408017808537846,-0.41732524278446553,0.034686150258779386,-0.419246422627642,-0.008379480079987567,,0.948508528592904,0.539318068994716
6bba,random__random_tracklets__s14__r0.3,random,random_tracklets,14,0.3,preregistered_descriptive,0.9115967648894652,-0.5879892607410706,128,0.30251506442110543,0.0,0,2,125,0.32138157263644396,0.32360750414839456,128,0.32360750414839456,33787,2630,75270,648739,0.30124069156284233,0.05153288257520001,0.3128339595779382,0.6993892032519688,0.05351612898253381,0.005890014088066906,0.050677889286279136,0.9834087820010221,2153557,110979,34718,0.31304028312286064,0.3130016051364366,1417,0.9022683650322806,0.09137055837563451,0.9024597090519018,103418,5563,5639,1.0225102996134647,0.3080217097856892,1.002492879120691,0.3030403987246641,36777,0.32511204816081896,0.32138157263644396,0.47276649289951467,0.30251506442110543,-0.6088903564487386,0.04199275509475736,-0.6208449599982646,-0.009137055837563357,,0.9202136342369255,0.32666640441055445
6bba,random__random_tracklets__s14__r0.1,random,random_tracklets,14,0.1,preregistered_descriptive,0.9115967648894652,-0.7841614011787905,128,0.1169432195299359,0.0,0,1,125,0.11973276141414349,0.12743536371067468,128,0.12743536371067468,12862,928,96195,218267,0.10135185648673334,0.05153288257520001,0.117733985709008,0.8995382306085741,0.05986246203044895,0.012652919096246985,0.050593451110686256,0.9817702519717799,2153557,110979,13066,0.11845133342358197,0.11845133342358197,612,0.9022683650322806,0.09137055837563451,0.9024597090519018,103418,5563,5639,1.0225102996134647,0.10363331714263059,1.002492879120691,0.10274594396142603,13950,0.12331927758771581,0.11973276141414352,0.16681646593564622,0.1169432195299359,-0.7944622013399081,0.04565653851907367,-0.8206808838603008,-0.009137055837563302,,0.8896172636877879,0.12436277083003347
6bba,random__random_nodes__s15__r0.9,random,random_nodes,15,0.9,preregistered_descriptive,0.9115967648894652,-0.16285368534008027,128,0.7327196579705086,0.08571428571428572,15,50,110,0.8895324940725111,0.7401716509779563,128,0.7487430795493849,83977,5553,25080,1938260,0.9000272572307118,0.05153288257520001,0.899927013218717,0.09996729623054787,0.05152714290136514,-7.789702716237148e-05,0.05158455528874067,1.0010027134318609,2153557,110979,99873,0.8102167901139067,0.8101781121274827,190,0.9022683650322806,0.09137055837563451,0.9024597090519018,103418,5563,5639,1.0225102996134647,0.92028714045126,1.002492879120691,0.9022926870803287,100768,0.8907983486708922,0.8895324940725111,0.9982024087722452,0.7412910865419372,-0.1701143343279068,0.008154426584816854,-0.17044248465876227,-0.0005656272661348494,,0.9906605994835699,0.8120025673568914
6bba,random__random_nodes__s15__r0.8,random,random_nodes,15,0.8,preregistered_descriptive,0.9115967648894652,-0.31075320387550087,128,0.5817745761376666,0.0736196319018405,12,38,113,0.7975358819710221,0.5934815978237803,128,0.6008435610139643,66466,5190,42591,1722893,0.8000220100977128,0.05153288257520001,0.7997278764450932,0.1999620087947682,0.05151393615273844,-0.00017140904201858666,0.051608678691508925,1.0014708301286719,2153557,110979,88753,0.6389893442147402,0.6389216577384982,390,0.9022683650322806,0.09137055837563451,0.9024597090519018,103418,5563,5639,1.0225102996134647,0.8180307452423786,1.002492879120691,0.8020308888677654,90407,0.7992061597758153,0.7975358819710221,0.9329498472047456,0.5891365393278506,-0.3222688815419934,0.014809477538016091,-0.32378758876613767,-0.001775092647379295,,0.979172013455136,0.6426655665072973
6bba,random__random_nodes__s15__r0.7,random,random_nodes,15,0.7,preregistered_descriptive,0.9115967648894652,-0.4409575397567765,128,0.45180415095669335,0.05228758169934641,8,28,117,0.7047887885583244,0.46541046696275407,128,0.4706392251326887,51287,4459,57770,1507544,0.700025121229668,0.05153288257520001,0.7008352931635715,0.3000188976871385,0.051592523999299526,0.00041210607519245277,0.05139370260350798,0.9972992007289923,2153557,110979,77778,0.4908623257073237,0.4907849697344756,531,0.9022683650322806,0.09137055837563451,0.9024597090519018,103418,5563,5639,1.0225102996134647,0.7157828964454998,1.002492879120691,0.7017876348125553,79974,0.7069774842867372,0.7047887885583244,0.8015459284558691,0.457032909126628,-0.454372511743216,0.020268087671581864,-0.4573173297607297,-0.00390829766762868,,0.9657559623552707,0.49590555941910786
6bba,random__random_nodes__s15__r0.5,random,random_nodes,15,0.5,preregistered_descriptive,0.9115967648894652,-0.6591850887467183,128,0.23830362256586485,0.021739130434782608,3,13,122,0.5128503119391666,0.25023776309926854,128,0.2524116761427468,26629,2687,82428,1076810,0.5000146269636698,0.05153288257520001,0.5016895088259941,0.5000763740723733,0.051705500506124574,0.0007808097972022886,0.05136025454447517,0.9966501382787402,2153557,110979,55677,0.25184203910344427,0.25179369162041426,589,0.9022683650322806,0.09137055837563451,0.9024597090519018,103418,5563,5639,1.0225102996134647,0.5112701060277369,1.002492879120691,0.5012723139796403,58281,0.5152093775691516,0.5128503119391665,0.48301276289771705,0.2404775356093431,-0.670927885260501,0.02845530225081648,-0.6806772482034498,-0.006963142794085053,,0.9357542349713757,0.2574831345997012
6bba,random__random_nodes__s15__r0.3,random,random_nodes,15,0.3,preregistered_descriptive,0.9115967648894652,-0.8170401146977071,128,0.08836731726820049,0.0,0,4,125,0.3123015042819995,0.09455665019175805,128,0.09455665019175805,9725,995,99332,646126,0.3000273501003224,0.05153288257520001,0.30003874606907616,0.6999732690746694,0.05153483995381706,5.796440333343105e-06,0.05153204358939149,0.9999837194085291,2153557,110979,33298,0.0903227677967085,0.09031309830010249,385,0.9022683650322806,0.09137055837563451,0.9024597090519018,103418,5563,5639,1.0225102996134647,0.30678105564331454,1.002492879120691,0.30079780915773724,35535,0.3141326544142997,0.31230150428199943,0.17886032716160344,0.08836731726820049,-0.8230381036016435,0.03459812842581337,-0.8425011872859571,-0.009137055837563315,,0.9065608908848156,0.09403429711306414
6bba,random__random_nodes__s15__r0.1,random,random_nodes,15,0.1,preregistered_descriptive,0.9115967648894652,-0.900912883402989,128,0.009801586574574502,0.0,0,0,125,0.10631993545620222,0.01068388148647611,128,0.01068388148647611,1070,109,107987,215410,0.10002521409927854,0.05153288257520001,0.10037034033465791,0.8999935375784915,0.051710691239961006,0.00026812612818840264,0.051513120521818,0.9996165156615648,2153557,110979,11139,0.009891895027944846,0.009891895027944846,47,0.9022683650322806,0.09137055837563451,0.9024597090519018,103418,5563,5639,1.0225102996134647,0.10227681163755427,1.002492879120691,0.10029275688996385,12084,0.10682366669318694,0.10631993545620222,0.019593744382527412,0.009801586574574502,-0.9016038342952695,0.04095423482192708,-0.9327300623873529,-0.009137055837563303,,0.8827968869848184,0.010346347947296058
6bba,random__random_tracklets__s15__r0.9,random,random_tracklets,15,0.9,preregistered_descriptive,0.9115967648894652,-0.07543562503906198,128,0.8191159381034347,0.08888888888888889,16,55,109,0.8905305289027985,0.8272722509615144,128,0.8361611398504032,93747,5392,15310,1940509,0.9010715760019354,0.05153288257520001,0.9012245559970805,0.09893673583089606,0.05154163160284235,0.00011943332717719982,0.05145319364650219,0.9984536295135145,2153557,110979,100017,0.9008779902918254,0.9008586512986134,582,0.9022683650322806,0.09137055837563451,0.9024597090519018,103418,5563,5639,1.0225102996134647,0.9213549671509159,1.002492879120691,0.9042652684421605,100841,0.8914436753564767,0.8905305289027985,0.9692611900053928,0.8280048269923236,-0.08340059387752041,0.00842302423336233,-0.08361048232374974,-0.00024816694867457745,,0.9891077760940656,0.906452062873497
6bba,random__random_tracklets__s15__r0.8,random,random_tracklets,15,0.8,preregistered_descriptive,0.9115967648894652,-0.16130847298047324,128,0.7291081414581638,0.06707317073170732,11,39,114,0.7941526528878808,0.7435809748358212,128,0.7502882919089919,83313,5210,25744,1725194,0.801090474967693,0.05153288257520001,0.7958262373962641,0.19862350421868835,0.05119424250258232,-0.003073958393224694,0.05289672544080604,1.0264654876159087,2153557,110979,88320,0.7954514687965345,0.7954514687965345,1049,0.9022683650322806,0.09137055837563451,0.9024597090519018,103418,5563,5639,1.0225102996134647,0.8191232615767086,1.002492879120691,0.8039804290197998,89893,0.7946623527019739,0.7941526528878808,0.9365450296602552,0.7358154585313346,-0.17558996233850943,0.01613048303609199,-0.17500921725217267,-0.002429738764392564,,0.9802400140634344,0.8054993093237423
6bba,random__random_tracklets__s15__r0.7,random,random_tracklets,15,0.7,preregistered_descriptive,0.9115967648894652,-0.24000565457888046,128,0.6475786776192232,0.0472972972972973,7,23,118,0.7032709860907553,0.666861380580855,128,0.6715911103105847,73789,4889,35268,1510172,0.701245427912983,0.05153288257520001,0.7005829931788897,0.2987185801472453,0.05148420179953012,-0.0003373509001040119,0.05164714750887882,1.0022173208244671,2153557,110979,77750,0.7001392407511265,0.7001199017579145,1384,0.9022683650322806,0.09137055837563451,0.9024597090519018,103418,5563,5639,1.0225102996134647,0.7170306725978766,1.002492879120691,0.7040451103226744,79797,0.7054127880764844,0.7032709860907553,0.8788423512493259,0.6523084073489529,-0.2590970135208911,0.023032471916440866,-0.25863080038748765,-0.004407326107833676,,0.9701692175307984,0.7134104104750916
6bba,random__random_tracklets__s15__r0.5,random,random_tracklets,15,0.5,preregistered_descriptive,0.9115967648894652,-0.4113721321101277,128,0.47289947735653837,0.03759398496240601,5,8,120,0.5094045494149207,0.49646523428309686,128,0.5002246327793375,53475,4022,55582,1079387,0.5012112518962814,0.05153288257520001,0.5003198803377216,0.49874031738322844,0.05144123470080703,-0.0004155479281615569,0.05162497556252735,1.0017870723065598,2153557,110979,55525,0.4996422286255778,0.4996132201357597,1806,0.9022683650322806,0.09137055837563451,0.9024597090519018,103418,5563,5639,1.0225102996134647,0.5124936673461065,1.002492879120691,0.5036263035688674,58152,0.5140690057548997,0.5094045494149209,0.722991191802984,0.476658875852779,-0.434746545017065,0.03415215473347999,-0.4401466295022851,-0.0053776573413225615,,0.9454931663897389,0.5170579045778436
6bba,random__random_tracklets__s15__r0.3,random,random_tracklets,15,0.3,preregistered_descriptive,0.9115967648894652,-0.5946907266784911,128,0.29474051351762254,0.015873015873015872,2,1,123,0.31516106053845244,0.3153187366236725,128,0.3169060382109741,32957,2760,76100,648372,0.301070275827387,0.05153288257520001,0.30239955306859856,0.6990019475388455,0.051760409147834884,0.0006754542712301294,0.051434873454093685,0.9980981246107609,2153557,110979,33560,0.3022781334003752,0.30222011642073915,1702,0.9022683650322806,0.09137055837563451,0.9024597090519018,103418,5563,5639,1.0225102996134647,0.30784745794096996,1.002492879120691,0.3028849892283426,35975,0.3180222947109732,0.31516106053845244,0.49613517886032715,0.2963278151049241,-0.6150776057649199,0.04169289592270928,-0.6288338683509387,-0.00754975425026172,,0.9196683760430479,0.31866555474527997
6bba,random__random_tracklets__s15__r0.1,random,random_tracklets,15,0.1,preregistered_descriptive,0.9115967648894652,-0.7994048543766609,128,0.10295333351502103,0.0,0,0,125,0.11022739422720464,0.1121919105128043,128,0.1121919105128043,11333,1022,97724,218235,0.10133699734903696,0.05153288257520001,0.10228061164724858,0.8987142718662396,0.05201273856164226,0.0007288583682767383,0.0514787720079656,0.9989499798084175,2153557,110979,11351,0.10182946875785646,0.10182946875785646,802,0.9022683650322806,0.09137055837563451,0.9024597090519018,103418,5563,5639,1.0225102996134647,0.10361812352129267,1.002492879120691,0.10258708792022114,12448,0.1100414600295259,0.11022739422720462,0.18371382347654144,0.10295333351502103,-0.808452087354823,0.04506651315716206,-0.8353343116962596,-0.009137055837563315,,0.8903606770899379,0.10957834566285063
6bba,random__random_nodes__s16__r0.9,random,random_nodes,16,0.9,preregistered_descriptive,0.9115967648894652,-0.16316781008970516,128,0.7329443368744222,0.08,14,50,111,0.891147547541499,0.74042895479976,128,0.74842895479976,84035,5597,25022,1938260,0.9000272572307118,0.05153288257520001,0.9008010524513647,0.10001478523708764,0.051577187786984204,0.0006012962382678115,0.051134014872478484,0.9922599380669329,2153557,110979,99970,0.810642247964571,0.810603569978147,204,0.9022683650322806,0.09137055837563451,0.9024597090519018,103418,5563,5639,1.0225102996134647,0.92028714045126,1.002492879120691,0.9022926870803287,100879,0.8917795988366439,0.891147547541499,1.0061118101743662,0.7409443368744222,-0.1704610839954218,0.008153859665481211,-0.17018461391762307,-0.0011370558375632944,,0.9916680489061593,0.8125966863656546
6bba,random__random_nodes__s16__r0.8,random,random_nodes,16,0.8,preregistered_descriptive,0.9115967648894652,-0.3111844377055343,128,0.5824792346809274,0.06172839506172839,10,37,115,0.7992607012488505,0.594239487677758,128,0.6004123271839309,66550,5196,42507,1722893,0.8000220100977128,0.05153288257520001,0.8009082799448545,0.20002614343246622,0.05158997105449961,0.0005164817562205681,0.05130449724146899,0.9955681630384687,2153557,110979,88884,0.640140014310855,0.640081997331219,354,0.9022683650322806,0.09137055837563451,0.9024597090519018,103418,5563,5639,1.0225102996134647,0.8180307452423786,1.002492879120691,0.8020308888677654,90496,0.7999929279267333,0.7992607012488506,0.9340284019413986,0.5886520741871003,-0.3227533466827437,0.014811624345982544,-0.3230318457201263,-0.0029642163313905456,,0.9805111757001947,0.643520059914193
6bba,random__random_nodes__s16__r0.7,random,random_nodes,16,0.7,preregistered_descriptive,0.9115967648894652,-0.4434711602495101,128,0.4499255775446755,0.046357615894039736,7,26,118,0.7053400600343199,0.4634898430505511,128,0.46812560463995506,51085,4484,57972,1507544,0.700025121229668,0.05153288257520001,0.700573982465151,0.3000046999429153,0.05157328741317003,0.0002791864789618343,0.05143859334100088,0.9981703093347915,2153557,110979,77749,0.48926685876733256,0.4892088417876965,492,0.9022683650322806,0.09137055837563451,0.9024597090519018,103418,5563,5639,1.0225102996134647,0.7157828964454998,1.002492879120691,0.7017876348125553,79867,0.7060315944873189,0.7053400600343199,0.8060399065252561,0.4545613391340795,-0.4568440817357645,0.020236847661427554,-0.4592067136627783,-0.0045012942481593154,,0.9666006446032207,0.49396785465922366
6bba,random__random_nodes__s16__r0.5,random,random_nodes,16,0.5,preregistered_descriptive,0.9115967648894652,-0.6626665445426467,128,0.23560879171996743,0.015151515151515152,2,7,123,0.513410169099272,0.2474150688316669,128,0.24893022034681841,26338,2730,82719,1076810,0.5000146269636698,0.05153288257520001,0.5005451481811874,0.5000141977442232,0.0515875595508957,0.00024732261634654093,0.051478202400378176,0.9989389265243985,2153557,110979,55550,0.24934730897909455,0.24933763948248855,552,0.9022683650322806,0.09137055837563451,0.9024597090519018,103418,5563,5639,1.0225102996134647,0.5112701060277369,1.002492879120691,0.5012723139796403,58159,0.514130886395983,0.513410169099272,0.49074240517706275,0.23712394323511896,-0.674281477634725,0.028384493182365078,-0.6834291334026001,-0.007621904322411777,,0.9367924169240968,0.2546766761443515
6bba,random__random_nodes__s16__r0.3,random,random_nodes,16,0.3,preregistered_descriptive,0.9115967648894652,-0.8174398506099534,128,0.08799433232211303,0.0,0,4,125,0.3134529959716152,0.09415691427951174,128,0.09415691427951174,9688,1041,99369,646126,0.3000273501003224,0.05153288257520001,0.2998134782256103,0.6999610296399942,0.051496147810179436,-0.00010878369250906527,0.051548628096410386,1.0003055431876415,2153557,110979,33273,0.09027442031367847,0.09027442031367847,352,0.9022683650322806,0.09137055837563451,0.9024597090519018,103418,5563,5639,1.0225102996134647,0.30678105564331454,1.002492879120691,0.30079780915773724,35520,0.3140000530405495,0.31345299597161513,0.18712924680927556,0.08799433232211303,-0.8234110885477309,0.03458581059877833,-0.8428886053711684,-0.00913705583756333,,0.9069398190367864,0.09367590812817009
6bba,random__random_nodes__s16__r0.1,random,random_nodes,16,0.1,preregistered_descriptive,0.9115967648894652,-0.9009611746426094,128,0.009756857284203968,0.0,0,0,125,0.10567057817154932,0.010635590246855758,128,0.010635590246855758,1065,97,107992,215410,0.10002521409927854,0.05153288257520001,0.09942421539210121,0.8999421319528557,0.05122324868854742,-0.0004669116395181138,0.05156729597909756,1.0006677950500311,2153557,110979,11034,0.009804869558490786,0.009804869558490786,51,0.9022683650322806,0.09137055837563451,0.9024597090519018,103418,5563,5639,1.0225102996134647,0.10227681163755427,1.002492879120691,0.10029275688996385,12007,0.10614297964126908,0.10567057817154932,0.017436634909221642,0.009756857284203968,-0.90164856358564,0.040950119794063086,-0.9327742385991091,-0.009137055837563302,,0.8826998461237093,0.010298450187537403
6bba,random__random_tracklets__s16__r0.9,random,random_tracklets,16,0.9,preregistered_descriptive,0.9115967648894652,-0.0781369778763662,128,0.8173780221698524,0.07954545454545454,14,51,111,0.8927385457198282,0.8255052415585535,128,0.833459787013099,93647,5513,15410,1940764,0.9011899847554534,0.05153288257520001,0.8990349525585921,0.09869292629216608,0.05140965104464015,-0.0016833568098227891,0.05265680731978965,1.0218098559293582,2153557,110979,99774,0.8987410315418979,0.8987023535554739,705,0.9022683650322806,0.09137055837563451,0.9024597090519018,103418,5563,5639,1.0225102996134647,0.9214760413209524,1.002492879120691,0.9047801888984544,100816,0.891222673066893,0.8927385457198282,0.991012043861226,0.8253325676243979,-0.08607285324544611,0.008368683581714664,-0.085323151075063,-0.0011825103830178652,,0.9912279293162747,0.905517508623608
6bba,random__random_tracklets__s16__r0.8,random,random_tracklets,16,0.8,preregistered_descriptive,0.9115967648894652,-0.15994727665419706,128,0.7299691328337458,0.0718954248366013,11,28,114,0.7940660602687037,0.744459945751608,128,0.7516494882352681,83480,5304,25577,1725548,0.8012548541784592,0.05153288257520001,0.7962677623694573,0.1984741831156509,0.051212136666148954,-0.002913029214164022,0.052825991976804224,1.0250928986888561,2153557,110979,88369,0.7956932062116846,0.7956351892320486,1197,0.9022683650322806,0.09137055837563451,0.9024597090519018,103418,5563,5639,1.0225102996134647,0.8192913410127594,1.002492879120691,0.8046414783956329,90121,0.7966778935829775,0.7940660602687036,0.9534423872011505,0.7371586753174059,-0.17424674555243813,0.016081023599373745,-0.1740807868996676,-0.0019475133539031964,,0.9805835343174348,0.8071642360628188
6bba,random__random_tracklets__s16__r0.7,random,random_tracklets,16,0.7,preregistered_descriptive,0.9115967648894652,-0.2418024876682241,128,0.6449221320465014,0.056338028169014086,8,17,117,0.6992359940542003,0.6641604744043397,128,0.6697942772212411,73505,4918,35552,1510404,0.7013531566612817,0.05153288257520001,0.69780769334739,0.298454208358261,0.05127237480832943,-0.0018057462940634257,0.052144668531438086,1.0118717588783301,2153557,110979,77442,0.6967742559322362,0.6967162389526002,1452,0.9022683650322806,0.09137055837563451,0.9024597090519018,103418,5563,5639,1.0225102996134647,0.7171408263525765,1.002492879120691,0.7042837941734226,79569,0.7033972471954809,0.6992359940542003,0.8840553658098148,0.6505559348634028,-0.2608494860064412,0.022978248954583114,-0.2612774836021453,-0.0035032530206619006,,0.9694533327504886,0.7107051969535828
6bba,random__random_tracklets__s16__r0.5,random,random_tracklets,16,0.5,preregistered_descriptive,0.9115967648894652,-0.41319775666325037,128,0.4710494144327705,0.0390625,5,3,120,0.5058983795748563,0.4944927582262148,128,0.4983990082262148,53173,3825,55884,1079585,0.5013031928107777,0.05153288257520001,0.49788698762829003,0.4985111951661087,0.051181704080734726,-0.001592599212410725,0.05188589646657455,1.006850264796645,2153557,110979,55255,0.49756328685528634,0.4975342783654683,1719,0.9022683650322806,0.09137055837563451,0.9024597090519018,103418,5563,5639,1.0225102996134647,0.5125876778781349,1.002492879120691,0.5039468065257725,57726,0.510303126740393,0.5058983795748562,0.6875786446162143,0.4749556644327705,-0.4364497564370735,0.034116728037773936,-0.442083678863461,-0.0052308058375633015,,0.943700880305526,0.514110529511938
6bba,random__random_tracklets__s16__r0.3,random,random_tracklets,16,0.3,preregistered_descriptive,0.9115967648894652,-0.598399128111968,128,0.29205868924955464,0.007874015748031496,1,2,124,0.308547319245264,0.31241023520269395,128,0.3131976367774971,32625,2650,76432,649062,0.30139067598396513,0.05153288257520001,0.3014173852710873,0.6986107752066262,0.0515374494270193,1.3567857706346096e-05,0.05153091236594339,0.9999617679206332,2153557,110979,33451,0.3010307683382003,0.3010210988415943,1494,0.9022683650322806,0.09137055837563451,0.9024597090519018,103418,5563,5639,1.0225102996134647,0.3081750704010689,1.002492879120691,0.30353650251892306,35604,0.3147426207335508,0.308547319245264,0.47636167535502427,0.2928460908243578,-0.6185593300454861,0.04158927968239012,-0.6316387535315979,-0.008349654262760187,,0.9196318112218546,0.3154363602479164
6bba,random__random_tracklets__s16__r0.1,random,random_tracklets,16,0.1,preregistered_descriptive,0.9115967648894652,-0.7988018734657085,128,0.10351816339328722,0.0,0,0,125,0.10784718016261566,0.11279489142375664,128,0.11279489142375664,11390,972,97667,218150,0.10129752776453096,0.05153288257520001,0.10385748655150974,0.8988415619868617,0.052835205134082054,0.0019776829113792387,0.05138609088424295,0.9971514946647347,2153557,110979,11526,0.1037730375756638,0.10376336807905781,659,0.9022683650322806,0.09137055837563451,0.9024597090519018,103418,5563,5639,1.0225102996134647,0.10357776546461382,1.002492879120691,0.10268105123870513,12465,0.11019174158644283,0.10784718016261567,0.1747258673377674,0.10351816339328722,-0.8078872574765568,0.045138205741985626,-0.8348030233701309,-0.009137055837563302,,0.8899582590180561,0.11011748731884644
6bba,random__random_nodes__s17__r0.9,random,random_nodes,17,0.9,preregistered_descriptive,0.9115967648894652,-0.16301514095952951,128,0.7336920500924408,0.07428571428571429,13,50,112,0.890953531315323,0.7411530525013642,128,0.7485816239299357,84131,5611,24926,1938260,0.9000272572307118,0.05153288257520001,0.9010082988673532,0.10002604551698882,0.051589054100069136,0.0007623420640914631,0.051027185701612195,0.9901869088566922,2153557,110979,99993,0.8116672146048076,0.8116575451082017,191,0.9022683650322806,0.09137055837563451,0.9024597090519018,103418,5563,5639,1.0225102996134647,0.92028714045126,1.002492879120691,0.9022926870803287,100877,0.8917619186534772,0.890953531315323,1.008628437893223,0.7411206215210122,-0.17028479934883178,0.008159320352348676,-0.16946597690288623,-0.0017084844089919615,,0.992416338872822,0.8134906804146865
6bba,random__random_nodes__s17__r0.8,random,random_nodes,17,0.8,preregistered_descriptive,0.9115967648894652,-0.31123391892607877,128,0.5829964120066509,0.05625,9,35,116,0.798422490518468,0.5947378459633864,128,0.6003628459633864,66619,5213,42438,1722893,0.8000220100977128,0.05153288257520001,0.8008091620937294,0.20002075808120914,0.051583586444428065,0.000458719933467662,0.05133003919528913,0.9960638068399361,2153557,110979,88873,0.6407105146106093,0.6406815061207913,361,0.9022683650322806,0.09137055837563451,0.9024597090519018,103418,5563,5639,1.0225102996134647,0.8180307452423786,1.002492879120691,0.8020308888677654,90489,0.7999310472856499,0.798422490518468,0.9370843070285817,0.5886214120066509,-0.32278400886319314,0.014820441797571249,-0.3225423048860866,-0.0035120558375634214,,0.9812504288790682,0.6441555786160598
6bba,random__random_nodes__s17__r0.7,random,random_nodes,17,0.7,preregistered_descriptive,0.9115967648894652,-0.44161528073558864,128,0.45208749966962974,0.04285714285714286,6,15,119,0.7053496196527782,0.46569576986816225,128,0.4699814841538765,51316,4452,57741,1507544,0.700025121229668,0.05153288257520001,0.7016102145450941,0.3000610013424212,0.051649570427131815,0.0008062814295315283,0.051260578347494555,0.9947159131393807,2153557,110979,77864,0.4918099363747123,0.49180026687810635,455,0.9022683650322806,0.09137055837563451,0.9024597090519018,103418,5563,5639,1.0225102996134647,0.7157828964454998,1.002492879120691,0.7017876348125553,79968,0.7069244437372371,0.7053496196527782,0.8002876145964408,0.456373213955344,-0.45503220691449997,0.020273737840625694,-0.4570376770243653,-0.00485134155184902,,0.9667011816988715,0.4961789573092377
6bba,random__random_nodes__s17__r0.5,random,random_nodes,17,0.5,preregistered_descriptive,0.9115967648894652,-0.6619266003646238,128,0.2370265600802084,0.0078125,1,3,124,0.5116029979477557,0.2488889145248413,128,0.2496701645248413,26478,2652,82579,1076810,0.5000146269636698,0.05153288257520001,0.5009145874444715,0.5000342704170906,0.05162563497738691,0.00041955076134721534,0.051440124746110275,0.9982000263820994,2153557,110979,55591,0.25089442843605564,0.2508557504496316,535,0.9022683650322806,0.09137055837563451,0.9024597090519018,103418,5563,5639,1.0225102996134647,0.5112701060277369,1.002492879120691,0.5012723139796403,58085,0.5134767196188152,0.5116029979477557,0.47672119360057524,0.2378078100802084,-0.6735976107896355,0.028427346588738467,-0.681998141115799,-0.008355805837563318,,0.9368936791503298,0.2560150184279735
6bba,random__random_nodes__s17__r0.3,random,random_nodes,17,0.3,preregistered_descriptive,0.9115967648894652,-0.8153388132433216,128,0.08995838709091239,0.0,0,1,125,0.3148769487574964,0.09625795164614358,128,0.09625795164614358,9901,1005,99156,646126,0.3000273501003224,0.05153288257520001,0.30208417808774635,0.7000844031415202,0.05188616461804663,0.0010461840465424111,0.051381456265659924,0.9970615594941906,2153557,110979,33525,0.09232435359415189,0.09232435359415189,353,0.9022683650322806,0.09137055837563451,0.9024597090519018,103418,5563,5639,1.0225102996134647,0.30678105564331454,1.002492879120691,0.30079780915773724,35704,0.31562662989188567,0.3148769487574964,0.18065791838935827,0.08995838709091239,-0.8214470337789316,0.0346551364784613,-0.8408568938842196,-0.009137055837563302,,0.9066432665700266,0.09573489844973432
6bba,random__random_nodes__s17__r0.1,random,random_nodes,17,0.1,preregistered_descriptive,0.9115967648894652,-0.8995844303649435,128,0.011020318425825838,0.0,0,0,125,0.1090736287698808,0.01201233452452167,128,0.01201233452452167,1203,105,107854,215410,0.10002521409927854,0.05153288257520001,0.10255093305940764,0.9001120153061474,0.052834130263218974,0.001962213173759612,0.05138825899170703,0.9971935669757667,2153557,110979,11381,0.011003887137635615,0.011003887137635615,65,0.9022683650322806,0.09137055837563451,0.9024597090519018,103418,5563,5639,1.0225102996134647,0.10227681163755427,1.002492879120691,0.10029275688996385,12351,0.10918397114594107,0.1090736287698808,0.01887470789142549,0.011020318425825838,-0.9003851024440181,0.04100888598687357,-0.9314562605142538,-0.009137055837563302,,0.8827645400311154,0.011632405214300036
6bba,random__random_tracklets__s17__r0.9,random,random_tracklets,17,0.9,preregistered_descriptive,0.9115967648894652,-0.07248700725194812,128,0.8226434533580135,0.08287292817679558,15,56,110,0.8949469487183909,0.8308224648198375,128,0.839109757637517,94219,5475,14838,1940987,0.901293534371275,0.05153288257520001,0.9046936807864551,0.09889120513390431,0.05172729132137412,0.002657190976147438,0.049757726866443995,0.9655529514351231,2153557,110979,100402,0.904658763464774,0.904629754974956,664,0.9022683650322806,0.09137055837563451,0.9024597090519018,103418,5563,5639,1.0225102996134647,0.921581921869651,1.002492879120691,0.9047109834252756,101367,0.8960935635293181,0.8949469487183908,0.9841811971957577,0.8309307461756931,-0.08047467469415093,0.008399583362415086,-0.0800368275944795,-0.0008497630198837092,,0.9905280537708451,0.9110421007980865
6bba,random__random_tracklets__s17__r0.8,random,random_tracklets,17,0.8,preregistered_descriptive,0.9115967648894652,-0.15031936313629657,128,0.7399658747867174,0.06547619047619048,11,43,114,0.8047650811204989,0.7547297827055496,128,0.7612774017531686,84567,5228,24490,1725581,0.8012701776642086,0.05153288257520001,0.8052964975355698,0.19894858360366166,0.05179183127306107,0.0023518972343805756,0.05048881245677328,0.9797397299306292,2153557,110979,89371,0.8056721267090835,0.8056527877158716,1248,0.9022683650322806,0.09137055837563451,0.9024597090519018,103418,5563,5639,1.0225102996134647,0.8193070094347641,1.002492879120691,0.8043493892396593,91184,0.8060749109360773,0.8047650811204989,0.9397806938702139,0.7465134938343364,-0.1648919270355076,0.016192103010001846,-0.16392202935635403,-0.002589436789944388,,0.9806009420935433,0.8177332019453063
6bba,random__random_tracklets__s17__r0.7,random,random_tracklets,17,0.7,preregistered_descriptive,0.9115967648894652,-0.23830140753859175,128,0.6519105680351829,0.018867924528301886,3,34,122,0.7094534566585209,0.6714085648980432,128,0.6732953573508734,74265,4862,34792,1510060,0.7011934209310458,0.05153288257520001,0.7020787716595032,0.29885468266083354,0.05159794975034104,0.00045085037324650985,0.05138019291465228,0.9970370440596854,2153557,110979,77916,0.7021118180587519,0.7020731400723278,1658,0.9022683650322806,0.09137055837563451,0.9024597090519018,103418,5563,5639,1.0225102996134647,0.7169774949231938,1.002492879120691,0.7039319081916988,80293,0.7097974735018254,0.709453456658521,0.8739888549343879,0.6537973604880131,-0.25760806038183093,0.02310014279393663,-0.25415128694779526,-0.007250263384733113,,0.9729589660765288,0.7180892843995154
6bba,random__random_tracklets__s17__r0.5,random,random_tracklets,17,0.5,preregistered_descriptive,0.9115967648894652,-0.41015420208017717,128,0.47761418402086925,0.0,0,16,125,0.5203103483336329,0.501442562809288,128,0.501442562809288,54011,4028,55046,1079653,0.5013347684783825,0.05153288257520001,0.5043927229475846,0.49883137877721195,0.05184721387334634,0.00142558670524925,0.05121686854690922,0.9938677207154162,2153557,110979,55977,0.5038291206559786,0.5038194511593727,1907,0.9022683650322806,0.09137055837563451,0.9024597090519018,103418,5563,5639,1.0225102996134647,0.5126199643234779,1.002492879120691,0.5037525444227,58741,0.519275819697492,0.5203103483336329,0.7240697465396368,0.47761418402086925,-0.43379123684897475,0.03425348417173665,-0.43527063041435055,-0.009137055837563302,,0.9494624606963835,0.5222713681312117
6bba,random__random_tracklets__s17__r0.3,random,random_tracklets,17,0.3,preregistered_descriptive,0.9115967648894652,-0.6007617087375107,128,0.2905265794252082,0.0,0,5,125,0.31269800650853125,0.3108350561519545,128,0.3108350561519545,32480,2740,76577,648722,0.30123279764594113,0.05153288257520001,0.29856999972967857,0.6986225250639143,0.0510773490031169,-0.0013528570312298812,0.05172925935401556,1.0038107082119652,2153557,110979,33135,0.2978688429480361,0.2978688429480361,1675,0.9022683650322806,0.09137055837563451,0.9024597090519018,103418,5563,5639,1.0225102996134647,0.30801363817435345,1.002492879120691,0.3030771555879445,35539,0.3141680147806331,0.3126980065085313,0.49253999640481755,0.2905265794252082,-0.6208788414446358,0.041502551510796515,-0.6331272044107439,-0.009137055837563357,,0.9211268685690825,0.31408461826810247
6bba,random__random_tracklets__s17__r0.1,random,random_tracklets,17,0.1,preregistered_descriptive,0.9115967648894652,-0.8050367420496761,128,0.09777600043625656,0.0,0,0,125,0.10444214008255981,0.10656002283978905,128,0.10656002283978905,10758,970,98299,217530,0.10100963197166363,0.05153288257520001,0.09703637625136287,0.8987744898848417,0.04950581528984508,-0.003073397136108726,0.051760641767909225,1.0044196866413762,2153557,110979,10769,0.09684967800576302,0.09684967800576302,742,0.9022683650322806,0.09137055837563451,0.9024597090519018,103418,5563,5639,1.0225102996134647,0.10328338905119158,1.002492879120691,0.10220626761175147,11810,0.10440148159934937,0.10444214008255981,0.17436634909221643,0.09777600043625656,-0.8136294204335874,0.0447900194252524,-0.8406897056373652,-0.009137055837563302,,0.889922088705418,0.10402638726957378
6bba,random__random_nodes__s18__r0.9,random,random_nodes,18,0.9,preregistered_descriptive,0.9115967648894652,-0.16474000479374906,128,0.7322193621569739,0.07142857142857142,13,57,112,0.8891548334107465,0.739713902952859,128,0.7468567600957161,83916,5548,25141,1938260,0.9000272572307118,0.05153288257520001,0.899854927508808,0.0999633796114518,0.05152301548811821,-0.0001339129665792938,0.0516217132612159,1.0017237670702055,2153557,110979,99865,0.8097719932700304,0.8097043067937884,178,0.9022683650322806,0.09137055837563451,0.9024597090519018,103418,5563,5639,1.0225102996134647,0.92028714045126,1.002492879120691,0.9022926870803287,100721,0.8903828643664748,0.8891548334107464,0.9973036131583678,0.739362219299831,-0.17204320157001296,0.008149274604882017,-0.1708950807039249,-0.001994198694706184,,0.9921845213370399,0.8114649938946968
6bba,random__random_nodes__s18__r0.8,random,random_nodes,18,0.8,preregistered_descriptive,0.9115967648894652,-0.3104965255026052,128,0.5833253045816437,0.059880239520958084,10,42,115,0.7976116634210755,0.5951122154347641,128,0.60110023938686,66600,5116,42457,1722893,0.8000220100977128,0.05153288257520001,0.8008992692311158,0.20002565385507923,0.0515893906354022,0.0005112306814248494,0.05130681923727082,0.9956132215658748,2153557,110979,88883,0.6405267941750953,0.6404687771954592,364,0.9022683650322806,0.09137055837563451,0.9024597090519018,103418,5563,5639,1.0225102996134647,0.8180307452423786,1.002492879120691,0.8020308888677654,90447,0.7995597634391493,0.7976116634210755,0.91964767211936,0.5893133285337395,-0.3220920923361045,0.014818868257930495,-0.32216636187506825,-0.003149031885467446,,0.9800246236098721,0.6440139086261611
6bba,random__random_nodes__s18__r0.7,random,random_nodes,18,0.7,preregistered_descriptive,0.9115967648894652,-0.44361399483944314,128,0.4505842130306822,0.0379746835443038,6,33,119,0.7033636350540476,0.46418530169559163,128,0.46798277005002203,51135,4429,57922,1507544,0.700025121229668,0.05153288257520001,0.7000874039232647,0.29997826276401685,0.051537467563135805,3.168102391171707e-05,0.051522182990125585,0.9997923736352452,2153557,110979,77695,0.4894312402096347,0.48939256222321065,523,0.9022683650322806,0.09137055837563451,0.9024597090519018,103418,5563,5639,1.0225102996134647,0.7157828964454998,1.002492879120691,0.7017876348125553,79799,0.7054304682596512,0.7033636350540475,0.7961531547726047,0.4543816813851126,-0.4570237394847314,0.020243068759753596,-0.45851747611606375,-0.005339587483132957,,0.9670254016212679,0.4944694047596074
6bba,random__random_nodes__s18__r0.5,random,random_nodes,18,0.5,preregistered_descriptive,0.9115967648894652,-0.6622713051316262,128,0.23605403808449493,0.014388489208633094,2,14,123,0.510324326074204,0.24788661083697555,128,0.24932545975783887,26367,2642,82690,1076810,0.5000146269636698,0.05153288257520001,0.49976121608592616,0.49997160451155354,0.05150676535321923,-0.00011813710597196334,0.051559001325288116,1.000506836582448,2153557,110979,55463,0.2492602835096405,0.24924094451642848,591,0.9022683650322806,0.09137055837563451,0.9024597090519018,103418,5563,5639,1.0225102996134647,0.5112701060277369,1.002492879120691,0.5012723139796403,58064,0.5132910776955649,0.5103243260742041,0.47492360237282044,0.23749288700535826,-0.6739125338644858,0.02839361453993909,-0.6829667127548654,-0.007698206916699979,,0.9361334434990515,0.25496119138091694
6bba,random__random_nodes__s18__r0.3,random,random_nodes,18,0.3,preregistered_descriptive,0.9115967648894652,-0.8171167308317543,128,0.08757121180457754,0.007751937984496124,1,4,124,0.31069185280726475,0.09370484025926124,128,0.09448003405771085,9638,1002,99419,646126,0.3000273501003224,0.05153288257520001,0.29882229971436036,0.6999071761274233,0.051325902378173915,-0.0006129362770156622,0.051621599927293524,1.001721567815735,2153557,110979,33163,0.08951053008180394,0.08949119108859192,383,0.9022683650322806,0.09137055837563451,0.9024597090519018,103418,5563,5639,1.0225102996134647,0.30678105564331454,1.002492879120691,0.30079780915773724,35421,0.31312488397379795,0.31069185280726475,0.1801186410210318,0.08834640560302714,-0.8230590152668169,0.034570231222541145,-0.8433251000151818,-0.008361862039113696,,0.9058475933832683,0.09319312007020238
6bba,random__random_nodes__s18__r0.1,random,random_nodes,18,0.1,preregistered_descriptive,0.9115967648894652,-0.9001040920330812,128,0.010543962184643008,0.0,0,1,125,0.10628392604471947,0.011492672856384011,128,0.011492672856384011,1151,105,107906,215410,0.10002521409927854,0.05153288257520001,0.10047846889952153,0.8999994125071356,0.051766398960122556,0.00035213044449771883,0.051506929040986055,0.9994963694457402,2153557,110979,11151,0.010501073314123267,0.010501073314123267,65,0.9022683650322806,0.09137055837563451,0.9024597090519018,103418,5563,5639,1.0225102996134647,0.10227681163755427,1.002492879120691,0.10029275688996385,12126,0.1071949505396876,0.10628392604471947,0.01887470789142549,0.010543962184643008,-0.900861458685201,0.040989403872894924,-0.9319564400684128,-0.009137055837563305,,0.8827645400311154,0.011129179543571637
6bba,random__random_tracklets__s18__r0.9,random,random_tracklets,18,0.9,preregistered_descriptive,0.9115967648894652,-0.0739866004580042,128,0.8210825215150059,0.08379888268156424,15,54,110,0.8910428095282168,0.8292302761633046,128,0.837610164431461,93977,5398,15080,1940690,0.9011556229995306,0.05153288257520001,0.9016931131114896,0.09887358034797203,0.051563619125156515,0.0004197838004009892,0.05125266011171295,0.9945622590958668,2153557,110979,100069,0.9020576688777582,0.9020383298845462,690,0.9022683650322806,0.09137055837563451,0.9024597090519018,103418,5563,5639,1.0225102996134647,0.9214409060716084,1.002492879120691,0.9042884606096713,101051,0.89330009458898,0.8910428095282168,0.9703397447420457,0.8294624097831623,-0.08194301108668167,0.008429046648714522,-0.0816584795373117,-0.0007571675694070246,,0.989722741917442,0.9086500527706607
6bba,random__random_tracklets__s18__r0.8,random,random_tracklets,18,0.8,preregistered_descriptive,0.9115967648894652,-0.15487704567370075,128,0.7357566518604183,0.06289308176100629,10,34,115,0.7925618401001362,0.7504304110396638,128,0.7567197192157644,83980,5084,25077,1725394,0.8011833445782953,0.05153288257520001,0.8017192441813316,0.19884577235238998,0.05156735215260978,0.00031298402835316566,0.05139397846147378,0.997304553776445,2153557,110979,88974,0.8017946585700748,0.8017269720938328,1067,0.9022683650322806,0.09137055837563451,0.9024597090519018,103418,5563,5639,1.0225102996134647,0.8192182217100705,1.002492879120691,0.8040311877486697,90479,0.7998426463698164,0.7925618401001362,0.9138953801905446,0.7420459600365189,-0.1693594608333251,0.016177496913109435,-0.1682067949253474,-0.002847747661462785,,0.9796191023842011,0.8120290628482463
6bba,random__random_tracklets__s18__r0.7,random,random_tracklets,18,0.7,preregistered_descriptive,0.9115967648894652,-0.2227194526559051,128,0.662475304034772,0.06622516556291391,10,26,115,0.7132208586859256,0.6822547956772687,128,0.6888773122335601,75446,4828,33611,1510316,0.7013122940326167,0.05153288257520001,0.7139458816532858,0.299374124268449,0.052461206793810035,0.006434182507540421,0.04935319732417554,0.9577030210207292,2153557,110979,79233,0.7146918331431665,0.7145951381771065,1544,0.9022683650322806,0.09137055837563451,0.9024597090519018,103418,5563,5639,1.0225102996134647,0.7170990438938972,1.002492879120691,0.7040383344071821,81431,0.7198574977236765,0.7132208586859256,0.8678770447600216,0.6690978205910634,-0.24230760027878062,0.023247601862753375,-0.24345251523738648,-0.002514539281271988,,0.9676206925165358,0.7294835837394145
6bba,random__random_tracklets__s18__r0.5,random,random_tracklets,18,0.5,preregistered_descriptive,0.9115967648894652,-0.39873403789400585,128,0.48639230150095963,0.021897810218978103,3,12,122,0.5213603343816022,0.5106729459735615,128,0.5128627269954593,54992,4004,54065,1079305,0.5011731753559344,0.05153288257520001,0.5132232224114472,0.4994815375471585,0.05277192267246052,0.005617602593251803,0.050288014357897405,0.9758432256242213,2153557,110979,56957,0.5141658125277998,0.5141271345413758,1822,0.9022683650322806,0.09137055837563451,0.9024597090519018,103418,5563,5639,1.0225102996134647,0.512454733691428,1.002492879120691,0.5034904145884135,59636,0.5271877016645893,0.5213603343816022,0.7197555275930253,0.48858208252285745,-0.42282333834698654,0.03448385703557619,-0.4262706201139166,-0.006947274815665483,,0.9469604543016303,0.5317609095787396
6bba,random__random_tracklets__s18__r0.3,random,random_tracklets,18,0.3,preregistered_descriptive,0.9115967648894652,-0.5939172900049026,128,0.2969289689854502,0.0,0,4,125,0.32134641960979493,0.31767947488456255,128,0.31767947488456255,33183,2697,75874,648640,0.30119472110559414,0.05153288257520001,0.30612998855639356,0.6990734258373487,0.052377281697089294,0.002507494591548552,0.05116893489807079,0.9929375641543412,2153557,110979,33974,0.30612659304956585,0.3060782455665358,1529,0.9022683650322806,0.09137055837563451,0.9024597090519018,103418,5563,5639,1.0225102996134647,0.307974704519675,1.002492879120691,0.30313963678840017,36184,0.3198698738518931,0.32134641960979493,0.48481035412547185,0.2969289689854502,-0.6144764518843938,0.04171155869795484,-0.6264917928652943,-0.00913705583756319,,0.9207808981749757,0.3208800244606292
6bba,random__random_tracklets__s18__r0.1,random,random_tracklets,18,0.1,preregistered_descriptive,0.9115967648894652,-0.7998085799223009,128,0.10257738046569095,0.0,0,0,125,0.11089502679429124,0.1117881849671642,128,0.1117881849671642,11291,1016,97766,217983,0.10121998163967798,0.05153288257520001,0.10274916876165761,0.89886310339189,0.052311418780363605,0.0011817670563800122,0.05144520436831658,0.9982985968860663,2153557,110979,11403,0.1027384014388211,0.1027384014388211,666,0.9022683650322806,0.09137055837563451,0.9024597090519018,103418,5563,5639,1.0225102996134647,0.10349847375325653,1.002492879120691,0.1025679974831314,12366,0.1093165725196913,0.11089502679429124,0.18263526873988856,0.10257738046569095,-0.808828040404153,0.044998069334230256,-0.835669593418968,-0.009137055837563315,,0.8903180461069822,0.10917879730505582
6bba,random__random_nodes__s19__r0.9,random,random_nodes,19,0.9,preregistered_descriptive,0.9115967648894652,-0.1669418748833953,128,0.7311813904861474,0.06043956043956044,11,57,114,0.8901855873853304,0.7386109339621139,128,0.7446548900060699,83925,5723,25132,1938260,0.9000272572307118,0.05153288257520001,0.8996476810928193,0.09995211933155061,0.05151114917503328,-0.0002949587924029454,0.05172854243208219,1.0037967962804462,2153557,110979,99842,0.8097623237734244,0.8097333152836064,184,0.9022683650322806,0.09137055837563451,0.9024597090519018,103418,5563,5639,1.0225102996134647,0.92028714045126,1.002492879120691,0.9022926870803287,100793,0.8910193509604759,0.8901855873853304,1.0287614596440768,0.7372253465301034,-0.1741800743397406,0.008147130461824192,-0.1719959055516122,-0.003093099793607279,,0.9949069047686492,0.8114922851085716
6bba,random__random_nodes__s19__r0.8,random,random_nodes,19,0.8,preregistered_descriptive,0.9115967648894652,-0.3153212162691964,128,0.5803042630064125,0.042682926829268296,7,39,118,0.7973962205809301,0.5920072559373419,128,0.5962755486202688,66334,5252,42723,1722893,0.8000220100977128,0.05153288257520001,0.7988718586399228,0.19991549894300242,0.051458796338484165,-0.0006702611476118669,0.051829268292682924,1.0057513902322543,2153557,110979,88658,0.6378773521050494,0.6378193351254133,372,0.9022683650322806,0.09137055837563451,0.9024597090519018,103418,5563,5639,1.0225102996134647,0.8180307452423786,1.002492879120691,0.8020308888677654,90333,0.7985519929986474,0.7973962205809301,0.9440949128168254,0.5845725556893393,-0.3268328651805047,0.014791600580213227,-0.32524405369477316,-0.0048687631546364685,,0.9830552664806179,0.6414169383758365
6bba,random__random_nodes__s19__r0.7,random,random_nodes,19,0.7,preregistered_descriptive,0.9115967648894652,-0.44570949712779734,128,0.4509976732708172,0.012987012987012988,2,29,123,0.7046403424704915,0.46458856646296653,128,0.46588726776166783,51172,4407,57885,1507544,0.700025121229668,0.05153288257520001,0.700375746762901,0.2999939292404011,0.051558694140933864,0.0001783509232006754,0.05147264838323687,0.9988311503460875,2153557,110979,77727,0.48985669806029897,0.489837359067087,514,0.9022683650322806,0.09137055837563451,0.9024597090519018,103418,5563,5639,1.0225102996134647,0.7157828964454998,1.002492879120691,0.7017876348125553,79891,0.7062437566853192,0.7046403424704915,0.7921984540715441,0.4522963745695185,-0.4591090463003255,0.020254112872024943,-0.4581252554609602,-0.007838354538862058,,0.9694992115844824,0.49480303969920597
6bba,random__random_nodes__s19__r0.5,random,random_nodes,19,0.5,preregistered_descriptive,0.9115967648894652,-0.664978061364348,128,0.2348711427906227,0.0,0,11,125,0.5117571147196363,0.24661870352511717,128,0.24661870352511717,26229,2617,82828,1076810,0.5000146269636698,0.05153288257520001,0.49955396966993754,0.49996034423165236,0.0514854059676266,-0.00021475289463087827,0.05158036196060913,1.000921341540323,2153557,110979,55440,0.24839969831170589,0.24836102032528187,544,0.9022683650322806,0.09137055837563451,0.9024597090519018,103418,5563,5639,1.0225102996134647,0.5112701060277369,1.002492879120691,0.5012723139796403,58070,0.513344118245065,0.5117571147196363,0.4704296243034334,0.2348711427906227,-0.6765342780792213,0.028376971866951206,-0.6842179773937359,-0.00913705583756333,,0.9374035038936188,0.2536003260588338
6bba,random__random_nodes__s19__r0.3,random,random_nodes,19,0.3,preregistered_descriptive,0.9115967648894652,-0.817147434950797,128,0.08826656247444413,0.0,0,4,125,0.31266508104511653,0.09444932993866823,128,0.09444932993866823,9714,996,99343,646126,0.3000273501003224,0.05153288257520001,0.3002550031988034,0.6999850189319575,0.05157198441170917,0.00011579336786205516,0.05151612246265335,0.9996747685805816,2153557,110979,33322,0.09064186118470673,0.09064186118470673,340,0.9022683650322806,0.09137055837563451,0.9024597090519018,103418,5563,5639,1.0225102996134647,0.30678105564331454,1.002492879120691,0.30079780915773724,35563,0.3143801769786335,0.3126650810451166,0.17904008628437892,0.08826656247444413,-0.8231388583953999,0.03459400801142547,-0.8426043871246591,-0.00913705583756333,,0.9065691284533366,0.09392842320571691
6bba,random__random_nodes__s19__r0.1,random,random_nodes,19,0.1,preregistered_descriptive,0.9115967648894652,-0.900583611237804,128,0.010104526424756548,0.0,0,0,125,0.10598758076223976,0.011013153651661238,128,0.011013153651661238,1103,102,107954,215410,0.10002521409927854,0.05153288257520001,0.09984771893781706,0.8999651420900451,0.05144143725918017,-0.00013789473397329214,0.05154304601250576,1.0001972223713844,2153557,110979,11081,0.009969251000792899,0.009969251000792899,72,0.9022683650322806,0.09137055837563451,0.9024597090519018,103418,5563,5639,1.0225102996134647,0.10227681163755427,1.002492879120691,0.10029275688996385,12059,0.10660266440360322,0.10598758076223974,0.018335430523099047,0.010104526424756548,-0.9013008944450874,0.04097203718678969,-0.9324185925870303,-0.009137055837563302,,0.8827402798158381,0.01066453360801589
6bba,random__random_tracklets__s19__r0.9,random,random_tracklets,19,0.9,preregistered_descriptive,0.9115967648894652,-0.06886478091801496,128,0.82696373962429,0.0755813953488372,13,47,112,0.8964864560217927,0.8351738444365665,128,0.8427319839714502,94646,5393,14411,1941021,0.9013093222050774,0.05153288257520001,0.9099649483235567,0.09916096227414571,0.05202777301224459,0.006764793905586472,0.047013211879399254,0.9122954030525001,2153557,110979,100987,0.9098126051557756,0.9098126051557756,555,0.9022683650322806,0.09137055837563451,0.9024597090519018,103418,5563,5639,1.0225102996134647,0.9215980650923226,1.002492879120691,0.904794500233534,101778,0.8997268411700745,0.8964864560217927,0.9694409491281683,0.8345218791591738,-0.07688354171067024,0.00841848975529308,-0.07570435437062834,-0.0015789163026797004,,0.9906218031904467,0.9151615833103921
6bba,random__random_tracklets__s19__r0.8,random,random_tracklets,19,0.8,preregistered_descriptive,0.9115967648894652,-0.14563137520527336,128,0.7441211707811912,0.07051282051282051,11,31,114,0.8051177470327505,0.7589141076329098,128,0.7659653896841918,85091,5294,23966,1725583,0.8012711063603146,0.05153288257520001,0.8130367006370575,0.19936815142432748,0.05228957401643387,0.006872657450269358,0.048481917125806705,0.9407957541489913,2153557,110979,90230,0.8128759016805585,0.8128468931907404,1028,0.9022683650322806,0.09137055837563451,0.9024597090519018,103418,5563,5639,1.0225102996134647,0.8193079590360977,1.002492879120691,0.8043896400709994,91781,0.8113524456113366,0.8051177470327506,0.9516447959733957,0.7511724528324732,-0.16023296803737075,0.01624697120766927,-0.15979257262666136,-0.0020857737862812753,,0.9806141937958556,0.8227357937620473
6bba,random__random_tracklets__s19__r0.7,random,random_tracklets,19,0.7,preregistered_descriptive,0.9115967648894652,-0.2297005089790929,128,0.6560395622895623,0.06293706293706294,9,18,116,0.7108168921486164,0.675602549616666,128,0.6818962559103723,74820,4991,34237,1509961,0.7011474504737976,0.05153288257520001,0.7096748033411726,0.299315864559395,0.052159625314826014,0.004342223277862847,0.050062461544198536,0.9714663539565104,2153557,110979,78759,0.7093252625268328,0.7092865845404088,1467,0.9022683650322806,0.09137055837563451,0.9024597090519018,103418,5563,5639,1.0225102996134647,0.7169304896571796,1.002492879120691,0.7038582097348901,80909,0.7152429699171683,0.7108168921486164,0.8971777817724249,0.6623332685832686,-0.24907215228657542,0.023180394493268475,-0.25003755392850424,-0.002843349543857121,,0.9693311675721721,0.7233849505053769
6bba,random__random_tracklets__s19__r0.5,random,random_tracklets,19,0.5,preregistered_descriptive,0.9115967648894652,-0.41102045607906734,128,0.47540823916970704,0.015151515151515152,2,7,123,0.5145666005814178,0.4990611572952463,128,0.5005763088103978,53685,3867,55372,1079709,0.5013607719693511,0.05153288257520001,0.5020769695167554,0.49867814105507846,0.05160649767668881,0.00033388392643731547,0.05145886568676386,0.9985636959405844,2153557,110979,55720,0.5017791873755052,0.5017501788856872,1795,0.9022683650322806,0.09137055837563451,0.9024597090519018,103418,5563,5639,1.0225102996134647,0.5126465531608193,1.002492879120691,0.5036811109179837,58295,0.5153331388513185,0.5145666005814178,0.6951285277727844,0.47692339068485856,-0.43448203018498543,0.03421941039002965,-0.43761796214668514,-0.007621904322411832,,0.9465482150367095,0.5190583357469495
6bba,random__random_tracklets__s19__r0.3,random,random_tracklets,19,0.3,preregistered_descriptive,0.9115967648894652,-0.5977114947515332,128,0.2934344249072431,0.0,0,3,125,0.3126639734305812,0.313885270137932,128,0.313885270137932,32742,2525,76315,648470,0.3011157819365821,0.05153288257520001,0.3021292316564395,0.6989392816333085,0.051706324116767156,0.0005149486332113954,0.05145815491064636,0.9985499032691486,2153557,110979,33530,0.3019203620259529,0.3019203620259529,1518,0.9022683650322806,0.09137055837563451,0.9024597090519018,103418,5563,5639,1.0225102996134647,0.3078939884063173,1.002492879120691,0.30269743864838455,35667,0.3152995465033018,0.3126639734305813,0.4538917850080892,0.2934344249072431,-0.617970995962601,0.04170387630369429,-0.6302783152176641,-0.009137055837563357,,0.9193249697201362,0.31654628184221406
6bba,random__random_tracklets__s19__r0.1,random,random_tracklets,19,0.1,preregistered_descriptive,0.9115967648894652,-0.797653640554201,128,0.1045535487153396,0.0,0,0,125,0.1096516164541917,0.11394312433526416,128,0.11394312433526416,11508,1011,97549,218094,0.1012715242735623,0.05153288257520001,0.10429000081096423,0.8988924780351105,0.05306886021623704,0.0023321740493186843,0.051359803829884636,0.9966413921235087,2153557,110979,11574,0.1041984954263281,0.1041984954263281,732,0.9022683650322806,0.09137055837563451,0.9024597090519018,103418,5563,5639,1.0225102996134647,0.10355117662727245,1.002492879120691,0.1026036250157078,12606,0.11143819449969501,0.10965161645419169,0.18173647312601116,0.1045535487153396,-0.8068518721545044,0.04508257342958406,-0.8335991581462218,-0.009137055837563315,,0.8902800401271719,0.11127868506391034
6bba,quality__quality_nodes__s20260908__r0.9,quality,quality_nodes,20260908,0.9,preregistered_descriptive,0.9115967648894652,-0.08579433694313254,128,0.8133963263864359,0.04093567251461988,7,46,118,0.9205718470288455,0.8217088606948706,128,0.8258024279463326,92109,4183,16948,1938260,0.9000272572307118,0.05153288257520001,0.9332396219104515,0.10177726383031639,0.05343452374810397,0.025808468975882848,0.03441292725862413,0.6677858008118726,2153557,110979,103570,0.8885493821191669,0.8885493821191669,217,0.9022683650322806,0.09137055837563451,0.9024597090519018,103418,5563,5639,1.0225102996134647,0.92028714045126,1.002492879120691,0.9022926870803287,104285,0.9218889507695299,0.9205718470288455,0.7519324105698364,0.8174898936378979,-0.09391552723194607,0.008554595030760948,-0.089305443387792,-0.0050434885861014855,,0.983672357201543,0.8906770731352731
6bba,quality__quality_nodes__s20260908__r0.8,quality,quality_nodes,20260908,0.8,preregistered_descriptive,0.9115967648894652,-0.10539113853860105,128,0.7865799062065053,0.03680981595092025,6,38,119,0.896996429208389,0.8025246447557721,128,0.8062056263508641,88727,3744,20330,1722893,0.8000220100977128,0.05153288257520001,0.9078384198812388,0.20583595828409001,0.05847780448350536,0.06283098635701484,0.023749373061133505,0.4608586183099099,2153557,110979,100751,0.8547544914811734,0.8547351524879615,332,0.9022683650322806,0.09137055837563451,0.9024597090519018,103418,5563,5639,1.0225102996134647,0.8180307452423786,1.002492879120691,0.8020308888677654,101713,0.8991522352171568,0.896996429208389,0.6730181556714003,0.7902608878015973,-0.12114453306824668,0.016839359968595646,-0.1167744242647254,-0.005456074242471298,,0.9707144288003532,0.8580336045107871
6bba,quality__quality_nodes__s20260908__r0.7,quality,quality_nodes,20260908,0.7,preregistered_descriptive,0.9115967648894652,-0.13424519937036317,128,0.7508236317944073,0.0379746835443038,6,33,119,0.8685527983135519,0.7735540971646716,128,0.777351565519102,84551,3554,24506,1507544,0.700025121229668,0.05153288257520001,0.874706025464277,0.3094657829468446,0.06439215041153028,0.08885405534643434,0.021524334649612314,0.4176815573668455,2153557,110979,97074,0.8127695372178925,0.8127501982246804,498,0.9022683650322806,0.09137055837563451,0.9024597090519018,103418,5563,5639,1.0225102996134647,0.7157828964454998,1.002492879120691,0.7017876348125553,98368,0.8695821288708551,0.8685527983135519,0.638863922344059,0.7546211001488377,-0.15678432072100634,0.024719565130012833,-0.15362517701724288,-0.005339587483133124,,0.9595694403007649,0.8176684812291223
6bba,quality__quality_nodes__s20260908__r0.5,quality,quality_nodes,20260908,0.5,preregistered_descriptive,0.9115967648894652,-0.22841818798499247,128,0.6478508081819482,0.0273972602739726,4,21,121,0.7775026647152181,0.6804388508770755,128,0.6831785769044727,72466,2799,36591,1076810,0.5000146269636698,0.05153288257520001,0.7737319673091305,0.5148572049635314,0.07974294443773738,0.12760373481465012,0.02332117015417735,0.4525493042262023,2153557,110979,85868,0.6943568817807345,0.6943182037943104,661,0.9022683650322806,0.09137055837563451,0.9024597090519018,103418,5563,5639,1.0225102996134647,0.5112701060277369,1.002492879120691,0.5012723139796403,87485,0.7733754121692701,0.7775026647152181,0.503145784648571,0.6505905342093454,-0.26081488666049857,0.03860462212323168,-0.2606254802980581,-0.0063973298101660525,,0.9361093539395661,0.7008419870824023
6bba,quality__quality_nodes__s20260908__r0.3,quality,quality_nodes,20260908,0.3,preregistered_descriptive,0.9115967648894652,-0.3666453402384917,128,0.5091665688778965,0.0,0,9,125,0.634030489671728,0.5449514246509735,128,0.5449514246509735,56407,1726,52650,646126,0.3000273501003224,0.05153288257520001,0.6235954549959902,0.7175530138873522,0.10710913970340151,0.16457953284454135,0.027711384468012135,0.5377417889941233,2153557,110979,69206,0.5398576650099596,0.5398383260167475,578,0.9022683650322806,0.09137055837563451,0.9024597090519018,103418,5563,5639,1.0225102996134647,0.30678105564331454,1.002492879120691,0.30079780915773724,70664,0.6246762316457598,0.6340304896717281,0.31026424591047996,0.5091665688778965,-0.40223885199194753,0.049159366343130506,-0.4066676507440589,-0.009137055837563302,,0.9125825534737444,0.5455407278539887
6bba,quality__quality_nodes__s20260908__r0.1,quality,quality_nodes,20260908,0.1,preregistered_descriptive,0.9115967648894652,-0.5899430839785956,128,0.2950553559377679,0.0,0,2,125,0.3817116546124962,0.32165368091086954,128,0.32165368091086954,32354,597,76703,215410,0.10002521409927854,0.05153288257520001,0.37364726659998737,0.9148414405716697,0.19250266932825774,0.21257503488060012,0.03586518463253819,0.6959669795339213,2153557,110979,41467,0.31043918853584485,0.31043918853584485,249,0.9022683650322806,0.09137055837563451,0.9024597090519018,103418,5563,5639,1.0225102996134647,0.10227681163755427,1.002492879120691,0.10029275688996385,42192,0.3729811440846527,0.38171165461249623,0.10731619629696207,0.2950553559377679,-0.6163500649320761,0.05358913589800157,-0.634395164039034,-0.009137055837563302,,0.8867432153365816,0.3128841942197282
6bba,quality__quality_tracklets__s20260908__r0.9,quality,quality_tracklets,20260908,0.9,preregistered_descriptive,0.9115967648894652,-0.001863764550759206,128,0.8914302688251894,0.09289617486338798,17,58,108,0.9660759786254846,0.9004433828523671,128,0.909733000338706,102034,5404,7023,1939921,0.9007985393467645,0.05153288257520001,0.9832040295911839,0.10367878240145542,0.056247135836974806,0.06425609901200115,0.008725121234248909,0.1693117248296108,2153557,110979,109115,0.9847705428455394,0.9847705428455394,191,0.9022683650322806,0.09137055837563451,0.9024597090519018,103418,5563,5639,1.0225102996134647,0.9210757843588315,1.002492879120691,0.9036035049662664,109379,0.9669203772951088,0.9660759786254847,0.9714182994786985,0.9007198863115282,-0.010685534558315779,0.008832933373621288,-0.010849259573156023,0.0001525616487755288,,0.9887056814114937,0.9866634559836532
6bba,quality__quality_tracklets__s20260908__r0.8,quality,quality_tracklets,20260908,0.8,preregistered_descriptive,0.9115967648894652,-0.01243322727248053,128,0.872827105463653,0.08771929824561403,15,46,110,0.9431263250003024,0.8903916077924232,128,0.8991635376169846,99669,5134,9388,1724885,0.8009469914193124,0.05153288257520001,0.9556492669784373,0.20745841774463447,0.061486417935108714,0.09031118072939019,0.011481972230516573,0.2228086545277447,2153557,110979,106057,0.9591947243226517,0.9591657158328337,474,0.9022683650322806,0.09137055837563451,0.9024597090519018,103418,5563,5639,1.0225102996134647,0.8189765481706642,1.002492879120691,0.803696295561358,106680,0.9430609701116504,0.9431263250003022,0.9228833363293187,0.8815990352882145,-0.029806385581629513,0.017549501120431077,-0.029617602379909624,-0.0003651260130019818,,0.9773236523607142,0.9638644666841285
6bba,quality__quality_tracklets__s20260908__r0.7,quality,quality_tracklets,20260908,0.7,preregistered_descriptive,0.9115967648894652,-0.03346595007154096,128,0.8450769784741312,0.0759493670886076,12,33,113,0.9108593246262551,0.8705358781090634,128,0.8781308148179242,96223,4806,12834,1509696,0.7010243982397494,0.05153288257520001,0.9178493228448625,0.3107563089389977,0.0674718618847768,0.11039663648155931,0.014159888547372802,0.2747738500113943,2153557,110979,101862,0.9231758494652769,0.9231661799686708,751,0.9022683650322806,0.09137055837563451,0.9024597090519018,103418,5563,5639,1.0225102996134647,0.716804667480475,1.002492879120691,0.70370993687993,102835,0.9090708179736742,0.9108593246262551,0.863922344058961,0.852671915182992,-0.05873350568685198,0.0259551551824177,-0.05787898612525605,-0.0015421191287026126,,0.9663543348552055,0.9305801086163396
6bba,quality__quality_tracklets__s20260908__r0.5,quality,quality_tracklets,20260908,0.5,preregistered_descriptive,0.9115967648894652,-0.11115963185006883,128,0.7589514858670064,0.03496503496503497,5,18,120,0.8181152305218617,0.7969406295428928,128,0.8004371330393963,85760,3941,23297,1079514,0.5012702240990139,0.05153288257520001,0.811613007866353,0.5155915710440434,0.08343754689610325,0.144678543218507,0.01946570109390406,0.3777335969028802,2153557,110979,90072,0.8206211684619699,0.8206211684619699,893,0.9022683650322806,0.09137055837563451,0.9024597090519018,103418,5563,5639,1.0225102996134647,0.5125539670307913,1.002492879120691,0.5036437820812592,91309,0.8071799223839959,0.8181152305218617,0.70843070285817,0.76244798936351,-0.148957431506334,0.04116121871421369,-0.14668029822322265,-0.005640552341059868,,0.9450916571727355,0.8294039460881201
6bba,quality__quality_tracklets__s20260908__r0.3,quality,quality_tracklets,20260908,0.3,preregistered_descriptive,0.9115967648894652,-0.2436915456305664,128,0.6235109213980818,0.007407407407407408,1,10,124,0.6673187856434443,0.6671644785181581,128,0.6679052192588988,69822,2925,39235,649060,0.3013897472878591,0.05153288257520001,0.6536191531731228,0.7177478656873814,0.11175854312390227,0.1789266266690249,0.02555073223808356,0.4958141474193362,2153557,110979,72538,0.6644394592817497,0.6644394592817497,1107,0.9022683650322806,0.09137055837563451,0.9024597090519018,103418,5563,5639,1.0225102996134647,0.3081741207997353,1.002492879120691,0.30342933237550906,74048,0.6545911015638122,0.6673187856434444,0.5257954341182816,0.6242516621388225,-0.28715375873102145,0.05290357161831366,-0.28819880215205745,-0.008396315096822593,,0.9219408012854006,0.6752836206897127
6bba,quality__quality_tracklets__s20260908__r0.1,quality,quality_tracklets,20260908,0.1,preregistered_descriptive,0.9115967648894652,-0.4805100191635776,128,0.39555406410419197,0.0,0,3,125,0.41600980595018305,0.43108674572588757,128,0.43108674572588757,43613,1201,65444,218641,0.10152552265855977,0.05153288257520001,0.4051757539714721,0.9149726473113878,0.20566133524819225,0.23434959405741038,0.03411672651422594,0.6620379999981697,2153557,110979,44966,0.4160590999632559,0.4160590999632559,585,0.9022683650322806,0.09137055837563451,0.9024597090519018,103418,5563,5639,1.0225102996134647,0.10381089259201756,1.002492879120691,0.10296459495106987,45762,0.40454027103720797,0.4160098059501831,0.2158907064533525,0.39555406410419197,-0.515851356765652,0.05786416631865243,-0.5292371296446667,-0.009137055837563357,,0.8918450740583989,0.4217463306971214
6bba,quality__quality_tracklets_fork_protected__s20260908__r0.9,quality,quality_tracklets_fork_protected,20260908,0.9,preregistered_descriptive,0.9115967648894652,-0.0020944589826070725,128,0.8914123987805623,0.09137055837563451,18,72,107,0.9661931102846637,0.9003652500692947,128,0.9095023059068581,102048,5422,7009,1941169,0.9013780457169233,0.05153288257520001,0.9833572117247407,0.10307611263804858,0.056219731512300065,0.06409059217436121,0.00869634819292992,0.16875338149849592,2153557,110979,109132,0.9849059157980236,0.9849059157980236,191,0.9022683650322806,0.09137055837563451,0.9024597090519018,103418,5563,5639,1.0225102996134647,0.9216683355910105,1.002492879120691,0.9042811250606042,109394,0.967052978668859,0.9661931102846637,0.9746539636886572,0.9005494546181257,-0.010855966251718252,0.008771679524116727,-0.0108661385067238,0.0,,0.9890951160092329,0.9867995906471593
6bba,quality__quality_tracklets_fork_protected__s20260908__r0.8,quality,quality_tracklets_fork_protected,20260908,0.8,preregistered_descriptive,0.9115967648894652,-0.012033833278385697,128,0.8729042820497106,0.09183673469387756,18,71,107,0.9434640996613944,0.8903792581416917,128,0.8995629316110795,99704,5164,9353,1726769,0.8018218231511867,0.05153288257520001,0.9560187062417214,0.20655612662037875,0.06144307663619164,0.09016538120602802,0.011436591469300917,0.22192803696963637,2153557,110979,106098,0.959533156703862,0.959504148214044,474,0.9022683650322806,0.09137055837563451,0.9024597090519018,103418,5563,5639,1.0225102996134647,0.8198710726269344,1.002492879120691,0.8047530798020163,106720,0.9434145737749843,0.9434640996613944,0.9282761100125831,0.8820879555190984,-0.029317465350745642,0.017457269973142897,-0.029537720883352825,4.661763182423062e-05,,0.9772350621878331,0.9642034651022288
6bba,quality__quality_tracklets_fork_protected__s20260908__r0.7,quality,quality_tracklets_fork_protected,20260908,0.7,preregistered_descriptive,0.9115967648894652,-0.03170777350006848,128,0.8453448048812607,0.09183673469387756,18,71,107,0.9114983707590396,0.8707053179200089,128,0.8798889913893967,96289,4848,12768,1512015,0.7021012213746838,0.05153288257520001,0.9185251263752602,0.30965769728255177,0.06741798196446463,0.11030674819435907,0.014094166866705532,0.27349851516919205,2153557,110979,101937,0.9238430447310912,0.9238333752344853,748,0.9022683650322806,0.09137055837563451,0.9024597090519018,103418,5563,5639,1.0225102996134647,0.7179057302268075,1.002492879120691,0.7049886945556623,102905,0.9096896243845086,0.9114983707590396,0.8714722272155312,0.8545284783506485,-0.056876942519195506,0.025849297766886326,-0.05760368889877915,4.661763182434164e-05,,0.9651298189930441,0.9312183897487757
6bba,quality__quality_tracklets_fork_protected__s20260908__r0.5,quality,quality_tracklets_fork_protected,20260908,0.5,preregistered_descriptive,0.9115967648894652,-0.10637168672161634,128,0.7593011941618752,0.08021390374331551,15,62,110,0.8189074533109622,0.7972036877935172,128,0.8052250781678488,85839,3993,23218,1082184,0.5025100334005554,0.05153288257520001,0.8124600149577849,0.5143304196951108,0.08331854841690507,0.14449677742723083,0.01942647425313126,0.37697239669802934,2153557,110979,90166,0.8214430756734804,0.8214430756734804,887,0.9022683650322806,0.09137055837563451,0.9024597090519018,103418,5563,5639,1.0225102996134647,0.5138216848111742,1.002492879120691,0.5050624932908678,91396,0.8079490103517473,0.8189074533109622,0.717778177242495,0.7673225845362068,-0.14408283633363717,0.041055748533839365,-0.14631176979222388,-0.0011156654632318297,,0.940938711961258,0.8301684976371982
6bba,quality__quality_tracklets_fork_protected__s20260908__r0.3,quality,quality_tracklets_fork_protected,20260908,0.3,preregistered_descriptive,0.9115967648894652,-0.2382229522689503,128,0.624071693801771,0.056818181818181816,10,51,115,0.6683568173754592,0.6676919944386966,128,0.6733738126205149,69916,2975,39141,651466,0.3025069687034056,0.05153288257520001,0.6546463745393273,0.716625754316359,0.11152078542855652,0.17869322109473276,0.025515764357818535,0.4951355927079052,2153557,110979,72652,0.6653967394457444,0.6653967394457444,1102,0.9022683650322806,0.09137055837563451,0.9024597090519018,103418,5563,5639,1.0225102996134647,0.3093164912040802,1.002492879120691,0.30462401898413544,74157,0.6555546715463972,0.6683568173754592,0.5347833902570556,0.6297535119835892,-0.2816519088862548,0.05283438669375029,-0.2876021013069553,-0.0034552376557452913,,0.9174497613923456,0.6761935689521733
6bba,quality__quality_tracklets_fork_protected__s20260908__r0.1,quality,quality_tracklets_fork_protected,20260908,0.1,preregistered_descriptive,0.9115967648894652,-0.4781859286251496,128,0.395865445643304,0.02,3,25,122,0.41655021021985794,0.4314108362643156,128,0.4334108362643156,43660,1233,65397,219887,0.10210410033261251,0.05153288257520001,0.40569837536831294,0.9143910293756223,0.20475971749125688,0.23371687493617263,0.034108715551257454,0.6618825465756526,2153557,110979,45024,0.4165425747935563,0.4165425747935563,582,0.9022683650322806,0.09137055837563451,0.9024597090519018,103418,5563,5639,1.0225102996134647,0.1044024942228629,1.002492879120691,0.10345495140423017,45820,0.4050529963490422,0.416550210219858,0.2216429983821679,0.397865445643304,-0.5135399752265399,0.05785069180758087,-0.5288995645951671,-0.007137055837563355,,0.8901840269141038,0.4222036074708531
6bba,hgb_all_leaf7__membership_nodes__s20260908__r0.9,hgb_all_leaf7,membership_nodes,20260908,0.9,preregistered_descriptive,0.9115967648894652,-0.04969671634443684,128,0.8437653025533404,0.09473684210526316,18,65,107,0.9316092302024295,0.852426364334502,128,0.8619000485450283,96493,5303,12564,1938260,0.9000272572307118,0.05153288257520001,0.9459086854269727,0.10246560963644963,0.05415991662625241,0.03565327032840694,0.027882413596102128,0.541060623872813,2153557,110979,104976,0.930640700845114,0.930621361851902,250,0.9022683650322806,0.09137055837563451,0.9024597090519018,103418,5563,5639,1.0225102996134647,0.92028714045126,1.002492879120691,0.9022926870803287,105554,0.9331070269887997,0.9316092302024295,0.953262628078375,0.8532389867638667,-0.05816643410597733,0.008703857778797508,-0.05873720249619724,0.0003366283729628883,,0.9875120039754202,0.9331113296113878
6bba,hgb_all_leaf7__membership_nodes__s20260908__r0.8,hgb_all_leaf7,membership_nodes,20260908,0.8,preregistered_descriptive,0.9115967648894652,-0.11998328573113781,128,0.7674175650524985,0.08648648648648649,16,60,109,0.8605004537103373,0.7829648305096787,128,0.7916134791583274,87415,4851,21642,1722893,0.8000220100977128,0.05153288257520001,0.8683354508510619,0.203689651019447,0.05593324716044467,0.039810274452583894,0.0339290026563632,0.6583952024583891,2153557,110979,96367,0.8405790094567677,0.8405403314703437,488,0.9022683650322806,0.09137055837563451,0.9024597090519018,103418,5563,5639,1.0225102996134647,0.8180307452423786,1.002492879120691,0.8020308888677654,97441,0.8613873639730908,0.8605004537103373,0.8720115045838577,0.7760662137011471,-0.13533920716869685,0.016649526164654482,-0.13614440470687766,-0.0004884071889146302,,0.9748773768364125,0.8453361675975531
6bba,hgb_all_leaf7__membership_nodes__s20260908__r0.7,hgb_all_leaf7,membership_nodes,20260908,0.7,preregistered_descriptive,0.9115967648894652,-0.20115650600255663,128,0.6824628247870033,0.07344632768361582,13,52,112,0.7778695877106978,0.7030956261185469,128,0.7104402588869085,77379,4325,31678,1507544,0.700025121229668,0.05153288257520001,0.7801295740635615,0.3043271786928088,0.05742983289376628,0.040746328379656,0.037771685709111116,0.7329627962106002,2153557,110979,86578,0.7424529578990118,0.7423852714227698,603,0.9022683650322806,0.09137055837563451,0.9024597090519018,103418,5563,5639,1.0225102996134647,0.7157828964454998,1.002492879120691,0.7017876348125553,87933,0.7773357731986104,0.7778695877106978,0.7774582060039547,0.6898074575553649,-0.22159796331447912,0.023704406571913583,-0.22306848950526853,-0.0017924230692016874,,0.9623640836878271,0.7482802129394095
6bba,hgb_all_leaf7__membership_nodes__s20260908__r0.5,hgb_all_leaf7,membership_nodes,20260908,0.5,preregistered_descriptive,0.9115967648894652,-0.37681973237416877,128,0.5045696503883088,0.049079754601226995,8,38,117,0.5924993962140642,0.5298690570551737,128,0.5347770325152964,56589,3096,52468,1076810,0.5000146269636698,0.05153288257520001,0.5878769857360402,0.5047591817791046,0.060588218905842255,0.040960375819920604,0.04247701642075622,0.8242701416667523,2153557,110979,65242,0.5404281653097139,0.5403701483300779,705,0.9022683650322806,0.09137055837563451,0.9024597090519018,103418,5563,5639,1.0225102996134647,0.5112701060277369,1.002492879120691,0.5012723139796403,66783,0.5903678362107831,0.5924993962140642,0.5565342441128888,0.5094776258484315,-0.4019277950214125,0.035085319806763327,-0.40767597180349135,-0.0042290803774407415,,0.9363557163467502,0.5472064133506512
6bba,hgb_all_leaf7__membership_nodes__s20260908__r0.3,hgb_all_leaf7,membership_nodes,20260908,0.3,preregistered_descriptive,0.9115967648894652,-0.5694536590884761,128,0.31769917092929895,0.021897810218978103,3,12,122,0.38724816451371197,0.33995332477909124,128,0.34214310580098906,35216,1790,73841,646126,0.3000273501003224,0.05153288257520001,0.3807837518809865,0.704360372039648,0.0654036519192851,0.041075899256366205,0.04558749289353874,0.8846292040235595,2153557,110979,42259,0.3354154982691601,0.3353768202827361,532,0.9022683650322806,0.09137055837563451,0.9024597090519018,103418,5563,5639,1.0225102996134647,0.30678105564331454,1.002492879120691,0.30079780915773724,43506,0.384597024425173,0.3872481645137119,0.3217688297681107,0.31988895195119676,-0.5915164689186472,0.04260922275699314,-0.6051156070298038,-0.006947274815665483,,0.9109163424196361,0.34051755121143873
6bba,hgb_all_leaf7__membership_nodes__s20260908__r0.1,hgb_all_leaf7,membership_nodes,20260908,0.1,preregistered_descriptive,0.9115967648894652,-0.7794424886680167,128,0.12124529093579253,0.0,0,2,125,0.15720942110351152,0.13215427622144854,128,0.13215427622144854,13292,572,95765,215410,0.10002521409927854,0.05153288257520001,0.15275863001108317,0.9028399405065559,0.07870108165823314,0.04096821738005209,0.04851334805873858,0.9414056740944943,2153557,110979,16953,0.12648668510317354,0.12647701560656752,212,0.9022683650322806,0.09137055837563451,0.9024597090519018,103418,5563,5639,1.0225102996134647,0.10227681163755427,1.002492879120691,0.10029275688996385,17462,0.1543656792284368,0.15720942110351152,0.10282221822757505,0.12124529093579253,-0.7901601299340515,0.0459811047428507,-0.816286537573304,-0.009137055837563302,,0.886541046875938,0.12852194621895244
6bba,hgb_all_leaf7__membership_tracklets__s20260908__r0.9,hgb_all_leaf7,membership_tracklets,20260908,0.9,fixed_primary,0.9115967648894652,-0.03917890991922213,128,0.8555306910959982,0.08290155440414508,16,68,109,0.9271328211689039,0.8641276995298285,128,0.872417854970243,97871,5341,11186,1939914,0.9007952889103934,0.05153288257520001,0.940367096477712,0.10135475854532851,0.0537967146997238,0.03085586783808666,0.030976910078963506,0.6011095931565649,2153557,110979,104361,0.9423504612349881,0.9423504612349881,415,0.9022683650322806,0.09137055837563451,0.9024597090519018,103418,5563,5639,1.0225102996134647,0.9210724607541639,1.002492879120691,0.9034797519001092,104906,0.9273786476427895,0.9271328211689038,0.9600934747438432,0.8638208465364128,-0.04758457433343122,0.008663997677352708,-0.04699600719942598,-0.0008469003971488531,,0.9892509257048789,0.9463443727135997
6bba,hgb_all_leaf7__membership_tracklets__s20260908__r0.8,hgb_all_leaf7,membership_tracklets,20260908,0.8,preregistered_descriptive,0.9115967648894652,-0.09991309644707858,128,0.7882843794647945,0.07692307692307693,14,57,111,0.851843689839417,0.8039913607500789,128,0.8116836684423866,89933,5030,19124,1725143,0.8010667932169894,0.05153288257520001,0.8605141513259266,0.2021631487267561,0.05535715010291901,0.03471167982305787,0.036133272955599025,0.7011692564038329,2153557,110979,95499,0.8638244792976078,0.8638244792976078,598,0.9022683650322806,0.09137055837563451,0.9024597090519018,103418,5563,5639,1.0225102996134647,0.8190990467427013,1.002492879120691,0.8039673919154638,96371,0.8519284659789076,0.851843689839417,0.9041883875606687,0.7959766871571021,-0.11542873371274187,0.016705378206643973,-0.11517372650846691,-0.0014447481452556366,,0.977630335535281,0.8695679477174267
6bba,hgb_all_leaf7__membership_tracklets__s20260908__r0.7,hgb_all_leaf7,membership_tracklets,20260908,0.7,preregistered_descriptive,0.9115967648894652,-0.16627017028129476,128,0.7179015550881392,0.059880239520958084,10,42,115,0.7713671851871645,0.7393385706560746,128,0.7453265946081704,81573,4570,27484,1509989,0.7011604522192819,0.05153288257520001,0.7771740599572892,0.30296958059863566,0.05711962140121551,0.03870746078908366,0.03842484399472938,0.745637388683962,2153557,110979,86250,0.7813630122415827,0.7813630122415827,766,0.9022683650322806,0.09137055837563451,0.9024597090519018,103418,5563,5639,1.0225102996134647,0.7169437840758504,1.002492879120691,0.7040034266434587,87330,0.772005197973851,0.7713671851871644,0.8214991910839475,0.7238895790402351,-0.1875158418296089,0.02407560304621703,-0.18719674144204423,-0.003149031885467557,,0.966096630144192,0.7887208563238189
6bba,hgb_all_leaf7__membership_tracklets__s20260908__r0.5,hgb_all_leaf7,membership_tracklets,20260908,0.5,preregistered_descriptive,0.9115967648894652,-0.32533788999989377,128,0.5546283390889802,0.04,6,25,119,0.5946074769119714,0.5822588748895714,128,0.5862588748895714,62475,3586,46582,1078973,0.5010190118023344,0.05153288257520001,0.5887960785373809,0.5037501627844811,0.06056129300733197,0.04092069866253471,0.04246759676302644,0.824087352401742,2153557,110979,65344,0.5943162698949893,0.5943162698949893,1012,0.9022683650322806,0.09137055837563451,0.9024597090519018,103418,5563,5639,1.0225102996134647,0.512297099870047,1.002492879120691,0.5029992508157064,66777,0.5903147956612831,0.5946074769119714,0.6446162142728743,0.5586283390889802,-0.35277708178086375,0.036250740211343724,-0.3564515743736742,-0.005137055837563298,,0.9415406746228044,0.6040352225532769
6bba,hgb_all_leaf7__membership_tracklets__s20260908__r0.3,hgb_all_leaf7,membership_tracklets,20260908,0.3,preregistered_descriptive,0.9115967648894652,-0.501500582225691,128,0.38198272611373474,0.014814814814814815,2,10,123,0.4052075729686467,0.4086147011822926,128,0.41009618266377407,42546,2325,66511,648989,0.3013567785760953,0.05153288257520001,0.3973094008776435,0.7038565969084167,0.06794105909345151,0.04874383775377785,0.04445528550387885,0.8626586226572309,2153557,110979,44093,0.40341139840259915,0.40341139840259915,826,0.9022683650322806,0.09137055837563451,0.9024597090519018,103418,5563,5639,1.0225102996134647,0.3081404099523917,1.002492879120691,0.3032426989510774,45313,0.40057106991628433,0.4052075729686466,0.417939960452993,0.3834642075952162,-0.5279412132746277,0.04472083584542766,-0.5385658437150369,-0.007655574356081829,,0.916235219818009,0.4113623706622217
6bba,hgb_all_leaf7__membership_tracklets__s20260908__r0.1,hgb_all_leaf7,membership_tracklets,20260908,0.1,preregistered_descriptive,0.9115967648894652,-0.7268779496139397,128,0.16953270007642757,0.0,0,1,125,0.17564206592878573,0.18471881527552542,128,0.18471881527552542,18633,851,90424,218907,0.10164903924066092,0.05153288257520001,0.1720685895529785,0.9021770527245471,0.08723339134883763,0.054318737666053225,0.04749334504949215,0.9216124283400389,2153557,110979,19096,0.17639095708677408,0.17639095708677408,391,0.9022683650322806,0.09137055837563451,0.9024597090519018,103418,5563,5639,1.0225102996134647,0.10393718956938904,1.002492879120691,0.10353788347693596,19661,0.1738050406202208,0.17564206592878573,0.1529750134819342,0.16953270007642757,-0.7418727207934164,0.048005069950280366,-0.7657459637266568,-0.00913705583756333,,0.8890590859977249,0.18015195687465424
6bba,hgb_all_leaf7__membership_tracklets_fork_protected__s20260908__r0.9,hgb_all_leaf7,membership_tracklets_fork_protected,20260908,0.9,preregistered_descriptive,0.9115967648894652,-0.0382984953682759,128,0.8555994545645257,0.09137055837563451,18,72,107,0.9272113486872756,0.8641612136836259,128,0.8732982695211893,97884,5347,11173,1940700,0.9011602664800606,0.05153288257520001,0.9404842357563142,0.10097631522517132,0.05378162518678827,0.030712956626862197,0.03103022216793434,0.6021441188090555,2153557,110979,104374,0.9424761646908661,0.9424761646908661,415,0.9022683650322806,0.09137055837563451,0.9024597090519018,103418,5563,5639,1.0225102996134647,0.9214456540782766,1.002492879120691,0.9039175050727732,104918,0.9274847287417898,0.9272113486872755,0.9611720294804962,0.8647365104020891,-0.0466689104677549,0.008626695191770284,-0.04692519056004629,1.1102230246251565e-16,,0.9884171745636826,0.9464708248239022
6bba,hgb_all_leaf7__membership_tracklets_fork_protected__s20260908__r0.8,hgb_all_leaf7,membership_tracklets_fork_protected,20260908,0.8,preregistered_descriptive,0.9115967648894652,-0.0994299122975626,128,0.78835283291705,0.08163265306122448,16,71,109,0.8521092656349966,0.8040035872857801,128,0.8121668525919026,89955,5048,19102,1726521,0.8017066648340397,0.05153288257520001,0.8607394191693925,0.2015007505221343,0.05532744750860256,0.03451137953288475,0.0361913281315861,0.7022958220661041,2153557,110979,95524,0.8640275387263339,0.8640275387263339,599,0.9022683650322806,0.09137055837563451,0.9024597090519018,103418,5563,5639,1.0225102996134647,0.8197533220615655,1.002492879120691,0.8047554648299279,96396,0.8521494682684913,0.8521092656349967,0.9074240517706273,0.7965160982231725,-0.11488932264667151,0.016643242687385706,-0.11509936445350721,-0.0009737905314410877,,0.9773467292264973,0.8697820887564265
6bba,hgb_all_leaf7__membership_tracklets_fork_protected__s20260908__r0.7,hgb_all_leaf7,membership_tracklets_fork_protected,20260908,0.7,preregistered_descriptive,0.9115967648894652,-0.16394793374774497,128,0.7179895483257966,0.08290155440414508,16,68,109,0.7718255498010063,0.7393586757013056,128,0.7476488311417202,81611,4609,27446,1511901,0.7020482856966405,0.05153288257520001,0.7776696492129141,0.30206043539096183,0.057083764082436615,0.03854065990862149,0.03845362624209857,0.7461959106592695,2153557,110979,86305,0.781827148078671,0.781827148078671,756,0.9022683650322806,0.09137055837563451,0.9024597090519018,103418,5563,5639,1.0225102996134647,0.7178516029507912,1.002492879120691,0.7050603007736072,87378,0.7724295223698517,0.7718255498010063,0.8285097968721913,0.7262797037662112,-0.1851257171036328,0.02399612671096918,-0.1870971600615654,-0.0008469003971487421,,0.9640652832843566,0.7890897992803069
6bba,hgb_all_leaf7__membership_tracklets_fork_protected__s20260908__r0.5,hgb_all_leaf7,membership_tracklets_fork_protected,20260908,0.5,preregistered_descriptive,0.9115967648894652,-0.3208403222536117,128,0.5551089223124362,0.08064516129032258,15,61,110,0.5955706555792584,0.5826919265068212,128,0.5907564426358535,62558,3638,46499,1081570,0.5022249236960062,0.05153288257520001,0.5897692356211536,0.5025316046682183,0.0605157317603114,0.0408125102533948,0.04246973144263876,0.8241287760424477,2153557,110979,65452,0.5952155330793479,0.5952155330793479,1002,0.9022683650322806,0.09137055837563451,0.9024597090519018,103418,5563,5639,1.0225102996134647,0.5135301572017528,1.002492879120691,0.5043841639299254,66877,0.591198804819618,0.5955706555792584,0.6539636886571993,0.5631734384414685,-0.3482319824283755,0.036166716901185225,-0.3559344994462659,-0.0010725397085310506,,0.937875206293409,0.604839851070981
6bba,hgb_all_leaf7__membership_tracklets_fork_protected__s20260908__r0.3,hgb_all_leaf7,membership_tracklets_fork_protected,20260908,0.3,preregistered_descriptive,0.9115967648894652,-0.4946219847751127,128,0.3828570915748286,0.07471264367816093,13,49,112,0.40643925657126434,0.4095035157465364,128,0.41697478011435246,42661,2371,66396,651520,0.30253204349826823,0.05153288257520001,0.39851683651862063,0.7026830799117586,0.06788279715127701,0.04870636186165059,0.04444098247912668,0.8623810712369062,2153557,110979,44227,0.40455239900210793,0.40455239900210793,823,0.9022683650322806,0.09137055837563451,0.9024597090519018,103418,5563,5639,1.0225102996134647,0.309342130440088,1.002492879120691,0.30451030570153215,45442,0.40171144173053636,0.40643925657126434,0.4262088801006651,0.3903283559426447,-0.5210770649271993,0.04467374471439964,-0.5376299380197651,-0.0016657914697472131,,0.9106862700245439,0.4124750702219803
6bba,hgb_all_leaf7__membership_tracklets_fork_protected__s20260908__r0.1,hgb_all_leaf7,membership_tracklets_fork_protected,20260908,0.1,preregistered_descriptive,0.9115967648894652,-0.7237080349880359,128,0.17000181917409496,0.02666666666666667,4,25,121,0.17623118137436772,0.18522206323476256,128,0.18788872990142924,18690,883,90367,220200,0.10224944127320522,0.05153288257520001,0.17269032880094431,0.9015778100028493,0.0870345140781108,0.05419354791138412,0.047489418664012906,0.9215362364935316,2153557,110979,19165,0.17696145738652846,0.17696145738652846,389,0.9022683650322806,0.09137055837563451,0.9024597090519018,103418,5563,5639,1.0225102996134647,0.10455110683157444,1.002492879120691,0.10405884046961372,19729,0.17440616684788854,0.17623118137436772,0.1587273054107496,0.17266848584076164,-0.7387369350290823,0.04799984313687869,-0.7652374889540179,-0.006470389170896651,,0.8867577364427186,0.1807037723301882
6bba,image_only_seed20260908__membership_nodes__s20260908__r0.9,image_only_seed20260908,membership_nodes,20260908,0.9,preregistered_descriptive,0.9115967648894652,-0.08365262417252783,128,0.8132319578147036,0.06486486486486487,12,60,113,0.8992136211538523,0.8214576542304508,128,0.8279441407169373,92841,5106,16216,1938260,0.9000272572307118,0.05153288257520001,0.9114787482316474,0.1005949344406921,0.05218856087418613,0.008898657264399428,0.04562999019958476,0.8854538678871422,2153557,110979,101155,0.8948248854164652,0.8948055464232532,302,0.9022683650322806,0.09137055837563451,0.9024597090519018,103418,5563,5639,1.0225102996134647,0.92028714045126,1.002492879120691,0.9022926870803287,101774,0.8996914808037412,0.8992136211538524,0.9178500808916052,0.8197184443011901,-0.09168697656865388,0.008558515101054764,-0.08956056992250583,-0.0026505693510767703,,0.9890751988130411,0.8976623203396423
6bba,image_only_seed20260908__membership_nodes__s20260908__r0.8,image_only_seed20260908,membership_nodes,20260908,0.8,preregistered_descriptive,0.9115967648894652,-0.1674784716468264,128,0.7254460160011266,0.04142011834319527,7,44,118,0.8144868649697812,0.7399762814083193,128,0.7441182932426388,82423,4560,26634,1722893,0.8000220100977128,0.05153288257520001,0.8207588823110679,0.20110468241604482,0.052868634326101505,0.01208459953118895,0.046189140490033996,0.8963042271627618,2153557,110979,91087,0.7927246707536406,0.7926859927672165,445,0.9022683650322806,0.09137055837563451,0.9024597090519018,103418,5563,5639,1.0225102996134647,0.8180307452423786,1.002492879120691,0.8020308888677654,92069,0.813898391987341,0.8144868649697812,0.8197015998561927,0.7295880278354461,-0.18181739303439792,0.016252151639494006,-0.1787355792830766,-0.004995044003243798,,0.9772400715273046,0.7968821274420392
6bba,image_only_seed20260908__membership_nodes__s20260908__r0.7,image_only_seed20260908,membership_nodes,20260908,0.7,preregistered_descriptive,0.9115967648894652,-0.24960759329383697,128,0.6396707381837493,0.031446540880503145,5,34,120,0.7276077751555016,0.6588445175075779,128,0.6619891715956282,72270,3923,36787,1507544,0.700025121229668,0.05153288257520001,0.7292731057227043,0.30156400392053573,0.053685995234633285,0.01487742489256597,0.046508351999108376,0.9024985538358052,2153557,110979,80934,0.6935253050726179,0.693505966079406,549,0.9022683650322806,0.09137055837563451,0.9024597090519018,103418,5563,5639,1.0225102996134647,0.7157828964454998,1.002492879120691,0.7017876348125553,82120,0.7259483208246037,0.7276077751555016,0.7051950386482114,0.6428153922717996,-0.2685900285980444,0.02310023324166499,-0.26671542478598886,-0.005992401749513099,,0.9634060298910506,0.6986992196732446
6bba,image_only_seed20260908__membership_nodes__s20260908__r0.5,image_only_seed20260908,membership_nodes,20260908,0.5,preregistered_descriptive,0.9115967648894652,-0.42291721502497637,128,0.46276090656633523,0.027972027972027972,4,18,121,0.5440817212142501,0.485882347067286,128,0.4886795498644888,51658,2573,57399,1076810,0.5000146269636698,0.05153288257520001,0.5400210850701485,0.5021590362767052,0.05565605817182233,0.018650530012638118,0.04740946573336169,0.9199847430265293,2153557,110979,59931,0.49432400549227407,0.49432400549227407,536,0.9022683650322806,0.09137055837563451,0.9024597090519018,103418,5563,5639,1.0225102996134647,0.5112701060277369,1.002492879120691,0.5012723139796403,61055,0.5397317916213612,0.5440817212142501,0.46252022290131223,0.46555810936353803,-0.44584731150630597,0.03408399667198847,-0.4506613586566043,-0.006339853040360499,,0.9341589066216964,0.49944051583629606
6bba,image_only_seed20260908__membership_nodes__s20260908__r0.3,image_only_seed20260908,membership_nodes,20260908,0.3,preregistered_descriptive,0.9115967648894652,-0.6199412651907977,128,0.2718928597265427,0.007518796992481203,1,8,124,0.33901876737162157,0.2909036199994193,128,0.29165549969866744,30067,1527,78990,646126,0.3000273501003224,0.05153288257520001,0.33385595473017415,0.7018106530081103,0.057343304556696374,0.017206565982635688,0.04904237739571496,0.9516715336882088,2153557,110979,37051,0.2863041250072521,0.2863041250072521,458,0.9022683650322806,0.09137055837563451,0.9024597090519018,103418,5563,5639,1.0225102996134647,0.30678105564331454,1.002492879120691,0.30079780915773724,38024,0.3361356423652549,0.3390187673716215,0.27449218047815926,0.2726447394257908,-0.6387606814440532,0.041049590835297606,-0.6526056798877801,-0.008385176138315242,,0.9101919366315203,0.29069508273639394
6bba,image_only_seed20260908__membership_nodes__s20260908__r0.1,image_only_seed20260908,membership_nodes,20260908,0.1,preregistered_descriptive,0.9115967648894652,-0.8270929501779998,128,0.07752709476548304,0.0,0,3,125,0.11345073362856863,0.08450381471146534,128,0.08450381471146534,8491,466,100566,215410,0.10002521409927854,0.05153288257520001,0.10784022202398652,0.9003993972323211,0.05555916624112158,0.006071424313223661,0.05108539238767751,0.9913164145850081,2153557,110979,11968,0.08004409290452338,0.08004409290452338,213,0.9022683650322806,0.09137055837563451,0.9024597090519018,103418,5563,5639,1.0225102996134647,0.10227681163755427,1.002492879120691,0.10029275688996385,12451,0.11006798030427595,0.11345073362856863,0.08376775121337408,0.07752709476548304,-0.833878326104361,0.044004335325186404,-0.8619602296656229,-0.009137055837563302,,0.8856838526028091,0.08210172200683452
6bba,image_only_seed20260908__membership_tracklets__s20260908__r0.9,image_only_seed20260908,membership_tracklets,20260908,0.9,preregistered_descriptive,0.9115967648894652,-0.05450375149459585,128,0.8417422359161094,0.06976744186046512,12,47,113,0.9116057723761813,0.8501162692088228,128,0.8570930133948693,96164,5187,12893,1940605,0.9011161534150245,0.05153288257520001,0.9231386118094415,0.10008038860694671,0.05279229930872074,0.01719664845662783,0.04005597505541155,0.7772896266177108,2153557,110979,102449,0.9251194182830842,0.9251097487864782,491,0.9022683650322806,0.09137055837563451,0.9024597090519018,103418,5563,5639,1.0225102996134647,0.9214005480149297,1.002492879120691,0.9043934204108955,103134,0.9117140053570955,0.9116057723761815,0.9324105698364192,0.848718980102156,-0.06268644076768803,0.008520594153274996,-0.06086403399635398,-0.0021603116515168663,,0.9894435701659074,0.929829162755032
6bba,image_only_seed20260908__membership_tracklets__s20260908__r0.8,image_only_seed20260908,membership_tracklets,20260908,0.8,preregistered_descriptive,0.9115967648894652,-0.1214524446000459,128,0.7697429680774434,0.050955414012738856,8,32,117,0.8323814137929199,0.7850487788881454,128,0.7901443202894193,87626,4781,21431,1725029,0.801013857538946,0.05153288257520001,0.8365366420674182,0.20091619512204675,0.053818225664612016,0.020739899567412692,0.0423332897733637,0.8214811137643682,2153557,110979,92838,0.839621729292773,0.839612059796167,795,0.9022683650322806,0.09137055837563451,0.9024597090519018,103418,5563,5639,1.0225102996134647,0.8190449194666849,1.002492879120691,0.8039005504192036,93971,0.8307122461788704,0.8323814137929199,0.859428365989574,0.7748385094787172,-0.13656691139112676,0.01653625146193516,-0.13394718162569164,-0.004041514436289417,,0.9782907557936292,0.8472199963261872
6bba,image_only_seed20260908__membership_tracklets__s20260908__r0.7,image_only_seed20260908,membership_tracklets,20260908,0.7,preregistered_descriptive,0.9115967648894652,-0.200397884103927,128,0.6879147839593335,0.027586206896551724,4,20,121,0.7411975738074028,0.708440260095883,128,0.7111988807855382,77949,4255,31108,1510191,0.7012542505259902,0.05153288257520001,0.741014065724146,0.30090601191239696,0.054454701425183966,0.020248218328014704,0.04467441549600072,0.8669108589221458,2153557,110979,82237,0.7449186795335435,0.7449186795335435,911,0.9022683650322806,0.09137055837563451,0.9024597090519018,103418,5563,5639,1.0225102996134647,0.717039693810546,1.002492879120691,0.7041323706678216,83558,0.7386603725214593,0.7411975738074028,0.764875067409671,0.6906734046489886,-0.22073201622085536,0.023621963752063102,-0.21764141270808185,-0.006378435147908257,,0.9668719783642287,0.7536776930009474
6bba,image_only_seed20260908__membership_tracklets__s20260908__r0.5,image_only_seed20260908,membership_tracklets,20260908,0.5,preregistered_descriptive,0.9115967648894652,-0.3580141240545378,128,0.5265484359682737,0.007462686567164179,1,9,124,0.5612421880457247,0.5528363721782109,128,0.5535826408349274,59084,3153,49973,1079739,0.5013747024109415,0.05153288257520001,0.5577992232764757,0.5016910002947256,0.05733237384219705,0.026304532985360743,0.04570141308862396,0.8868398351660922,2153557,110979,61904,0.5620975072037749,0.5620975072037749,953,0.9022683650322806,0.09137055837563451,0.9024597090519018,103418,5563,5639,1.0225102996134647,0.5126607971808236,1.002492879120691,0.5038138768408491,63279,0.5593921553027289,0.5612421880457248,0.5667805141110911,0.5272947046249902,-0.3841107162448538,0.03544631469286513,-0.385069651566556,-0.00839078718084696,,0.9413554039869008,0.5713511807073673
6bba,image_only_seed20260908__membership_tracklets__s20260908__r0.3,image_only_seed20260908,membership_tracklets,20260908,0.3,preregistered_descriptive,0.9115967648894652,-0.5584349261284692,128,0.33008371590602215,0.0,0,3,125,0.349056964024275,0.35316183876099594,128,0.35316183876099594,36669,2033,72388,648381,0.30107445495986407,0.05153288257520001,0.344137179105957,0.7012652637989835,0.05890363844714759,0.021881655037059636,0.048357800018070975,0.9383872510431421,2153557,110979,38192,0.3470672416793982,0.3470672416793982,776,0.9022683650322806,0.09137055837563451,0.9024597090519018,103418,5563,5639,1.0225102996134647,0.30785173114697123,1.002492879120691,0.30278812415129647,39325,0.3476366015151917,0.34905696402427494,0.36545029660255257,0.33008371590602215,-0.5813217049638219,0.04289152009712499,-0.5921893903880309,-0.009137055837563302,,0.9152790073782203,0.3545883768732174
6bba,image_only_seed20260908__membership_tracklets__s20260908__r0.1,image_only_seed20260908,membership_tracklets,20260908,0.1,preregistered_descriptive,0.9115967648894652,-0.787954464856335,128,0.11345108076842499,0.0,0,1,125,0.12150158029541419,0.12364230003313012,128,0.12364230003313012,12455,726,96602,218041,0.10124691382675267,0.05153288257520001,0.11616612151848547,0.8995636886326985,0.05912649455836288,0.011528312596361603,0.05067744208779468,0.9834001040761301,2153557,110979,12892,0.11713628188516506,0.11713628188516506,341,0.9022683650322806,0.09137055837563451,0.9024597090519018,103418,5563,5639,1.0225102996134647,0.10352601219193153,1.002492879120691,0.10262803522100157,13415,0.1185898285906242,0.12150158029541418,0.1305051231349991,0.11345108076842499,-0.797954340101419,0.04547195023899203,-0.8242893592577638,-0.009137055837563302,,0.8879667072238762,0.12043729230140217
6bba,image_only_seed20260908__membership_tracklets_fork_protected__s20260908__r0.9,image_only_seed20260908,membership_tracklets_fork_protected,20260908,0.9,preregistered_descriptive,0.9115967648894652,-0.051960953525111764,128,0.8420306469821212,0.09278350515463918,18,69,107,0.9121500298465743,0.8503574608488895,128,0.8596358113643534,96218,5212,12839,1941696,0.9016227571408605,0.05153288257520001,0.9236612332062822,0.09957465516616747,0.05279250716899041,0.017248561562192906,0.039988483014806876,0.7759799377892975,2153557,110979,102507,0.9256415710998085,0.9256319016032025,491,0.9022683650322806,0.09137055837563451,0.9024597090519018,103418,5563,5639,1.0225102996134647,0.9219185555424194,1.002492879120691,0.9049896753897737,103192,0.9122267306689297,0.9121500298465742,0.9369045479058062,0.851308997497585,-0.060096423372258956,0.008470308471187238,-0.06057255667419936,0.000141294677900361,,0.9871999382265603,0.9303509930060743
6bba,image_only_seed20260908__membership_tracklets_fork_protected__s20260908__r0.8,image_only_seed20260908,membership_tracklets_fork_protected,20260908,0.8,preregistered_descriptive,0.9115967648894652,-0.11702801791812678,128,0.7701866081229418,0.0913978494623656,17,61,108,0.8331963798622801,0.7854289620251018,128,0.7945687469713384,87705,4818,21352,1726714,0.801796284008271,0.05153288257520001,0.837356617017634,0.200135808767156,0.0538184088389855,0.020792608773694606,0.04228721098858362,0.8205869509992086,2153557,110979,92929,0.8404242975110716,0.8404146280144655,791,0.9022683650322806,0.09137055837563451,0.9024597090519018,103418,5563,5639,1.0225102996134647,0.8198449585902599,1.002492879120691,0.8048317311090321,94060,0.8314990143297885,0.8331963798622801,0.8660794535322668,0.7793263930691784,-0.1320790278006656,0.01646295035008899,-0.13349369737688882,2.7291086730496517e-06,,0.9743311622284843,0.8479827076809476
6bba,image_only_seed20260908__membership_tracklets_fork_protected__s20260908__r0.7,image_only_seed20260908,membership_tracklets_fork_protected,20260908,0.7,preregistered_descriptive,0.9115967648894652,-0.19428977548868698,128,0.6886452056848958,0.08196721311475409,15,58,110,0.7422569675450652,0.7091102680893028,128,0.7173069894007782,78060,4296,30997,1512393,0.7022767449387223,0.05153288257520001,0.7422305120788618,0.2998940554534515,0.05446467948476355,0.020367057510038693,0.04461728980416867,0.8658023299795101,2153557,110979,82372,0.7460403411398403,0.7460403411398403,906,0.9022683650322806,0.09137055837563451,0.9024597090519018,103418,5563,5639,1.0225102996134647,0.7180852048788617,1.002492879120691,0.7053363409848173,83683,0.739765383969378,0.7422569675450652,0.7722451914434657,0.6968419269963713,-0.21456349387347273,0.023538289918557997,-0.2168877308811571,-0.0009403345260878826,,0.9615455160154681,0.7547506815931792
6bba,image_only_seed20260908__membership_tracklets_fork_protected__s20260908__r0.5,image_only_seed20260908,membership_tracklets_fork_protected,20260908,0.5,preregistered_descriptive,0.9115967648894652,-0.3515564503290637,128,0.5272432470957167,0.06547619047619048,11,43,114,0.5623104183311403,0.5534926955127825,128,0.5600403145604015,59182,3191,49875,1082242,0.5025369655876302,0.05153288257520001,0.5588985303525892,0.5005253165362595,0.05731250496654168,0.02627542241630262,0.045694310263554604,0.8867020042372868,2153557,110979,62026,0.5630741263609816,0.5630741263609816,950,0.9022683650322806,0.09137055837563451,0.9024597090519018,103418,5563,5639,1.0225102996134647,0.5138492232498492,1.002492879120691,0.5052411918329887,63393,0.5603999257432307,0.5623104183311403,0.5736113607765594,0.5337908661433357,-0.3776145547265083,0.03536532482805349,-0.3843323383671729,-0.002589436789944277,,0.9357997739862629,0.5722985781972336
6bba,image_only_seed20260908__membership_tracklets_fork_protected__s20260908__r0.3,image_only_seed20260908,membership_tracklets_fork_protected,20260908,0.3,preregistered_descriptive,0.9115967648894652,-0.5533831146770797,128,0.33064871723343564,0.04487179487179487,7,31,118,0.34991676442539693,0.353726470725206,128,0.3582136502123855,36744,2070,72313,650664,0.3021345615648901,0.05153288257520001,0.3449841861973887,0.7001935788988229,0.058841429677990484,0.02175164222788717,0.04836871287576694,0.9385990159813841,2153557,110979,38286,0.3478117929180607,0.3478117929180607,774,0.9022683650322806,0.09137055837563451,0.9024597090519018,103418,5563,5639,1.0225102996134647,0.3089357010692986,1.002492879120691,0.3040927977182919,39414,0.34842336966610976,0.34991676442539693,0.37210138414524535,0.3351358967206151,-0.5762695241492288,0.04283412111445331,-0.591567359441149,-0.004649876350383941,,0.9111834065442874,0.3553150531832858
6bba,image_only_seed20260908__membership_tracklets_fork_protected__s20260908__r0.1,image_only_seed20260908,membership_tracklets_fork_protected,20260908,0.1,preregistered_descriptive,0.9115967648894652,-0.786988944115981,128,0.11367238018907448,0.0072992700729927005,1,12,124,0.1218921545456767,0.12387789376618495,128,0.12460782077348422,12481,741,96576,219124,0.10174980276816448,0.05153288257520001,0.11647248578559907,0.8990501219537271,0.05898943064201092,0.011351482702723743,0.05068823784540483,0.9836095966771775,2153557,110979,12926,0.11738768879692123,0.11738768879692123,341,0.9022683650322806,0.09137055837563451,0.9024597090519018,103418,5563,5639,1.0225102996134647,0.10404022131408681,1.002492879120691,0.10323286506800242,13449,0.11889039170445806,0.1218921545456767,0.13320150997663133,0.11440230719637375,-0.7970031136734702,0.04545504597184459,-0.8240368612575615,-0.008407128830264038,,0.8874220916642535,0.12068940818237514
6bba,image_plus_tabular_seed20260908__membership_nodes__s20260908__r0.9,image_plus_tabular_seed20260908,membership_nodes,20260908,0.9,preregistered_descriptive,0.9115967648894652,-0.04883567942015876,128,0.8539015911100992,0.0,0,0,125,0.9327150229670763,0.8627610854693064,128,0.8627610854693064,97513,5140,11544,1938260,0.9000272572307118,0.05153288257520001,0.9500896566016994,0.10269277354402133,0.054399306594574516,0.03890219481458844,0.02572725119253868,0.49923951284882745,2153557,110979,105440,0.9409193757372991,0.9409000367440871,207,0.9022683650322806,0.09137055837563451,0.9024597090519018,103418,5563,5639,1.0225102996134647,0.92028714045126,1.002492879120691,0.9022926870803287,105829,0.9355380521742205,0.9327150229670763,0.9239618910659716,0.8539015911100992,-0.05750382975974477,0.008749119022169294,-0.04844774260476453,-0.009137055837563524,,0.9964600983452798,0.9430781560303898
6bba,image_plus_tabular_seed20260908__membership_nodes__s20260908__r0.8,image_plus_tabular_seed20260908,membership_nodes,20260908,0.8,preregistered_descriptive,0.9115967648894652,-0.11639961299391755,128,0.7792802291457993,0.0,0,0,125,0.8610381825312774,0.7951971518955476,128,0.7951971518955476,88693,4757,20364,1722893,0.8000220100977128,0.05153288257520001,0.8735436433919931,0.2039726267491376,0.05626872939874966,0.042845395684509326,0.03258688908290454,0.6323513736176452,2153557,110979,96945,0.8538648977934209,0.8538068808137849,394,0.9022683650322806,0.09137055837563451,0.9024597090519018,103418,5563,5639,1.0225102996134647,0.8180307452423786,1.002492879120691,0.8020308888677654,97703,0.8637034679679282,0.8610381825312774,0.8551141470429624,0.7792802291457993,-0.1321251917240447,0.016751590801088123,-0.12401414795744237,-0.009137055837563302,,0.9834027796520092,0.8578344281863078
6bba,image_plus_tabular_seed20260908__membership_nodes__s20260908__r0.7,image_plus_tabular_seed20260908,membership_nodes,20260908,0.7,preregistered_descriptive,0.9115967648894652,-0.19822825547331968,128,0.6923395920095998,0.0,0,0,125,0.775741205285852,0.7133685094161455,128,0.7133685094161455,78467,4279,30590,1507544,0.700025121229668,0.05153288257520001,0.7832472810171294,0.30449657246871353,0.05765934526620782,0.04233219666571786,0.037236092772126875,0.7225695693965817,2153557,110979,86924,0.7532344466147093,0.7531860991316792,574,0.9022683650322806,0.09137055837563451,0.9024597090519018,103418,5563,5639,1.0225102996134647,0.7157828964454998,1.002492879120691,0.7017876348125553,88003,0.7779545796094448,0.775741205285852,0.7691892863562826,0.6923395920095998,-0.21906582886024417,0.02383111675357713,-0.2129223163893335,-0.009137055837563302,,0.9697871105975644,0.7589052662136867
6bba,image_plus_tabular_seed20260908__membership_nodes__s20260908__r0.5,image_plus_tabular_seed20260908,membership_nodes,20260908,0.5,preregistered_descriptive,0.9115967648894652,-0.3923585337429031,128,0.4943950384060166,0.0,0,0,125,0.574005646994182,0.5192382311465621,128,0.5192382311465621,55482,3165,53575,1076810,0.5000146269636698,0.05153288257520001,0.5728381045062579,0.5039420771201883,0.05903827044696836,0.033949430112454125,0.04402705556644226,0.8543487840447354,2153557,110979,63573,0.52886344736893,0.528853777872324,789,0.9022683650322806,0.09137055837563451,0.9024597090519018,103418,5563,5639,1.0225102996134647,0.5112701060277369,1.002492879120691,0.5012723139796403,65080,0.5753131602443401,0.574005646994182,0.5689376235843969,0.4943950384060166,-0.4170103824638274,0.034804720263462596,-0.4180261981688024,-0.009137055837563302,,0.9420034745236107,0.5365576499219625
6bba,image_plus_tabular_seed20260908__membership_nodes__s20260908__r0.3,image_plus_tabular_seed20260908,membership_nodes,20260908,0.3,preregistered_descriptive,0.9115967648894652,-0.5997394355036776,128,0.29142610089801213,0.0,0,0,125,0.35262903644711346,0.3118573293857876,128,0.3118573293857876,32355,1966,76702,646126,0.3000273501003224,0.05153288257520001,0.34842627884554733,0.7026022996429022,0.05984591240717755,0.024617608974882663,0.04796969148173283,0.930855971655233,2153557,110979,38668,0.3067647798255623,0.3067647798255623,630,0.9022683650322806,0.09137055837563451,0.9024597090519018,103418,5563,5639,1.0225102996134647,0.30678105564331454,1.002492879120691,0.30079780915773724,39970,0.3533384605864517,0.3526290364471135,0.3534064353765954,0.29142610089801213,-0.6199793199718319,0.04167111632619161,-0.632273495992306,-0.009137055837563302,,0.9145595699188099,0.3128709052337167
6bba,image_plus_tabular_seed20260908__membership_nodes__s20260908__r0.1,image_plus_tabular_seed20260908,membership_nodes,20260908,0.1,preregistered_descriptive,0.9115967648894652,-0.812705930905274,128,0.09072437357630979,0.0,0,0,125,0.12247892436502397,0.09889083398419116,128,0.09889083398419116,9957,693,99100,215410,0.10002521409927854,0.05153288257520001,0.11788716784256481,0.900945276018835,0.060735341906132494,0.013876825370297621,0.05051010062704222,0.9801528286979623,2153557,110979,13083,0.09376510858844689,0.09376510858844689,260,0.9022683650322806,0.09137055837563451,0.9024597090519018,103418,5563,5639,1.0225102996134647,0.10227681163755427,1.002492879120691,0.10029275688996385,13729,0.12136561734779572,0.12247892436502397,0.12457307208340823,0.09072437357630979,-0.8206810472935342,0.04458908841430605,-0.8481579634820168,-0.009137055837563302,,0.887519542225453,0.09627891529275533
6bba,image_plus_tabular_seed20260908__membership_tracklets__s20260908__r0.9,image_plus_tabular_seed20260908,membership_tracklets,20260908,0.9,preregistered_descriptive,0.9115967648894652,-0.04684538294125418,128,0.8470556375739258,0.09090909090909091,17,62,108,0.9178128438262243,0.855660472857302,128,0.864751381948211,96965,5416,12092,1939936,0.9008055045675596,0.05153288257520001,0.9343118968453491,0.10101499183874496,0.05344970143344935,0.026127595590476973,0.03412585841279649,0.6622152052720495,2153557,110979,103689,0.935011313311029,0.935011313311029,268,0.9022683650322806,0.09137055837563451,0.9024597090519018,103418,5563,5639,1.0225102996134647,0.9210829063688337,1.002492879120691,0.9037219591437642,104032,0.9196524075989427,0.9178128438262243,0.9735754089520043,0.8561465466648348,-0.05525887420500919,0.008601458178730315,-0.05540069437333023,-4.6146746654263104e-05,,0.9890368686140173,0.9377000151680668
6bba,image_plus_tabular_seed20260908__membership_tracklets__s20260908__r0.8,image_plus_tabular_seed20260908,membership_tracklets,20260908,0.8,preregistered_descriptive,0.9115967648894652,-0.10877682877610606,128,0.778165961806194,0.0898876404494382,16,53,109,0.8400557082410761,0.7938311720684152,128,0.8028199361133591,88872,5150,20185,1725211,0.8010983688845942,0.05153288257520001,0.8529902053541661,0.20172106034628787,0.05487096940606106,0.03030177180965052,0.03808836781480392,0.7391080395943889,2153557,110979,94664,0.8542129996712371,0.8541936606780252,533,0.9022683650322806,0.09137055837563451,0.9024597090519018,103418,5563,5639,1.0225102996134647,0.8191313331880443,1.002492879120691,0.8040089909695529,95352,0.8429204126554751,0.840055708241076,0.9257594822937264,0.7871547258511379,-0.12425069501870611,0.01658459598307993,-0.12521313296656655,-0.00014829179261943715,,0.9772536310678255,0.8594809647519593
6bba,image_plus_tabular_seed20260908__membership_tracklets__s20260908__r0.7,image_plus_tabular_seed20260908,membership_tracklets,20260908,0.7,preregistered_descriptive,0.9115967648894652,-0.19052320817254131,128,0.6917882795075777,0.08484848484848485,14,40,111,0.7461090357349978,0.7125887082320753,128,0.7210735567169239,78785,4829,30272,1509597,0.7009784277825012,0.05153288257520001,0.7542417934924626,0.30191552048440745,0.055448573360969845,0.02711790268115649,0.042353562333064164,0.8218745045216361,2153557,110979,83705,0.7551103289562745,0.7551103289562745,693,0.9022683650322806,0.09137055837563451,0.9024597090519018,103418,5563,5639,1.0225102996134647,0.7167576622144608,1.002492879120691,0.7035601428589303,84638,0.748207671431476,0.7461090357349978,0.868056803882797,0.7002731279924262,-0.21113229287741775,0.02369748329288529,-0.21356848411271173,-0.0006522073527148731,,0.9655879074976021,0.7618845761968198
6bba,image_plus_tabular_seed20260908__membership_tracklets__s20260908__r0.5,image_plus_tabular_seed20260908,membership_tracklets,20260908,0.5,preregistered_descriptive,0.9115967648894652,-0.3656952886205149,128,0.5154236073636999,0.0472972972972973,7,23,118,0.5539281887857026,0.5411717465392205,128,0.5459014762689502,58264,3984,50793,1079298,0.5011699249195634,0.05153288257520001,0.5513565629533516,0.5015568560906853,0.056693332147377276,0.02339647159649908,0.04634822701043231,0.8993913147163478,2153557,110979,61189,0.5530275193873407,0.5530275193873407,1071,0.9022683650322806,0.09137055837563451,0.9024597090519018,103418,5563,5639,1.0225102996134647,0.5124514100867603,1.002492879120691,0.5035769238431349,62706,0.5543267828254701,0.5539281887857026,0.7161603451375157,0.5201533370934296,-0.3912520837764144,0.03518841801273365,-0.396476380525415,-0.004407326107833565,,0.9441519698618345,0.5634214837664445
6bba,image_plus_tabular_seed20260908__membership_tracklets__s20260908__r0.3,image_plus_tabular_seed20260908,membership_tracklets,20260908,0.3,preregistered_descriptive,0.9115967648894652,-0.5707991545916872,128,0.3158459584667394,0.028985507246376812,4,13,121,0.3363532399764789,0.3378990595731403,128,0.340797610297778,35316,2757,73741,649184,0.3014473264464326,0.05153288257520001,0.33111669775362906,0.7001646938329895,0.056604907083353875,0.015070724283482707,0.04934414536820323,0.9575273670398151,2153557,110979,36747,0.33197315747742173,0.33197315747742173,984,0.9022683650322806,0.09137055837563451,0.9024597090519018,103418,5563,5639,1.0225102996134647,0.3082329960824197,1.002492879120691,0.3034082848122095,38143,0.3371876132636734,0.3363532399764789,0.4955959014920007,0.3187445091913771,-0.5926609116784669,0.042372175940642576,-0.6069328254194041,-0.006238505112925619,,0.9183695680167117,0.3414953485505037
6bba,image_plus_tabular_seed20260908__membership_tracklets__s20260908__r0.1,image_plus_tabular_seed20260908,membership_tracklets,20260908,0.1,preregistered_descriptive,0.9115967648894652,-0.7846147579079319,128,0.1150973362980442,0.015503875968992248,2,4,123,0.12492998086433285,0.125431619384634,128,0.12698200698153322,12682,1128,96375,218895,0.10164346706402477,0.05153288257520001,0.11766189999909893,0.899226859390437,0.05965417209164211,0.012356259071781887,0.05061400906204805,0.9821691807786789,2153557,110979,13058,0.11805488406273569,0.11803554506952368,475,0.9022683650322806,0.09137055837563451,0.9024597090519018,103418,5563,5639,1.0225102996134647,0.1039314919613873,1.002492879120691,0.10329969481004656,13764,0.12167502055321293,0.12492998086433285,0.2027682904907424,0.11664772389494342,-0.7947576969749006,0.04551637375879392,-0.8225444634260617,-0.007586668240664118,,0.8897641843572215,0.12263612635479476
6bba,image_plus_tabular_seed20260908__membership_tracklets_fork_protected__s20260908__r0.9,image_plus_tabular_seed20260908,membership_tracklets_fork_protected,20260908,0.9,preregistered_descriptive,0.9115967648894652,-0.047320807131953635,128,0.847081739251961,0.08629441624365482,17,72,108,0.9179455865083157,0.855646516133146,128,0.8642759577575115,96979,5429,12078,1940895,0.901250814350398,0.05153288257520001,0.9344740896926446,0.10055429951757044,0.05343256590387424,0.025958759067844995,0.0341951077296367,0.6635589941963185,2153557,110979,103707,0.9351660252567251,0.9351660252567251,266,0.9022683650322806,0.09137055837563451,0.9024597090519018,103418,5563,5639,1.0225102996134647,0.9215382402083045,1.002492879120691,0.9042378844302511,104048,0.9197938490642763,0.9179455865083157,0.9759122775480855,0.8557111808763265,-0.055694239993517525,0.008559262684179114,-0.05537245560293497,-0.0005076142131977823,,0.9897026996982222,0.937836447881883
6bba,image_plus_tabular_seed20260908__membership_tracklets_fork_protected__s20260908__r0.8,image_plus_tabular_seed20260908,membership_tracklets_fork_protected,20260908,0.8,preregistered_descriptive,0.9115967648894652,-0.10914439455917413,128,0.7782193819487,0.08629441624365482,17,72,108,0.8402856231845147,0.7938229287059255,128,0.802452370330291,88896,5173,20161,1726777,0.8018255379356107,0.05153288257520001,0.8532785481938024,0.20097004863461762,0.054839739005094465,0.030086944209558167,0.038153146820375836,0.7403650817456287,2153557,110979,94696,0.8544740760795992,0.8544547370863873,530,0.9022683650322806,0.09137055837563451,0.9024597090519018,103418,5563,5639,1.0225102996134647,0.8198748710322689,1.002492879120691,0.8048745148033718,95379,0.8431590951282255,0.8402856231845148,0.9298939421175625,0.7868488235730655,-0.12455659729677848,0.016516158441604922,-0.12515293878758127,-0.0005076142131977823,,0.9779191774975571,0.8597151253621725
6bba,image_plus_tabular_seed20260908__membership_tracklets_fork_protected__s20260908__r0.7,image_plus_tabular_seed20260908,membership_tracklets_fork_protected,20260908,0.7,preregistered_descriptive,0.9115967648894652,-0.19023864659691947,128,0.6919079761601727,0.08717948717948718,17,70,108,0.7466269999235665,0.712640169574597,128,0.7213581182925457,78827,4870,30230,1511644,0.7019289482470165,0.05153288257520001,0.7547373827480874,0.30094028232948755,0.0554098716364435,0.026910879708070594,0.04240294245481865,0.822832730013533,2153557,110979,83760,0.7555551258001508,0.7555551258001508,689,0.9022683650322806,0.09137055837563451,0.9024597090519018,103418,5563,5639,1.0225102996134647,0.717729579179421,1.002492879120691,0.7046611817278785,84689,0.7486585161022268,0.7466269999235666,0.8754269279165917,0.7006259248781215,-0.21077949599172252,0.02361464990983797,-0.21343418938714287,-0.00041910711961457014,,0.9657870992339527,0.7622935324692526
6bba,image_plus_tabular_seed20260908__membership_tracklets_fork_protected__s20260908__r0.5,image_plus_tabular_seed20260908,membership_tracklets_fork_protected,20260908,0.5,preregistered_descriptive,0.9115967648894652,-0.36301984231722206,128,0.5158817183382558,0.06989247311827956,13,61,112,0.5546885092607149,0.5415876752604152,128,0.5485769225722431,58339,4029,50718,1081753,0.5023098993897074,0.05153288257520001,0.5522035700447833,0.5004009638799596,0.05665156463628943,0.023260077894361263,0.046366686446402516,0.899749521652342,2153557,110979,61283,0.5538300876056392,0.5538300876056392,1063,0.9022683650322806,0.09137055837563451,0.9024597090519018,103418,5563,5639,1.0225102996134647,0.513617045723779,1.002492879120691,0.5049197672443616,62789,0.555060510426888,0.5546885092607149,0.7242495056624124,0.5228709656500837,-0.38853445521976027,0.03510933325570209,-0.3959813670471888,-0.002147808525735373,,0.9422906987697719,0.5641485606186486
6bba,image_plus_tabular_seed20260908__membership_tracklets_fork_protected__s20260908__r0.3,image_plus_tabular_seed20260908,membership_tracklets_fork_protected,20260908,0.3,preregistered_descriptive,0.9115967648894652,-0.5666931012722914,128,0.3164162025406986,0.06432748538011696,11,46,114,0.33719630887101665,0.33847091507916205,128,0.34490366361717373,35394,2802,73663,651593,0.3025659409061381,0.05153288257520001,0.33199974770001534,0.6990332804916141,0.056546034104111,0.014935367653653206,0.04935804053892104,0.9577970040176715,2153557,110979,36845,0.3327757256957203,0.3327757256957203,979,0.9022683650322806,0.09137055837563451,0.9024597090519018,103418,5563,5639,1.0225102996134647,0.30937679088876513,1.002492879120691,0.3046351390067703,38235,0.3380009016893415,0.3371963088710166,0.5036850620168973,0.32284895107871026,-0.5885564697911337,0.04231895131338667,-0.6063077452861265,-0.0027043072995516226,,0.9152692597962448,0.34224960152059053
6bba,image_plus_tabular_seed20260908__membership_tracklets_fork_protected__s20260908__r0.1,image_plus_tabular_seed20260908,membership_tracklets_fork_protected,20260908,0.1,preregistered_descriptive,0.9115967648894652,-0.779438374997178,128,0.11558144599303136,0.06206896551724138,9,20,116,0.1255362733759155,0.12595149334056302,128,0.13215838989228715,12738,1151,96319,220425,0.10235391958513287,0.05153288257520001,0.11826561781958748,0.8985106076732443,0.059544062606328683,0.012236093975706238,0.05061940933159246,0.9822739734717042,2153557,110979,13125,0.11858670637606607,0.11856736738285405,476,0.9022683650322806,0.09137055837563451,0.9024597090519018,103418,5563,5639,1.0225102996134647,0.10465793698160669,1.002492879120691,0.10403732227255713,13830,0.12225846659771396,0.1255362733759155,0.20690275031457847,0.1217883425447555,-0.7896170783250885,0.04550191749374054,-0.8220101332050793,-0.0029301592858391734,,0.8854550614979525,0.12317830271988953
6bba,oracle__oracle_nodes__s20260908__r0.9,oracle,oracle_nodes,20260908,0.9,hindsight_oracle,0.9115967648894652,0.014021698821089723,128,0.9068572430726061,0.09523809523809523,18,64,107,0.9802489030388399,0.9160946541867454,128,0.9256184637105549,103418,4983,5639,1938260,0.9000272572307118,0.05153288257520001,1.0,0.10540454269065858,0.057257024341419625,0.07768623086838002,0.0,0.0,2153557,110979,110979,1.0,1.0,0,0.9022683650322806,0.09137055837563451,0.9024597090519018,103418,5563,5639,1.0225102996134647,0.92028714045126,1.002492879120691,0.9022926870803287,110979,0.9810645238284669,0.9802489030388399,0.8957397087902211,0.9163810525964156,0.004975631726571561,0.009022208944054588,0.004612736190788946,0.00038675368624618844,0.6434462085638644,0.9846940501650047,1.0
6bba,oracle__oracle_nodes__s20260908__r0.8,oracle,oracle_nodes,20260908,0.8,hindsight_oracle,0.9115967648894652,0.0280092636090995,128,0.9112842112683502,0.09944751381215469,18,56,107,0.9802489030388399,0.9296612771173492,128,0.9396060284985647,103418,4429,5639,1722893,0.8000220100977128,0.05153288257520001,1.0,0.2108433557984077,0.06441433101185041,0.11653897936762611,0.0,0.0,2153557,110979,110979,1.0,1.0,0,0.9022683650322806,0.09137055837563451,0.9024597090519018,103418,5563,5639,1.0225102996134647,0.8180307452423786,1.002492879120691,0.8020308888677654,110979,0.9810645238284669,0.9802489030388399,0.7961531547726047,0.9212289626495657,0.009823541779721667,0.018093858520234873,0.009107709545212506,0.0008076955436521205,0.6459955096554784,0.9698715389158196,1.0
6bba,oracle__oracle_nodes__s20260908__r0.7,oracle,oracle_nodes,20260908,0.7,hindsight_oracle,0.9115967648894652,0.04218427337794406,128,0.9160547411311396,0.10112359550561797,18,53,107,0.9802489030388399,0.9436686787168475,128,0.9537810382674092,103418,3838,5639,1507544,0.700025121229668,0.05153288257520001,1.0,0.31627335651319066,0.07361576179534395,0.15258671002183952,0.0,0.0,2153557,110979,110979,1.0,1.0,0,0.9022683650322806,0.09137055837563451,0.9024597090519018,103418,5563,5639,1.0225102996134647,0.7157828964454998,1.002492879120691,0.7017876348125553,110979,0.9810645238284669,0.9802489030388399,0.6899155132122955,0.9261671006817014,0.014761679811857387,0.027213340581830947,0.013995629083114636,0.0009753037129984765,0.6451063015360453,0.9552975802531625,1.0
6bba,oracle__oracle_nodes__s20260908__r0.5,oracle,oracle_nodes,20260908,0.5,hindsight_oracle,0.9115967648894652,0.07103221799158588,128,0.9254986889559077,0.10759493670886076,17,33,108,0.9802489030388399,0.9718694892101649,128,0.982628982881051,103418,2686,5639,1076810,0.5000146269636698,0.05153288257520001,1.0,0.527150982728689,0.1030627501601954,0.23308717259786807,0.0,0.0,2153557,110979,110979,1.0,1.0,0,0.9022683650322806,0.09137055837563451,0.9024597090519018,103418,5563,5639,1.0225102996134647,0.5112701060277369,1.002492879120691,0.5012723139796403,110979,0.9810645238284669,0.9802489030388399,0.4828330037749416,0.9362581826267937,0.024852761756949726,0.04559503177780477,0.023814748380458328,0.0016224378333228318,0.6418922718027154,0.9269117728458441,1.0
6bba,oracle__oracle_nodes__s20260908__r0.3,oracle,oracle_nodes,20260908,0.3,hindsight_oracle,0.9115967648894652,0.1017251984986558,128,0.9356300833235324,0.12142857142857143,17,15,108,0.9802489030388399,1.0011791062452637,128,1.013321963388121,103418,1476,5639,646126,0.3000273501003224,0.05153288257520001,1.0,0.7380041300748368,0.1717606163503713,0.35603376841357837,0.0,0.0,2153557,110979,110979,1.0,1.0,0,0.9022683650322806,0.09137055837563451,0.9024597090519018,103418,5563,5639,1.0225102996134647,0.30678105564331454,1.002492879120691,0.30079780915773724,110979,0.9810645238284669,0.9802489030388399,0.26532446521660974,0.9477729404663895,0.036367519596545494,0.06418550216467567,0.03453389502868626,0.0030058013052939314,0.6309695445374217,0.8983946050570739,1.0
6bba,oracle__oracle_nodes__s20260908__r0.1,oracle,oracle_nodes,20260908,0.1,hindsight_oracle,0.9115967648894652,-0.1273643554304199,128,0.7122909622589784,0.07936507936507936,10,1,115,0.8466359814246979,0.7762959015225374,128,0.7842324094590453,77946,373,31111,215410,0.10002521409927854,0.05153288257520001,0.8541706088539274,0.9409496234660316,0.44006777772619654,0.5858902165592011,0.008350243815355594,0.16203719640892192,2153557,110979,94795,0.7536889129551916,0.7536889129551916,1,0.9022683650322806,0.09137055837563451,0.9024597090519018,103418,5563,5639,1.0225102996134647,0.10227681163755427,1.002492879120691,0.10029275688996385,94796,0.8380053217351332,0.8466359814246979,0.06705015279525436,0.7202274701954863,-0.19117795067435772,0.0730102201507759,-0.19917402768014042,-0.0012005479010553932,,0.8772274275848246,0.7535885876330054
6bba,oracle__oracle_tracklets__s20260908__r0.9,oracle,oracle_tracklets,20260908,0.9,hindsight_oracle,0.9115967648894652,0.010250593412837739,128,0.9033943471233236,0.09424083769633508,18,66,107,0.9792490703888024,0.9124232745326694,128,0.9218473583023029,103398,5398,5659,1940522,0.9010776125266245,0.05153288257520001,0.998296975103398,0.10420458851510199,0.05709288531642517,0.07590239039376688,0.0008871781632126177,0.017215768241141793,2153557,110979,110790,0.9990813978224293,0.9990813978224293,75,0.9022683650322806,0.09137055837563451,0.9024597090519018,103418,5563,5639,1.0225102996134647,0.9213611395595844,1.002492879120691,0.9041735463106682,110867,0.9800744335711318,0.9792490703888023,0.9703397447420457,0.9128184308929571,0.0014130100231131149,0.008834167014999117,0.001129398465768372,0.00028702793207024957,0.8618200585280552,0.9885719074560914,0.9998041791649925
6bba,oracle__oracle_tracklets__s20260908__r0.8,oracle,oracle_tracklets,20260908,0.8,hindsight_oracle,0.9115967648894652,0.019855926014809566,128,0.9041349930456537,0.09289617486338798,17,58,108,0.9779588071025078,0.9221630734179359,128,0.9314526909042747,103358,5260,5699,1725520,0.8012418524329749,0.05153288257520001,0.9966299930617504,0.20937413405999672,0.06409951782651027,0.11412610493262607,0.0008737562406988181,0.016955314685216345,2153557,110979,110605,0.9981434566516467,0.9981434566516467,132,0.9022683650322806,0.09137055837563451,0.9024597090519018,103418,5563,5639,1.0225102996134647,0.8192780465940886,1.002492879120691,0.8043651512575317,110740,0.9789517419400465,0.9779588071025078,0.9455329857990293,0.9134246105319925,0.002019189662148535,0.017818339366304503,0.0018850249997295343,0.0001525616487755288,0.8973814342889208,0.9778999670636941,0.9994193681365822
6bba,oracle__oracle_tracklets__s20260908__r0.7,oracle,oracle_tracklets,20260908,0.7,hindsight_oracle,0.9115967648894652,0.030283891540266006,128,0.9051064836310436,0.09714285714285714,17,50,108,0.9764934338813009,0.9321663707154455,128,0.9418806564297312,103317,5092,5740,1510267,0.7012895409780192,0.05153288257520001,0.9947737860315916,0.3146562824039033,0.0730989950783537,0.14946584966750345,0.0009016151346981921,0.017495918909300266,2153557,110979,110399,0.997195845984258,0.997195845984258,189,0.9022683650322806,0.09137055837563451,0.9024597090519018,103418,5563,5639,1.0225102996134647,0.7170757786612235,1.002492879120691,0.7044513342748036,110590,0.9776257282025442,0.9764934338813009,0.9153334531727485,0.9148207693453293,0.0034153484754853025,0.02682505205246949,0.002881609611074143,0.0005772298767223738,0.8857861618214561,0.9665680721884393,0.9990240111165455
6bba,oracle__oracle_tracklets__s20260908__r0.5,oracle,oracle_tracklets,20260908,0.5,hindsight_oracle,0.9115967648894652,0.05133006979890753,128,0.9068643814677513,0.10828025477707007,17,32,108,0.9740727155329744,0.9520988092106657,128,0.9629268346883727,103232,4777,5825,1079329,0.5011843197092066,0.05153288257520001,0.9915569612268987,0.5254590032791894,0.10195408443579299,0.22860647387581584,0.000872254307279274,0.01692616953857425,2153557,110979,110042,0.9954843450849948,0.9954456670985709,285,0.9022683650322806,0.09137055837563451,0.9024597090519018,103418,5563,5639,1.0225102996134647,0.5124661289074315,1.002492879120691,0.5035225182945071,110309,0.9751416624676231,0.9740727155329744,0.858709329498472,0.9176924069454583,0.006286986075614287,0.04492852195300012,0.004710578205763705,0.0016909696401437024,0.8752865937843776,0.9443854864986307,0.9982010451632293
6bba,oracle__oracle_tracklets__s20260908__r0.3,oracle,oracle_tracklets,20260908,0.3,hindsight_oracle,0.9115967648894652,0.07072077102523411,128,0.9086325735540395,0.10204081632653061,15,22,110,0.9706539620847422,0.9721134542820462,128,0.9823175359146993,103088,4397,5969,648448,0.30110556627941587,0.05153288257520001,0.9874931293307743,0.7361877979690372,0.16900507056849584,0.34876693245651996,0.0009221923462021688,0.017895221460907954,2153557,110979,109591,0.9932216828791893,0.9932023438859773,373,0.9022683650322806,0.09137055837563451,0.9024597090519018,103418,5563,5639,1.0225102996134647,0.3078835427916475,1.002492879120691,0.302682891281077,109928,0.9717735875743673,0.9706539620847422,0.7904008628437893,0.9188366551866926,0.007431234316848556,0.06306890420550615,0.006584841024638133,0.001067025795089771,0.8918017053717122,0.9242905472641039,0.9968078212203089
6bba,oracle__oracle_tracklets__s20260908__r0.1,oracle,oracle_tracklets,20260908,0.1,hindsight_oracle,0.9115967648894652,-0.16843754292010016,128,0.678505986372774,0.03816793893129771,5,6,120,0.7358503848414999,0.7393424280762353,128,0.743159221969365,76279,3365,32778,218340,0.1013857538946032,0.05153288257520001,0.7291559664441021,0.9327227650547495,0.3706192177338097,0.48479336378834714,0.01553210828553077,0.30140189155662594,2153557,110979,80921,0.7316714691833143,0.7316327911968903,615,0.9022683650322806,0.09137055837563451,0.9024597090519018,103418,5563,5639,1.0225102996134647,0.10366797759130773,1.002492879120691,0.10289722375392549,81485,0.7203348626691772,0.7358503848414999,0.6048894481394931,0.6823227802659038,-0.22908264060394024,0.07117296019119618,-0.23429024116686265,-0.005320261944433691,,0.9055335661628764,0.7375128411090445
pooled,identity__identity__s20260908__r1,identity,identity,20260908,1.0,baseline,0.9117740142186423,0.0,199,0.9000721819574569,0.09274193548387097,23,97,128,0.9832109431769471,0.9024998206702552,199,0.9117740142186423,122201,6885,6682,4133687,1.0,0.03168091826981578,1.0,0.0,0.03168091826981578,,,,4133687,130959,130959,1.0,1.0,0,0.9000721819574569,0.09274193548387097,0.9024998206702552,122201,6885,6682,0.8748327290096732,0.8748327290096732,0.9421965646465902,0.9421965646465902,130959,0.9823054651284898,0.9832109431769471,1.0,0.909346375505844,0.0,0.0,0.0,0.0,,0.9999999999999999,1.0
pooled,random__random_nodes__s0__r0.9,random,random_nodes,0,0.9,preregistered_descriptive,0.9117740142186423,-0.16582366300570262,199,0.7289227810846318,0.07964601769911504,18,75,133,0.898714094832617,0.7379857494430282,199,0.7459503512129397,99315,7366,29568,3720410,0.9000221835857432,0.03168091826981578,0.899983964446888,0.09997656598200028,0.03167957295029311,-2.3045816645308645e-05,0.03169302913058312,1.000382276191119,4133687,130959,117861,0.8102225022708488,0.8100915704454137,321,0.9000721819574569,0.09274193548387097,0.9024998206702552,122201,6885,6682,0.8748327290096732,0.7873688630355609,0.9421965646465902,0.84801542328595,119273,0.8946503847942513,0.898714094832617,1.0698620188816268,0.7368873828545434,-0.1724589926513006,0.007921442287306568,-0.17243551351453362,-0.0013095917784755606,,0.9953442804311173,0.8127265379518911
pooled,random__random_nodes__s0__r0.8,random,random_nodes,0,0.8,preregistered_descriptive,0.9117740142186423,-0.31368374160934853,199,0.5784625345811996,0.06796116504854369,14,55,137,0.8098748347638324,0.5912941561044395,199,0.5980902726092938,78620,7029,50263,3307023,0.8000177565451859,0.03168091826981578,0.7992806909032598,0.19995812855632458,0.031651730272211596,-0.0003333114795561574,0.03179768321833296,1.003685655432167,4133687,130959,104673,0.6387836433417076,0.6386117953208239,581,0.9000721819574569,0.09274193548387097,0.9024998206702552,122201,6885,6682,0.8748327290096732,0.6998817172146213,0.9421965646465902,0.753785923044463,107204,0.8041224740845198,0.8098748347638324,1.0209150326797385,0.5852586510860539,-0.32408772441979006,0.014382227478876797,-0.3255878920446927,-0.002478077043532645,,0.9847011409891996,0.6433837021292996
pooled,random__random_nodes__s0__r0.7,random,random_nodes,0,0.7,preregistered_descriptive,0.9117740142186423,-0.44494003173747454,199,0.44888352712174256,0.03626943005181347,7,42,144,0.7203089514574536,0.46320703947598646,199,0.4668339824811678,60650,6230,68233,2893670,0.7000215546073033,0.03168091826981578,0.7000435250727327,0.29997916421000875,0.03168191258851217,8.672177559573533e-06,0.031678597954705456,0.9999267598530268,4133687,130959,91677,0.49018420471190904,0.4900287231692048,768,0.9000721819574569,0.09274193548387097,0.9024998206702552,122201,6885,6682,0.8748327290096732,0.6124017669827012,0.9421965646465902,0.6595723750443233,95038,0.7128669797026658,0.7203089514574534,0.9048656499636892,0.4525104701269239,-0.45683590537892005,0.0196837041603595,-0.4589764853546283,-0.005647250543205695,,0.9730777735353952,0.4963254179270141
pooled,random__random_nodes__s0__r0.5,random,random_nodes,0,0.5,preregistered_descriptive,0.9117740142186423,-0.6608928392012621,199,0.23577462664051893,0.029940119760479042,5,16,146,0.529656934294994,0.2478871630413324,199,0.25088117501738033,31259,3697,97624,2066891,0.500011490952266,0.03168091826981578,0.49856825418642475,0.4999412900401926,0.031589474239328535,-0.000522104233907955,0.03177236650351559,1.0028865398698665,4133687,130959,65292,0.24885230071767006,0.24876228508768342,860,0.9000721819574569,0.09274193548387097,0.9024998206702552,122201,6885,6682,0.8748327290096732,0.4374264171659665,0.9421965646465902,0.4711188091781585,69352,0.5201998229796426,0.5296569342949942,0.536964415395788,0.23876863861656683,-0.6705777368892771,0.02762587346580775,-0.6822385310947306,-0.006280181572339116,,0.9378128660436972,0.2558064330790325
pooled,random__random_nodes__s0__r0.3,random,random_nodes,0,0.3,preregistered_descriptive,0.9117740142186423,-0.8150160539140584,199,0.08914675139291799,0.012987012987012988,2,3,149,0.3279957355609601,0.09545925900588262,199,0.09675796030458392,11616,1419,117267,1240193,0.30002102239477735,0.03168091826981578,0.30019319023511176,0.699984610495642,0.03169909844677401,6.795529862865506e-05,0.03167312598540035,0.9997540385556671,4133687,130959,39313,0.09072757178746492,0.09069483883110613,533,0.9000721819574569,0.09274193548387097,0.9024998206702552,122201,6885,6682,0.8748327290096732,0.26246820978189533,0.9421965646465902,0.282697043455033,42775,0.3208493976807333,0.3279957355609601,0.20610021786492375,0.09044545269161929,-0.8189009228142247,0.03368612671376565,-0.8407266883781384,-0.00797549224968569,,0.9066385673842523,0.09505699341928875
pooled,random__random_nodes__s0__r0.1,random,random_nodes,0,0.1,preregistered_descriptive,0.9117740142186423,-0.9008829617476024,199,0.009988918422541324,0.0,0,0,151,0.1124736031838483,0.010891052471039992,199,0.010891052471039992,1289,160,127594,413453,0.10002039341633752,0.03168091826981578,0.09961132873647477,0.8999662230358896,0.03155134924646816,-0.00024661586094952803,0.031695318090206155,1.000454526610237,4133687,130959,13045,0.009926269015801835,0.009926269015801835,76,0.9000721819574569,0.09274193548387097,0.9024998206702552,122201,6885,6682,0.8748327290096732,0.0875011137290357,0.9421965646465902,0.09425399521340619,14526,0.10895753011596333,0.11247360318384832,0.023238925199709513,0.009988918422541324,-0.8993574570833026,0.039844306828169196,-0.9314530750273846,-0.009274193548386992,,0.8831093400095473,0.010548655708236819
pooled,random__random_tracklets__s0__r0.9,random,random_tracklets,0,0.9,preregistered_descriptive,0.9117740142186423,-0.07219429530597865,199,0.820828758189201,0.0871559633027523,19,67,132,0.9018260625640904,0.8308641225823885,199,0.8395797189126637,111384,6814,17499,3724138,0.9009240419025437,0.03168091826981578,0.9027940042303316,0.0991371384715624,0.031746675338024534,0.0011321246959693904,0.03108297175673729,0.9811259728021143,4133687,130959,118229,0.9031431821343524,0.903126815656173,1021,0.9000721819574569,0.09274193548387097,0.9024998206702552,122201,6885,6682,0.8748327290096732,0.7881578382080274,0.9421965646465902,0.8497323112450152,119688,0.8977632427729189,0.9018260625640904,0.9896877269426289,0.8295443545194762,-0.0798020209863678,0.00820068936551499,-0.07983638745338173,-0.0005585972181119114,,0.9906788710804663,0.9114798275242189
pooled,random__random_tracklets__s0__r0.8,random,random_tracklets,0,0.8,preregistered_descriptive,0.9117740142186423,-0.15604414174123482,199,0.7331466057345029,0.06467661691542288,13,50,138,0.8119546737612958,0.7492622107858652,199,0.7557298724774075,99466,6787,29417,3310889,0.8009529991022543,0.03168091826981578,0.7996014019655007,0.1990027801039691,0.03162745715727709,-0.0006122877398840323,0.0318960425280567,1.0067903416311603,4133687,130959,104715,0.7996661238451404,0.7995351920197052,1762,0.9000721819574569,0.09274193548387097,0.9024998206702552,122201,6885,6682,0.8748327290096732,0.7006998980131074,0.9421965646465902,0.7554436466116948,107332,0.8050825844972171,0.8119546737612958,0.9857661583151779,0.7396142674260452,-0.16973210807979877,0.01573691981915154,-0.1689745297035416,-0.002806531856844763,,0.9834814217490991,0.8139625467882681
pooled,random__random_tracklets__s0__r0.7,random,random_tracklets,0,0.7,preregistered_descriptive,0.9117740142186423,-0.23517133514381827,199,0.6522166468366872,0.03664921465968586,7,40,144,0.7284428788596126,0.6729377576088554,199,0.6766026790748241,88256,6434,40627,2897831,0.7010281620258138,0.03168091826981578,0.7032964515611756,0.29904605059349526,0.031783426983837224,0.0008962006436679813,0.031440556181302676,0.9924130327768272,4133687,130959,92103,0.7036276298884625,0.7034639651066685,2292,0.9000721819574569,0.09274193548387097,0.9024998206702552,122201,6885,6682,0.8748327290096732,0.613282380097678,0.9421965646465902,0.6613319468581946,95468,0.7160923506203213,0.7284428788596125,0.9344952795933188,0.6558815683026559,-0.2534648072031881,0.022497719791696624,-0.25205978285309644,-0.005609272082418459,,0.9746832667146526,0.7222713406531973
pooled,random__random_tracklets__s0__r0.5,random,random_tracklets,0,0.5,preregistered_descriptive,0.9117740142186423,-0.4150961775122337,199,0.4707103475472288,0.018072289156626505,3,15,148,0.530253416723359,0.494870607790746,199,0.49667783670640864,63263,5516,65620,2070723,0.5009385084066598,0.03168091826981578,0.4958651180903947,0.49889550326677207,0.031360061196017044,-0.001835349051922064,0.03200298211699283,1.0101658621266636,4133687,130959,64938,0.49549512688112207,0.49533146209932816,2733,0.9000721819574569,0.09274193548387097,0.9024998206702552,122201,6885,6682,0.8748327290096732,0.43823740237543324,0.9421965646465902,0.47278844100819184,68978,0.5173945003675423,0.530253416723359,0.8011619462599855,0.47251757646289144,-0.4368287990429525,0.033177196861436414,-0.44080640974094576,-0.007466964632724338,,0.9520921895703762,0.5177798224455384
pooled,random__random_tracklets__s0__r0.3,random,random_tracklets,0,0.3,preregistered_descriptive,0.9117740142186423,-0.6025395851014401,199,0.2887868644834449,0.0,0,5,151,0.33658888365454126,0.30923442911720217,199,0.30923442911720217,38307,3765,90576,1244245,0.30100126110177183,0.03168091826981578,0.2945196588245176,0.6987866774859546,0.03099871809812376,-0.00255593414741217,0.03197468576977839,1.0092726952375777,4133687,130959,38570,0.2943674765345619,0.2943265603391134,2340,0.9000721819574569,0.09274193548387097,0.9024998206702552,122201,6885,6682,0.8748327290096732,0.2633257546850163,0.9421965646465902,0.2845485830414035,42027,0.3152387524565325,0.33658888365454126,0.5468409586056645,0.2887868644834449,-0.620559511022399,0.04029948536278266,-0.633564876915836,-0.009274193548386933,,0.9244530267933394,0.31353460345224965
pooled,random__random_tracklets__s0__r0.1,random,random_tracklets,0,0.1,preregistered_descriptive,0.9117740142186423,-0.8102868502449876,199,0.09310612285646268,0.0,0,2,151,0.0939794200842381,0.1014871639736548,199,0.1014871639736548,12124,1334,116759,417723,0.10105336954636382,0.03168091826981578,0.0902038042440764,0.8985916604875475,0.02827950579690369,-0.006511178771066401,0.032063281560316514,1.0120691984760124,4133687,130959,11813,0.08990924787849526,0.08988469816122617,1140,0.9000721819574569,0.09274193548387097,0.9024998206702552,122201,6885,6682,0.8748327290096732,0.08840479505586846,0.9421965646465902,0.09619577922798653,13411,0.10059406831785656,0.09397942008423811,0.19375453885257807,0.09310612285646268,-0.8162402526493813,0.04338729957802398,-0.8443999562746245,-0.009274193548387016,,0.8913199420727365,0.09921047507769037
pooled,random__random_nodes__s1__r0.9,random,random_nodes,1,0.9,preregistered_descriptive,0.9117740142186423,-0.16525048733691816,199,0.7303333651593381,0.07142857142857142,15,59,136,0.8973298951107691,0.7393806697388671,199,0.7465235268817242,99440,7274,29443,3720410,0.9000221835857432,0.03168091826981578,0.9006712024374041,0.09999905064745844,0.03170376383248083,0.00039135286410773315,0.031475257514935504,0.9935083714073962,4133687,130959,117951,0.8114090719388548,0.8112781401134197,301,0.9000721819574569,0.09274193548387097,0.9024998206702552,122201,6885,6682,0.8748327290096732,0.7873688630355609,0.9421965646465902,0.84801542328595,119348,0.8952129494891913,0.8973298951107691,1.0564996368917938,0.7374762223021952,-0.17187015320364873,0.007930148902151768,-0.17104929983354017,-0.00213133640552976,,0.9955765469948351,0.8137129130869437
pooled,random__random_nodes__s1__r0.8,random,random_nodes,1,0.8,preregistered_descriptive,0.9117740142186423,-0.3131533622599526,199,0.5816748028539241,0.04081632653061224,8,45,143,0.8094150545534413,0.5945390193056285,199,0.5986206519586897,78999,6930,49884,3307023,0.8000177565451859,0.03168091826981578,0.8010904176116189,0.2000173381753644,0.03172339593646612,0.0004850724640762595,0.031510988745124986,0.9946362184566885,4133687,130959,104910,0.6420978551730346,0.64195055686942,552,0.9000721819574569,0.09274193548387097,0.9024998206702552,122201,6885,6682,0.8748327290096732,0.6998817172146213,0.9421965646465902,0.753785923044463,107372,0.8053826190011851,0.8094150545534413,1.0065359477124183,0.5857564355069854,-0.32358993999885854,0.014418304334536391,-0.32237910569916317,-0.005192560895325826,,0.9869353348710709,0.6464431981904039
pooled,random__random_nodes__s1__r0.7,random,random_nodes,1,0.7,preregistered_descriptive,0.9117740142186423,-0.44257844308429334,199,0.4520469828480019,0.027472527472527472,5,31,146,0.71969416708322,0.4664483183870963,199,0.469195571134349,61039,6145,67844,2893670,0.7000215546073033,0.03168091826981578,0.7020136073122122,0.30004362025098885,0.03177107272080092,0.0007863026307097437,0.03147053629103472,0.9933593471947589,4133687,130959,91935,0.49355569921686404,0.4934084009132495,744,0.9000721819574569,0.09274193548387097,0.9024998206702552,122201,6885,6682,0.8748327290096732,0.6124017669827012,0.9421965646465902,0.6595723750443233,95203,0.7141046220315336,0.71969416708322,0.8925199709513435,0.4547942355952546,-0.45455213991058935,0.019734812958170728,-0.45578631524132973,-0.006526940801134307,,0.9734076007139907,0.4994840170858375
pooled,random__random_nodes__s1__r0.5,random,random_nodes,1,0.5,preregistered_descriptive,0.9117740142186423,-0.6586129764320037,199,0.23967503224784448,0.011904761904761904,2,17,149,0.5285935568370581,0.25197056159616243,199,0.2531610377866386,31773,3684,97110,2066891,0.500011490952266,0.03168091826981578,0.5016684611214197,0.5000427208643705,0.03178590453004053,0.0005994242672095069,0.031575927183911716,0.9966859834992821,4133687,130959,65698,0.2530421191315947,0.2529357370234286,864,0.9000721819574569,0.09274193548387097,0.9024998206702552,122201,6885,6682,0.8748327290096732,0.4374264171659665,0.9421965646465902,0.4711188091781585,69687,0.5227126119503743,0.528593556837058,0.5350762527233115,0.24086550843832066,-0.6684808670675233,0.02772938447008641,-0.6782586435441793,-0.008083717357910802,,0.9395818807229536,0.25999478824755345
pooled,random__random_nodes__s1__r0.3,random,random_nodes,1,0.3,preregistered_descriptive,0.9117740142186423,-0.8145595299593099,199,0.09078561672217192,0.0,0,3,151,0.3274992616437206,0.09721448425933242,199,0.09721448425933242,11831,1435,117052,1240193,0.30002102239477735,0.03168091826981578,0.30149130643941996,0.7000270815303963,0.03183617388583874,0.0005803266808050415,0.031614373487555185,0.9978995311406741,4133687,130959,39483,0.09231512017086603,0.09229875369268664,552,0.9000721819574569,0.09274193548387097,0.9024998206702552,122201,6885,6682,0.8748327290096732,0.26246820978189533,0.9421965646465902,0.282697043455033,42992,0.32247708486475946,0.3274992616437206,0.2084241103848947,0.09078561672217192,-0.8185607587836721,0.033741561893598726,-0.8390268983045217,-0.009274193548387016,,0.9080432824122059,0.09681670897421049
pooled,random__random_nodes__s1__r0.1,random,random_nodes,1,0.1,preregistered_descriptive,0.9117740142186423,-0.9005602467644575,199,0.01028498794788526,0.0,0,0,151,0.11186897269679455,0.011213767454184878,199,0.011213767454184878,1327,140,127556,413453,0.10002039341633752,0.03168091826981578,0.10040547041440451,0.8999922053159745,0.03180288932478419,0.00023215422911118503,0.031667362859433036,0.9995721269734892,4133687,130959,13149,0.010171766188492729,0.010171766188492729,84,0.9000721819574569,0.09274193548387097,0.9024998206702552,122201,6885,6682,0.8748327290096732,0.0875011137290357,0.9421965646465902,0.09425399521340619,14682,0.11012766468143836,0.11186897269679456,0.020334059549745823,0.01028498794788526,-0.8990613875579587,0.039857626908671694,-0.9311436801247421,-0.009274193548386989,,0.8829724694563195,0.010859541713760851
pooled,random__random_tracklets__s1__r0.9,random,random_tracklets,1,0.9,preregistered_descriptive,0.9117740142186423,-0.07697132075484936,199,0.8179982162468951,0.06818181818181818,15,69,136,0.8928309748508051,0.8279845116456112,199,0.834802693463793,110977,6786,17906,3723920,0.9008713044795119,0.03168091826981578,0.9015340679143854,0.09915037944122108,0.03170422565468646,0.000401159520205309,0.03146910317326676,0.9933141112026784,4133687,130959,118064,0.9012855868609914,0.9012119377091841,848,0.9000721819574569,0.09274193548387097,0.9024998206702552,122201,6885,6682,0.8748327290096732,0.7881117017843156,0.9421965646465902,0.8495746402962331,119305,0.8948904123974257,0.892830974850805,0.9856209150326798,0.8248163980650769,-0.08452997744076707,0.008197329451602009,-0.0827126384762461,-0.0024560117302052653,,0.9925449482932429,0.9081237060144518
pooled,random__random_tracklets__s1__r0.8,random,random_tracklets,1,0.8,preregistered_descriptive,0.9117740142186423,-0.15877036114327447,199,0.732412245741446,0.04591836734693878,9,45,142,0.7982414541105562,0.748411816340674,199,0.7530036530753679,99236,6609,29647,3310940,0.8009653367562662,0.03168091826981578,0.7986545407341229,0.19895905992113377,0.03158951838450712,-0.0010468393202274584,0.032048734301067035,1.0116100179962804,4133687,130959,104591,0.7983977217862375,0.7983322558735199,1679,0.9000721819574569,0.09274193548387097,0.9024998206702552,122201,6885,6682,0.8748327290096732,0.7007106913966363,0.9421965646465902,0.7554994888972769,107044,0.8029223360686479,0.7982414541105561,0.9599128540305011,0.7370040824761399,-0.17234229302970405,0.01572354136968457,-0.16981154569926582,-0.0046823568136932225,,0.9842484374403901,0.811990335654788
pooled,random__random_tracklets__s1__r0.7,random,random_tracklets,1,0.7,preregistered_descriptive,0.9117740142186423,-0.24537115015943156,199,0.6432662424152731,0.027624309392265192,5,30,146,0.7026198501577099,0.6636404331199842,199,0.6664028640592108,86931,6257,41952,2897752,0.7010090507578344,0.03168091826981578,0.6933085927656748,0.29873900999518327,0.03133290909643061,-0.0030423933133491986,0.032496854608049776,1.0257548197083473,4133687,130959,90795,0.6930221520282158,0.6928912202027807,2259,0.9000721819574569,0.09274193548387097,0.9024998206702552,122201,6885,6682,0.8748327290096732,0.6132656609349567,0.9421965646465902,0.6612917505651669,94075,0.7056436490196373,0.7026198501577099,0.9087872185911402,0.6460286733544996,-0.2633177021513443,0.0223780588210436,-0.26123744637131474,-0.006511762609160421,,0.9743790173488625,0.711363116808224
pooled,random__random_tracklets__s1__r0.5,random,random_tracklets,1,0.5,preregistered_descriptive,0.9117740142186423,-0.42167916436959746,199,0.4650519392389205,0.012578616352201259,2,8,149,0.511830492005871,0.48883698821382476,199,0.4900948498490449,62363,5216,66520,2071152,0.5010422898492315,0.03168091826981578,0.4886567551676479,0.4985524872037271,0.030897780558838753,-0.0044805913332751765,0.03246732782716415,1.0248228144983291,4133687,130959,63994,0.48806474578767767,0.48795018044042193,2735,0.9000721819574569,0.09274193548387097,0.9024998206702552,122201,6885,6682,0.8748327290096732,0.4383281937780588,0.9421965646465902,0.47309391184067456,67966,0.509803627417153,0.511830492005871,0.7575889615105301,0.46630980087414065,-0.4430365746317033,0.03305254565434343,-0.4467153781107738,-0.008016331913167085,,0.9505679490990446,0.5103399560916584
pooled,random__random_tracklets__s1__r0.3,random,random_tracklets,1,0.3,preregistered_descriptive,0.9117740142186423,-0.5982153822358092,199,0.2928923421108323,0.0,0,2,151,0.3171355003353101,0.3135586319828332,199,0.3135586319828332,38752,3425,90131,1244036,0.30095070091180104,0.03168091826981578,0.29773440542459856,0.6989440701441617,0.03134234057535312,-0.0012683642571186154,0.0318266807998613,1.0046009566011977,4133687,130959,38991,0.2978289866695035,0.29775533751769623,2366,0.9000721819574569,0.09274193548387097,0.9024998206702552,122201,6885,6682,0.8748327290096732,0.26328152297604485,0.9421965646465902,0.28438583590503097,42359,0.3177290388394665,0.3171355003353101,0.4974582425562818,0.2928923421108323,-0.6164540333950117,0.04053209615103487,-0.629473284838457,-0.009274193548387044,,0.9220722418724366,0.3171001873733307
pooled,random__random_tracklets__s1__r0.1,random,random_tracklets,1,0.1,preregistered_descriptive,0.9117740142186423,-0.7987238175360158,199,0.1037050685583552,0.0,0,0,151,0.11727502694564812,0.11305019668262654,199,0.11305019668262654,13508,1371,115375,417391,0.10097305383789339,0.03168091826981578,0.10234500874319444,0.8990718330098872,0.03211137758121282,0.0008236455800415024,0.03163257178653153,0.9984739557460898,4133687,130959,13403,0.10240505396846179,0.1023886874902824,996,0.9000721819574569,0.09274193548387097,0.9024998206702552,122201,6885,6682,0.8748327290096732,0.08833453224544492,0.9421965646465902,0.09590112339239766,14851,0.11139531046070299,0.11727502694564812,0.1991285403050109,0.1037050685583552,-0.8056413069474888,0.04385303392475603,-0.8333026579123848,-0.009274193548386989,,0.8915406939597799,0.11054148202401984
pooled,random__random_nodes__s2__r0.9,random,random_nodes,2,0.9,preregistered_descriptive,0.9117740142186423,-0.1657554280742093,199,0.7293090161828923,0.07657657657657657,17,71,134,0.8984218788633561,0.7383609284867754,199,0.7460185861444331,99372,7372,29511,3720410,0.9000221835857432,0.03168091826981578,0.9010453653433518,0.10001129229865231,0.03171693442389414,0.0006169699236288337,0.03135669296863847,0.9897659121362582,4133687,130959,118000,0.8112781401134197,0.8111226585707154,252,0.9000721819574569,0.09274193548387097,0.9024998206702552,122201,6885,6682,0.8748327290096732,0.7873688630355609,0.9421965646465902,0.84801542328595,119363,0.8953254624281792,0.8984218788633561,1.0707334785766158,0.73696667384055,-0.17237970166529393,0.007924206062882855,-0.17206309824636273,-0.0016165358907294092,,0.9957261577237299,0.8131755221551191
pooled,random__random_nodes__s2__r0.8,random,random_nodes,2,0.8,preregistered_descriptive,0.9117740142186423,-0.3143870853662615,199,0.5797450101892928,0.04807692307692308,10,57,141,0.8100754508282143,0.5925792365446886,199,0.5973869288523809,78803,7044,50080,3307023,0.8000177565451859,0.03168091826981578,0.8005940790629128,0.2000010992503113,0.0317037407964807,0.00026062117151884556,0.031589618031025904,0.9971181315512289,4133687,130959,104845,0.640657605093248,0.640469390594185,537,0.9000721819574569,0.09274193548387097,0.9024998206702552,122201,6885,6682,0.8748327290096732,0.6998817172146213,0.9421965646465902,0.753785923044463,107327,0.8050450801842212,0.8100754508282143,1.0230936819172114,0.5845527024969851,-0.32479367300885886,0.014397934545456181,-0.32431851867102296,-0.004466501240694698,,0.9869736495420309,0.6448531523232964
pooled,random__random_nodes__s2__r0.7,random,random_nodes,2,0.7,preregistered_descriptive,0.9117740142186423,-0.4461968629265787,199,0.448168407339694,0.031088082901554404,6,42,145,0.7190569842923548,0.46246834300190826,199,0.4655771512920637,60548,6218,68335,2893670,0.7000215546073033,0.03168091826981578,0.7002267885368704,0.2999851601207976,0.03169020655430647,8.100989413168239e-05,0.03165924338134074,0.9993158377452811,4133687,130959,91701,0.4897095768447067,0.48951317910655395,729,0.9000721819574569,0.09274193548387097,0.9024998206702552,122201,6885,6682,0.8748327290096732,0.6124017669827012,0.9421965646465902,0.6595723750443233,94999,0.712574446061297,0.7190569842923547,0.903122730573711,0.4512772156298494,-0.45806915987599456,0.01967343587827533,-0.45970491354662235,-0.006165385258231626,,0.9735464810774601,0.4954898955101684
pooled,random__random_nodes__s2__r0.5,random,random_nodes,2,0.5,preregistered_descriptive,0.9117740142186423,-0.6616632834170777,199,0.23675582788794175,0.011904761904761904,2,17,149,0.529047519555972,0.2489202546110885,199,0.2501107308015647,31413,3798,97470,2066891,0.500011490952266,0.03168091826981578,0.4997060148596125,0.49997851465300663,0.03166156318838294,-0.00011050879876878798,0.03170027424090234,1.0006109662264746,4133687,130959,65441,0.25026800108018754,0.25012888601566274,847,0.9000721819574569,0.09274193548387097,0.9024998206702552,122201,6885,6682,0.8748327290096732,0.4374264171659665,0.9421965646465902,0.4711188091781585,69411,0.5206423738729954,0.529047519555972,0.5516339869281046,0.23794630407841794,-0.671400071427426,0.027648986276172877,-0.6812285523353396,-0.00808371735791083,,0.9403898671328625,0.2570682154734487
pooled,random__random_nodes__s2__r0.3,random,random_nodes,2,0.3,preregistered_descriptive,0.9117740142186423,-0.8164228670529842,199,0.0884447172561958,0.006369426751592357,1,6,150,0.3275815398510892,0.09471420449049893,199,0.09535114716565816,11527,1447,117356,1240193,0.30002102239477735,0.03168091826981578,0.3000557426370085,0.6999801135625503,0.031684584576755395,1.3704211104096489e-05,0.03167934683811337,0.9999503981643135,4133687,130959,39295,0.09023657744208312,0.09019566124663464,505,0.9000721819574569,0.09274193548387097,0.9024998206702552,122201,6885,6682,0.8748327290096732,0.26246820978189533,0.9421965646465902,0.282697043455033,42686,0.32018182090940456,0.3275815398510892,0.21016702977487292,0.08908165993135504,-0.8202647155744889,0.03365441594510208,-0.8414400321248585,-0.00863725087322778,,0.9074925023674905,0.09433534550100578
pooled,random__random_nodes__s2__r0.1,random,random_nodes,2,0.1,preregistered_descriptive,0.9117740142186423,-0.9004173435404264,199,0.010416747401626066,0.0,0,0,151,0.1128217578708237,0.011356670678215993,199,0.011356670678215993,1344,140,127539,413453,0.10002039341633752,0.03168091826981578,0.10027565879397368,0.8999879582124991,0.03176177219659792,0.00015389373362049156,0.03167193246446326,0.9997163653756499,4133687,130959,13132,0.010376347165735142,0.010376347165735142,76,0.9000721819574569,0.09274193548387097,0.9024998206702552,122201,6885,6682,0.8748327290096732,0.0875011137290357,0.9421965646465902,0.09425399521340619,14598,0.10949759222310566,0.11282175787082371,0.020334059549745823,0.010416747401626066,-0.898929628104218,0.03986678893045719,-0.9310099389224966,-0.00927419354838699,,0.8829724694563195,0.010997930843795618
pooled,random__random_tracklets__s2__r0.9,random,random_tracklets,2,0.9,preregistered_descriptive,0.9117740142186423,-0.07027426522802172,199,0.8227051252755029,0.0881057268722467,20,76,131,0.9021867583831866,0.832689176303396,199,0.8414997489906206,111609,6778,17274,3724142,0.9009250095616819,0.03168091826981578,0.9053367847952413,0.09921933241529277,0.03183605780875166,0.0026710171267719167,0.03027017788033061,0.9554703440894494,4133687,130959,118562,0.9057618186430553,0.9057372689257862,927,0.9000721819574569,0.09274193548387097,0.9024998206702552,122201,6885,6682,0.8748327290096732,0.7881586847479121,0.9421965646465902,0.8498204593444026,119901,0.8993609265065483,0.9021867583831865,0.9844589687726942,0.8315156979627275,-0.07783067754311646,0.008206367056508068,-0.07801701142336742,-0.00046362086116236156,,0.9903185706788823,0.913245782684174
pooled,random__random_tracklets__s2__r0.8,random,random_tracklets,2,0.8,preregistered_descriptive,0.9117740142186423,-0.14817063842230382,199,0.7411112832658241,0.0625,13,57,138,0.8196654849325204,0.7573533757963385,199,0.7636033757963385,100448,6654,28435,3310814,0.800934855493413,0.03168091826981578,0.8072831955039363,0.19927284591908317,0.03193202638384397,0.002875766404331586,0.030670589507736917,0.9681092336568582,4133687,130959,105721,0.8075383998494284,0.8074811171758005,1773,0.9000721819574569,0.09274193548387097,0.9024998206702552,122201,6885,6682,0.8748327290096732,0.7006840253902707,0.9421965646465902,0.7555451985063495,108257,0.8120208824014762,0.8196654849325206,0.9664488017429194,0.7473612832658241,-0.1619850922400199,0.015807179712578556,-0.16095362458649526,-0.003024193548387122,,0.9827688350686938,0.8219586484505926
pooled,random__random_tracklets__s2__r0.7,random,random_tracklets,2,0.7,preregistered_descriptive,0.9117740142186423,-0.2314859203072971,199,0.6552320297896549,0.043243243243243246,8,34,143,0.7215185833360714,0.675963769587021,199,0.6802880939113453,88685,6466,40198,2898139,0.701102671779455,0.03168091826981578,0.7076336868790996,0.2991110062937077,0.03197603703618081,0.002580586944262591,0.030988678707747495,0.9781496370726153,4133687,130959,92671,0.7075392181733374,0.7074246528260816,2237,0.9000721819574569,0.09274193548387097,0.9024998206702552,122201,6885,6682,0.8748327290096732,0.6133475636687938,0.9421965646465902,0.6614813613010814,95936,0.7196027543167465,0.7215185833360714,0.9391430646332607,0.6595563541139792,-0.2497900213918648,0.022544661460030813,-0.24908071254326508,-0.0049498692240628195,,0.9742249332271129,0.7257049791559872
pooled,random__random_tracklets__s2__r0.5,random,random_tracklets,2,0.5,preregistered_descriptive,0.9117740142186423,-0.4039348177106199,199,0.48083880477019963,0.024242424242424242,4,14,147,0.5317375910813047,0.50541495408378,199,0.5078391965080225,64593,5451,64290,2070675,0.5009268964970014,0.03168091826981578,0.5056009896227064,0.499226027849007,0.031976529392589374,0.00169089927650826,0.031384209107848136,0.9906344519612508,4133687,130959,66213,0.505609610395987,0.5055605109614487,2813,0.9000721819574569,0.09274193548387097,0.9024998206702552,122201,6885,6682,0.8748327290096732,0.4382272438968178,0.9421965646465902,0.4728227237823872,70336,0.5275806717772544,0.5317375910813047,0.7917211328976035,0.4832630471944421,-0.4260833283114019,0.033469426315117096,-0.4305542929015923,-0.00684995112414466,,0.9509895702961908,0.5285582785785035
pooled,random__random_tracklets__s2__r0.3,random,random_tracklets,2,0.3,preregistered_descriptive,0.9117740142186423,-0.5919476530984176,199,0.2986946506270796,0.0,0,3,151,0.335071829667014,0.3198263611202247,199,0.3198263611202247,39678,3955,89205,1244199,0.3009901330216826,0.03168091826981578,0.3045762414190701,0.6991271952528376,0.032058376513724895,0.0014141493095108188,0.03151838664843045,0.9948697313631788,4133687,130959,39887,0.30425282935491527,0.3041955466812874,2505,0.9000721819574569,0.09274193548387097,0.9024998206702552,122201,6885,6682,0.8748327290096732,0.26331601947634314,0.9421965646465902,0.2843722836361981,43561,0.32674507568370365,0.335071829667014,0.5744371822803195,0.2986946506270796,-0.6106517248787644,0.04066235380470648,-0.6233358133547371,-0.009274193548387044,,0.9257755704950601,0.32473773907580766
pooled,random__random_tracklets__s2__r0.1,random,random_tracklets,2,0.1,preregistered_descriptive,0.9117740142186423,-0.8052151546939891,199,0.09775814331622988,0.0,0,0,151,0.09755891994277938,0.10655885952465323,199,0.10655885952465323,12746,1500,116137,417432,0.10098297234405991,0.03168091826981578,0.09524354950786124,0.8988292484525554,0.02988031583587267,-0.0034454807139608903,0.03188317271016117,1.0063841091543764,4133687,130959,12473,0.09474554218050589,0.09473735894141619,1169,0.9000721819574569,0.09274193548387097,0.9024998206702552,122201,6885,6682,0.8748327290096732,0.08834320927926229,0.9421965646465902,0.09606909367169236,14151,0.10614470664126374,0.09755891994277938,0.2178649237472767,0.09775814331622988,-0.8115882321896141,0.04358786312160751,-0.8395288242672097,-0.009274193548386989,,0.8924573800650032,0.10430132808246721
pooled,random__random_nodes__s3__r0.9,random,random_nodes,3,0.9,preregistered_descriptive,0.9117740142186423,-0.16613356433091642,199,0.7278629594307094,0.08733624454148471,20,78,131,0.898267023871966,0.7369068254335774,199,0.7456404498877259,99215,7427,29668,3720410,0.9000221835857432,0.03168091826981578,0.9002283157324048,0.09998456052971873,0.03168817415284875,0.00012429593651132844,0.0316155992227973,0.9979382211569064,4133687,130959,117893,0.8099115391854403,0.8097478744036465,263,0.9000721819574569,0.09274193548387097,0.9024998206702552,122201,6885,6682,0.8748327290096732,0.7873688630355609,0.9421965646465902,0.84801542328595,119304,0.8948829115348265,0.8982670238719659,1.078721859114016,0.7365965838848579,-0.17274979162098603,0.0079166158242025,-0.17350961106088042,-0.0005405690942384966,,0.9949426197676153,0.8119016776345167
pooled,random__random_nodes__s3__r0.8,random,random_nodes,3,0.8,preregistered_descriptive,0.9117740142186423,-0.3140398516933338,199,0.5786045143739431,0.06310679611650485,13,55,138,0.8107907620545497,0.5914234829136581,199,0.5977341625253085,78696,7127,50187,3307023,0.8000177565451859,0.03168091826981578,0.8000442886704999,0.19998311151794476,0.03168196894911224,1.199820130140247e-05,0.0316767150861777,0.9998673275944122,4133687,130959,104773,0.6398965638579063,0.6396428834461256,531,0.9000721819574569,0.09274193548387097,0.9024998206702552,122201,6885,6682,0.8748327290096732,0.6998817172146213,0.9421965646465902,0.753785923044463,107306,0.804887562069638,0.8107907620545497,1.0351488743645607,0.5849151939855936,-0.3244311815202504,0.014385579681760463,-0.32546191743835773,-0.0029635139367365504,,0.9859397463709625,0.6439884382450627
pooled,random__random_nodes__s3__r0.7,random,random_nodes,3,0.7,preregistered_descriptive,0.9117740142186423,-0.4461460672759632,199,0.4475980432063588,0.03763440860215054,7,35,144,0.7194001185515246,0.4618645060824641,199,0.46562794694267917,60479,6236,68404,2893670,0.7000215546073033,0.03168091826981578,0.6997380859658366,0.2999691710253607,0.03166808931218833,-0.00011189068339394122,0.031710855576979995,1.0009449633659366,4133687,130959,91637,0.48885033674028855,0.48863757252395645,767,0.9000721819574569,0.09274193548387097,0.9024998206702552,122201,6885,6682,0.8748327290096732,0.6124017669827012,0.9421965646465902,0.6595723750443233,94945,0.7121693994809403,0.7194001185515246,0.9057371096586783,0.4513614840665739,-0.45798489143927007,0.01966838081034894,-0.4603036953981402,-0.005510752688171916,,0.9729747215926117,0.4949088726544
pooled,random__random_nodes__s3__r0.5,random,random_nodes,3,0.5,preregistered_descriptive,0.9117740142186423,-0.660982882813139,199,0.23681790774796502,0.018072289156626505,3,15,148,0.529437283713394,0.2489839024898407,199,0.25079113140550335,31421,3797,97462,2066891,0.500011490952266,0.03168091826981578,0.5005994242472835,0.5000077447181023,0.03171816994703639,0.0002126903013069338,0.03164366488032684,0.9988241063856903,4133687,130959,65558,0.25025163460200817,0.250120702776573,856,0.9000721819574569,0.09274193548387097,0.9024998206702552,122201,6885,6682,0.8748327290096732,0.4374264171659665,0.9421965646465902,0.4711188091781585,69555,0.52172249808728,0.5294372837133939,0.5514887436456064,0.23862513666362767,-0.6707212388422163,0.027651299462030696,-0.6811672176424453,-0.007466964632724393,,0.939745843306967,0.2571320087658686
pooled,random__random_nodes__s3__r0.3,random,random_nodes,3,0.3,preregistered_descriptive,0.9117740142186423,-0.8157362500125029,199,0.08845858895705522,0.013157894736842105,2,1,149,0.32801378899827704,0.09472197473245514,199,0.09603776420613935,11535,1517,117348,1240193,0.30002102239477735,0.03168091826981578,0.30013210241373256,0.6999826118587124,0.03169264783787685,4.384370417329569e-05,0.03167589080882836,0.9998413094928433,4133687,130959,39305,0.08989288140031587,0.08985196520486739,555,0.9000721819574569,0.09274193548387097,0.9024998206702552,122201,6885,6682,0.8748327290096732,0.26246820978189533,0.9421965646465902,0.282697043455033,42801,0.32104442010831247,0.32801378899827704,0.22033405954974583,0.08977437843073943,-0.8195719970751045,0.033663158311455735,-0.8414410042492559,-0.007958404074702802,,0.9073034203538155,0.09439375615668541
pooled,random__random_nodes__s3__r0.1,random,random_nodes,3,0.1,preregistered_descriptive,0.9117740142186423,-0.9011290326848285,199,0.009764035801464606,0.0,0,0,151,0.11274042174296027,0.010644981533813854,199,0.010644981533813854,1260,162,127623,413453,0.10002039341633752,0.03168091826981578,0.10043601432509411,0.8999932046344393,0.031812563943180966,0.00025056846334428937,0.031666287658249456,0.999538188525922,4133687,130959,13153,0.009598939452213975,0.00959075621312428,88,0.9000721819574569,0.09274193548387097,0.9024998206702552,122201,6885,6682,0.8748327290096732,0.0875011137290357,0.9421965646465902,0.09425399521340619,14665,0.11000015001725198,0.11274042174296027,0.023529411764705882,0.009764035801464606,-0.8995823397043794,0.039838462719641005,-0.9316933018560825,-0.00927419354838699,,0.8831230270648701,0.01031048063290936
pooled,random__random_tracklets__s3__r0.9,random,random_tracklets,3,0.9,preregistered_descriptive,0.9117740142186423,-0.06928640450597989,199,0.8233946474743828,0.08968609865470852,20,72,131,0.9102956722543796,0.8335189998471916,199,0.8424876097126625,111775,6866,17108,3724020,0.9008954959579668,0.03168091826981578,0.9077192098290304,0.09932775846872433,0.031920881198274985,0.004130727436746878,0.02949956916227082,0.9311462790009071,4133687,130959,118874,0.9078403613718382,0.9076930630682236,854,0.9000721819574569,0.09274193548387097,0.9024998206702552,122201,6885,6682,0.8748327290096732,0.7881328652814311,0.9421965646465902,0.8495928914565352,120156,0.9012736464693439,0.9102956722543794,0.9972403776325345,0.8323632573398537,-0.07698311816599024,0.008221050825594933,-0.0772018716486586,-0.00030558368291622173,,0.9907694003885542,0.9147321401811328
pooled,random__random_tracklets__s3__r0.8,random,random_tracklets,3,0.8,preregistered_descriptive,0.9117740142186423,-0.15449067922512916,199,0.7329666521665401,0.08121827411167512,16,46,135,0.8221467044484693,0.7491615075823457,199,0.7572833349935132,99413,6748,29470,3311504,0.8011017766947521,0.03168091826981578,0.8009147901251537,0.19889210558399173,0.031673523571162834,-8.473069142718417e-05,0.03171070187537325,1.0009401118144305,4133687,130959,104887,0.8007381281658906,0.8005253639495585,1588,0.9000721819574569,0.09274193548387097,0.9024998206702552,122201,6885,6682,0.8748327290096732,0.7008300535203679,0.9421965646465902,0.7558822062388875,107283,0.8047150422298565,0.8221467044484692,0.9801016702977488,0.7410884795777076,-0.16825789592813634,0.01569258868902612,-0.16903090177693592,-0.0011523661372193628,,0.9814391480937001,0.8136498118637955
pooled,random__random_tracklets__s3__r0.7,random,random_tracklets,3,0.7,preregistered_descriptive,0.9117740142186423,-0.24088342980457855,199,0.6469857880850498,0.03278688524590164,6,32,145,0.7296677486357896,0.6676118958894737,199,0.6708905844140638,87543,6426,41340,2897562,0.70096308694877,0.03168091826981578,0.7002267885368704,0.2990128232545404,0.03164764032659181,-0.00029089317014217495,0.03175892405703307,1.0024622325196806,4133687,130959,91701,0.6996260259736009,0.6994459947136276,2070,0.9000721819574569,0.09274193548387097,0.9024998206702552,122201,6885,6682,0.8748327290096732,0.6132254502904373,0.9421965646465902,0.6613653971607679,94807,0.7111342804422509,0.7296677486357896,0.9333333333333333,0.6502644766096399,-0.25908189889620403,0.022387441053629886,-0.2572753658344116,-0.0059955050237968655,,0.9750630353458707,0.7165294781695136
pooled,random__random_tracklets__s3__r0.5,random,random_tracklets,3,0.5,preregistered_descriptive,0.9117740142186423,-0.4103549628649883,199,0.47577131878197537,0.012345679012345678,2,11,149,0.5397449531543675,0.5001844834524195,199,0.501419051353654,63888,5400,64995,2070583,0.5009046403368228,0.03168091826981578,0.5005077925152147,0.49908237581969095,0.03165581867522335,-0.00014356360082862024,0.03170610885345576,1.0007951342642736,4133687,130959,65546,0.5003314211831327,0.5002577720313255,2756,0.9000721819574569,0.09274193548387097,0.9024998206702552,122201,6885,6682,0.8748327290096732,0.43820777347947154,0.9421965646465902,0.4726632648155262,69632,0.5223000645074184,0.5397449531543674,0.7843137254901961,0.4770058866832099,-0.43234048882263404,0.033317933371989183,-0.43563327058982504,-0.008039625647152437,,0.9518538190462801,0.5228796102436075
pooled,random__random_tracklets__s3__r0.3,random,random_tracklets,3,0.3,preregistered_descriptive,0.9117740142186423,-0.58510447310551,199,0.3050880685245506,0.0,0,4,151,0.34935247229993754,0.32666954111313246,199,0.32666954111313246,40462,3741,88421,1243856,0.3009071562505821,0.03168091826981578,0.311043914507594,0.6994244924961176,0.03274816377458484,0.003997652487098718,0.03122154894178933,0.9855001258450226,4133687,130959,40734,0.3117486763610772,0.31168321044835967,2374,0.9000721819574569,0.09274193548387097,0.9024998206702552,122201,6885,6682,0.8748327290096732,0.2632434286812369,0.9421965646465902,0.2844025652378947,44207,0.3315906329227861,0.34935247229993754,0.543355119825708,0.3050880685245506,-0.6042583069812933,0.04087501885747216,-0.616705298414595,-0.009274193548387044,,0.9242793701927169,0.33114994835637696
pooled,random__random_tracklets__s3__r0.1,random,random_tracklets,3,0.1,preregistered_descriptive,0.9117740142186423,-0.795214902815293,199,0.10692277586352439,0.0,0,0,151,0.11834182575466451,0.11655911140334937,199,0.11655911140334937,13933,1426,114950,417463,0.10099047170238094,0.03168091826981578,0.10497178506250048,0.8991397866654941,0.03292986444307639,0.002389976601093274,0.031540617573106465,0.995571444756922,4133687,130959,13747,0.10486820893446044,0.10486002569537074,1119,0.9000721819574569,0.09274193548387097,0.9024998206702552,122201,6885,6682,0.8748327290096732,0.0883497699633681,0.9421965646465902,0.09588305358707838,15305,0.11480070208073928,0.11834182575466451,0.20711692084241104,0.10692277586352439,-0.8024235996423196,0.043975044514616625,-0.8299157537815226,-0.009274193548387002,,0.891930303874653,0.11402233671074863
pooled,random__random_nodes__s4__r0.9,random,random_nodes,4,0.9,preregistered_descriptive,0.9117740142186423,-0.16963131091029215,199,0.7270865297792525,0.06086956521739131,14,79,137,0.8973920745601504,0.736055746786611,199,0.7421427033083502,99043,7336,29840,3720410,0.9000221835857432,0.03168091826981578,0.8991058270145618,0.09994783557613708,0.03164866237860881,-0.0005525552420519731,0.031971292861688407,1.0091655989703203,4133687,130959,117746,0.8081521427811557,0.8080457606729896,299,0.9000721819574569,0.09274193548387097,0.9024998206702552,122201,6885,6682,0.8748327290096732,0.7873688630355609,0.9421965646465902,0.84801542328595,119171,0.8938852968091331,0.8973920745601502,1.0655047204066812,0.7331734863009917,-0.1761728892048523,0.007916457058243287,-0.17436053094188764,-0.0031872370266478045,,0.9971924721804042,0.8104225886447091
pooled,random__random_nodes__s4__r0.8,random,random_nodes,4,0.8,preregistered_descriptive,0.9117740142186423,-0.3161312831233718,199,0.5784844135291303,0.04390243902439024,9,54,142,0.8104397088237812,0.5912524871928315,199,0.5956427310952706,78590,6972,50293,3307023,0.8000177565451859,0.03168091826981578,0.7992730549255874,0.1999578787267084,0.03165142788544259,-0.000336764576364733,0.03179889289965451,1.0037238387105443,4133687,130959,104672,0.6386445282771827,0.6384644970172093,569,0.9000721819574569,0.09274193548387097,0.9024998206702552,122201,6885,6682,0.8748327290096732,0.6998817172146213,0.9421965646465902,0.753785923044463,107180,0.803942453382139,0.8104397088237812,1.0126361655773422,0.5828746574315693,-0.32647171807427466,0.01439044204725548,-0.3256377755246792,-0.004883949645948071,,0.9869048861264027,0.6430685533880042
pooled,random__random_nodes__s4__r0.7,random,random_nodes,4,0.7,preregistered_descriptive,0.9117740142186423,-0.44710179538479206,199,0.4457469970525942,0.04736842105263158,9,39,142,0.7187295405931674,0.45993537672858714,199,0.4646722188338503,60191,6151,68692,2893670,0.7000215546073033,0.03168091826981578,0.6986003252926488,0.29993194641254667,0.03161659760788203,-0.0005609873404457836,0.03183101521995263,1.0047377714515255,4133687,130959,91488,0.4865508465560838,0.4863871817742899,754,0.9000721819574569,0.09274193548387097,0.9024998206702552,122201,6885,6682,0.8748327290096732,0.6124017669827012,0.9421965646465902,0.6595723750443233,94765,0.7108192442130845,0.7187295405931674,0.8933914306463326,0.45048383915785734,-0.4588625363479866,0.019645453620391856,-0.46220989756206,-0.004537351443123949,,0.9713202597567887,0.4925316881494962
pooled,random__random_nodes__s4__r0.5,random,random_nodes,4,0.5,preregistered_descriptive,0.9117740142186423,-0.6590589854522941,199,0.23689031975933228,0.036585365853658534,6,13,145,0.5297299398083315,0.24905649218098244,199,0.25271502876634827,31419,3748,97464,2066891,0.500011490952266,0.03168091826981578,0.5007826877114211,0.5000137406288911,0.0317297815898371,0.00027898755260451777,0.031632052703798534,0.9984575710337347,4133687,130959,65582,0.2501616189720215,0.25003887038567607,864,0.9000721819574569,0.09274193548387097,0.9024998206702552,122201,6885,6682,0.8748327290096732,0.4374264171659665,0.9421965646465902,0.4711188091781585,69575,0.521872515339264,0.5297299398083314,0.5443718228031954,0.24054885634469814,-0.6687975191611458,0.0276548319575214,-0.6810981604467943,-0.005615656963021215,,0.9374875996929533,0.25711198497707477
pooled,random__random_nodes__s4__r0.3,random,random_nodes,4,0.3,preregistered_descriptive,0.9117740142186423,-0.8154441480047486,199,0.0887380130418105,0.013071895424836602,2,2,149,0.3274296558380185,0.0950226766714101,199,0.09632986621389375,11567,1467,117316,1240193,0.30002102239477735,0.03168091826981578,0.30090333615864506,0.7000078446499487,0.03177408677520354,0.00034825258417220764,0.03164098491304976,0.9987395139109945,4133687,130959,39406,0.09016292829027586,0.09011382885573768,555,0.9000721819574569,0.09274193548387097,0.9024998206702552,122201,6885,6682,0.8748327290096732,0.26246820978189533,0.9421965646465902,0.282697043455033,42848,0.3213969606504748,0.3274296558380185,0.2130718954248366,0.09004520258429416,-0.8193011729215498,0.03367093247111074,-0.8411480764699559,-0.007967004005903347,,0.9069640947837516,0.09465710731620393
pooled,random__random_nodes__s4__r0.1,random,random_nodes,4,0.1,preregistered_descriptive,0.9117740142186423,-0.9004683323452004,199,0.010369761836486371,0.0,0,0,151,0.11294527654184927,0.011305681873441907,199,0.011305681873441907,1338,146,127545,413453,0.10002039341633752,0.03168091826981578,0.10004657946380165,0.899980463324013,0.03168921255862214,1.5786976872208936e-05,0.03167999647334012,0.999970903732404,4133687,130959,13102,0.010073567319416372,0.010065384080326674,108,0.9000721819574569,0.09274193548387097,0.9024998206702552,122201,6885,6682,0.8748327290096732,0.0875011137290357,0.9421965646465902,0.09425399521340619,14668,0.11002265260504958,0.11294527654184928,0.02120551924473493,0.010369761836486371,-0.8989766136693575,0.03986365317444348,-0.9310577919712569,-0.00927419354838699,,0.8830135306222878,0.010949061841508474
pooled,random__random_tracklets__s4__r0.9,random,random_tracklets,4,0.9,preregistered_descriptive,0.9117740142186423,-0.06718407594460729,199,0.8251044114289081,0.09417040358744394,21,72,130,0.913935614691382,0.8351728979152907,199,0.8445899382740351,112017,6878,16866,3724559,0.901025888026839,0.03168091826981578,0.9093304011179071,0.09924581435461016,0.031972912766316766,0.005030073928020017,0.02902270194169062,0.9160940883882839,4133687,130959,119085,0.9097470560797375,0.909706139884289,850,0.9000721819574569,0.09274193548387097,0.9024998206702552,122201,6885,6682,0.8748327290096732,0.7882469365308837,0.9421965646465902,0.8498956805298407,120373,0.9029013336533701,0.913935614691382,0.9989832970225128,0.8345214517876525,-0.0748249237181915,0.008204992738568062,-0.07553191549353261,0.00014284681035725555,,0.9903954629800845,0.9166565703604334
pooled,random__random_tracklets__s4__r0.8,random,random_tracklets,4,0.8,preregistered_descriptive,0.9117740142186423,-0.15177737252554913,199,0.7373023708135029,0.06467661691542288,13,50,138,0.8238711218443135,0.7535289800015509,199,0.7599966416930932,100077,6851,28806,3311233,0.8010362177881393,0.03168091826981578,0.8059774433219558,0.19912544644552416,0.03187634334400509,0.0022387789875917053,0.030894129033356272,0.9751652010286226,4133687,130959,105550,0.8061063330087315,0.8059263017487582,1592,0.9000721819574569,0.09274193548387097,0.9024998206702552,122201,6885,6682,0.8748327290096732,0.7007727004431848,0.9421965646465902,0.755793005426862,107987,0.8099956494996925,0.8238711218443134,0.9950617283950617,0.7437700325050453,-0.1655763430007987,0.015742517424764735,-0.164713358093469,-0.002806531856844874,,0.9839809347554523,0.8190135284453928
pooled,random__random_tracklets__s4__r0.7,random,random_tracklets,4,0.7,preregistered_descriptive,0.9117740142186423,-0.23544609320766618,199,0.6522115000960558,0.033707865168539325,6,27,145,0.7291470520744925,0.6729571344941222,199,0.6763279210109762,88269,6455,40614,2897404,0.7009248644128111,0.03168091826981578,0.7047167434082423,0.29919919614822693,0.03185230640946171,0.001498022091743288,0.03127924593317226,0.9873213164712394,4133687,130959,92289,0.7044950532319703,0.7042822890156382,2205,0.9000721819574569,0.09274193548387097,0.9024998206702552,122201,6885,6682,0.8748327290096732,0.6131920119649947,0.9421965646465902,0.6612513101850085,95546,0.7166774179030588,0.7291470520744923,0.9375453885257807,0.6555822866129097,-0.2537640888929342,0.022482875725842233,-0.2520255619019753,-0.005903407031533137,,0.9751635725471677,0.7224140815798877
pooled,random__random_tracklets__s4__r0.5,random,random_tracklets,4,0.5,preregistered_descriptive,0.9117740142186423,-0.415371933770622,199,0.4709953291566409,0.012578616352201259,2,8,149,0.5269481663751203,0.49514421881280024,199,0.49640208044802037,63225,5354,65658,2070637,0.5009177037351885,0.03168091826981578,0.49391030780626,0.49885303223201777,0.031237730225046688,-0.0025349944868297966,0.03212573616732508,1.014040562010259,4133687,130959,64682,0.49322836965327616,0.4930892545887513,2969,0.9000721819574569,0.09274193548387097,0.9024998206702552,122201,6885,6682,0.8748327290096732,0.4382192017679139,0.9421965646465902,0.4727831073063903,68900,0.5168094330848048,0.5269481663751203,0.7776325344952796,0.472253190791861,-0.43709318471398295,0.033197942788184664,-0.44055354464563967,-0.008016331913166974,,0.9515156755615393,0.5174400086448618
pooled,random__random_tracklets__s4__r0.3,random,random_tracklets,4,0.3,preregistered_descriptive,0.9117740142186423,-0.5901259400877034,199,0.30041831543244774,0.0,0,2,151,0.3287222978342532,0.321648074130939,199,0.321648074130939,39858,3792,89025,1243830,0.3009008664661838,0.03168091826981578,0.3053856550523446,0.6992458643205334,0.03215310773980367,0.0017686850687216032,0.03147768211368244,0.9935849032404158,4133687,130959,39993,0.30499750411207766,0.30493203819936004,2595,0.9000721819574569,0.09274193548387097,0.9024998206702552,122201,6885,6682,0.8748327290096732,0.2632379261719868,0.9421965646465902,0.2842367189393772,43694,0.3277426904093971,0.3287222978342533,0.5507625272331155,0.30041831543244774,-0.6089280600733962,0.04076612438094948,-0.6216178709202658,-0.009274193548387044,,0.9246217928059653,0.32618040689654715
pooled,random__random_tracklets__s4__r0.1,random,random_tracklets,4,0.1,preregistered_descriptive,0.9117740142186423,-0.7967968353498099,199,0.10547573889072326,0.0,0,0,151,0.11597646911937962,0.11497717886883245,199,0.11497717886883245,13736,1346,115147,417763,0.10106304613774579,0.03168091826981578,0.10365076092517506,0.8990216172570307,0.03249210676867027,0.0015529062362248864,0.03158972034950123,0.9971213612074671,4133687,130959,13574,0.10382075433097929,0.10381257109188959,1050,0.9000721819574569,0.09274193548387097,0.9024998206702552,122201,6885,6682,0.8748327290096732,0.08841326045471466,0.9421965646465902,0.09614905060167121,15086,0.11315801317151472,0.11597646911937962,0.1954974582425563,0.10547573889072326,-0.8038706366151207,0.04389603764293526,-0.8314186794443582,-0.009274193548386989,,0.8914072027907892,0.11240886864720936
pooled,random__random_nodes__s5__r0.9,random,random_nodes,5,0.9,preregistered_descriptive,0.9117740142186423,-0.16652627103519657,199,0.7281590461926997,0.08035714285714286,18,73,133,0.8981568963738662,0.7372120288977315,199,0.7452477431834458,99184,7329,29699,3720410,0.9000221835857432,0.03168091826981578,0.8995868936079231,0.09996357484195778,0.03166559599614021,-0.00026247616552484387,0.03181885273073508,1.0043538656217144,4133687,130959,117809,0.8091750476673677,0.8090686655592016,315,0.9000721819574569,0.09274193548387097,0.9024998206702552,122201,6885,6682,0.8748327290096732,0.7873688630355609,0.9421965646465902,0.84801542328595,119224,0.8942828425268906,0.8981568963738662,1.064488017429194,0.7361947604784139,-0.17315161502743004,0.007917765929417231,-0.17320555770194107,-0.0012384792626727315,,0.9949956898276341,0.8116539835666666
pooled,random__random_nodes__s5__r0.8,random,random_nodes,5,0.8,preregistered_descriptive,0.9117740142186423,-0.3147962865279299,199,0.576086157465265,0.08121827411167512,16,46,135,0.8090195284323448,0.5888559002795449,199,0.5969777276907124,78365,7147,50518,3307023,0.8000177565451859,0.03168091826981578,0.7986545407341229,0.19993764252779606,0.03162693455715306,-0.0006164654178593565,0.03189687708670028,1.0068166842591257,4133687,130959,104591,0.6372942938273828,0.6370815296110507,513,0.9000721819574569,0.09274193548387097,0.9024998206702552,122201,6885,6682,0.8748327290096732,0.6998817172146213,0.9421965646465902,0.753785923044463,107087,0.8032448731604135,0.8090195284323447,1.0380537400145242,0.5842079848764326,-0.3251383906294114,0.014360268441343471,-0.3280041888320539,-0.0011523661372194738,,0.98411231657662,0.6412869382867747
pooled,random__random_nodes__s5__r0.7,random,random_nodes,5,0.7,preregistered_descriptive,0.9117740142186423,-0.44411319517923153,199,0.4461980126227313,0.07222222222222222,13,29,138,0.7195829721968592,0.4604385968171886,199,0.4676608190394108,60305,6270,68578,2893670,0.7000215546073033,0.03168091826981578,0.6983636099848044,0.2999242016944444,0.031605884568731056,-0.0006544235576847576,0.03185601487721539,1.0055268791740306,4133687,130959,91457,0.4875655682032062,0.48736917046505346,748,0.9000721819574569,0.09274193548387097,0.9024998206702552,122201,6885,6682,0.8748327290096732,0.6124017669827012,0.9421965646465902,0.6595723750443233,94780,0.7109317571520725,0.7195829721968591,0.9106753812636166,0.45342023484495353,-0.45592614066089043,0.019643937599189226,-0.46170516145225593,-0.002051971326164803,,0.9695123767632753,0.4935050953451063
pooled,random__random_nodes__s5__r0.5,random,random_nodes,5,0.5,preregistered_descriptive,0.9117740142186423,-0.661554272784316,199,0.23626812577251213,0.018072289156626505,3,15,148,0.5288502316272785,0.24841251251866378,199,0.2502197414343264,31349,3801,97534,2066891,0.500011490952266,0.03168091826981578,0.4994082117303889,0.4999687712979748,0.03164269426883179,-0.0002182418321273619,0.03171914402776084,1.0012065861734025,4133687,130959,65402,0.249286012389424,0.24918781352034763,898,0.9000721819574569,0.09274193548387097,0.9024998206702552,122201,6885,6682,0.8748327290096732,0.4374264171659665,0.9421965646465902,0.4711188091781585,69448,0.5209199057891658,0.5288502316272785,0.5520697167755991,0.23807535468817478,-0.6712710208176692,0.027634612165201064,-0.6817219203167928,-0.00746696463272431,,0.9397741745051371,0.25654965396483664
pooled,random__random_nodes__s5__r0.3,random,random_nodes,5,0.3,preregistered_descriptive,0.9117740142186423,-0.8169365271976458,199,0.08856065898465389,0.0,0,5,151,0.3252101109640782,0.09483748702099656,199,0.09483748702099656,11536,1378,117347,1240193,0.30002102239477735,0.03168091826981578,0.3004604494536458,0.699993354532209,0.0317273198606991,0.00017344352437085225,0.031661029882902814,0.9993722282055215,4133687,130959,39348,0.0895901015539971,0.08957373507581771,590,0.9000721819574569,0.09274193548387097,0.9024998206702552,122201,6885,6682,0.8748327290096732,0.26246820978189533,0.9421965646465902,0.282697043455033,42807,0.32108942528390766,0.3252101109640781,0.2001452432824982,0.08856065898465389,-0.82078571652119,0.03365938668948984,-0.8413217203387486,-0.009274193548386989,,0.9076461118977912,0.09440812637167695
pooled,random__random_nodes__s5__r0.1,random,random_nodes,5,0.1,preregistered_descriptive,0.9117740142186423,-0.9007802136996786,199,0.010083551642355568,0.0,0,0,151,0.11002101355402,0.0109938005189637,199,0.0109938005189637,1301,139,127582,413453,0.10002039341633752,0.03168091826981578,0.09903099443337228,0.8999472359850582,0.031367531496929515,-0.0005964863113785107,0.0317157469126942,1.001099357114014,4133687,130959,12969,0.00981988690763578,0.00981988690763578,101,0.9000721819574569,0.09274193548387097,0.9024998206702552,122201,6885,6682,0.8748327290096732,0.0875011137290357,0.9421965646465902,0.09425399521340619,14492,0.10870250078759057,0.11002101355402003,0.02018881626724764,0.010083551642355568,-0.8992628238634884,0.03985038014052238,-0.931356400291814,-0.009274193548386989,,0.882965625928658,0.010646440680677072
pooled,random__random_tracklets__s5__r0.9,random,random_tracklets,5,0.9,preregistered_descriptive,0.9117740142186423,-0.07648053250248432,199,0.8174499709068948,0.0782608695652174,18,79,133,0.897374327011023,0.8274673947596363,199,0.835293481716158,110986,6888,17897,3724882,0.9011040265022485,0.03168091826981578,0.9003199474644736,0.09887032044145892,0.03165335170349021,-0.00047508652064573697,0.03193209476400729,1.007928321144366,4133687,130959,117905,0.9003035981702278,0.9002872316920484,970,0.9000721819574569,0.09274193548387097,0.9024998206702552,122201,6885,6682,0.8748327290096732,0.7883152946265669,0.9421965646465902,0.8500208155225976,119330,0.8950779339624056,0.897374327011023,1.0004357298474946,0.8252760578634165,-0.08407031764242745,0.008161314988543389,-0.08319374089916248,-0.001448106591865228,,0.9922202622616578,0.9082712517834011
pooled,random__random_tracklets__s5__r0.8,random,random_tracklets,5,0.8,preregistered_descriptive,0.9117740142186423,-0.1551550460888469,199,0.7344781547131677,0.06030150753768844,12,48,139,0.8080853515797833,0.7505888173760266,199,0.7566189681297955,99571,6684,29312,3311028,0.8009866252573066,0.03168091826981578,0.8007773425270505,0.19900652754821213,0.03167264064212082,-9.48133002151709e-05,0.03171423396571362,1.001051601333462,4133687,130959,104869,0.8005335471886482,0.8004926309931998,1750,0.9000721819574569,0.09274193548387097,0.9024998206702552,122201,6885,6682,0.8748327290096732,0.700729315274098,0.9421965646465902,0.7555055959839722,107417,0.8057201578181491,0.8080853515797836,0.970806100217865,0.7405083054669366,-0.16883807003890738,0.015743382969975794,-0.1676543862642046,-0.003244042794618096,,0.9832234139037068,0.8147960248223352
pooled,random__random_tracklets__s5__r0.7,random,random_tracklets,5,0.7,preregistered_descriptive,0.9117740142186423,-0.2398167197174167,199,0.6469970724783393,0.044444444444444446,8,29,143,0.7249587144563062,0.6675128500567812,199,0.6719572945012257,87518,6385,41365,2897182,0.7008711593306411,0.03168091826981578,0.698165074565322,0.2990403045123226,0.03155859728522405,-0.0010690125241202726,0.03196752136060914,1.0090465525131707,4133687,130959,91431,0.6976374988748046,0.6975638497229973,2275,0.9000721819574569,0.09274193548387097,0.9024998206702552,122201,6885,6682,0.8748327290096732,0.6131450290013982,0.9421965646465902,0.6610401326588508,94775,0.7108942528390765,0.7249587144563062,0.9273783587509078,0.6514415169227837,-0.2579048585830602,0.022449288616297747,-0.2574362592297718,-0.004829749103942627,,0.9734752864719445,0.7161755602150641
pooled,random__random_tracklets__s5__r0.5,random,random_tracklets,5,0.5,preregistered_descriptive,0.9117740142186423,-0.4163669347165858,199,0.47011456579711874,0.012048192771084338,2,15,149,0.5275885634068789,0.4942022602249481,199,0.49540707950205654,63111,5363,65772,2070896,0.5009803596643868,0.03168091826981578,0.49481898914927575,0.49881805608574953,0.03129128647696456,-0.0022289369917921522,0.03207208098154394,1.0123469499336084,4133687,130959,64801,0.4940466935622458,0.4939484946931694,2750,0.9000721819574569,0.09274193548387097,0.9024998206702552,122201,6885,6682,0.8748327290096732,0.43827401522544307,0.9421965646465902,0.4729055098012086,68823,0.5162318666646665,0.5275885634068789,0.7789397240377632,0.47131938507422716,-0.4380269904316168,0.033165001577149855,-0.44146256202245704,-0.008069374271278573,,0.9516529806611783,0.5165000711700563
pooled,random__random_tracklets__s5__r0.3,random,random_tracklets,5,0.3,preregistered_descriptive,0.9117740142186423,-0.6025683016147935,199,0.28880730348513745,0.0,0,4,151,0.32372222272778134,0.3092057126038489,199,0.3092057126038489,38310,3766,90573,1243861,0.30090836582450486,0.03168091826981578,0.29433639536038,0.6988766161477872,0.03098899314312451,-0.0025917974296102743,0.031978741972700085,1.009400728234827,4133687,130959,38546,0.29355733586468197,0.2934673202346953,2448,0.9000721819574569,0.09274193548387097,0.9024998206702552,122201,6885,6682,0.8748327290096732,0.26324448685609264,0.9421965646465902,0.2842341903216363,42105,0.31582381973927004,0.32372222272778134,0.5469862018881627,0.28880730348513745,-0.6205390720207065,0.04038291195992649,-0.633677020026333,-0.009274193548387044,,0.9244389150388957,0.3135007019565993
pooled,random__random_tracklets__s5__r0.1,random,random_tracklets,5,0.1,preregistered_descriptive,0.9117740142186423,-0.8000258595300305,199,0.10251845485658159,0.0,0,0,151,0.10839137397288129,0.11174815468861193,199,0.11174815468861193,13360,1435,115523,417162,0.10091765535223156,0.03168091826981578,0.10077963332035217,0.8990778289206761,0.03163758923391872,-8.288095399445687e-05,0.03168578174504409,1.000153514339038,4133687,130959,13198,0.10019557941424374,0.10018739617515406,1117,0.9000721819574569,0.09274193548387097,0.9024998206702552,122201,6885,6682,0.8748327290096732,0.08828606783705038,0.9421965646465902,0.09585876744744767,14777,0.11084024662836227,0.10839137397288129,0.2084241103848947,0.10251845485658159,-0.8068279206492623,0.04382948747032566,-0.834581153451969,-0.00927419354838703,,0.8919860205423606,0.10932291362686776
pooled,random__random_nodes__s6__r0.9,random,random_nodes,6,0.9,preregistered_descriptive,0.9117740142186423,-0.16757472766436043,199,0.7284268804887362,0.06756756756756757,15,71,136,0.8970703177782546,0.7374425297975251,199,0.7441992865542819,99203,7305,29680,3720410,0.9000221835857432,0.03168091826981578,0.8998312448934399,0.09997156938967625,0.031674197198695846,-0.00011513441236820681,0.031741422822949256,1.0019098105875017,4133687,130959,117841,0.8095596599045835,0.8094287280791483,290,0.9000721819574569,0.09274193548387097,0.9024998206702552,122201,6885,6682,0.8748327290096732,0.7873688630355609,0.9421965646465902,0.84801542328595,119211,0.894185331313101,0.8970703177782545,1.0610021786492374,0.735183637245493,-0.174162738260351,0.007921328669098393,-0.17297861954182864,-0.00251743679163019,,0.9962282312179074,0.8117647050680549
pooled,random__random_nodes__s6__r0.8,random,random_nodes,6,0.8,preregistered_descriptive,0.9117740142186423,-0.31782613208857013,199,0.577216361552702,0.039603960396039604,8,51,143,0.8096992079521539,0.5899874860904682,199,0.5939478821300722,78573,7241,50310,3307023,0.8000177565451859,0.03168091826981578,0.7999908368267932,0.19998136271063136,0.031679852241729194,-1.217347635862672e-05,0.03168518285542857,1.000134610543055,4133687,130959,104766,0.6386690779944517,0.6384972299735682,548,0.9000721819574569,0.09274193548387097,0.9024998206702552,122201,6885,6682,0.8748327290096732,0.6998817172146213,0.9421965646465902,0.753785923044463,107310,0.8049175655200348,0.8096992079521539,1.0517066085693536,0.5811767575923059,-0.32816961791353805,0.014374223653803808,-0.3268865582335909,-0.005313797508783025,,0.9893274538729098,0.6429632754370584
pooled,random__random_nodes__s6__r0.7,random,random_nodes,6,0.7,preregistered_descriptive,0.9117740142186423,-0.4474902445607846,199,0.44739040128909224,0.02631578947368421,5,39,146,0.7188105080775683,0.4616521907104893,199,0.4642837696578577,60527,6406,68356,2893670,0.7000215546073033,0.03168091826981578,0.6996235463007506,0.29996542358111766,0.03166290558356689,-0.00015710175625150924,0.03172295218533294,1.0013267896832778,4133687,130959,91622,0.4892103992602352,0.48898126856572366,773,0.9000721819574569,0.09274193548387097,0.9024998206702552,122201,6885,6682,0.8748327290096732,0.6124017669827012,0.9421965646465902,0.6595723750443233,94991,0.7125144391605035,0.7188105080775683,0.9304284676833696,0.4500219802364607,-0.4593243952693833,0.019664945329624484,-0.46051257528939044,-0.00664261460101867,,0.9754132375289248,0.4953037505271395
pooled,random__random_nodes__s6__r0.5,random,random_nodes,6,0.5,preregistered_descriptive,0.9117740142186423,-0.6622612694183264,199,0.2367741303873062,0.0058823529411764705,1,19,150,0.5297011717726361,0.24892450950619827,199,0.2495127448003159,31441,3906,97442,2066891,0.500011490952266,0.03168091826981578,0.5004619766491802,0.5000032477850106,0.03170946121493586,0.00016296736283374582,0.03165237401272308,0.9990990078996573,4133687,130959,65540,0.2499897709511379,0.24981792293025426,913,0.9000721819574569,0.09274193548387097,0.9024998206702552,122201,6885,6682,0.8748327290096732,0.4374264171659665,0.9421965646465902,0.4711188091781585,69648,0.5224200783090055,0.529701171772636,0.5673202614379085,0.23736236568142383,-0.6719840098244201,0.027656925308292835,-0.6812322364723499,-0.008685958254269405,,0.9417777883806849,0.25728186222703625
pooled,random__random_nodes__s6__r0.3,random,random_nodes,6,0.3,preregistered_descriptive,0.9117740142186423,-0.8167827377921598,199,0.08809450751764344,0.006535947712418301,1,2,150,0.327233225416307,0.0943376816552407,199,0.09499127642648253,11484,1477,117399,1240193,0.30002102239477735,0.03168091826981578,0.300177918279767,0.6999841108364095,0.03169748579454972,6.192740001481521e-05,0.03167381719125735,0.9997758562899611,4133687,130959,39311,0.0891154736867947,0.08907455749134623,599,0.9000721819574569,0.09274193548387097,0.9024998206702552,122201,6885,6682,0.8748327290096732,0.26246820978189533,0.9421965646465902,0.282697043455033,42862,0.3215019727268636,0.32723322541630706,0.21452432824981846,0.08874810228888527,-0.8205982732169587,0.03364427311039385,-0.8418064121254085,-0.008620598777145175,,0.9076848041471609,0.09398195701603172
pooled,random__random_nodes__s6__r0.1,random,random_nodes,6,0.1,preregistered_descriptive,0.9117740142186423,-0.9008827841754194,199,0.009989615140195607,0.0,0,0,151,0.1129628493387979,0.010891230043222856,199,0.010891230043222856,1289,151,127594,413453,0.10002039341633752,0.03168091826981578,0.10057346192319734,0.8999977015675309,0.03185609972596643,0.000333432517393259,0.031661449252923336,0.9993854655118695,4133687,130959,13171,0.009778970712187298,0.009778970712187298,94,0.9000721819574569,0.09274193548387097,0.9024998206702552,122201,6885,6682,0.8748327290096732,0.0875011137290357,0.9421965646465902,0.09425399521340619,14722,0.11042769918540632,0.11296284933879792,0.021931735657225854,0.009989615140195607,-0.8993567603656484,0.03984696191003096,-0.9314555525370635,-0.00927419354838699,,0.8830477482605947,0.010548091978359262
pooled,random__random_tracklets__s6__r0.9,random,random_tracklets,6,0.9,preregistered_descriptive,0.9117740142186423,-0.07495355225906963,199,0.8206090270457544,0.061946902654867256,14,75,137,0.9048386423534918,0.830625771694086,199,0.8368204619595727,111323,6776,17560,3724427,0.9009939552752785,0.03168091826981578,0.9036263257966234,0.09909216914064609,0.031773478175300525,0.0015942075445041898,0.030838586717490103,0.9734120221784033,4133687,130959,118338,0.9037160088706312,0.9036587261970033,895,0.9000721819574569,0.09274193548387097,0.9024998206702552,122201,6885,6682,0.8748327290096732,0.7882190007146913,0.9421965646465902,0.8497659363179005,119633,0.8973506953299629,0.9048386423534918,0.9841684822076979,0.8268037173112411,-0.08254265819460282,0.008199393382985587,-0.08007344235915481,-0.0030795032829004088,,0.9931673130535553,0.9109642236808897
pooled,random__random_tracklets__s6__r0.8,random,random_tracklets,6,0.8,preregistered_descriptive,0.9117740142186423,-0.15127125289695376,199,0.7408894926466245,0.0330188679245283,7,61,144,0.8156385385431661,0.7572008745292358,199,0.7605027613216886,100352,6565,28531,3310966,0.8009716265406646,0.03168091826981578,0.8079322536060904,0.19925610733479768,0.03195623271274909,0.0031533482672058,0.030572940279876167,0.9650269610084109,4133687,130959,105806,0.808086676868438,0.8080048444775411,1613,0.9000721819574569,0.09274193548387097,0.9024998206702552,122201,6885,6682,0.8748327290096732,0.7007161939058864,0.9421965646465902,0.7555064972785877,108137,0.8111207788895723,0.8156385385431661,0.953522149600581,0.7441913794390773,-0.16515499606676665,0.015797075600239796,-0.16109602174125937,-0.005972306755934187,,0.9853195172436253,0.8212522735962688
pooled,random__random_tracklets__s6__r0.7,random,random_tracklets,6,0.7,preregistered_descriptive,0.9117740142186423,-0.23126935232577295,199,0.6559782930147277,0.037037037037037035,7,38,144,0.7208240454435462,0.6768009581891657,199,0.6805046618928694,88725,6373,40158,2897921,0.7010499343564233,0.03168091826981578,0.7079238540306508,0.29917496267545535,0.03199155532535221,0.0027159407123002652,0.030952461873849903,0.9770064620677387,4133687,130959,92709,0.7075637678906065,0.7074737522606198,2271,0.9000721819574569,0.09274193548387097,0.9024998206702552,122201,6885,6682,0.8748327290096732,0.613301427245082,0.9421965646465902,0.6613010021658439,95969,0.71985028278252,0.7208240454435462,0.9256354393609295,0.6596819967184313,-0.24966437878741266,0.022542730508379905,-0.24824159298946952,-0.005570489844683335,,0.9742177617811278,0.7261018304678123
pooled,random__random_tracklets__s6__r0.5,random,random_tracklets,6,0.5,preregistered_descriptive,0.9117740142186423,-0.39692255902529494,199,0.48913974251100173,0.005988023952095809,1,16,150,0.5421787359749708,0.5142526527981378,199,0.5148514551933474,65690,5414,63193,2070830,0.5009643932886065,0.03168091826981578,0.5146190792538122,0.49948235303523,0.032544438703321854,0.004939717988785179,0.030814060305682848,0.9726378523264321,4133687,130959,67394,0.5146766393073706,0.5145375242428458,2813,0.9000721819574569,0.09274193548387097,0.9024998206702552,122201,6885,6682,0.8748327290096732,0.43826004731734686,0.9421965646465902,0.47278801158956857,71481,0.5361691594533371,0.5421787359749709,0.7863471314451707,0.4897385449062113,-0.41960783059963264,0.03361857718527145,-0.4218657450573889,-0.008675391153177503,,0.9526326478956022,0.5376505637615604
pooled,random__random_tracklets__s6__r0.3,random,random_tracklets,6,0.3,preregistered_descriptive,0.9117740142186423,-0.579293051201176,199,0.3105224651727597,0.0,0,3,151,0.3377325632675552,0.3324809630174663,199,0.3324809630174663,41170,3700,87713,1244172,0.30098360132249974,0.03168091826981578,0.31745049977473866,0.6995551533853912,0.03341419032095241,0.0064936121192979155,0.030934603211957717,0.9764427580191347,4133687,130959,41573,0.31775517385291446,0.3176569749838381,2352,0.9000721819574569,0.09274193548387097,0.9024998206702552,122201,6885,6682,0.8748327290096732,0.2633103053321219,0.9421965646465902,0.28445220177571,44988,0.33744880661276044,0.3377325632675551,0.5374001452432825,0.3105224651727597,-0.5988239103330842,0.04106923437363602,-0.611088092026425,-0.009274193548386989,,0.9239983436189542,0.33693859917278207
pooled,random__random_tracklets__s6__r0.1,random,random_tracklets,6,0.1,preregistered_descriptive,0.9117740142186423,-0.796228550818661,199,0.10599711426290907,0.0,0,0,151,0.1134099121341033,0.11554546339998137,199,0.11554546339998137,13811,1413,115072,417674,0.1010415157219209,0.03168091826981578,0.10420818729526035,0.8990620896548553,0.03267380780225726,0.0019005220599094602,0.03156931905243604,0.996477399536551,4133687,130959,13647,0.1040253353082217,0.10395986939550413,1107,0.9000721819574569,0.09274193548387097,0.9024998206702552,122201,6885,6682,0.8748327290096732,0.08839442494228185,0.9421965646465902,0.09611610246758853,15226,0.11420813393540258,0.1134099121341033,0.20522875816993463,0.10599711426290907,-0.8033492612429349,0.04394147849789892,-0.8308958357681728,-0.009274193548387002,,0.8918536896981872,0.11302104058040094
pooled,random__random_nodes__s7__r0.9,random,random_nodes,7,0.9,preregistered_descriptive,0.9117740142186423,-0.16610511943983497,199,0.7285787734116783,0.08035714285714286,18,73,133,0.8964709057783821,0.7376331804930931,199,0.7456688947788074,99196,7267,29687,3720410,0.9000221835857432,0.03168091826981578,0.8999228766255087,0.09997456734507067,0.0316774226496542,-5.9881254934467916e-05,0.03171238660752958,1.0009932899496723,4133687,130959,117853,0.8097724241209155,0.8096496755345701,256,0.9000721819574569,0.09274193548387097,0.9024998206702552,122201,6885,6682,0.8748327290096732,0.7873688630355609,0.9421965646465902,0.84801542328595,119176,0.8939228011221291,0.896470905778382,1.0554829339143064,0.7366144876973926,-0.1727318878084514,0.00792001191280195,-0.17278665208996408,-0.0012384792626728425,,0.9945427948347605,0.811748008184338
pooled,random__random_nodes__s7__r0.8,random,random_nodes,7,0.8,preregistered_descriptive,0.9117740142186423,-0.31510181565432205,199,0.5779742942695497,0.058823529411764705,12,53,139,0.8098475959969982,0.5907898456231438,199,0.5966721985643203,78560,7040,50323,3307023,0.8000177565451859,0.03168091826981578,0.7995861300101559,0.19996812174097264,0.03166382574297185,-0.00019518760721313344,0.03174929596547086,1.002158324297065,4133687,130959,104713,0.6386199785599136,0.6384317640608506,543,0.9000721819574569,0.09274193548387097,0.9024998206702552,122201,6885,6682,0.8748327290096732,0.6998817172146213,0.9421965646465902,0.753785923044463,107173,0.8038899473439446,0.8098475959969983,1.0225127087872186,0.5838566472107262,-0.3254897282951178,0.014378130586619797,-0.3260881056337313,-0.003391840607210539,,0.985775178745558,0.6428869925228685
pooled,random__random_nodes__s7__r0.7,random,random_nodes,7,0.7,preregistered_descriptive,0.9117740142186423,-0.445779532160322,199,0.4485076394646453,0.031914893617021274,6,37,145,0.7212491493510147,0.46280299269661823,199,0.46599448205832034,60588,6205,68295,2893670,0.7000215546073033,0.03168091826981578,0.70044823188937,0.29999240517966747,0.03170022842964125,0.00016841796832298058,0.031635856605191706,0.9985776401984215,4133687,130959,91730,0.4897832259965139,0.4896277444538097,755,0.9000721819574569,0.09274193548387097,0.9024998206702552,122201,6885,6682,0.8748327290096732,0.6124017669827012,0.9421965646465902,0.6595723750443233,95042,0.7128969831530626,0.7212491493510148,0.9012345679012346,0.4516991288263474,-0.4576472466794966,0.01968168169617615,-0.4593785096698132,-0.00608270418668494,,0.9733642260319479,0.49580072747089454
pooled,random__random_nodes__s7__r0.5,random,random_nodes,7,0.5,preregistered_descriptive,0.9117740142186423,-0.662427191023315,199,0.2371699166025728,0.0,0,10,151,0.529570843410577,0.24934682319532736,199,0.24934682319532736,31453,3735,97430,2066891,0.500011490952266,0.03168091826981578,0.49955329530616455,0.49997351806068263,0.03165188681938235,-0.00016575650818344127,0.03170995105467593,1.0009164123531042,4133687,130959,65421,0.25006342010294513,0.2499897709511379,904,0.9000721819574569,0.09274193548387097,0.9024998206702552,122201,6885,6682,0.8748327290096732,0.4374264171659665,0.9421965646465902,0.4711188091781585,69474,0.5211149282167449,0.529570843410577,0.5424836601307189,0.2371699166025728,-0.6721764589032712,0.02766344099880777,-0.6808164384737357,-0.009274193548386989,,0.9411722088655458,0.2573864759256863
pooled,random__random_nodes__s7__r0.3,random,random_nodes,7,0.3,preregistered_descriptive,0.9117740142186423,-0.8172152030282573,199,0.08830841953405567,0.0,0,0,151,0.3250120918612294,0.09455881119038496,199,0.09455881119038496,11508,1433,117375,1240193,0.30002102239477735,0.03168091826981578,0.29909360945028596,0.6999486350309089,0.031582987486625066,-0.0003660534015678135,0.03172289280710449,1.0013249154248378,4133687,130959,39169,0.08956555183672801,0.08954100211945892,566,0.9000721819574569,0.09274193548387097,0.9024998206702552,122201,6885,6682,0.8748327290096732,0.26246820978189533,0.9421965646465902,0.282697043455033,42649,0.3199042889932342,0.32501209186122954,0.20813362381989833,0.08830841953405567,-0.8210379559717883,0.03366078634124368,-0.841601795821114,-0.009274193548387002,,0.9080293466046825,0.0941704569355397
pooled,random__random_nodes__s7__r0.1,random,random_nodes,7,0.1,preregistered_descriptive,0.9117740142186423,-0.9000350732430338,199,0.010767107996651266,0.0,0,0,151,0.11243189168987062,0.011738940975608578,199,0.011738940975608578,1389,121,127494,413453,0.10002039341633752,0.03168091826981578,0.10101634862819661,0.9000121916852707,0.03199638169271961,0.000600438913773272,0.0316458588357614,0.9988933580221447,4133687,130959,13229,0.010597294621156945,0.010597294621156945,94,0.9000721819574569,0.09274193548387097,0.9024998206702552,122201,6885,6682,0.8748327290096732,0.0875011137290357,0.9421965646465902,0.09425399521340619,14724,0.11044270091060472,0.11243189168987062,0.01757443718228032,0.010767107996651266,-0.8985792675091927,0.039880837661400756,-0.9306417173560475,-0.00927419354838699,,0.8828424424307528,0.011366451731285617
pooled,random__random_tracklets__s7__r0.9,random,random_tracklets,7,0.9,preregistered_descriptive,0.9117740142186423,-0.07533663104006172,199,0.8174938531529277,0.08888888888888889,20,74,131,0.9041297662765599,0.8275484942896918,199,0.8364373831785806,111050,6959,17833,3724518,0.9010159695206724,0.03168091826981578,0.9013278965172306,0.09899423593109499,0.03169188603733423,0.00018892689541812188,0.03158108263333732,0.9968487139284223,4133687,130959,118037,0.9009909902537623,0.900917341101955,957,0.9000721819574569,0.09274193548387097,0.9024998206702552,122201,6885,6682,0.8748327290096732,0.7882382594970664,0.9421965646465902,0.8498574801648541,119432,0.895843021947524,0.9041297662765599,1.0107480029048657,0.8263827420418165,-0.08296363346402746,0.008174276523778723,-0.08312560290434229,-0.0003853046594981535,,0.9915544336446275,0.9088192457143353
pooled,random__random_tracklets__s7__r0.8,random,random_tracklets,7,0.8,preregistered_descriptive,0.9117740142186423,-0.14783403556967623,199,0.739654091529299,0.08,16,49,135,0.818248040195614,0.7559399786489661,199,0.7639399786489661,100286,6702,28597,3311257,0.8010420237429684,0.03168091826981578,0.8065119617590238,0.19913693860786943,0.03189725231233939,0.002478356130168559,0.030809916953418528,0.972507068482699,4133687,130959,105620,0.8065973273541133,0.80641729609414,1741,0.9000721819574569,0.09274193548387097,0.9024998206702552,122201,6885,6682,0.8748327290096732,0.7007777796824926,0.9421965646465902,0.7554903877073809,108116,0.8109632607749891,0.8182480401956138,0.9734204793028323,0.747654091529299,-0.161692283976545,0.015784387914654807,-0.16234422993594394,-0.0012741935483870925,,0.9812162278162667,0.8207146506051288
pooled,random__random_tracklets__s7__r0.7,random,random_tracklets,7,0.7,preregistered_descriptive,0.9117740142186423,-0.2309416831079859,199,0.6539249096298706,0.06111111111111111,11,29,140,0.7208643585642853,0.6747212199995454,199,0.6808323311106564,88461,6394,40422,2897720,0.7010013094847287,0.03168091826981578,0.7049152788277248,0.2991267455595284,0.03185780544704112,0.0015463685104354391,0.0312662069456547,0.9869097441990435,4133687,130959,92315,0.7050024140555314,0.7048878487082757,2323,0.9000721819574569,0.09274193548387097,0.9024998206702552,122201,6885,6682,0.8748327290096732,0.6132588886158797,0.9421965646465902,0.6612627877989666,95661,0.7175400171019667,0.7208643585642853,0.9286855482933914,0.6600360207409817,-0.2493103547648623,0.022516900246604465,-0.25029550091731434,-0.0031630824372760324,,0.9717723975932859,0.7239729654557525
pooled,random__random_tracklets__s7__r0.5,random,random_tracklets,7,0.5,preregistered_descriptive,0.9117740142186423,-0.40812928516782454,199,0.47669732970839074,0.025,4,9,147,0.533943334136169,0.5011447290508179,199,0.5036447290508178,63999,5372,64884,2070883,0.5009772147721876,0.03168091826981578,0.4999503661451294,0.4989891893728477,0.03161598216799307,-0.0003714726871280564,0.03174610869476693,1.0020577189207693,4133687,130959,65473,0.49995499218500666,0.4998486100768406,2917,0.9000721819574569,0.09274193548387097,0.9024998206702552,122201,6885,6682,0.8748327290096732,0.43827126397081806,0.9421965646465902,0.472786684484658,69703,0.5228326257519614,0.533943334136169,0.7802469135802469,0.47919732970839074,-0.4301490457974532,0.03333363207858961,-0.434688723698027,-0.006774193548387153,,0.9503466454495393,0.5237818354980969
pooled,random__random_tracklets__s7__r0.3,random,random_tracklets,7,0.3,preregistered_descriptive,0.9117740142186423,-0.59642974387929,199,0.2939170583398088,0.006578947368421052,1,1,150,0.3249748232928566,0.31468637560251017,199,0.31534427033935225,38959,3668,89924,1243747,0.3008807875390662,0.03168091826981578,0.2984750952588215,0.6990405043760155,0.03142761349374109,-0.0009487610846053584,0.03178993335501775,1.0034410329989025,4133687,130959,39088,0.298598211143935,0.2985409284703071,2477,0.9000721819574569,0.09274193548387097,0.9024998206702552,122201,6885,6682,0.8748327290096732,0.26322036046938097,0.9421965646465902,0.28432395458622284,42689,0.3202043234972022,0.3249748232928566,0.5327523602033406,0.2945749530766509,-0.6147714224291931,0.04052527391600955,-0.6283387189837547,-0.008616298811544965,,0.9230997801205528,0.3188253592646634
pooled,random__random_tracklets__s7__r0.1,random,random_tracklets,7,0.1,preregistered_descriptive,0.9117740142186423,-0.7994422561300792,199,0.10305138364200375,0.0,0,0,151,0.1121567547739887,0.11233175808856315,199,0.11233175808856315,13421,1353,115462,417552,0.10101200211820585,0.03168091826981578,0.1015814109759543,0.8990066274800586,0.03185950492393762,0.0003417829688018232,0.03166085193352771,0.9993666112794719,4133687,130959,13303,0.10160309653767154,0.10160309653767154,1005,0.9000721819574569,0.09274193548387097,0.9024998206702552,122201,6885,6682,0.8748327290096732,0.08836860547580092,0.9421965646465902,0.09602751535313554,14776,0.11083274576576306,0.1121567547739887,0.19651416122004356,0.10305138364200375,-0.8062949918638402,0.043826705622696964,-0.8339947682043891,-0.009274193548386989,,0.8914420353650345,0.10982683154489269
pooled,random__random_nodes__s8__r0.9,random,random_nodes,8,0.9,preregistered_descriptive,0.9117740142186423,-0.1676297405471654,199,0.729006737219099,0.06086956521739131,14,79,137,0.8959089726776541,0.7380573171497378,199,0.744144273671477,99333,7375,29550,3720410,0.9000221835857432,0.03168091826981578,0.9004573950625768,0.09999205541820479,0.03169623778024465,0.00026242883009567567,0.03154300868424809,0.9956469195623321,4133687,130959,117923,0.8106725804207822,0.8105252821171676,286,0.9000721819574569,0.09274193548387097,0.9024998206702552,122201,6885,6682,0.8748327290096732,0.7873688630355609,0.9421965646465902,0.84801542328595,119305,0.8948904123974257,0.895908972677654,1.0711692084241105,0.7350936937408382,-0.17425268176500575,0.007922597900331174,-0.17236510142084865,-0.0031872370266479155,,0.9974779720476403,0.8128590440913838
pooled,random__random_nodes__s8__r0.8,random,random_nodes,8,0.8,preregistered_descriptive,0.9117740142186423,-0.3177924676926783,199,0.5783439115693788,0.02830188679245283,6,61,145,0.8075650283381745,0.5911513578467187,199,0.593981546525964,78638,7088,50245,3307023,0.8000177565451859,0.03168091826981578,0.7995708580548111,0.19996762208174026,0.03166322096943384,-0.00020209380083028463,0.03175171532811396,1.00223469085382,4133687,130959,104711,0.6393728365561656,0.6391109729052954,538,0.9000721819574569,0.09274193548387097,0.9024998206702552,122201,6885,6682,0.8748327290096732,0.6998817172146213,0.9421965646465902,0.753785923044463,107206,0.8041374758097182,0.8075650283381746,1.0294843863471315,0.5811741002486241,-0.3281722752572198,0.014383768383880169,-0.32573223120741696,-0.00644400486914154,,0.9894457801983148,0.6435075524417955
pooled,random__random_nodes__s8__r0.7,random,random_nodes,8,0.7,preregistered_descriptive,0.9117740142186423,-0.4485701646202554,199,0.44643372370883855,0.025510204081632654,5,45,146,0.7153586112050877,0.4606528291902237,199,0.46320384959838695,60344,6286,68539,2893670,0.7000215546073033,0.03168091826981578,0.6987377728907521,0.2999364433456383,0.031622818082227756,-0.000506734053016702,0.03181649928992909,1.0042795798707163,4133687,130959,91506,0.48794199720133224,0.4877455994631795,741,0.9000721819574569,0.09274193548387097,0.9024998206702552,122201,6885,6682,0.8748327290096732,0.6124017669827012,0.9421965646465902,0.6595723750443233,94806,0.7111267795796516,0.7153586112050877,0.9129992737835875,0.4489847441170018,-0.4603616313888422,0.019653592653881807,-0.46150058413391337,-0.006723173140223804,,0.9746344097601427,0.4937931633257151
pooled,random__random_nodes__s8__r0.5,random,random_nodes,8,0.5,preregistered_descriptive,0.9117740142186423,-0.6626200799100691,199,0.2364102177680657,0.006097560975609756,1,13,150,0.5269137187930253,0.24854417821101227,199,0.24915393430857324,31374,3827,97509,2066891,0.500011490952266,0.03168091826981578,0.499828190502371,0.4999825119268659,0.03166930428358341,-6.631063123706534e-05,0.031692532789883474,1.0003666093251709,4133687,130959,65457,0.24985065588661304,0.2496788078657294,863,0.9000721819574569,0.09274193548387097,0.9024998206702552,122201,6885,6682,0.8748327290096732,0.4374264171659665,0.9421965646465902,0.4711188091781585,69457,0.5209874135525585,0.5269137187930253,0.5558460421205519,0.23701997386562668,-0.6723264016402173,0.027646936631144828,-0.6816025790903879,-0.008664437450826012,,0.9411952675478347,0.25673593122622734
pooled,random__random_nodes__s8__r0.3,random,random_nodes,8,0.3,preregistered_descriptive,0.9117740142186423,-0.8167729009368173,199,0.08811572859619249,0.0064516129032258064,1,4,150,0.32403921615535614,0.09435595199150247,199,0.09500111328182505,11488,1491,117395,1240193,0.30002102239477735,0.03168091826981578,0.29880344229873473,0.6999391415054933,0.03155234709436354,-0.0004805834752307704,0.031736025718387524,1.0017394523764245,4133687,130959,39131,0.08956555183672801,0.08951645240218983,549,0.9000721819574569,0.09274193548387097,0.9024998206702552,122201,6885,6682,0.8748327290096732,0.26246820978189533,0.9421965646465902,0.282697043455033,42670,0.3200618071078174,0.32403921615535614,0.21655773420479302,0.08876088988651507,-0.8205854856193289,0.03365018849750969,-0.8417940571762625,-0.008629032258064426,,0.9077906874543498,0.09401025359748358
pooled,random__random_nodes__s8__r0.1,random,random_nodes,8,0.1,preregistered_descriptive,0.9117740142186423,-0.9003679638952429,199,0.010461953362936786,0.0,0,0,151,0.11152936390884599,0.011406050323399433,199,0.011406050323399433,1350,156,127533,413453,0.10002039341633752,0.03168091826981578,0.1003520185706977,0.899990456508661,0.03178595874258985,0.00019992931920325243,0.031669244461504306,0.9996315192567319,4133687,130959,13142,0.01040089688300423,0.01040089688300423,79,0.9000721819574569,0.09274193548387097,0.9024998206702552,122201,6885,6682,0.8748327290096732,0.0875011137290357,0.9421965646465902,0.09425399521340619,14651,0.1098951379408632,0.11152936390884599,0.022657952069716776,0.010461953362936786,-0.8988844221429072,0.039868335225764544,-0.9309621055726205,-0.00927419354838699,,0.8830819658989018,0.011047120432973876
pooled,random__random_tracklets__s8__r0.9,random,random_tracklets,8,0.9,preregistered_descriptive,0.9117740142186423,-0.07465255340946853,199,0.8215449251861133,0.0547945205479452,12,68,139,0.9059500488240415,0.8316420087543793,199,0.8371214608091738,111459,6787,17424,3724654,0.9010488699313712,0.03168091826981578,0.9041837521667087,0.099053695379751,0.0317911408683867,0.001899005899422719,0.030677231421425654,0.9683188839464164,4133687,130959,118411,0.9042724691287305,0.9042315529332821,961,0.9000721819574569,0.09274193548387097,0.9024998206702552,122201,6885,6682,0.8748327290096732,0.7882670418531436,0.9421965646465902,0.8498369414147937,119751,0.8982357971166685,0.9059500488240415,0.9857661583151779,0.8270243772409078,-0.08232199826493614,0.008188198347190201,-0.07904601026306612,-0.0037947414935926016,,0.9940454180874447,0.9121647230427421
pooled,random__random_tracklets__s8__r0.8,random,random_tracklets,8,0.8,preregistered_descriptive,0.9117740142186423,-0.1533827842416362,199,0.7376989976415095,0.04455445544554455,9,51,142,0.8223777793747914,0.7539357844324517,199,0.7583912299770061,100091,6797,28792,3310906,0.8009571116535916,0.03168091826981578,0.805297841309112,0.19918490589418017,0.031852610735550936,0.0019664115227013574,0.030990020430709996,0.9781919882112746,4133687,130959,105461,0.8055744224679012,0.8054189409251971,1668,0.9000721819574569,0.09274193548387097,0.9024998206702552,122201,6885,6682,0.8748327290096732,0.700703495807617,0.9421965646465902,0.7555862042264246,107965,0.8098306305225101,0.8223777793747914,0.9872185911401598,0.7421544431860639,-0.16719193231978002,0.01576089915010509,-0.16432493538790888,-0.004818748003832418,,0.9857564631387045,0.8191137026787747
pooled,random__random_tracklets__s8__r0.7,random,random_tracklets,8,0.7,preregistered_descriptive,0.9117740142186423,-0.2283072484604638,199,0.6588226604623679,0.03804347826086957,7,33,144,0.7361219436657745,0.6796624179320916,199,0.6834667657581786,89198,6507,39685,2897755,0.701009776502188,0.03168091826981578,0.7119403782863339,0.299347844769867,0.03217490781656834,0.004318601953150328,0.03052271484191687,0.9634416080356357,4133687,130959,93235,0.7123018633235407,0.7121136488244777,2177,0.9000721819574569,0.09274193548387097,0.9024998206702552,122201,6885,6682,0.8748327290096732,0.6132662958398702,0.9421965646465902,0.6615726453327349,96488,0.7237432304715042,0.7361219436657745,0.9450980392156862,0.6626270082884549,-0.24671936721738907,0.022582057007674627,-0.2454194597458383,-0.005469845722300137,,0.9750876512565202,0.7299037129531187
pooled,random__random_tracklets__s8__r0.5,random,random_tracklets,8,0.5,preregistered_descriptive,0.9117740142186423,-0.3973329906275628,199,0.48765978990001263,0.017964071856287425,3,16,148,0.5444185863240744,0.5126446164054508,199,0.5144410235910796,65501,5434,63382,2070727,0.5009394760657979,0.03168091826981578,0.5121221145549371,0.4994263912012008,0.032388141942419256,0.00404542992835078,0.03097103191530616,0.9775926206284882,4133687,130959,67067,0.5125980965785878,0.5123525994058968,2891,0.9000721819574569,0.09274193548387097,0.9024998206702552,122201,6885,6682,0.8748327290096732,0.4382382489153179,0.9421965646465902,0.4728313846740934,71224,0.534241437765343,0.5444185863240744,0.7892519970951344,0.48945619708564136,-0.4198901784202026,0.033606277773085336,-0.4234614820378899,-0.007477786362758199,,0.9515240359390946,0.5360501957790118
pooled,random__random_tracklets__s8__r0.3,random,random_tracklets,8,0.3,preregistered_descriptive,0.9117740142186423,-0.5878867091680533,199,0.301892627878733,0.006535947712418301,1,2,150,0.34140755900893544,0.3232337102793473,199,0.3238873050505891,40021,3684,88862,1243713,0.30087256243639154,0.03168091826981578,0.30674485907803206,0.6993195640573129,0.03229925231946599,0.0023159445438694806,0.03141481549661,0.9916005347149514,4133687,130959,40171,0.30709241331903997,0.30703513064541205,2501,0.9000721819574569,0.09274193548387097,0.9024998206702552,122201,6885,6682,0.8748327290096732,0.26321316488036167,0.9421965646465902,0.2841772831465353,43775,0.3283502602799322,0.34140755900893544,0.5350762527233115,0.3025462226499748,-0.6068001528558691,0.040816139705478566,-0.6200822500963866,-0.008620598777145161,,0.923195183527281,0.327517414947776
pooled,random__random_tracklets__s8__r0.1,random,random_tracklets,8,0.1,preregistered_descriptive,0.9117740142186423,-0.7947592592408218,199,0.1073512252042007,0.0,0,0,151,0.11324541987284466,0.11701475497782053,199,0.11701475497782053,13984,1381,114899,417193,0.10092515471055259,0.03168091826981578,0.10540703578982735,0.8992214809499921,0.03308780348663568,0.002691239379765914,0.03152298913976452,0.9950150078130239,4133687,130959,13804,0.10582564790795493,0.10579291495159614,1056,0.9000721819574569,0.09274193548387097,0.9024998206702552,122201,6885,6682,0.8748327290096732,0.0882926285211562,0.9421965646465902,0.09592352121441138,15356,0.11518324607329843,0.11324541987284469,0.20058097312999273,0.1073512252042007,-0.8019951503016433,0.04401671876567672,-0.8295017844581115,-0.009274193548387016,,0.8916232229290503,0.11442865374156029
pooled,random__random_nodes__s9__r0.9,random,random_nodes,9,0.9,preregistered_descriptive,0.9117740142186423,-0.16633649123886696,199,0.7296049783152688,0.06787330316742081,15,70,136,0.898590581628136,0.7386501926630333,199,0.7454375229797754,99424,7388,29459,3720410,0.9000221835857432,0.03168091826981578,0.9005337548393009,0.0999945537143668,0.031698925656043285,0.0003084731279571248,0.03151881183806503,0.9948831523641408,4133687,130959,117933,0.8111226585707154,0.8110735591361773,310,0.9000721819574569,0.09274193548387097,0.9024998206702552,122201,6885,6682,0.8748327290096732,0.7873688630355609,0.9421965646465902,0.84801542328595,119366,0.8953479650159768,0.898590581628136,1.0730573710965867,0.7363923086320109,-0.17295406687383308,0.007926219140814539,-0.17177584714803645,-0.0024868632316450423,,0.9968017087605868,0.8135896221680332
pooled,random__random_nodes__s9__r0.8,random,random_nodes,9,0.8,preregistered_descriptive,0.9117740142186423,-0.31367989500239757,199,0.5808165157189208,0.04433497536945813,9,52,142,0.8109849802229835,0.593660621679299,199,0.5980941192162448,78944,7036,49939,3307023,0.8000177565451859,0.03168091826981578,0.8009606059911881,0.20001309107188897,0.031718255361393013,0.0004263698183304743,0.03153155332759138,0.9952853341891068,4133687,130959,104893,0.6414595625240382,0.6413613636549619,569,0.9000721819574569,0.09274193548387097,0.9024998206702552,122201,6885,6682,0.8748327290096732,0.6998817172146213,0.9421965646465902,0.753785923044463,107400,0.8055926431539627,0.8109849802229835,1.021931735657226,0.5852500132558666,-0.3240963622499774,0.014410089318352748,-0.3232492883093091,-0.0048406960114412145,,0.9873227411936314,0.6459919088356354
pooled,random__random_nodes__s9__r0.7,random,random_nodes,9,0.7,preregistered_descriptive,0.9117740142186423,-0.44489068961960226,199,0.45034421496779925,0.02197802197802198,4,31,147,0.7185310417761214,0.4646855224012379,199,0.4668833245990401,60837,6207,68046,2893670,0.7000215546073033,0.03168091826981578,0.7010056582594553,0.3000106427416502,0.031725455908932255,0.000388445189563145,0.031576986444540676,0.996719418787361,4133687,130959,91803,0.4917144704216823,0.49159172183533684,764,0.9000721819574569,0.09274193548387097,0.9024998206702552,122201,6885,6682,0.8748327290096732,0.6124017669827012,0.9421965646465902,0.6595723750443233,95130,0.7135570590617921,0.7185310417761213,0.901525054466231,0.45254201716560144,-0.4568043583402425,0.019711183867890975,-0.45752548213690836,-0.007076391350584854,,0.9744431894136566,0.4978248513304774
pooled,random__random_nodes__s9__r0.5,random,random_nodes,9,0.5,preregistered_descriptive,0.9117740142186423,-0.6619927379914605,199,0.23645123348814764,0.011834319526627219,2,18,149,0.528677300010672,0.2485978442745191,199,0.2497812762271818,31361,3749,97522,2066891,0.500011490952266,0.03168091826981578,0.5004237967608183,0.5000019986369296,0.031707042122685714,0.00014915543548008251,0.031654793216166474,0.9991753694313148,4133687,130959,65535,0.2495151430839355,0.24944149393212822,879,0.9000721819574569,0.09274193548387097,0.9024998206702552,122201,6885,6682,0.8748327290096732,0.4374264171659665,0.9421965646465902,0.4711188091781585,69581,0.5219175205148592,0.528677300010672,0.5445170660856935,0.23763466544081036,-0.6717117100650336,0.027642653977187834,-0.6815446303729241,-0.008090761595724277,,0.940049846860346,0.256640437526305
pooled,random__random_nodes__s9__r0.3,random,random_nodes,9,0.3,preregistered_descriptive,0.9117740142186423,-0.8169266889369462,199,0.08797795754217386,0.00641025641025641,1,5,150,0.32774902276643886,0.09420629964067054,199,0.09484732528169618,11463,1411,117420,1240193,0.30002102239477735,0.03168091826981578,0.2994066845348544,0.6999588780451732,0.03161604685722303,-0.00024248147998409672,0.03170872308703595,1.00087765187181,4133687,130959,39210,0.08922185579496077,0.08917275636042259,566,0.9000721819574569,0.09274193548387097,0.9024998206702552,122201,6885,6682,0.8748327290096732,0.26246820978189533,0.9421965646465902,0.282697043455033,42710,0.3203618416117854,0.3277490227664388,0.20493827160493827,0.0886189831831995,-0.8207273923226445,0.03364796391326384,-0.8419414849428486,-0.00863316790736135,,0.9072377675552155,0.09380355452727514
pooled,random__random_nodes__s9__r0.1,random,random_nodes,9,0.1,preregistered_descriptive,0.9117740142186423,-0.900653399461112,199,0.010199652777777778,0.0,0,0,151,0.11099355195117737,0.011120614757530296,199,0.011120614757530296,1316,141,127567,413453,0.10002039341633752,0.03168091826981578,0.10010003130750846,0.8999822121313265,0.03170614314081649,4.8011886780141544e-05,0.03167811487126885,0.9999115114491613,4133687,130959,13109,0.009934452254891531,0.009926269015801835,103,0.9000721819574569,0.09274193548387097,0.9024998206702552,122201,6885,6682,0.8748327290096732,0.0875011137290357,0.9421965646465902,0.09425399521340619,14602,0.10952759567350245,0.1109935519511774,0.020479302832244008,0.010199652777777778,-0.8991467227280662,0.03985442318249939,-0.9312336290952244,-0.009274193548386989,,0.8829793129839808,0.010769415036442319
pooled,random__random_tracklets__s9__r0.9,random,random_tracklets,9,0.9,preregistered_descriptive,0.9117740142186423,-0.07749286993284099,199,0.8166371942234011,0.07657657657657657,17,71,134,0.8911204049636139,0.8266234866281437,199,0.8342811442858014,110834,6837,18049,3724880,0.9011035426726793,0.03168091826981578,0.8989149275727518,0.0988248514513102,0.03160397113464058,-0.0013261153767047636,0.03238202868346188,1.0221303690655357,4133687,130959,117721,0.8987978821777236,0.8986751335913782,1015,0.9000721819574569,0.09274193548387097,0.9024998206702552,122201,6885,6682,0.8748327290096732,0.7883148713566246,0.9421965646465902,0.8499342262163861,119173,0.8939002985343314,0.8911204049636138,0.9930283224400871,0.8242948518810588,-0.08505152362478519,0.008158190930582232,-0.08403452497269381,-0.0016165358907294092,,0.9920306277777057,0.9070025228773749
pooled,random__random_tracklets__s9__r0.8,random,random_tracklets,9,0.8,preregistered_descriptive,0.9117740142186423,-0.16153972225129887,199,0.7286183118846565,0.05527638190954774,11,48,140,0.8025316839806241,0.7447066537763887,199,0.7502342919673435,98797,6712,30086,3310487,0.8008557493588654,0.03168091826981578,0.7937064272024068,0.19891034314597444,0.03139809943370869,-0.0032381239406751587,0.03281827016520894,1.0359002187280908,4133687,130959,103943,0.793635076636034,0.7934386788978813,1838,0.9000721819574569,0.09274193548387097,0.9024998206702552,122201,6885,6682,0.8748327290096732,0.700614820754703,0.9421965646465902,0.7552720649607176,106643,0.7999144901663692,0.8025316839806241,0.9748729121278141,0.7341459500756113,-0.17520042543023262,0.015702210903100533,-0.17349537779696722,-0.0037465553574321797,,0.9839403044871643,0.8085515275461586
pooled,random__random_tracklets__s9__r0.7,random,random_tracklets,9,0.7,preregistered_descriptive,0.9117740142186423,-0.2380586018347498,199,0.6492396631896443,0.03867403314917127,7,30,144,0.7173462231144945,0.6698480090689755,199,0.6737154123838925,87822,6386,41061,2897709,0.7009986484220987,0.03168091826981578,0.6995319145686818,0.2989533638058844,0.03161463073069104,-0.0005794897857875934,0.03183632718381719,1.0049054422184938,4133687,130959,91610,0.699486910909076,0.6992577802145645,2372,0.9000721819574569,0.09274193548387097,0.9024998206702552,122201,6885,6682,0.8748327290096732,0.613256560631197,0.9421965646465902,0.6613402691602326,95080,0.7131820159318322,0.7173462231144945,0.927523602033406,0.6531070665045614,-0.25623930900128256,0.02244894349425164,-0.25510075509553143,-0.005406790233470016,,0.9741302022877274,0.7187073744587877
pooled,random__random_tracklets__s9__r0.5,random,random_tracklets,9,0.5,preregistered_descriptive,0.9117740142186423,-0.4055605522661777,199,0.47976930299101356,0.018404907975460124,3,12,148,0.536323354298744,0.5043729711549186,199,0.5062134619524646,64386,5319,64497,2070531,0.5008920607680262,0.03168091826981578,0.5036385433608992,0.49919779710237616,0.03185463052714497,0.0009935670333899313,0.03150658505706791,0.9944972171809183,4133687,130959,65956,0.5039647793389579,0.5038256642744331,2818,0.9000721819574569,0.09274193548387097,0.9024998206702552,122201,6885,6682,0.8748327290096732,0.43819676846097144,0.9421965646465902,0.47282300594622517,70088,0.5257204578526531,0.5363233542987439,0.7725490196078432,0.48160979378855956,-0.4277365817172844,0.033408248403107965,-0.4315350979184446,-0.007433702750841098,,0.9506566065114238,0.5269456337551863
pooled,random__random_tracklets__s9__r0.3,random,random_tracklets,9,0.3,preregistered_descriptive,0.9117740142186423,-0.5946275724060692,199,0.29619044746406864,0.0,0,3,151,0.3333091339918364,0.3171464418125732,199,0.3171464418125732,39279,3731,89604,1243893,0.30091610709761046,0.03168091826981578,0.3011782313548515,0.6990924689361855,0.03170851512147749,0.00010337356240176872,0.03166903938481428,0.9996250460639956,4133687,130959,39442,0.3009468007626779,0.30087315161087064,2512,0.9000721819574569,0.09274193548387097,0.9024998206702552,122201,6885,6682,0.8748327290096732,0.2632512591751696,0.9421965646465902,0.28427826571370773,43076,0.32310715732309214,0.3333091339918364,0.5419026870007262,0.29619044746406864,-0.6131559280417753,0.04059348355322617,-0.6259468624109084,-0.009274193548387044,,0.9241937808630808,0.3214664649082102
pooled,random__random_tracklets__s9__r0.1,random,random_tracklets,9,0.1,preregistered_descriptive,0.9117740142186423,-0.7977996624997754,199,0.10455965789130217,0.0,0,0,151,0.11111920960882264,0.11397435171886688,199,0.11397435171886688,13619,1368,115264,417681,0.10104320912541273,0.03168091826981578,0.10336822975129621,0.8990328595897598,0.03240990133618719,0.001395383140063347,0.031598980195403345,0.997413645850963,4133687,130959,13537,0.10341159237649446,0.10339522589831507,984,0.9000721819574569,0.09274193548387097,0.9024998206702552,122201,6885,6682,0.8748327290096732,0.08839590638707993,0.9421965646465902,0.09626528559398606,14973,0.11231041569780524,0.11111920960882266,0.19869281045751633,0.10455965789130217,-0.8047867176145418,0.043863351484965486,-0.832388820436354,-0.009274193548386989,,0.8915606747461928,0.11144762664607559
pooled,random__random_nodes__s10__r0.9,random,random_nodes,10,0.9,preregistered_descriptive,0.9117740142186423,-0.16449533680994732,199,0.7287135254175078,0.09545454545454546,21,69,130,0.8980499837302155,0.7377332228632405,199,0.747278677408695,99269,7342,29614,3720410,0.9000221835857432,0.03168091826981578,0.9003963072411977,0.09999005678127518,0.03169408747960574,0.00022559339180651644,0.03156236616119455,0.9962579333208854,4133687,130959,117915,0.8104516329653604,0.8103288843790148,246,0.9000721819574569,0.09274193548387097,0.9024998206702552,122201,6885,6682,0.8748327290096732,0.7873688630355609,0.9421965646465902,0.84801542328595,119268,0.8946128804812553,0.8980499837302155,1.0663761801016702,0.7382589799629623,-0.17108739554288166,0.007922687329593281,-0.17268928513660792,0.000271260997067313,,0.9934283027254841,0.812305325070514
pooled,random__random_nodes__s10__r0.8,random,random_nodes,10,0.8,preregistered_descriptive,0.9117740142186423,-0.3114379173763524,199,0.5801612049185151,0.07352941176470588,15,53,136,0.8113160081499546,0.5929831556658194,199,0.60033609684229,78888,7093,49995,3307023,0.8000177565451859,0.03168091826981578,0.8010369657679121,0.200015589368051,0.03172127922908308,0.0004609007864162303,0.031519456514375856,0.9949035014053313,4133687,130959,104903,0.6416068608276528,0.6414186463285898,506,0.9000721819574569,0.09274193548387097,0.9024998206702552,122201,6885,6682,0.8748327290096732,0.6998817172146213,0.9421965646465902,0.753785923044463,107393,0.8055401371157683,0.8113160081499545,1.0302106027596223,0.5875141460949856,-0.3218322294108583,0.014404668715157443,-0.32392133371959353,-0.0019212523719163155,,0.9845586668335666,0.6455253228822957
pooled,random__random_nodes__s10__r0.7,random,random_nodes,10,0.7,preregistered_descriptive,0.9117740142186423,-0.44037810297972957,199,0.45067502018025224,0.06382978723404255,12,37,139,0.7215756349270982,0.4650129325155085,199,0.4713959112389128,60856,6150,68027,2893670,0.7000215546073033,0.03168091826981578,0.7011507418352309,0.300015389504358,0.031732021965186076,0.0004457125485160645,0.03156166407396028,0.9962357721187292,4133687,130959,91822,0.49211544913707744,0.4919190513989247,743,0.9000721819574569,0.09274193548387097,0.9024998206702552,122201,6885,6682,0.8748327290096732,0.6124017669827012,0.9421965646465902,0.6595723750443233,95129,0.7135495581991929,0.7215756349270982,0.8932461873638344,0.4570579989036565,-0.45228837660218746,0.019719000935830067,-0.45720588909057686,-0.0028912148249827796,,0.9695502788636328,0.4979654102152618
pooled,random__random_nodes__s10__r0.5,random,random_nodes,10,0.5,preregistered_descriptive,0.9117740142186423,-0.6579279639598017,199,0.23976617009240053,0.01764705882352941,3,19,148,0.5310180577105098,0.25208134437648777,199,0.2538460502588407,31787,3692,97096,2066891,0.500011490952266,0.03168091826981578,0.5024702387770218,0.5000689529740717,0.031836705467293634,0.0008894747416364366,0.031525123911600374,0.9950823913344758,4133687,130959,65803,0.25287027111071103,0.25277207224163467,898,0.9000721819574569,0.09274193548387097,0.9024998206702552,122201,6885,6682,0.8748327290096732,0.4374264171659665,0.9421965646465902,0.4711188091781585,69845,0.5238977482410477,0.5310180577105097,0.536238198983297,0.24153087597475348,-0.6678154995310905,0.027724118774482845,-0.6781425950682504,-0.007509487666034098,,0.9390460292199776,0.2601247957671411
pooled,random__random_nodes__s10__r0.3,random,random_nodes,10,0.3,preregistered_descriptive,0.9117740142186423,-0.8173469564003315,199,0.08817750625508465,0.0,0,1,151,0.326735151333393,0.0944270578183109,199,0.0944270578183109,11489,1411,117394,1240193,0.30002102239477735,0.03168091826981578,0.3004146335876114,0.6999918555545118,0.031722481904026226,0.00015535982852933275,0.03166310350047382,0.9994376814084036,4133687,130959,39342,0.08945098648947226,0.08944280325038256,559,0.9000721819574569,0.09274193548387097,0.9024998206702552,122201,6885,6682,0.8748327290096732,0.26246820978189533,0.9421965646465902,0.282697043455033,42804,0.32106692269611004,0.3267351513333929,0.20493827160493827,0.08817750625508465,-0.8211688692507593,0.0336465101690985,-0.841719273021043,-0.009274193548387002,,0.907876052721926,0.09402336893281507
pooled,random__random_nodes__s10__r0.1,random,random_nodes,10,0.1,preregistered_descriptive,0.9117740142186423,-0.9003680256244085,199,0.010461629069379974,0.0,0,0,151,0.11218885873644002,0.011405988594233803,199,0.011405988594233803,1350,160,127533,413453,0.10002039341633752,0.03168091826981578,0.10061164181155935,0.899998950715612,0.031868192998962395,0.0003564503101846394,0.03166010525144386,0.9993430424524105,4133687,130959,13176,0.010229048862120605,0.010229048862120605,100,0.9000721819574569,0.09274193548387097,0.9024998206702552,122201,6885,6682,0.8748327290096732,0.0875011137290357,0.9421965646465902,0.09425399521340619,14690,0.11018767158223196,0.11218885873644002,0.023238925199709513,0.010461629069379974,-0.898884746436464,0.0398670123353193,-0.9309608444113409,-0.009274193548386989,,0.8831093400095473,0.011047403087312389
pooled,random__random_tracklets__s10__r0.9,random,random_tracklets,10,0.9,preregistered_descriptive,0.9117740142186423,-0.07080031370904138,199,0.8231600822408419,0.0776255707762557,17,68,134,0.8970942790068183,0.8332111434319754,199,0.840973700509601,111702,6816,17181,3724441,0.9009973420822621,0.03168091826981578,0.9062225582052398,0.09917361359552786,0.03186464760752016,0.0031645263167054496,0.030008845535448116,0.9472214561419217,4133687,130959,118678,0.9065801425520249,0.906498310161128,927,0.9000721819574569,0.09274193548387097,0.9024998206702552,122201,6885,6682,0.8748327290096732,0.7882219636042874,0.9421965646465902,0.8498025211404681,120042,0.9004185481330353,0.8970942790068183,0.9899782135076253,0.8309226393184674,-0.07842373618737652,0.008195620615800703,-0.07748429785408062,-0.0015116364707614682,,0.9917566006134618,0.9140842681537501
pooled,random__random_tracklets__s10__r0.8,random,random_tracklets,10,0.8,preregistered_descriptive,0.9117740142186423,-0.15843601551535136,199,0.7312081131351303,0.06030150753768844,12,48,139,0.8006428953674422,0.7473078479495221,199,0.753337998703291,99067,6601,29816,3310821,0.8009365488969049,0.03168091826981578,0.7966844584946433,0.19892433360448175,0.03151272750776922,-0.0019261819295780373,0.032357637817092944,1.0213604776703051,4133687,130959,104333,0.7967201577728497,0.796654691860132,1715,0.9000721819574569,0.09274193548387097,0.9024998206702552,122201,6885,6682,0.8748327290096732,0.7006855068350688,0.9421965646465902,0.7552869779133966,106830,0.8013171514724193,0.8006428953674423,0.9587509077705156,0.7372382638888992,-0.17210811161694473,0.015727403664470452,-0.17091937638520371,-0.003244042794618096,,0.982595909230938,0.8107166539581572
pooled,random__random_tracklets__s10__r0.7,random,random_tracklets,10,0.7,preregistered_descriptive,0.9117740142186423,-0.234246287601534,199,0.6528812506011082,0.03867403314917127,7,30,144,0.7223098766958705,0.6736603233021913,199,0.6775277266171084,88248,6284,40635,2897547,0.7009594582270017,0.03168091826981578,0.7029681045212623,0.29910625953099984,0.03177170206384918,0.0007935633787245168,0.03146811849790477,0.9932830301792811,4133687,130959,92060,0.7033739494766819,0.7032839338466952,2306,0.9000721819574569,0.09274193548387097,0.9024998206702552,122201,6885,6682,0.8748327290096732,0.61322227576587,0.9421965646465902,0.6614427523644183,95396,0.715552288513179,0.7223098766958705,0.9127087872185912,0.6567486539160253,-0.25259772158981864,0.02247393492379174,-0.2513134322918557,-0.005406790233470016,,0.973411065448058,0.7222641681207068
pooled,random__random_tracklets__s10__r0.5,random,random_tracklets,10,0.5,preregistered_descriptive,0.9117740142186423,-0.41691921175955754,199,0.4689317348125615,0.018867924528301886,3,8,148,0.5162096580143285,0.4929680100062546,199,0.4948548024590848,62895,5241,65988,2071162,0.501044708997077,0.03168091826981578,0.49376522423048436,0.498717124920804,0.03122063846285322,-0.002633426616111121,0.03214312553787227,1.0145894529988058,4133687,130959,64663,0.4933347517614422,0.49322018641418647,2623,0.9000721819574569,0.09274193548387097,0.9024998206702552,122201,6885,6682,0.8748327290096732,0.4383303101277704,0.9421965646465902,0.4730191201642615,68507,0.5138615940833196,0.5162096580143286,0.7612200435729848,0.4708185272653917,-0.43852784824045227,0.03313262696025365,-0.4426644376242542,-0.007387401095556911,,0.950073951002841,0.5147407874084823
pooled,random__random_tracklets__s10__r0.3,random,random_tracklets,10,0.3,preregistered_descriptive,0.9117740142186423,-0.5953177025164063,199,0.29557587610338815,0.0,0,0,151,0.32154614138842647,0.3164563117022361,199,0.3164563117022361,39144,3550,89739,1244401,0.30103899980816157,0.03168091826981578,0.3016745699035576,0.6989817944162081,0.03174780476711285,0.0002506197179860241,0.03165211059064419,0.9990906930497958,4133687,130959,39507,0.30174057495437845,0.3016751090416609,2279,0.9000721819574569,0.09274193548387097,0.9024998206702552,122201,6885,6682,0.8748327290096732,0.2633587697405165,0.9421965646465902,0.28462836088416194,42819,0.32117943563509804,0.32154614138842647,0.5156136528685549,0.29557587610338815,-0.6137704994024558,0.040569190236227876,-0.6266126992042472,-0.009274193548386933,,0.9229641584838777,0.32034015981193126
pooled,random__random_tracklets__s10__r0.1,random,random_tracklets,10,0.1,preregistered_descriptive,0.9117740142186423,-0.8040386024803692,199,0.09883908416639793,0.0,0,0,151,0.10936946965104051,0.10773541173827318,199,0.10773541173827318,12873,1359,116010,417513,0.10100256744160842,0.03168091826981578,0.09731289945708199,0.8988767160796337,0.030523600462740084,-0.0022147845784104983,0.03181094319049646,1.0041042030276175,4133687,130959,12744,0.09731507925467059,0.09726597982013241,987,0.9000721819574569,0.09274193548387097,0.9024998206702552,122201,6885,6682,0.8748327290096732,0.08836035171192587,0.9421965646465902,0.09609703611442459,14189,0.10642973942003331,0.10936946965104051,0.19738562091503267,0.09883908416639793,-0.810507291339446,0.04365995025155259,-0.8384243591835348,-0.009274193548387016,,0.891480958517285,0.10533757995394996
pooled,random__random_nodes__s11__r0.9,random,random_nodes,11,0.9,preregistered_descriptive,0.9117740142186423,-0.16767689505249572,199,0.7277920971662297,0.07272727272727272,16,69,135,0.8972520692656349,0.7368243918934193,199,0.7440971191661466,99110,7296,29773,3720410,0.9000221835857432,0.03168091826981578,0.8993578142777511,0.09995607995347174,0.03165753236874431,-0.00040060905910919113,0.03189144326928428,1.0066451672162886,4133687,130959,117779,0.8089377337337665,0.8087986186692416,274,0.9000721819574569,0.09274193548387097,0.9024998206702552,122201,6885,6682,0.8748327290096732,0.7873688630355609,0.9421965646465902,0.84801542328595,119143,0.8936752726563555,0.8972520692656349,1.0596949891067537,0.735064824438957,-0.17428155106688692,0.00791687503544769,-0.17359230381228374,-0.002001466275659669,,0.9955944609668802,0.8110306683491127
pooled,random__random_nodes__s11__r0.8,random,random_nodes,11,0.8,preregistered_descriptive,0.9117740142186423,-0.3158319660219777,199,0.5780793703335908,0.050505050505050504,10,47,141,0.8093788903528729,0.5908915431461595,199,0.5959420481966646,78587,7062,50296,3307023,0.8000177565451859,0.03168091826981578,0.799341778724639,0.1999601271932542,0.03165414936636365,-0.0003056867050875526,0.031788005767760544,1.0033801892051466,4133687,130959,104681,0.6391437058616541,0.6389227584062324,510,0.9000721819574569,0.09274193548387097,0.9024998206702552,122201,6885,6682,0.8748327290096732,0.6998817172146213,0.9421965646465902,0.753785923044463,107156,0.8037624326797582,0.8093788903528728,1.0257080610021787,0.5831298753840959,-0.3262165001217481,0.014379870412169482,-0.3259881479362652,-0.004223688497882017,,0.9868400812915437,0.6431017312078013
pooled,random__random_nodes__s11__r0.7,random,random_nodes,11,0.7,preregistered_descriptive,0.9117740142186423,-0.4478078451528011,199,0.4459469455992662,0.03804347826086957,7,33,144,0.7188357981476118,0.4601618212397543,199,0.46396616906584126,60284,6299,68599,2893670,0.7000215546073033,0.03168091826981578,0.6984476057392008,0.2999269498202226,0.031609685969720115,-0.000621268770922541,0.031847144031089895,1.0052468732079805,4133687,130959,91468,0.4874755525732195,0.4872955213132462,736,0.9000721819574569,0.09274193548387097,0.9024998206702552,122201,6885,6682,0.8748327290096732,0.6124017669827012,0.9421965646465902,0.6595723750443233,94815,0.7111942873430445,0.7188357981476117,0.9148874364560639,0.44975129342535314,-0.4595950820804908,0.01964406073871333,-0.46198206016921434,-0.005469845722300082,,0.9733845224578199,0.49331427161039737
pooled,random__random_nodes__s11__r0.5,random,random_nodes,11,0.5,preregistered_descriptive,0.9117740142186423,-0.6636828384846073,199,0.2348361520605348,0.011976047904191617,2,16,149,0.527150057923941,0.2468935709436159,199,0.24809117573403505,31159,3801,97724,2066891,0.500011490952266,0.03168091826981578,0.4978962881512534,0.4999193050339668,0.03154689821572594,-0.0007651941553324295,0.03181494448411938,1.0042305028270375,4133687,130959,65204,0.2481321756777768,0.24799306061325194,854,0.9000721819574569,0.09274193548387097,0.9024998206702552,122201,6885,6682,0.8748327290096732,0.4374264171659665,0.9421965646465902,0.4711188091781585,69212,0.5191497022157548,0.527150057923941,0.5520697167755991,0.23603375685095396,-0.67331261865489,0.027606504125358033,-0.6832127538519975,-0.00807658875796785,,0.9404037678247091,0.2549809570762609
pooled,random__random_nodes__s11__r0.3,random,random_nodes,11,0.3,preregistered_descriptive,0.9117740142186423,-0.8157868714573321,199,0.08903468385512585,0.0064516129032258064,1,4,150,0.3254836515355077,0.09534198147098764,199,0.09598714276131022,11603,1437,117280,1240193,0.30002102239477735,0.03168091826981578,0.3004299055429562,0.6999923552137443,0.03172409455625052,0.00016138772714317258,0.03166241229461682,0.9994158636741096,4133687,130959,39344,0.09065392263565765,0.09061300644020916,530,0.9000721819574569,0.09274193548387097,0.9024998206702552,122201,6885,6682,0.8748327290096732,0.26246820978189533,0.9421965646465902,0.282697043455033,42717,0.3204143476499797,0.3254836515355076,0.20871459694989106,0.08967984514544843,-0.8196665303603955,0.03367912256426545,-0.8408369617635332,-0.008629032258064412,,0.9074146868934823,0.09495332519242118
pooled,random__random_nodes__s11__r0.1,random,random_nodes,11,0.1,preregistered_descriptive,0.9117740142186423,-0.9003421409185096,199,0.010485527182547371,0.0,0,0,151,0.11116028355716118,0.01143187330013278,199,0.01143187330013278,1353,152,127530,413453,0.10002039341633752,0.03168091826981578,0.09955787689276796,0.8999644742285761,0.03153441866427381,-0.00027884077085746063,0.03169719969227742,1.0005139188934793,4133687,130959,13038,0.010409080122093926,0.01040089688300423,82,0.9000721819574569,0.09274193548387097,0.9024998206702552,122201,6885,6682,0.8748327290096732,0.0875011137290357,0.9421965646465902,0.09425399521340619,14514,0.10886751976477295,0.11116028355716119,0.02207697893972404,0.010485527182547371,-0.8988608483232966,0.03986882112834501,-0.9309367684984676,-0.00927419354838699,,0.8830545917882562,0.011071787584421174
pooled,random__random_tracklets__s11__r0.9,random,random_tracklets,11,0.9,preregistered_descriptive,0.9117740142186423,-0.07743896651405469,199,0.8170877306762573,0.07239819004524888,16,70,135,0.8965149443869398,0.8270952287000628,199,0.8343350477045877,110869,6805,18014,3724027,0.9008971893614587,0.03168091826981578,0.8998159729380951,0.09906743600864211,0.031642896251826313,-0.0006545181098640299,0.032026558609578676,1.0109100480238353,4133687,130959,117839,0.8995834731303345,0.8995180072176169,947,0.9000721819574569,0.09274193548387097,0.9024998206702552,122201,6885,6682,0.8748327290096732,0.7881343467262292,0.9421965646465902,0.8496203589852396,119178,0.8939378028473275,0.89651494438694,0.9883805374001452,0.8243275496807821,-0.08501882582506182,0.008202731008428943,-0.08360732297862172,-0.0020343745438619054,,0.9922102810455337,0.9072651909258639
pooled,random__random_tracklets__s11__r0.8,random,random_tracklets,11,0.8,preregistered_descriptive,0.9117740142186423,-0.1569620269597406,199,0.7327801747980971,0.059113300492610835,12,52,139,0.8034101431529728,0.7489006572096407,199,0.7548119872589018,99354,6702,29529,3311091,0.8010018658887332,0.03168091826981578,0.8004108155987751,0.19897879646081373,0.031657541275670165,-0.00026777671173259707,0.03177501470952934,1.0029701298084914,4133687,130959,104821,0.800026186365087,0.7999361707351004,1601,0.9000721819574569,0.09274193548387097,0.9024998206702552,122201,6885,6682,0.8748327290096732,0.7007426482772807,0.9421965646465902,0.7555601627626652,107167,0.8038449421683493,0.8034101431529729,0.9734204793028323,0.7386915048473581,-0.17065487065848584,0.01572520049219739,-0.16932436395281203,-0.0033628634991259565,,0.9834766413125592,0.8130661698518398
pooled,random__random_tracklets__s11__r0.7,random,random_tracklets,11,0.7,preregistered_descriptive,0.9117740142186423,-0.23771843111038093,199,0.6491156754199895,0.043010752688172046,8,35,143,0.7153743191807712,0.6697545078394442,199,0.6740555831082614,87826,6418,41057,2897585,0.7009686509888146,0.03168091826981578,0.7005245916660939,0.2990168205283996,0.031660848603233385,-0.00017543771806546217,0.031727964197129366,1.0014849925407119,4133687,130959,91740,0.7003297845353148,0.7001824862317002,2263,0.9000721819574569,0.09274193548387097,0.9024998206702552,122201,6885,6682,0.8748327290096732,0.6132303178947738,0.9421965646465902,0.6612457750818217,95037,0.7128594788400666,0.7153743191807713,0.9321713870733479,0.6534167506888067,-0.2559296248170373,0.0224478037995674,-0.2551931166303784,-0.004973118279569921,,0.973886207135605,0.7187703890174014
pooled,random__random_tracklets__s11__r0.5,random,random_tracklets,11,0.5,preregistered_descriptive,0.9117740142186423,-0.4103788395627609,199,0.4763587037533912,0.006211180124223602,1,10,150,0.518673666174005,0.5007740566434591,199,0.5013951746558815,63914,5289,64969,2070868,0.5009735860504194,0.03168091826981578,0.501370657992196,0.49903940512570427,0.03170602858318348,0.00014364471570574362,0.03165570997746288,0.9992043067647782,4133687,130959,65659,0.5009124311585011,0.5007978658112454,2716,0.9000721819574569,0.09274193548387097,0.9024998206702552,122201,6885,6682,0.8748327290096732,0.43826808944625073,0.9421965646465902,0.47295167887104556,69576,0.5218800162018632,0.518673666174005,0.7681917211328976,0.47697982176581355,-0.4323665537400304,0.03331685484954375,-0.4350426188763399,-0.008653075535964727,,0.9517377609320031,0.5230796953915543
pooled,random__random_tracklets__s11__r0.3,random,random_tracklets,11,0.3,preregistered_descriptive,0.9117740142186423,-0.5934390855833245,199,0.29732240643528834,0.0,0,2,151,0.32450498135141376,0.3183349286353179,199,0.3183349286353179,39364,3512,89519,1244318,0.301018920881044,0.03168091826981578,0.3034003008575203,0.6990589917676144,0.03193154804479241,0.0009390500191250824,0.03157298358222851,0.9965930694726702,4133687,130959,39733,0.3032462909468826,0.3032299244687032,2309,0.9000721819574569,0.09274193548387097,0.9024998206702552,122201,6885,6682,0.8748327290096732,0.2633412040379106,0.9421965646465902,0.28458800293117287,43029,0.3227546167809298,0.3245049813514138,0.5100944081336238,0.29732240643528834,-0.6120239690705556,0.04061408668326408,-0.6247789787182015,-0.009274193548386989,,0.922706869595989,0.32215200357061363
pooled,random__random_tracklets__s11__r0.1,random,random_tracklets,11,0.1,preregistered_descriptive,0.9117740142186423,-0.8036459142435128,199,0.09919101434355385,0.0,0,0,151,0.11160146472843842,0.10812809997512947,199,0.10812809997512947,12911,1280,115972,417652,0.1010361935966608,0.03168091826981578,0.09782450996113287,0.8988587283472672,0.030673862450078054,-0.0019275817363993272,0.03179410312335594,1.0035726506591822,4133687,130959,12811,0.09764240881825845,0.09763422557916875,980,0.9000721819574569,0.09274193548387097,0.9024998206702552,122201,6885,6682,0.8748327290096732,0.08838976897291644,0.9421965646465902,0.09611373206855608,14223,0.10668476874840607,0.11160146472843842,0.1859114015976761,0.09919101434355385,-0.8101553611622901,0.04362276770777259,-0.8379944884028985,-0.00927419354838696,,0.8909366519500175,0.10565697845218203
pooled,random__random_nodes__s12__r0.9,random,random_nodes,12,0.9,preregistered_descriptive,0.9117740142186423,-0.16790118441766733,199,0.7282183701464946,0.06607929515418502,15,76,136,0.8975713413337332,0.7372649002855565,199,0.743872829800975,99270,7436,29613,3720410,0.9000221835857432,0.03168091826981578,0.8997167052283539,0.09996782194543322,0.03167016538499789,-0.00018420085916038046,0.03177771809222386,1.0030554613847888,4133687,130959,117826,0.8102306855099386,0.8100670207281446,279,0.9000721819574569,0.09274193548387097,0.9024998206702552,122201,6885,6682,0.8748327290096732,0.7873688630355609,0.9421965646465902,0.84801542328595,119231,0.894335348565085,0.8975713413337332,1.0800290486564996,0.7348262996619132,-0.1745200758439308,0.007918447557117736,-0.17315336794181652,-0.002666264032968546,,0.9973504929182705,0.8123498263329492
pooled,random__random_nodes__s12__r0.8,random,random_nodes,12,0.8,preregistered_descriptive,0.9117740142186423,-0.31460038529146905,199,0.5788335503232782,0.05527638190954774,11,48,140,0.8093783376460787,0.5916459907362185,199,0.5971736289271733,78693,7068,50190,3307023,0.8000177565451859,0.03168091826981578,0.7992196030818806,0.19995612991939496,0.03164931117805954,-0.0003609362540247622,0.03180736066890538,1.003991121659187,4133687,130959,104665,0.6396183337288566,0.6394301192297935,554,0.9000721819574569,0.09274193548387097,0.9024998206702552,122201,6885,6682,0.8748327290096732,0.6998817172146213,0.9421965646465902,0.753785923044463,107160,0.8037924361301549,0.8093783376460787,1.0265795206971677,0.584361188514233,-0.32498518699161094,0.014389263065866575,-0.32524309299990356,-0.0037465553574320687,,0.986364321222383,0.6439512603784966
pooled,random__random_nodes__s12__r0.7,random,random_nodes,12,0.7,preregistered_descriptive,0.9117740142186423,-0.44572606364277817,199,0.4479586096636665,0.03804347826086957,7,33,144,0.7186468452482435,0.4622436027497772,199,0.4660479505758642,60521,6221,68362,2893670,0.7000215546073033,0.03168091826981578,0.6989363083102345,0.29994293891565954,0.031631803211838255,-0.00042836819339691745,0.03179553183545064,1.0036177475873247,4133687,130959,91532,0.48903036800026184,0.4888748864575576,780,0.9000721819574569,0.09274193548387097,0.9024998206702552,122201,6885,6682,0.8748327290096732,0.6124017669827012,0.9421965646465902,0.6595723750443233,94851,0.7114643183966156,0.7186468452482435,0.9035584604212055,0.4517629574897535,-0.4575834180160905,0.019672139504915115,-0.4599283574253933,-0.005469845722300026,,0.9728228796891695,0.4952601054741819
pooled,random__random_nodes__s12__r0.5,random,random_nodes,12,0.5,preregistered_descriptive,0.9117740142186423,-0.6604046140586992,199,0.23616411494079492,0.030864197530864196,5,11,146,0.5251460109375706,0.24828298040685667,199,0.2513694001599431,31313,3707,97570,2066891,0.500011490952266,0.03168091826981578,0.497735932620133,0.4999140586120266,0.03153673802827532,-0.0008232042502178154,0.03182510513858165,1.0045512212599987,4133687,130959,65183,0.24935966154123124,0.24927782915033428,851,0.9000721819574569,0.09274193548387097,0.9024998206702552,122201,6885,6682,0.8748327290096732,0.4374264171659665,0.9421965646465902,0.4711188091781585,69169,0.5188271651239893,0.5251460109375706,0.5384168482207697,0.23925053469388136,-0.6700958408119626,0.02764217850016358,-0.6818590187635624,-0.006187773795300527,,0.9377882345369619,0.2562342209571641
pooled,random__random_nodes__s12__r0.3,random,random_nodes,12,0.3,preregistered_descriptive,0.9117740142186423,-0.8173159197274451,199,0.08761185553560191,0.00641025641025641,1,5,150,0.32261943187782294,0.09381706885017158,199,0.09445809449119721,11416,1419,117467,1240193,0.30002102239477735,0.03168091826981578,0.29779549324597776,0.6999061639961546,0.03144591204756034,-0.0008784247837441999,0.03178164530494965,1.003179422839831,4133687,130959,38999,0.08899272510044925,0.08898454186135957,542,0.9000721819574569,0.09274193548387097,0.9024998206702552,122201,6885,6682,0.8748327290096732,0.26246820978189533,0.9421965646465902,0.282697043455033,42368,0.31779654660285933,0.32261943187782294,0.20610021786492375,0.08825288117662755,-0.8210934943292164,0.03363224134337806,-0.8423149931634618,-0.008633167907361364,,0.9072934715948523,0.09342172345752396
pooled,random__random_nodes__s12__r0.1,random,random_nodes,12,0.1,preregistered_descriptive,0.9117740142186423,-0.9003682465127105,199,0.010461547999132079,0.0,0,0,151,0.11166896120838227,0.011405767705931862,199,0.011405767705931862,1350,161,127533,413453,0.10002039341633752,0.03168091826981578,0.09985568002199162,0.899974217583608,0.031628746193642324,-9.930198708469324e-05,0.0316867164807375,1.0001830190296992,4133687,130959,13077,0.010278148296658783,0.010278148296658783,94,0.9000721819574569,0.09274193548387097,0.9024998206702552,122201,6885,6682,0.8748327290096732,0.0875011137290357,0.9421965646465902,0.09425399521340619,14552,0.1091525525435425,0.1116689612083823,0.023384168482207698,0.010461547999132079,-0.8988848275067118,0.03986760233358116,-0.9309616552979046,-0.009274193548386989,,0.8831161835372088,0.01104727475196402
pooled,random__random_tracklets__s12__r0.9,random,random_tracklets,12,0.9,preregistered_descriptive,0.9117740142186423,-0.0767739125351975,199,0.8195461578133059,0.05357142857142857,12,73,139,0.8957466132708708,0.829642958826302,199,0.8350001016834449,111237,6847,17646,3724494,0.9010101635658433,0.03168091826981578,0.9027329164089524,0.09904620049126496,0.031741492938369614,0.0010434039163814488,0.031129564777501083,0.9825966694645968,4133687,130959,118221,0.9032413810034288,0.9032250145252494,862,0.9000721819574569,0.09274193548387097,0.9024998206702552,122201,6885,6682,0.8748327290096732,0.7882331802577587,0.9421965646465902,0.8498213891824301,119546,0.8966981202838327,0.8957466132708708,0.994480755265069,0.8249033006704487,-0.08444307483539526,0.008184953451869093,-0.08104181529582255,-0.0039170506912440395,,0.9946110813310497,0.9103670799479443
pooled,random__random_tracklets__s12__r0.8,random,random_tracklets,12,0.8,preregistered_descriptive,0.9117740142186423,-0.1592094392972817,199,0.731865733812048,0.045454545454545456,9,47,142,0.7992345971643057,0.7480191203759061,199,0.7525645749213606,99271,6758,29612,3311042,0.8009900120642903,0.03168091826981578,0.7987767163768813,0.19893757457414044,0.03159337755304825,-0.0010027163263614106,0.03203325857447623,1.0111215306848016,4133687,130959,104607,0.799109663587041,0.7989459988052471,1639,0.9000721819574569,0.09274193548387097,0.9024998206702552,122201,6885,6682,0.8748327290096732,0.7007322781636941,0.9421965646465902,0.7555460132495859,107089,0.8032598748856118,0.7992345971643057,0.9815541031227306,0.7364111883575025,-0.17293518714834144,0.015693555491473832,-0.17017425578582318,-0.004728739002932358,,0.9853846674319938,0.8124596214540538
pooled,random__random_tracklets__s12__r0.7,random,random_tracklets,12,0.7,preregistered_descriptive,0.9117740142186423,-0.24742424279319886,199,0.6400257124491108,0.03910614525139665,7,28,144,0.7067993715335257,0.6604391569003039,199,0.6643497714254435,86623,6460,42260,2897736,0.7010051801212815,0.03168091826981578,0.6910941592406784,0.298670556680344,0.031233003972756662,-0.003915755628702813,0.03273107105378773,1.033147801305131,4133687,130959,90505,0.6910172584512402,0.6908290439521771,2203,0.9000721819574569,0.09274193548387097,0.9024998206702552,122201,6885,6682,0.8748327290096732,0.6132622747754183,0.9421965646465902,0.6613764893058278,93814,0.7036859238812463,0.7067993715335257,0.9382716049382716,0.6439363269742504,-0.26541004853159356,0.022293374851345915,-0.2643540386212973,-0.005363579023247467,,0.9746192347043925,0.7090017131258904
pooled,random__random_tracklets__s12__r0.5,random,random_tracklets,12,0.5,preregistered_descriptive,0.9117740142186423,-0.42598987893261775,199,0.46088258072203026,0.012422360248447204,2,10,149,0.5048235737873926,0.48454189926117985,199,0.4857841352860246,61891,5405,66992,2071175,0.5010478538892761,0.03168091826981578,0.48559472812101495,0.4984465594464575,0.0307038275375089,-0.0055903232908221575,0.03266211299619105,1.0309711580333234,4133687,130959,63593,0.4847341674781712,0.48460323565273605,2672,0.9000721819574569,0.09274193548387097,0.9024998206702552,122201,6885,6682,0.8748327290096732,0.4383330613823954,0.9421965646465902,0.4730469410027656,67554,0.506713272026283,0.5048235737873926,0.785039941902687,0.462124816746875,-0.44722155875896896,0.03291343765750612,-0.4508713590665817,-0.008031957523542133,,0.951923529713839,0.5065686295473565
pooled,random__random_tracklets__s12__r0.3,random,random_tracklets,12,0.3,preregistered_descriptive,0.9117740142186423,-0.6081171701603367,199,0.28359615979245384,0.0,0,2,151,0.3093674867065228,0.30365684405830556,199,0.30365684405830556,37604,3714,91279,1244001,0.30094223389434177,0.03168091826981578,0.28955627333745676,0.6986852466617767,0.03048229060909115,-0.004490153705146896,0.03219692381802037,1.0162875818121793,4133687,130959,37920,0.2885982929763259,0.2885164605854289,2347,0.9000721819574569,0.09274193548387097,0.9024998206702552,122201,6885,6682,0.8748327290096732,0.2632741157520544,0.9421965646465902,0.2845370290190531,41319,0.3099281417362997,0.3093674867065228,0.5394335511982571,0.28359615979245384,-0.6257502157133901,0.04013902470702965,-0.6389820013189794,-0.009274193548386989,,0.9241014510527985,0.3077623685698764
pooled,random__random_tracklets__s12__r0.1,random,random_tracklets,12,0.1,preregistered_descriptive,0.9117740142186423,-0.8025318394543398,199,0.1002163937445326,0.0,0,0,151,0.09801186124518728,0.10924217476430258,199,0.10924217476430258,13060,1435,115823,417339,0.10096047426909681,0.03168091826981578,0.09827503264380455,0.8989516649644942,0.03083823941687693,-0.0016122792623317456,0.03177554954487578,1.0029870117480197,4133687,130959,12870,0.09802702105547417,0.09802702105547417,1081,0.9000721819574569,0.09274193548387097,0.9024998206702552,122201,6885,6682,0.8748327290096732,0.08832352722694485,0.9421965646465902,0.09598800731040034,14425,0.10819994299344425,0.09801186124518728,0.2084241103848947,0.1002163937445326,-0.8091299817613113,0.04369920422474407,-0.8369568501306969,-0.009274193548386975,,0.8919948686495403,0.10687238044767018
pooled,random__random_nodes__s13__r0.9,random,random_nodes,13,0.9,preregistered_descriptive,0.9117740142186423,-0.16434340611319387,199,0.7302582321593728,0.08108108108108109,18,71,133,0.8986298822589612,0.7393224999973403,199,0.7474306081054485,99486,7351,29397,3720410,0.9000221835857432,0.03168091826981578,0.9007933780801625,0.10000304792131766,0.03170806443375865,0.0004650237406860517,0.03143654256104259,0.9922863438902899,4133687,130959,117967,0.8117036685460839,0.8116545691115458,301,0.9000721819574569,0.09274193548387097,0.9024998206702552,122201,6885,6682,0.8748327290096732,0.7873688630355609,0.9421965646465902,0.84801542328595,119400,0.8956029943443496,0.8986298822589615,1.067683369644154,0.7383663402674809,-0.17098003523836303,0.007928787117205238,-0.17110610779012025,-0.0011660854402788523,,0.9950766776472326,0.8141090330315203
pooled,random__random_nodes__s13__r0.8,random,random_nodes,13,0.8,preregistered_descriptive,0.9117740142186423,-0.3150123804113124,199,0.5785905467807877,0.05365853658536585,11,54,140,0.8102458912168656,0.5913957801487933,199,0.5967616338073299,78686,7113,50197,3307023,0.8000177565451859,0.03168091826981578,0.8001664643132583,0.19998710879180398,0.03168680713741634,6.724775023861204e-05,0.03165736018503285,0.9992563951403715,4133687,130959,104789,0.6397901817497402,0.6396183337288566,524,0.9000721819574569,0.09274193548387097,0.9024998206702552,122201,6885,6682,0.8748327290096732,0.6998817172146213,0.9421965646465902,0.753785923044463,107307,0.8048950629322372,0.8102458912168656,1.033115468409586,0.5839564004393243,-0.3253899750665197,0.014387128596921095,-0.325491169118383,-0.0039083398898505095,,0.9868669550011613,0.6438919883458776
pooled,random__random_nodes__s13__r0.7,random,random_nodes,13,0.7,preregistered_descriptive,0.9117740142186423,-0.44325692841236086,199,0.44880543549055596,0.05405405405405406,10,34,141,0.719691117497996,0.4631116804008761,199,0.4685170858062815,60639,6229,68244,2893670,0.7000215546073033,0.03168091826981578,0.6996006383677335,0.29996467409226907,0.031661868837842604,-0.00016614397082302285,0.03172537150700353,1.001403154946746,4133687,130959,91619,0.49005327288647393,0.48992234106103877,770,0.9000721819574569,0.09274193548387097,0.9024998206702552,122201,6885,6682,0.8748327290096732,0.6124017669827012,0.9421965646465902,0.6595723750443233,94989,0.7124994374353051,0.719691117497996,0.904720406681191,0.45421084089596137,-0.4551355346098826,0.019685730805400425,-0.45907387107477965,-0.0038687881429816384,,0.9711649667732432,0.49621956821487084
pooled,random__random_nodes__s13__r0.5,random,random_nodes,13,0.5,preregistered_descriptive,0.9117740142186423,-0.6615519433176182,199,0.23741711874623267,0.006211180124223602,1,10,150,0.5311917299019542,0.2496009528886017,199,0.25022207090102405,31510,3837,97373,2066891,0.500011490952266,0.03168091826981578,0.5009048633541795,0.5000177379027503,0.03173752268503757,0.0003231857201362404,0.03162431125277967,0.998213214132431,4133687,130959,65598,0.25058714740468574,0.25050531501378875,898,0.9000721819574569,0.09274193548387097,0.9024998206702552,122201,6885,6682,0.8748327290096732,0.4374264171659665,0.9421965646465902,0.4711188091781585,69725,0.5229976447291439,0.5311917299019542,0.5572984749455338,0.23803823675865504,-0.6713081387471889,0.027672337991916485,-0.6805712057735701,-0.008653075535964644,,0.9412544514736069,0.25784696396912643
pooled,random__random_nodes__s13__r0.3,random,random_nodes,13,0.3,preregistered_descriptive,0.9117740142186423,-0.8165696363233276,199,0.0889059383151757,0.0,0,2,151,0.32860305872643025,0.09520437789531477,199,0.09520437789531477,11588,1457,117295,1240193,0.30002102239477735,0.03168091826981578,0.3010407837567483,0.7000123415830404,0.031788600645222154,0.0004025036716967662,0.03163476406033674,0.9985431543023481,4133687,130959,39424,0.0900565461821098,0.09003199646484071,586,0.9000721819574569,0.09274193548387097,0.9024998206702552,122201,6885,6682,0.8748327290096732,0.26246820978189533,0.9421965646465902,0.282697043455033,42852,0.3214269641008716,0.32860305872643025,0.21161946259985476,0.0889059383151757,-0.8204404371906683,0.03367444981054379,-0.8409698925854844,-0.009274193548386989,,0.9081965762949624,0.09483083385186566
pooled,random__random_nodes__s13__r0.1,random,random_nodes,13,0.1,preregistered_descriptive,0.9117740142186423,-0.9006371291372159,199,0.010214362106111567,0.0,0,0,151,0.111615006103706,0.011136885081426405,199,0.011136885081426405,1318,151,127565,413453,0.10002039341633752,0.03168091826981578,0.10012293924052566,0.899982961620175,0.03171339910461407,6.182256245496981e-05,0.031677308470381166,0.999886057613486,4133687,130959,13112,0.009991734928519406,0.009991734928519406,97,0.9000721819574569,0.09274193548387097,0.9024998206702552,122201,6885,6682,0.8748327290096732,0.0875011137290357,0.9421965646465902,0.09425399521340619,14631,0.10974512068887922,0.11161500610370603,0.021931735657225854,0.010214362106111567,-0.8991320133997324,0.03985401426059971,-0.9312169498494287,-0.009274193548386989,,0.8830477482605947,0.01078600743213583
pooled,random__random_tracklets__s13__r0.9,random,random_tracklets,13,0.9,preregistered_descriptive,0.9117740142186423,-0.07589983073817352,199,0.8176820010907536,0.08071748878923767,18,72,133,0.8985298853489866,0.827802434601545,199,0.8358741834804688,110948,6803,17935,3724703,0.9010607237558141,0.03168091826981578,0.9011522690307654,0.09894227137092503,0.031684136963403525,5.54579963029792e-05,0.03165160495276099,0.9990747327206508,4133687,130959,118014,0.900999173492852,0.900917341101955,855,0.9000721819574569,0.09274193548387097,0.9024998206702552,122201,6885,6682,0.8748327290096732,0.7882774119667302,0.9421965646465902,0.8499517693453318,119265,0.8945903778934577,0.8985298853489866,0.9880900508351489,0.8257537499696774,-0.08359262553616653,0.008156841975557216,-0.08285422804426745,-0.0012024446694632873,,0.9913302271572203,0.9080707297180022
pooled,random__random_tracklets__s13__r0.8,random,random_tracklets,13,0.8,preregistered_descriptive,0.9117740142186423,-0.15247443508712044,199,0.7359859730806916,0.07142857142857142,14,45,137,0.806714441752222,0.7521567219886648,199,0.7592995791315219,99902,6856,28981,3311327,0.8010589577778869,0.03168091826981578,0.8036942859979077,0.19902726340635687,0.031785142331156056,0.0011940703460790799,0.0312612481151807,0.9867532199963115,4133687,130959,105251,0.8037659266290783,0.803667727760002,1693,0.9000721819574569,0.09274193548387097,0.9024998206702552,122201,6885,6682,0.8748327290096732,0.7007925941304733,0.9421965646465902,0.7556730690609795,107800,0.8085929881936422,0.806714441752222,0.9957879448075526,0.7431288302235487,-0.16621754528229526,0.01573738776061323,-0.1660804864422038,-0.002131336405529871,,0.9832794924584025,0.817548980113485
pooled,random__random_tracklets__s13__r0.7,random,random_tracklets,13,0.7,preregistered_descriptive,0.9117740142186423,-0.23533150584568185,199,0.6517487582781457,0.03977272727272727,7,25,144,0.7228056394656056,0.6724652356456877,199,0.6764425083729605,88179,6413,40704,2897602,0.7009727635401519,0.03168091826981578,0.7029299246329004,0.2990912697540278,0.031769373433618554,0.0007732327919091025,0.03147356371123345,0.9934549069311577,4133687,130959,92055,0.703046619913094,0.7029320545658383,2280,0.9000721819574569,0.09274193548387097,0.9024998206702552,122201,6885,6682,0.8748327290096732,0.6132339156892834,0.9421965646465902,0.6613523386150294,95396,0.715552288513179,0.7228056394656056,0.931445170660857,0.6557260310054185,-0.2536203445004255,0.022485441781236404,-0.25252002680580404,-0.005296920821114215,,0.97419988522891,0.7216544469086851
pooled,random__random_tracklets__s13__r0.5,random,random_tracklets,13,0.5,preregistered_descriptive,0.9117740142186423,-0.41088131162075225,199,0.4746405423526782,0.019230769230769232,3,5,148,0.5278495845376809,0.4989696256748132,199,0.5008927025978901,63711,5347,65172,2070872,0.5009745537095576,0.03168091826981578,0.4987896975389244,0.4989539633969633,0.03154275107297795,-0.0007903934064632776,0.03181962512392047,1.0043782460130533,4133687,130959,65321,0.49881752195153883,0.4986947733651934,2770,0.9000721819574569,0.09274193548387097,0.9024998206702552,122201,6885,6682,0.8748327290096732,0.43826893598613537,0.9421965646465902,0.47291690375381185,69354,0.520214824704841,0.5278495845376808,0.7766158315177923,0.47656361927575513,-0.4327827562300888,0.033285498744613895,-0.4368156937400561,-0.007351116625310072,,0.9507719391394512,0.5214110346301893
pooled,random__random_tracklets__s13__r0.3,random,random_tracklets,13,0.3,preregistered_descriptive,0.9117740142186423,-0.5942109248459112,199,0.2953664167056445,0.013245033112582781,2,0,149,0.32643367424958064,0.31623858606147287,199,0.31756308937273114,39152,3671,89731,1243933,0.3009257836889924,0.03168091826981578,0.3018120175016608,0.6991032116096823,0.031774219351042216,0.00034949954030173686,0.03164075557988673,0.9987322750689547,4133687,130959,39525,0.3017978576280063,0.30174057495437845,2279,0.9000721819574569,0.09274193548387097,0.9024998206702552,122201,6885,6682,0.8748327290096732,0.26325972457401586,0.9421965646465902,0.2843827544803864,42855,0.3214494666886692,0.32643367424958053,0.5331880900508351,0.2966909200169028,-0.6126554554889412,0.04058200090641298,-0.6268432355151954,-0.00794969023712877,,0.9224433010059844,0.32040454933220863
pooled,random__random_tracklets__s13__r0.1,random,random_tracklets,13,0.1,preregistered_descriptive,0.9117740142186423,-0.8046772195792954,199,0.09824297689257694,0.0,0,0,151,0.10337329210162481,0.107096794639347,199,0.107096794639347,12810,1508,116073,417345,0.1009619257578041,0.03168091826981578,0.09653402973449705,0.898893204834303,0.030291485461668405,-0.0026583930599392448,0.03183695149692897,1.0049251485005677,4133687,130959,12642,0.09636582352026579,0.09635764028117609,1035,0.9000721819574569,0.09274193548387097,0.9024998206702552,122201,6885,6682,0.8748327290096732,0.08832479703677179,0.9421965646465902,0.09598638641304162,14220,0.10666226616060848,0.10337329210162481,0.21902687000726218,0.09824297689257694,-0.811103398613267,0.043589164861933545,-0.8389921908928419,-0.009274193548386989,,0.892498126800237,0.10483265273121284
pooled,random__random_nodes__s14__r0.9,random,random_nodes,14,0.9,preregistered_descriptive,0.9117740142186423,-0.16713207807501707,199,0.7281265374758593,0.07488986784140969,17,76,134,0.8976612220496304,0.7371529493594843,199,0.7446419361436253,99157,7298,29726,3720410,0.9000221835857432,0.03168091826981578,0.8998083369604227,0.09997081990082764,0.03167339083595625,-0.00012894770172664155,0.03174868187680418,1.0021389407469592,4133687,130959,117838,0.8093059794928028,0.8091995973846368,272,0.9000721819574569,0.09274193548387097,0.9024998206702552,122201,6885,6682,0.8748327290096732,0.7873688630355609,0.9421965646465902,0.84801542328595,119214,0.8942078339008986,0.8976612220496304,1.0599854756717502,0.7356155242600003,-0.17373085124584364,0.007919052260634496,-0.17326592357140547,-0.0017852067642460945,,0.9953710401110878,0.8114042317017705
pooled,random__random_nodes__s14__r0.8,random,random_nodes,14,0.8,preregistered_descriptive,0.9117740142186423,-0.31247150133257506,199,0.5792149879319479,0.07281553398058252,15,55,136,0.8101911141837796,0.592020959488009,199,0.5993025128860673,78713,7013,50170,3307023,0.8000177565451859,0.03168091826981578,0.7996624897868798,0.19997062003713467,0.031666849610661914,-0.00016065663912737745,0.03173719915225533,1.0017764915132894,4133687,130959,104723,0.6398720141406371,0.6397165325979329,539,0.9000721819574569,0.09274193548387097,0.9024998206702552,122201,6885,6682,0.8748327290096732,0.6998817172146213,0.9421965646465902,0.753785923044463,107200,0.8040924706341229,0.8101911141837796,1.0185911401597676,0.5864965413300062,-0.3228498341758378,0.014394833812529595,-0.3248736949947759,-0.0019926401503287394,,0.9840570799337595,0.6440986983184088
pooled,random__random_nodes__s14__r0.7,random,random_nodes,14,0.7,preregistered_descriptive,0.9117740142186423,-0.44138771063184423,199,0.45137655417406747,0.04639175257731959,9,43,142,0.7217139700908386,0.4657471283290662,199,0.4703863035867981,60990,6237,67893,2893670,0.7000215546073033,0.03168091826981578,0.7025481257492803,0.30006110832412297,0.03179526345436764,0.0009972876373783946,0.031414085452054284,0.9915774910471669,4133687,130959,92005,0.4933429350005319,0.493097437827841,733,0.9000721819574569,0.09274193548387097,0.9024998206702552,122201,6885,6682,0.8748327290096732,0.6124017669827012,0.9421965646465902,0.6595723750443233,95290,0.7147571970776639,0.7217139700908386,0.9058823529411765,0.4560157294317994,-0.45333064607404455,0.0197270336988265,-0.4564797260400157,-0.004635018290655046,,0.972043526192577,0.4990729729371145
pooled,random__random_nodes__s14__r0.5,random,random_nodes,14,0.5,preregistered_descriptive,0.9117740142186423,-0.6574845484347014,199,0.2395882818685669,0.024096385542168676,4,15,147,0.5327211246201381,0.2518798272297241,199,0.25428946578394096,31773,3732,97110,2066891,0.500011490952266,0.03168091826981578,0.5030811169908139,0.5000889393433678,0.031875410943296,0.0011104655792950498,0.03148641665650601,0.9938606068279566,4133687,130959,65883,0.2531321347615813,0.25302575265341526,853,0.9000721819574569,0.09274193548387097,0.9024998206702552,122201,6885,6682,0.8748327290096732,0.4374264171659665,0.9421965646465902,0.4711188091781585,69880,0.5241602784320197,0.5327211246201381,0.5420479302832244,0.24199792042278376,-0.6673484550830602,0.02772702899137028,-0.6783470224319017,-0.006864554994170047,,0.9386636423600059,0.25999526965383296
pooled,random__random_nodes__s14__r0.3,random,random_nodes,14,0.3,preregistered_descriptive,0.9117740142186423,-0.8138620029404453,199,0.09084211980293752,0.00641025641025641,1,5,150,0.3300120812721588,0.09727098563717144,199,0.09791201127819708,11838,1431,117045,1240193,0.30002102239477735,0.03168091826981578,0.30272069884467656,0.7000673040986047,0.03196599238989415,0.0010655725192191487,0.03155873141606653,0.9961432035300041,4133687,130959,39644,0.09226602073632785,0.09223328777996907,567,0.9000721819574569,0.09274193548387097,0.9024998206702552,122201,6885,6682,0.8748327290096732,0.26246820978189533,0.9421965646465902,0.282697043455033,43084,0.32316716422388575,0.3300120812721588,0.20784313725490197,0.09148314544396316,-0.8178632300618808,0.03374815134122115,-0.8389769863743051,-0.00863316790736135,,0.9073770276543075,0.09687000573017089
pooled,random__random_nodes__s14__r0.1,random,random_nodes,14,0.1,preregistered_descriptive,0.9117740142186423,-0.9000548350442032,199,0.010748771679660256,0.0,0,1,151,0.11281345794832505,0.011719179174439058,199,0.011719179174439058,1387,155,127496,413453,0.10002039341633752,0.03168091826981578,0.10120724807000664,0.9000184374256757,0.03205684805769943,0.0007155278777301742,0.03163913882836402,0.9986812427248497,4133687,130959,13254,0.010556378425708463,0.010556378425708463,97,0.9000721819574569,0.09274193548387097,0.9024998206702552,122201,6885,6682,0.8748327290096732,0.0875011137290357,0.9421965646465902,0.09425399521340619,14736,0.1105327112617951,0.11281345794832506,0.02251270878721859,0.010748771679660256,-0.8985976038261837,0.03987899441934813,-0.9306596359151644,-0.00927419354838699,,0.8830751223712403,0.011350307666343084
pooled,random__random_tracklets__s14__r0.9,random,random_tracklets,14,0.9,preregistered_descriptive,0.9117740142186423,-0.0710135269189126,199,0.823866984912777,0.06818181818181818,15,69,136,0.894716972171543,0.8339423054815479,199,0.8407604872997297,111835,6861,17048,3724646,0.9010469346130948,0.03168091826981578,0.9081239166456677,0.09918460609864073,0.03192974580671559,0.004286959646713014,0.02941514420314834,0.9284814269785173,4133687,130959,118927,0.908413188108117,0.9083722719126684,831,0.9000721819574569,0.09274193548387097,0.9024998206702552,122201,6885,6682,0.8748327290096732,0.7882653487733743,0.9421965646465902,0.8498240651861059,120194,0.9015586792481135,0.894716972171543,0.9965141612200435,0.8306851667309588,-0.07866120877488514,0.00820633453313191,-0.07676384972183936,-0.0024560117302051543,,0.9931141155629015,0.9151826481320472
pooled,random__random_tracklets__s14__r0.8,random,random_tracklets,14,0.8,preregistered_descriptive,0.9117740142186423,-0.14257013019723452,199,0.747954282172556,0.04854368932038835,10,55,141,0.8181843367264824,0.764349515089369,199,0.7692038840214078,101368,6644,27515,3310905,0.800956869738807,0.03168091826981578,0.8148199054665964,0.19949669325519995,0.032229254539166786,0.0062801470971179125,0.02947439297408062,0.9303515991252865,4133687,130959,106708,0.8155907071136898,0.8155497909182413,1707,0.9000721819574569,0.09274193548387097,0.9024998206702552,122201,6885,6682,0.8748327290096732,0.7007032841726459,0.9421965646465902,0.7554539775903597,109184,0.8189741820309335,0.8181843367264825,0.9649963689179375,0.7528086511045948,-0.15653772440124913,0.015884375054241007,-0.15403468063512737,-0.004419824616348156,,0.9841978856424238,0.8294794147997943
pooled,random__random_tracklets__s14__r0.7,random,random_tracklets,14,0.7,preregistered_descriptive,0.9117740142186423,-0.2238242401289856,199,0.662705680777525,0.0427807486631016,8,36,143,0.7305317601038506,0.6836716992233466,199,0.6879497740896567,89733,6521,39150,2897217,0.7008796263481004,0.03168091826981578,0.714834413824174,0.29957693852792394,0.032311697743041,0.005512748084868163,0.030202916366753742,0.9533472517913024,4133687,130959,93614,0.7152478293958314,0.7151496305267551,2341,0.9000721819574569,0.09274193548387097,0.9024998206702552,122201,6885,6682,0.8748327290096732,0.6131524362253887,0.9421965646465902,0.6613099111062253,97020,0.7277336893742781,0.7305317601038506,0.9471314451706608,0.6669837556438352,-0.2423626198620088,0.02266888243833054,-0.2414970038852392,-0.004996118682076944,,0.974653431755113,0.7342655090197366
pooled,random__random_tracklets__s14__r0.5,random,random_tracklets,14,0.5,preregistered_descriptive,0.9117740142186423,-0.38871194347885407,199,0.4958566312513495,0.01875,3,9,148,0.5464584934500439,0.5211870707397883,199,0.5230620707397883,66599,5428,62284,2070878,0.5009760051982649,0.03168091826981578,0.5218045342435419,0.4997054508824981,0.032998081007186326,0.007534927167386077,0.0303586032444109,0.9582614678607745,4133687,130959,68335,0.5225898315071071,0.5224098002471338,2760,0.9000721819574569,0.09274193548387097,0.9024998206702552,122201,6885,6682,0.8748327290096732,0.4382702057959623,0.9421965646465902,0.4727789999529392,72358,0.5427474159528346,0.546458493450044,0.7883805374001452,0.4977316312513495,-0.41161474425449446,0.03384231872421117,-0.4151550686546781,-0.00739919354838714,,0.9513998711268848,0.5449586208867814
pooled,random__random_tracklets__s14__r0.3,random,random_tracklets,14,0.3,preregistered_descriptive,0.9117740142186423,-0.5835954929608234,199,0.30654357860439857,0.0,0,3,151,0.3392793734236778,0.32817852125781904,199,0.32817852125781904,40644,3705,88239,1244475,0.30105690150221825,0.03168091826981578,0.3142815690406921,0.6993757757209583,0.033072580807167684,0.005214698384756986,0.031081485193886777,0.9810790498298113,4133687,130959,41158,0.31450642793430494,0.3144000458261389,2224,0.9000721819574569,0.09274193548387097,0.9024998206702552,122201,6885,6682,0.8748327290096732,0.26337443072838196,0.9421965646465902,0.2845484925548145,44417,0.3331658140686179,0.3392793734236778,0.5381263616557734,0.30654357860439857,-0.6028027969014453,0.04098544637545931,-0.6153067457878957,-0.009274193548386989,,0.9240303669516775,0.3325900000378857
pooled,random__random_tracklets__s14__r0.1,random,random_tracklets,14,0.1,preregistered_descriptive,0.9117740142186423,-0.7825224728308559,199,0.11857613427827729,0.0,0,1,151,0.12591502656089157,0.12925154138778652,199,0.12925154138778652,15443,1354,113440,417716,0.10105167614287197,0.03168091826981578,0.11796058308325506,0.8995015399497542,0.036982064369092876,0.010147663213468857,0.03108501115859085,0.9811903459947154,4133687,130959,15448,0.11858331764879175,0.11856695117061235,954,0.9000721819574569,0.09274193548387097,0.9024998206702552,122201,6885,6682,0.8748327290096732,0.08840331361107037,0.9421965646465902,0.09613409307981942,16835,0.1262770218575136,0.12591502656089157,0.19665940450254177,0.11857613427827729,-0.7907702412275667,0.0444928809158566,-0.8177411601983254,-0.009274193548386989,,0.8914574096241948,0.12637149389943067
pooled,random__random_nodes__s15__r0.9,random,random_nodes,15,0.9,preregistered_descriptive,0.9117740142186423,-0.1660463141463625,199,0.7276844369086679,0.09009009009009009,20,71,131,0.8970138526723996,0.7367186910632708,199,0.7457277000722798,99139,7356,29744,3720410,0.9000221835857432,0.03168091826981578,0.8994265380768026,0.09995832842001755,0.03165995145696308,-0.00035916919103388695,0.03186966610771952,1.0059577767379162,4133687,130959,117788,0.8091914141455471,0.8089950164073944,279,0.9000721819574569,0.09274193548387097,0.9024998206702552,122201,6885,6682,0.8748327290096732,0.7873688630355609,0.9421965646465902,0.84801542328595,119203,0.8941253244123074,0.8970138526723995,1.068409586056645,0.7366934459176769,-0.17265292958816703,0.007916165297659872,-0.17369729490464442,-0.0002651845393779606,,0.9941211301251605,0.811271608356239
pooled,random__random_nodes__s15__r0.8,random,random_nodes,15,0.8,preregistered_descriptive,0.9117740142186423,-0.31437264252890795,199,0.5772897113772103,0.07352941176470588,15,53,136,0.809222771506673,0.5900484305132638,199,0.5974013716897344,78486,7073,50397,3307023,0.8000177565451859,0.03168091826981578,0.7990516115730878,0.19995063366783852,0.0316426586691414,-0.0004369043838134253,0.03183397365797954,1.004831153783493,4133687,130959,104643,0.6377934714118543,0.6376134401518809,569,0.9000721819574569,0.09274193548387097,0.9024998206702552,122201,6885,6682,0.8748327290096732,0.6998817172146213,0.9421965646465902,0.753785923044463,107212,0.8041824809853133,0.8092227715066731,1.0273057371096588,0.5846426525536809,-0.3247037229521631,0.014376682781687966,-0.3268280729386794,-0.0019212523719165375,,0.9844138532389862,0.6422360849304249
pooled,random__random_nodes__s15__r0.7,random,random_nodes,15,0.7,preregistered_descriptive,0.9117740142186423,-0.44456049751586213,199,0.448118062600428,0.0481283422459893,9,36,142,0.7187813392599863,0.4624006824781813,199,0.4672135167027802,60517,6164,68366,2893670,0.7000215546073033,0.03168091826981578,0.6997991737872159,0.2999711696622903,0.031670853967453096,-8.777811120323827e-05,0.03170440405252509,1.0007413226633548,4133687,130959,91645,0.4889976350439031,0.48880942054484006,784,0.9000721819574569,0.09274193548387097,0.9024998206702552,122201,6885,6682,0.8748327290096732,0.6124017669827012,0.9421965646465902,0.6595723750443233,95026,0.7127769693514754,0.7187813392599861,0.895279593318809,0.45293089682502696,-0.456415478680817,0.019676060701502296,-0.4597751988935763,-0.0044613593237881055,,0.9713323851199495,0.495219385018854
pooled,random__random_nodes__s15__r0.5,random,random_nodes,15,0.5,preregistered_descriptive,0.9117740142186423,-0.6609510718817138,199,0.23686054132234519,0.017964071856287425,3,16,148,0.5289738792221419,0.2490265351512999,199,0.25082294233692864,31443,3866,97440,2066891,0.500011490952266,0.03168091826981578,0.5005765163142663,0.5000069952292536,0.03171671849168631,0.0002044031448947358,0.031645116402392884,0.9988699233046849,4133687,130959,65555,0.2501943519283803,0.2500716033420348,884,0.9000721819574569,0.09274193548387097,0.9024998206702552,122201,6885,6682,0.8748327290096732,0.4374264171659665,0.9421965646465902,0.4711188091781585,69649,0.5224275791716048,0.5289738792221419,0.5615105301379811,0.23865694850797392,-0.67068942699787,0.02765343278421241,-0.6811267183031678,-0.00747778636275831,,0.9402457381632444,0.2573097805439452
pooled,random__random_nodes__s15__r0.3,random,random_nodes,15,0.3,preregistered_descriptive,0.9117740142186423,-0.8168733806170404,199,0.08861983242795322,0.0,0,5,151,0.3275689326502567,0.0949006336016019,199,0.0949006336016019,11550,1449,117333,1240193,0.30002102239477735,0.03168091826981578,0.29967394375338846,0.6999676220817402,0.03164426827114812,-0.00013699325424189953,0.031696626984538415,1.0004958415216645,4133687,130959,39245,0.08989288140031587,0.08985196520486739,570,0.9000721819574569,0.09274193548387097,0.9024998206702552,122201,6885,6682,0.8748327290096732,0.26246820978189533,0.9421965646465902,0.282697043455033,42739,0.32057936662716213,0.3275689326502567,0.21045751633986928,0.08861983242795322,-0.8207265430778907,0.03366164971908687,-0.8412608367877403,-0.009274193548386989,,0.908140833064869,0.09452247937905812
pooled,random__random_nodes__s15__r0.1,random,random_nodes,15,0.1,preregistered_descriptive,0.9117740142186423,-0.9009928085466504,199,0.009888176809280627,0.0,0,0,151,0.11118243151099003,0.010781205671991947,199,0.010781205671991947,1276,160,127607,413453,0.10002039341633752,0.03168091826981578,0.0998098641559572,0.8999727186059108,0.03161423426604717,-0.00012692333843434978,0.031688329282512875,1.00023392670105,4133687,130959,13071,0.009762604234007904,0.009762604234007904,83,0.9000721819574569,0.09274193548387097,0.9024998206702552,122201,6885,6682,0.8748327290096732,0.0875011137290357,0.9421965646465902,0.09425399521340619,14563,0.10923506203213369,0.11118243151099001,0.023238925199709513,0.009888176809280627,-0.8994581986965633,0.03983996167385404,-0.9315585766721175,-0.00927419354838699,,0.8831093400095473,0.010442262311740854
pooled,random__random_tracklets__s15__r0.9,random,random_tracklets,15,0.9,preregistered_descriptive,0.9117740142186423,-0.07431722967348509,199,0.8188890445606247,0.08482142857142858,19,73,132,0.9064995318295676,0.8289746416880144,199,0.8374567845451573,111052,6730,17831,3723932,0.9008742074569265,0.03168091826981578,0.9019082308203331,0.09915962313702055,0.03171728162598028,0.0006258850445265928,0.03135044111725299,0.9895685740625247,4133687,130959,118113,0.901752031489104,0.9017274817718349,860,0.9000721819574569,0.09274193548387097,0.9024998206702552,122201,6885,6682,0.8748327290096732,0.7881142414039695,0.9421965646465902,0.8495562698635915,119330,0.8950779339624056,0.9064995318295678,0.9774872912127814,0.8273711874177676,-0.08197518808807636,0.00821032123882165,-0.08173550022106263,-0.0007920506912441061,,0.9902979070786089,0.9088223626406813
pooled,random__random_tracklets__s15__r0.8,random,random_tracklets,15,0.8,preregistered_descriptive,0.9117740142186423,-0.1598856482285722,199,0.7294435384490506,0.06341463414634146,13,54,138,0.8106259383437884,0.745546902575436,199,0.7518883659900701,98852,6634,30031,3310924,0.8009614661197134,0.03168091826981578,0.7964935590528334,0.19889235541360792,0.03150419641163615,-0.0020240413151935695,0.03239207402374682,1.0224474476362824,4133687,130959,104308,0.7962455299056472,0.7960982316020327,1568,0.9000721819574569,0.09274193548387097,0.9024998206702552,122201,6885,6682,0.8748327290096732,0.7007073052370978,0.9421965646465902,0.7554415337235602,106629,0.7998094780899804,0.8106259383437884,0.9635439360929557,0.7357850018636848,-0.17356137364215918,0.015699754459233717,-0.17265267255405298,-0.0029327301337529477,,0.9825051071965278,0.8090096151109962
pooled,random__random_tracklets__s15__r0.7,random,random_tracklets,15,0.7,preregistered_descriptive,0.9117740142186423,-0.2358174825856234,199,0.6504732327713694,0.0481283422459893,9,36,142,0.7263230974142837,0.6711436974084201,199,0.6759565316330189,87970,6357,40913,2897712,0.7009993741664524,0.03168091826981578,0.7029910124542795,0.29906578713317516,0.03177092823579431,0.0007868740776168394,0.03146989219037602,0.9933390163238791,4133687,130959,92063,0.7027929395013134,0.7026374579586092,2107,0.9000721819574569,0.09274193548387097,0.9024998206702552,122201,6885,6682,0.8748327290096732,0.6132571955361106,0.9421965646465902,0.6613775592318869,95156,0.7137520814893713,0.7263230974142836,0.9233115468409586,0.6552860669959683,-0.2540603085098757,0.022450709084035902,-0.2538068323458711,-0.0044613593237882165,,0.9729201806377417,0.7199528069335563
pooled,random__random_tracklets__s15__r0.5,random,random_tracklets,15,0.5,preregistered_descriptive,0.9117740142186423,-0.40867419153241724,199,0.47450366893880136,0.042682926829268296,7,13,144,0.5316254110413494,0.4988315300032983,199,0.5030998226862251,63695,5352,65188,2070650,0.5009208486273876,0.03168091826981578,0.5000725417878878,0.49905139694728196,0.03162726680028011,-0.00030688335694897085,0.031734767723506654,1.0016997440930295,4133687,130959,65489,0.49949673079598367,0.4993985319269073,2668,0.9000721819574569,0.09274193548387097,0.9024998206702552,122201,6885,6682,0.8748327290096732,0.4382219530225389,0.9421965646465902,0.47282597674841725,69385,0.5204473514454162,0.5316254110413494,0.7773420479302833,0.4787719616217282,-0.43057441388411577,0.03326406089673206,-0.43693235156368904,-0.005005900865460267,,0.9483738746171813,0.5212956565054851
pooled,random__random_tracklets__s15__r0.3,random,random_tracklets,15,0.3,preregistered_descriptive,0.9117740142186423,-0.5893055444978288,199,0.2993577276222353,0.01935483870967742,3,4,148,0.32940373116948674,0.32053298584984574,199,0.3224684697208135,39711,3771,89172,1243871,0.30091078497235035,0.03168091826981578,0.3047442329278629,0.6992146356185082,0.03208451680278743,0.0015117989139459163,0.031507196305923975,0.9945165110931358,4133687,130959,39909,0.30471109074393826,0.30458834215759284,2490,0.9000721819574569,0.09274193548387097,0.9024998206702552,122201,6885,6682,0.8748327290096732,0.26324660320580423,0.9421965646465902,0.28430554306099465,43473,0.3260849997749741,0.3294037311694867,0.5477124183006536,0.30129321149320304,-0.608053164012641,0.04069698703345989,-0.6226638218538695,-0.007338709677419231,,0.9225129183795245,0.32499812917381116
pooled,random__random_tracklets__s15__r0.1,random,random_tracklets,15,0.1,preregistered_descriptive,0.9117740142186423,-0.798021135120751,199,0.10435062792963505,0.0,0,0,151,0.10951521554405393,0.11375287909789131,199,0.11375287909789131,13602,1466,115281,417609,0.10102579126092517,0.03168091826981578,0.1021388373460396,0.8990106247539178,0.03202996104011168,0.0006680562563629214,0.031641693204502164,0.9987618709476931,4133687,130959,13376,0.10160309653767154,0.10156218034222306,1191,0.9000721819574569,0.09274193548387097,0.9024998206702552,122201,6885,6682,0.8748327290096732,0.08838066866915677,0.9421965646465902,0.09601558523142822,15033,0.11276046745375719,0.10951521554405393,0.2129266521423384,0.10435062792963505,-0.804995747576209,0.0438750693281685,-0.8326220109005324,-0.009274193548387016,,0.8922090835880377,0.11131195935914552
pooled,random__random_nodes__s16__r0.9,random,random_nodes,16,0.9,preregistered_descriptive,0.9117740142186423,-0.1665554758744272,199,0.7280701110532072,0.08108108108108109,18,71,133,0.898046467263575,0.737110430236107,199,0.7452185383442151,99193,7358,29690,3720410,0.9000221835857432,0.03168091826981578,0.900098504111974,0.0999803134262433,0.03168360476399107,4.602063014686499e-05,0.03165673386130852,0.9992366253938318,4133687,130959,117876,0.8094860107527762,0.8092732465364441,299,0.9000721819574569,0.09274193548387097,0.9024998206702552,122201,6885,6682,0.8748327290096732,0.7873688630355609,0.9421965646465902,0.84801542328595,119277,0.8946803882446481,0.8980464672635748,1.0687000726216414,0.7361782191613153,-0.17316815634452865,0.007917967750883714,-0.17330735818503196,-0.0011660854402789633,,0.9951278068568538,0.8117149057988772
pooled,random__random_nodes__s16__r0.8,random,random_nodes,16,0.8,preregistered_descriptive,0.9117740142186423,-0.31464517963529637,199,0.5784004945103465,0.059113300492610835,12,52,139,0.8101388148629187,0.591217504534085,199,0.597128834583346,78600,7009,50283,3307023,0.8000177565451859,0.03168091826981578,0.799876297161707,0.19997761526638833,0.0316753164401941,-6.396992848726069e-05,0.031703328075251856,1.0007073597187182,4133687,130959,104751,0.6389554913625911,0.6386854444726312,552,0.9000721819574569,0.09274193548387097,0.9024998206702552,122201,6885,6682,0.8748327290096732,0.6998817172146213,0.9421965646465902,0.753785923044463,107261,0.8045500232526741,0.8101388148629187,1.018010167029775,0.5843118245596075,-0.32503455094623646,0.014383275070689094,-0.3256655912068595,-0.0033628634991259565,,0.9855188275188052,0.6432056337669808
pooled,random__random_nodes__s16__r0.7,random,random_nodes,16,0.7,preregistered_descriptive,0.9117740142186423,-0.4455566702614408,199,0.4471215430750435,0.04838709677419355,9,35,142,0.7186574828474875,0.4613786342797822,199,0.46621734395720155,60386,6172,68497,2893670,0.7000215546073033,0.03168091826981578,0.6997762658541986,0.2999704201734417,0.031669817221728805,-9.682032577475187e-05,0.031706823374195676,1.000817687926823,4133687,130959,91642,0.4882365938085613,0.4879910966358704,753,0.9000721819574569,0.09274193548387097,0.9024998206702552,122201,6885,6682,0.8748327290096732,0.6124017669827012,0.9421965646465902,0.6595723750443233,94959,0.7122744115573291,0.7186574828474876,0.8964415395787945,0.4519602527524628,-0.45738612275338114,0.019660180222422136,-0.46078136661289526,-0.004435483870967705,,0.9713622119307007,0.4941540686391977
pooled,random__random_nodes__s16__r0.5,random,random_nodes,16,0.5,preregistered_descriptive,0.9117740142186423,-0.6642824486313185,199,0.23420824703445678,0.012578616352201259,2,8,149,0.5267671345549418,0.24623370395210373,199,0.24749156558732385,31097,3892,97786,2066891,0.500011490952266,0.03168091826981578,0.498782061561252,0.49994828526944624,0.03160302115592936,-0.00044475744072744043,0.03175881896423256,1.002458915292585,4133687,130959,65320,0.24770664724511257,0.24755934894149803,845,0.9000721819574569,0.09274193548387097,0.9024998206702552,122201,6885,6682,0.8748327290096732,0.4374264171659665,0.9421965646465902,0.4711188091781585,69412,0.5206498747355945,0.5267671345549418,0.5652868554829339,0.2354661086696769,-0.6738802668361671,0.027591086970212092,-0.6838572036883639,-0.008016331913166808,,0.9409864610508607,0.25447388386897024
pooled,random__random_nodes__s16__r0.3,random,random_nodes,16,0.3,preregistered_descriptive,0.9117740142186423,-0.8175417128762935,199,0.08800159528776537,0.0,0,4,151,0.32638288356465034,0.09423230134234883,199,0.09423230134234883,11474,1501,117409,1240193,0.30002102239477735,0.03168091826981578,0.29893325391916553,0.6999433886089687,0.03156605463827001,-0.0004293463370131318,0.03173015046860301,1.0015540016349251,4133687,130959,39148,0.08946735296765165,0.08940188705493408,549,0.9000721819574569,0.09274193548387097,0.9024998206702552,122201,6885,6682,0.8748327290096732,0.26246820978189533,0.9421965646465902,0.282697043455033,42676,0.3201068122834126,0.3263828835646503,0.21801016702977488,0.08800159528776537,-0.8213447802180786,0.03364795778171671,-0.8419154771096232,-0.009274193548387016,,0.9085031640604755,0.09389425733918193
pooled,random__random_nodes__s16__r0.1,random,random_nodes,16,0.1,preregistered_descriptive,0.9117740142186423,-0.9007711141033566,199,0.010090754791558488,0.0,0,0,151,0.11191010964937795,0.011002900115285694,199,0.011002900115285694,1302,146,127581,413453,0.10002039341633752,0.03168091826981578,0.0991684420314755,0.8999517329181498,0.03141106727971499,-0.0005136222573295411,0.03171090850736809,1.0009466340999615,4133687,130959,12987,0.009901719298532745,0.009901719298532745,92,0.9000721819574569,0.09274193548387097,0.9024998206702552,122201,6885,6682,0.8748327290096732,0.0875011137290357,0.9421965646465902,0.09425399521340619,14534,0.10901753701675693,0.11191010964937795,0.02120551924473493,0.010090754791558488,-0.8992556207142854,0.03984508264536849,-0.9313420032003381,-0.00927419354838699,,0.8830135306222878,0.010655830859808845
pooled,random__random_tracklets__s16__r0.9,random,random_tracklets,16,0.9,preregistered_descriptive,0.9117740142186423,-0.08198375540396363,199,0.8120772804799153,0.0779816513761468,17,67,134,0.8993395093645989,0.821992093677064,199,0.8297902588146787,110462,7141,18421,3724279,0.9009581518871651,0.03168091826981578,0.8955856413075848,0.0988660733379835,0.03149200153908985,-0.0032531586049758697,0.0333994450523683,1.0542448538870115,4133687,130959,117285,0.8950990581091808,0.8948453776974001,1111,0.9000721819574569,0.09274193548387097,0.9024998206702552,122201,6885,6682,0.8748327290096732,0.7881876787389603,0.9421965646465902,0.8498819839428761,118969,0.8923701225640949,0.8993395093645989,1.0371822803195352,0.81987544561753,-0.08947092988831395,0.008141724678716988,-0.08864945167190819,-0.0014760284107724342,,0.9940951288536484,0.903938238074917
pooled,random__random_tracklets__s16__r0.8,random,random_tracklets,16,0.8,preregistered_descriptive,0.9117740142186423,-0.16312547819245782,199,0.7258326892642891,0.06842105263157895,13,39,138,0.804943250583176,0.7418064307630267,199,0.7486485360261845,98608,6972,30275,3311088,0.8010011401443796,0.03168091826981578,0.792072327980513,0.19870673200877,0.03132776899919301,-0.004045213622004384,0.03310239861706615,1.044868659902598,4133687,130959,103729,0.79131921997365,0.7910082568882415,1946,0.9000721819574569,0.09274193548387097,0.9024998206702552,122201,6885,6682,0.8748327290096732,0.7007420133723673,0.9421965646465902,0.7557456840588905,106583,0.7994644384104171,0.8049432505831757,1.0126361655773422,0.732674794527447,-0.17667158097839697,0.015625671897210758,-0.17631906180443924,-0.002432088285229339,,0.9844584884759076,0.8069973335492155
pooled,random__random_tracklets__s16__r0.7,random,random_tracklets,16,0.7,preregistered_descriptive,0.9117740142186423,-0.2460430165595664,199,0.6408397679122436,0.04519774011299435,8,26,143,0.7100854247943494,0.6612112236477765,199,0.665730997659076,86812,6583,42071,2897969,0.7010615462660816,0.03168091826981578,0.692056292427401,0.2986438249114104,0.03127397152971616,-0.0035580875453852523,0.03263527762806725,1.03012410657177,4133687,130959,90631,0.6909599757776123,0.6906817456485627,2410,0.9000721819574569,0.09274193548387097,0.9024998206702552,122201,6885,6682,0.8748327290096732,0.6133115857236974,0.9421965646465902,0.6615187978161466,94168,0.7063412292413628,0.7100854247943494,0.9561365286855483,0.6453595419235431,-0.2639868335823009,0.022304166302536566,-0.2635927633250154,-0.004754419537087551,,0.9748641728985433,0.710485665523381
pooled,random__random_tracklets__s16__r0.5,random,random_tracklets,16,0.5,preregistered_descriptive,0.9117740142186423,-0.4147458177119851,199,0.4697594015215302,0.03225806451612903,5,4,146,0.5256010579469123,0.49380239005504434,199,0.49702819650665725,63045,5324,65838,2070814,0.5009605226520537,0.03168091826981578,0.49381867607419117,0.4988058144345556,0.03122926539998281,-0.002583633748737,0.03213430977088749,1.014311185591602,4133687,130959,64670,0.4933265685223525,0.4931710869796483,2779,0.9000721819574569,0.09274193548387097,0.9024998206702552,122201,6885,6682,0.8748327290096732,0.43825666115780837,0.9421965646465902,0.4730661020603261,68717,0.5154367752291513,0.5256010579469123,0.7732752360203341,0.4729852079731431,-0.4363611675327009,0.03316576636129581,-0.44186319697650683,-0.006048387096774077,,0.9492723999546504,0.5159362771326849
pooled,random__random_tracklets__s16__r0.3,random,random_tracklets,16,0.3,preregistered_descriptive,0.9117740142186423,-0.5982676264407824,199,0.2922399559713814,0.006535947712418301,1,2,150,0.31500436113934815,0.31285279300661817,199,0.31350638777786,38763,3758,90120,1244495,0.30106173979790923,0.03168091826981578,0.2976122297818401,0.6988254010764658,0.031317924137903325,-0.0013601908686049734,0.03183727491976995,1.0049353572589825,4133687,130959,38975,0.29710886162961025,0.2970597621950721,2462,0.9000721819574569,0.09274193548387097,0.9024998206702552,122201,6885,6682,0.8748327290096732,0.2633786634278051,0.9421965646465902,0.2847576559031793,42542,0.31910169669511995,0.31500436113934815,0.5458242556281772,0.29289355074262324,-0.6164528247632207,0.040473973764513255,-0.6301210014281504,-0.008620598777145272,,0.923774924818352,0.3171979896073273
pooled,random__random_tracklets__s16__r0.1,random,random_tracklets,16,0.1,preregistered_descriptive,0.9117740142186423,-0.799920158801263,199,0.10262963986368241,0.0,0,0,151,0.11484865613086329,0.11185385541737941,199,0.11185385541737941,13371,1401,115512,417645,0.10103450019316895,0.03168091826981578,0.100947624829145,0.8989626574676071,0.0316536771660142,-5.214106670276611e-05,0.031683979890431806,1.0000966392637343,4133687,130959,13220,0.10078477262870189,0.1007602229114328,1058,0.9000721819574569,0.09274193548387097,0.9024998206702552,122201,6885,6682,0.8748327290096732,0.08838828752811835,0.9421965646465902,0.09615182297078728,14748,0.11062272161298549,0.11484865613086329,0.20348583877995643,0.10262963986368241,-0.8067167356421615,0.04388929357902088,-0.8345352588318968,-0.009274193548387016,,0.8917681494597631,0.10939959255252145
pooled,random__random_nodes__s17__r0.9,random,random_nodes,17,0.9,preregistered_descriptive,0.9117740142186423,-0.1637255314954792,199,0.7312398102316291,0.07727272727272727,17,69,134,0.8993356970237235,0.7403212099958905,199,0.7480484827231632,99570,7283,29313,3720410,0.9000221835857432,0.03168091826981578,0.9014424361823166,0.10002428343869481,0.031730911378047046,0.000856400272508369,0.03123086936848651,0.9857943227056628,4133687,130959,118052,0.8126692907586681,0.8125710918895918,273,0.9000721819574569,0.09274193548387097,0.9024998206702552,122201,6885,6682,0.8748327290096732,0.7873688630355609,0.9421965646465902,0.84801542328595,119394,0.8955579891687544,0.8993356970237236,1.0578068264342775,0.7389670829589018,-0.17037929254694217,0.007933288626909063,-0.17011189930127396,-0.0015469208211142949,,0.9949991435493755,0.8148018637644527
pooled,random__random_nodes__s17__r0.8,random,random_nodes,17,0.8,preregistered_descriptive,0.9117740142186423,-0.3130055856042433,199,0.5804277610600587,0.05472636815920398,11,50,140,0.8108873865354969,0.5932957917984787,199,0.598768428614399,78890,7034,49993,3307023,0.8000177565451859,0.03168091826981578,0.8012355011873945,0.20002208493807225,0.03172914128507724,0.0005506813034391959,0.031488004800015484,0.9939107361675151,4133687,130959,104929,0.6414922954803971,0.6413613636549619,515,0.9000721819574569,0.09274193548387097,0.9024998206702552,122201,6885,6682,0.8748327290096732,0.6998817172146213,0.9421965646465902,0.753785923044463,107397,0.8055701405661652,0.8108873865354969,1.0216412490922295,0.585900397875979,-0.32344597762986493,0.014402237671750528,-0.3236062665435271,-0.0038015567324667376,,0.9861774901398912,0.6455854194364662
pooled,random__random_nodes__s17__r0.7,random,random_nodes,17,0.7,preregistered_descriptive,0.9117740142186423,-0.4430534109692315,199,0.45046865976633643,0.03888888888888889,7,29,144,0.7215221043926332,0.46483171436052195,199,0.46872060324941084,60843,6183,68040,2893670,0.7000215546073033,0.03168091826981578,0.7019677914461778,0.3000421212732916,0.03176899922935234,0.0007682182015667164,0.031475374934375897,0.9935120777216954,4133687,130959,91929,0.49248369489611377,0.4923773127879477,674,0.9000721819574569,0.09274193548387097,0.9024998206702552,122201,6885,6682,0.8748327290096732,0.6124017669827012,0.9421965646465902,0.6595723750443233,95191,0.7140146116803432,0.7215221043926332,0.8980392156862745,0.4543575486552253,-0.45498882685061864,0.01970919285784578,-0.45737729916757913,-0.005385304659498158,,0.9724587047839948,0.4978929979994717
pooled,random__random_nodes__s17__r0.5,random,random_nodes,17,0.5,preregistered_descriptive,0.9117740142186423,-0.6608719728436858,199,0.23803851199541595,0.00641025641025641,1,5,150,0.5312021578191396,0.25026101573393095,199,0.2509020413749566,31572,3751,97311,2066891,0.500011490952266,0.03168091826981578,0.501996808161333,0.5000534635378672,0.0318067087233918,0.0007182068424510114,0.0315551220342985,0.996029274327028,4133687,130959,65741,0.25189646565903717,0.2518064500290505,801,0.9000721819574569,0.09274193548387097,0.9024998206702552,122201,6885,6682,0.8748327290096732,0.4374264171659665,0.9421965646465902,0.4711188091781585,69652,0.5224500817594023,0.5312021578191395,0.5448075526506899,0.2386795376364416,-0.6706668378694024,0.02768407796369675,-0.6799228829000211,-0.008633167907361405,,0.9406239847580842,0.25836131146644636
pooled,random__random_nodes__s17__r0.3,random,random_nodes,17,0.3,preregistered_descriptive,0.9117740142186423,-0.8139660755672452,199,0.09133541588315207,0.0,0,2,151,0.3318259967869046,0.0978079386513971,199,0.0978079386513971,11900,1406,116983,1240193,0.30002102239477735,0.03168091826981578,0.30320940141571023,0.7000832931940416,0.032017597261071465,0.0012584652748620236,0.031536612828642466,0.9954450360325949,4133687,130959,39708,0.09292067986350357,0.09289613014623448,548,0.9000721819574569,0.09274193548387097,0.9024998206702552,122201,6885,6682,0.8748327290096732,0.26246820978189533,0.9421965646465902,0.282697043455033,43138,0.3235722108042425,0.3318259967869046,0.20421205519244734,0.09133541588315207,-0.8180109596226919,0.03375477969170363,-0.8384466617105619,-0.009274193548386989,,0.9078412132031176,0.0973860587179311
pooled,random__random_nodes__s17__r0.1,random,random_nodes,17,0.1,preregistered_descriptive,0.9117740142186423,-0.8995809323970819,199,0.011183359037750617,0.0,0,0,151,0.11589941046579044,0.012193081821560385,199,0.012193081821560385,1443,148,127440,413453,0.10002039341633752,0.03168091826981578,0.10287952718026253,0.9000731501116239,0.03258653341492262,0.0017237072019926373,0.03158027156356294,0.9968231127205446,4133687,130959,13473,0.011022823053821164,0.011022823053821164,96,0.9000721819574569,0.09274193548387097,0.9024998206702552,122201,6885,6682,0.8748327290096732,0.0875011137290357,0.9421965646465902,0.09425399521340619,14987,0.11241542777419403,0.11589941046579044,0.0214960058097313,0.011183359037750617,-0.8981630164680934,0.03989764120897824,-0.9302043800576731,-0.00927419354838699,,0.8830272176776106,0.011808653183689056
pooled,random__random_tracklets__s17__r0.9,random,random_tracklets,17,0.9,preregistered_descriptive,0.9117740142186423,-0.0732348046493102,199,0.8197434368859156,0.08771929824561403,20,77,131,0.8957495882659763,0.8297672797447707,199,0.8385392095693321,111381,6990,17502,3724434,0.9009956486787704,0.03168091826981578,0.9028703640070557,0.09906568720132869,0.03174683723755073,0.0011353675506277255,0.031081018343176472,0.9810643138077576,4133687,130959,118239,0.9027422034189573,0.9027012872235088,1070,0.9000721819574569,0.09274193548387097,0.9024998206702552,122201,6885,6682,0.8748327290096732,0.7882204821594894,0.9421965646465902,0.8498531715111549,119806,0.8986483445596244,0.8957495882659763,1.0152505446623095,0.828515366710477,-0.08083100879536698,0.008182508458724314,-0.08091504938420896,-0.0005022637238255578,,0.9919156099644394,0.9114697868818816
pooled,random__random_tracklets__s17__r0.8,random,random_tracklets,17,0.8,preregistered_descriptive,0.9117740142186423,-0.15459070928671848,199,0.7339543446244478,0.07142857142857142,15,59,136,0.8066198093723058,0.7500404477890668,199,0.7571833049319239,99671,6917,29212,3311127,0.801010574820977,0.03168091826981578,0.799876297161707,0.19895231452149634,0.03163605624308581,-0.0005138955893297493,0.031861505543668546,1.0057001906420375,4133687,130959,104751,0.7998707048223828,0.7997397729969477,1942,0.9000721819574569,0.09274193548387097,0.9024998206702552,122201,6885,6682,0.8748327290096732,0.7007502671362423,0.9421965646465902,0.7555530958979555,107627,0.8072953389639809,0.8066198093723058,1.004647785039942,0.7410972017673049,-0.1682491737385391,0.01573051033384315,-0.16818988321503175,-0.002131336405529871,,0.983709967499923,0.8156056297057207
pooled,random__random_tracklets__s17__r0.7,random,random_tracklets,17,0.7,preregistered_descriptive,0.9117740142186423,-0.23927467346402098,199,0.6483776900077517,0.03608247422680412,7,43,144,0.714777571587712,0.668891093331941,199,0.6724993407546214,87826,6572,41057,2897675,0.7009904233194241,0.03168091826981578,0.6985468734489421,0.29892962999234524,0.031570483232246545,-0.0009654110179227503,0.03193981935450465,1.0081721458476642,4133687,130959,91481,0.6983085244801598,0.6982103256110834,2504,0.9000721819574569,0.09274193548387097,0.9024998206702552,122201,6885,6682,0.8748327290096732,0.6132493650421778,0.9421965646465902,0.6612166715105879,95170,0.7138570935657601,0.7147775715877123,0.9545388525780683,0.6519859374304321,-0.25736043807541187,0.022458714642165423,-0.2560674419804797,-0.0056659461257067,,0.9757418664861238,0.7186629002613427
pooled,random__random_tracklets__s17__r0.5,random,random_tracklets,17,0.5,preregistered_descriptive,0.9117740142186423,-0.40628105620730615,199,0.47916976861915966,0.01775147928994083,3,18,148,0.5394028874371661,0.5037178100823421,199,0.5054929580113362,64364,5441,64519,2071058,0.5010195498594838,0.03168091826981578,0.5030734810131415,0.4990476495030389,0.03181079428968189,0.0007430301153596269,0.03155051150740148,0.9958837442367146,4133687,130959,65882,0.5025490789764404,0.5024836130637229,2960,0.9000721819574569,0.09274193548387097,0.9024998206702552,122201,6885,6682,0.8748327290096732,0.43830830009077026,0.9421965646465902,0.47303146734596047,70165,0.5262980242727914,0.5394028874371661,0.7902687000726216,0.48094491654815374,-0.4284014589576902,0.03337977760835953,-0.4321617881962728,-0.007499045619392852,,0.9516165115760092,0.5267547059742067
pooled,random__random_tracklets__s17__r0.3,random,random_tracklets,17,0.3,preregistered_descriptive,0.9117740142186423,-0.5950603393565967,199,0.2957849439675637,0.0,0,6,151,0.34457472905426345,0.3167136748620456,199,0.3167136748620456,39248,3808,89635,1244060,0.3009565068666302,0.03168091826981578,0.300521537275025,0.6990292620432865,0.03163513013841776,-0.00017153176831919792,0.03170063125794437,1.000622235377166,4133687,130959,39356,0.2998993461591967,0.29989116292010704,2601,0.9000721819574569,0.09274193548387097,0.9024998206702552,122201,6885,6682,0.8748327290096732,0.26328660221535255,0.9421965646465902,0.2845333717902482,43090,0.32321216939948094,0.3445747290542634,0.5530864197530864,0.2957849439675637,-0.6135614315382802,0.04054877909556909,-0.6263349249037787,-0.0092741935483871,,0.9247527308430724,0.32122195978025425
pooled,random__random_tracklets__s17__r0.1,random,random_tracklets,17,0.1,preregistered_descriptive,0.9117740142186423,-0.8048810568903462,199,0.09805908727965112,0.0,0,0,151,0.11768543569705685,0.10689295732829616,199,0.10689295732829616,12772,1365,116111,416784,0.10082621156367184,0.03168091826981578,0.09544208492734367,0.8989976336138753,0.02998915505393681,-0.00323441958203968,0.0318706191687004,1.0059878598615417,4133687,130959,12499,0.09522017004770829,0.09522017004770829,1136,0.9000721819574569,0.09274193548387097,0.9024998206702552,122201,6885,6682,0.8748327290096732,0.08820606981795372,0.9421965646465902,0.09574058326800054,14108,0.10582216954949819,0.11768543569705682,0.19825708061002179,0.09805908727965112,-0.8112872882261928,0.043609084337301596,-0.8392159476792608,-0.009274193548387016,,0.8915008943715186,0.10451621298053462
pooled,random__random_nodes__s18__r0.9,random,random_nodes,18,0.9,preregistered_descriptive,0.9117740142186423,-0.167628944965028,199,0.7281243346817118,0.06956521739130435,16,79,135,0.8970458337750987,0.7371885475144839,199,0.7441450692536143,99180,7330,29703,3720410,0.9000221835857432,0.03168091826981578,0.8996327094739575,0.099965073819655,0.03166720872161939,-0.00023484958680797445,0.03180433462302523,1.0038956053027994,4133687,130959,117815,0.8096087593391216,0.8094614610355071,263,0.9000721819574569,0.09274193548387097,0.9024998206702552,122201,6885,6682,0.8748327290096732,0.7873688630355609,0.9421965646465902,0.84801542328595,119186,0.893997809748121,0.8970458337750988,1.0646332607116922,0.7350808564208422,-0.17426551908500176,0.007916933974464302,-0.17322820713023573,-0.002317671809256572,,0.9961911702064078,0.8116340896535492
pooled,random__random_nodes__s18__r0.8,random,random_nodes,18,0.8,preregistered_descriptive,0.9117740142186423,-0.3132381625050551,199,0.5799347651619459,0.05741626794258373,12,58,139,0.808455143433745,0.5927942249193289,199,0.5985358517135873,78765,6934,50118,3307023,0.8000177565451859,0.03168091826981578,0.8005558991745508,0.1999998501022303,0.03170222886263567,0.00024335568747596757,0.03159566643763367,0.9973090479431166,4133687,130959,104840,0.6403139090514808,0.6401420610305971,539,0.9000721819574569,0.09274193548387097,0.9024998206702552,122201,6885,6682,0.8748327290096732,0.6998817172146213,0.9421965646465902,0.753785923044463,107284,0.8047225430924556,0.8084551434337451,1.0071169208424111,0.5856763919562042,-0.3236699835496397,0.014397145885810647,-0.32410274163673713,-0.0035325667541286077,,0.9851594349844907,0.6445650638866753
pooled,random__random_nodes__s18__r0.7,random,random_nodes,18,0.7,preregistered_descriptive,0.9117740142186423,-0.4445981169788854,199,0.4486714260323479,0.041884816753926704,8,40,143,0.7190240832082349,0.4629874155643643,199,0.46717589723975694,60585,6149,68298,2893670,0.7000215546073033,0.03168091826981578,0.7002191525591979,0.2999849102911814,0.03168986097239837,7.799582260784451e-05,0.0316600498218976,0.9993412928331038,4133687,130959,91700,0.4896932103665273,0.4895295455847333,764,0.9000721819574569,0.09274193548387097,0.9024998206702552,122201,6885,6682,0.8748327290096732,0.6124017669827012,0.9421965646465902,0.6595723750443233,94979,0.7124244288093131,0.7190240832082346,0.8931009440813362,0.45285990770774054,-0.4564864677981034,0.019680767013908973,-0.4591931721198,-0.005085711872994392,,0.971893088310523,0.49579268622851774
pooled,random__random_nodes__s18__r0.5,random,random_nodes,18,0.5,preregistered_descriptive,0.9117740142186423,-0.6628850861858728,199,0.2356012264854562,0.011834319526627219,2,18,149,0.5289584220634664,0.2477054960801068,199,0.24888892803276952,31273,3854,97610,2066891,0.500011490952266,0.03168091826981578,0.4995456593284921,0.4999732682310664,0.03165140300093232,-0.00016851889365417392,0.03171043489536461,1.0009316846594358,4133687,130959,65420,0.24890958339129796,0.2487704683267731,873,0.9000721819574569,0.09274193548387097,0.9024998206702552,122201,6885,6682,0.8748327290096732,0.4374264171659665,0.9421965646465902,0.4711188091781585,69506,0.5213549558199193,0.5289584220634664,0.5597676107480029,0.2367846584381189,-0.672561717067725,0.027621333286267924,-0.6824156578764164,-0.008090761595724277,,0.9407940506265589,0.25592166398179916
pooled,random__random_nodes__s18__r0.3,random,random_nodes,18,0.3,preregistered_descriptive,0.9117740142186423,-0.8166815549390959,199,0.08820709491850431,0.006369426751592357,1,6,150,0.3266575830812498,0.0944555166043872,199,0.09509245927954643,11500,1492,117383,1240193,0.30002102239477735,0.03168091826981578,0.29915469727166516,0.6999506336678385,0.031589438095522226,-0.0003419418071124541,0.03172012798367648,1.0012376444876616,4133687,130959,39177,0.08945098648947226,0.08941007029402379,574,0.9000721819574569,0.09274193548387097,0.9024998206702552,122201,6885,6682,0.8748327290096732,0.26246820978189533,0.9421965646465902,0.282697043455033,42680,0.32013681573380937,0.3266575830812498,0.21670297748729123,0.08884403759366355,-0.8205023379121804,0.033651267688632705,-0.8416955717545008,-0.00863725087322778,,0.9078058389945644,0.09411017527083305
pooled,random__random_nodes__s18__r0.1,random,random_nodes,18,0.1,preregistered_descriptive,0.9117740142186423,-0.9001309445503437,199,0.010679273065447359,0.0,0,1,151,0.11337421442889127,0.011643069668298632,199,0.011643069668298632,1378,152,127505,413453,0.10002039341633752,0.03168091826981578,0.10060400583388694,0.8999987008859958,0.031865774344363204,0.0003518467516263633,0.031660374051739756,0.9993515270643023,4133687,130959,13175,0.010490912512990893,0.010490912512990893,96,0.9000721819574569,0.09274193548387097,0.9024998206702552,122201,6885,6682,0.8748327290096732,0.0875011137290357,0.9421965646465902,0.09425399521340619,14679,0.11010516209364077,0.11337421442889128,0.02207697893972404,0.010679273065447359,-0.8986671024403966,0.03987747370610882,-0.9307342247080655,-0.009274193548386989,,0.8830545917882562,0.01127633160494547
pooled,random__random_tracklets__s18__r0.9,random,random_tracklets,18,0.9,preregistered_descriptive,0.9117740142186423,-0.07514289303911992,199,0.8185981783239696,0.08071748878923767,18,72,133,0.8968967222152099,0.8285593723005986,199,0.8366311211795224,111173,6926,17710,3724104,0.900915816799869,0.03168091826981578,0.901182812941455,0.09909291862949468,0.031690307252429044,0.00016164056067343853,0.031595549619979346,0.9973053606240393,4133687,130959,118018,0.9014165186864265,0.9013183198173501,1031,0.9000721819574569,0.09274193548387097,0.9024998206702552,122201,6885,6682,0.8748327290096732,0.7881506426190081,0.9421965646465902,0.8496112556203648,119529,0.8965706056196463,0.8968967222152099,1.0059549745824257,0.8266699272028935,-0.08267644830295051,0.008210134650216028,-0.08215058301987277,-0.0012024446694631763,,0.9921852942228657,0.9096850324682383
pooled,random__random_tracklets__s18__r0.8,random,random_tracklets,18,0.8,preregistered_descriptive,0.9117740142186423,-0.15551009636846136,199,0.7340542454395916,0.06030150753768844,12,48,139,0.8030507745018141,0.7502337670964121,199,0.756263917850181,99515,6686,29368,3310702,0.8009077610375435,0.03168091826981578,0.8002657320229996,0.19907123341880836,0.03165552200107409,-0.00029082107417460805,0.0317830823162026,1.0032247817287594,4133687,130959,104802,0.8003289662114058,0.8002062176250604,1729,0.9000721819574569,0.09274193548387097,0.9024998206702552,122201,6885,6682,0.8748327290096732,0.7006603222735014,0.9421965646465902,0.7552793504689852,107297,0.8048200543062453,0.8030507745018141,0.9710965867828613,0.7400843961933605,-0.16926197931248343,0.01574353720418875,-0.16800959077803201,-0.003244042794618096,,0.9832215643650162,0.8144090706860205
pooled,random__random_tracklets__s18__r0.7,random,random_tracklets,18,0.7,preregistered_descriptive,0.9117740142186423,-0.2265034026225914,199,0.6580148949374944,0.06417112299465241,12,36,139,0.7160912518704682,0.6788534992965857,199,0.685270611596051,89061,6465,39822,2898033,0.7010770288122927,0.03168091826981578,0.7086187279988393,0.29916971625351513,0.03202171955943911,0.002979863203761206,0.03088162220168429,0.974770426118203,4133687,130959,92800,0.7090694838831106,0.7088730861449579,2436,0.9000721819574569,0.09274193548387097,0.9024998206702552,122201,6885,6682,0.8748327290096732,0.6133251303618513,0.9421965646465902,0.661368013575497,96316,0.722453082104442,0.7160912518704683,0.9389978213507625,0.6644320072369597,-0.24491436826888424,0.022577824957774217,-0.24622414633144368,-0.002857081248921922,,0.9719708765421504,0.7288019005060974
pooled,random__random_tracklets__s18__r0.5,random,random_tracklets,18,0.5,preregistered_descriptive,0.9117740142186423,-0.3995721827877168,199,0.48494574809541185,0.023809523809523808,4,17,147,0.5335270803153319,0.5098208790499732,199,0.5122018314309256,65119,5398,63764,2070982,0.5010011643358581,0.03168091826981578,0.5092815308608037,0.49926974803184226,0.0322045290591613,0.002995505095744457,0.031155206391607137,0.9834060403890021,4133687,130959,66695,0.51011039189532,0.5099467271135261,2803,0.9000721819574569,0.09274193548387097,0.9024998206702552,122201,6885,6682,0.8748327290096732,0.43829221583296246,0.9421965646465902,0.4728417033446289,70827,0.531263595313461,0.5335270803153319,0.7840232389251998,0.4873267004763642,-0.42201967502947973,0.03352036231687086,-0.4261993039371529,-0.006893241167434727,,0.9506621908173362,0.5329570393055979
pooled,random__random_tracklets__s18__r0.3,random,random_tracklets,18,0.3,preregistered_descriptive,0.9117740142186423,-0.5967868088823638,199,0.29420505200594355,0.0,0,4,151,0.3249388200739556,0.3149872053362785,199,0.3149872053362785,39006,3698,89877,1244352,0.30102714598371866,0.03168091826981578,0.3003611817439046,0.6989510653734153,0.03161083037597079,-0.0002626077627347175,0.031711103073890703,1.0009527755419791,4133687,130959,39335,0.30038215726548884,0.30032487459186097,2306,0.9000721819574569,0.09274193548387097,0.9024998206702552,122201,6885,6682,0.8748327290096732,0.26334839962692985,0.9421965646465902,0.28455436813985135,42738,0.3205718657645629,0.3249388200739556,0.5371096586782861,0.29420505200594355,-0.6151413234999004,0.04052251187205344,-0.6280351272060303,-0.009274193548387044,,0.9239917539070972,0.3192080227975993
pooled,random__random_tracklets__s18__r0.1,random,random_tracklets,18,0.1,preregistered_descriptive,0.9117740142186423,-0.7971040265481979,199,0.10519608144212757,0.0,0,0,151,0.11959182300718683,0.1146699876704445,199,0.1146699876704445,13702,1369,115181,417266,0.1009428144898247,0.03168091826981578,0.10404783176413993,0.8991587737163255,0.03265542843174378,0.0018643278752236757,0.03157150387429196,0.9965463628739553,4133687,130959,13626,0.1042790157200023,0.1042626492418229,961,0.9000721819574569,0.09274193548387097,0.9024998206702552,122201,6885,6682,0.8748327290096732,0.08830807787405053,0.9421965646465902,0.09594063459860691,15037,0.11279047090415398,0.11959182300718685,0.19883805374001454,0.10519608144212757,-0.8041502940637164,0.04391471315132865,-0.8317445461511395,-0.009274193548387002,,0.891547663548196,0.11212620451164748
pooled,random__random_nodes__s19__r0.9,random,random_nodes,19,0.9,preregistered_descriptive,0.9117740142186423,-0.16905304012284317,199,0.7266595304778802,0.07048458149779736,16,76,135,0.8973939149621774,0.7356725159460195,199,0.7427209740957992,99112,7511,29771,3720410,0.9000221835857432,0.03168091826981578,0.8993349063447339,0.09995533046462313,0.031656726006004714,-0.00041442234846762586,0.031898702323139204,1.006874297375746,4133687,130959,117776,0.8090686655592016,0.808921367255587,261,0.9000721819574569,0.09274193548387097,0.9024998206702552,122201,6885,6682,0.8748327290096732,0.7873688630355609,0.9421965646465902,0.84801542328595,119234,0.8943578511528826,0.8973939149621772,1.0909222948438635,0.73370798862766,-0.175638386878184,0.007911654888912545,-0.17473895961314867,-0.0022257353986070427,,0.9974135550638278,0.8110412429165638
pooled,random__random_nodes__s19__r0.8,random,random_nodes,19,0.8,preregistered_descriptive,0.9117740142186423,-0.3170105778150597,199,0.5764833888386522,0.055,11,49,140,0.8082250822443177,0.5892634364035827,199,0.5947634364035826,78415,7140,50468,3307023,0.8000177565451859,0.03168091826981578,0.7986239968234333,0.19993664320933124,0.03162572501007704,-0.0006302778050936589,0.03190171581198649,1.0069694173726358,4133687,130959,104587,0.6375152412828046,0.6373515765010106,530,0.9000721819574569,0.09274193548387097,0.9024998206702552,122201,6885,6682,0.8748327290096732,0.6998817172146213,0.9421965646465902,0.753785923044463,107155,0.803754931817159,0.8082250822443175,1.037037037037037,0.5819833888386522,-0.32736298666719177,0.014363937064219345,-0.3276003213308919,-0.0037741935483871503,,0.9869167998233107,0.6416977379735491
pooled,random__random_nodes__s19__r0.7,random,random_nodes,19,0.7,preregistered_descriptive,0.9117740142186423,-0.44631758991123427,199,0.44849216458808544,0.026595744680851064,5,37,146,0.718284647968593,0.46279684983932295,199,0.4654564243074081,60559,6145,68324,2893670,0.7000215546073033,0.03168091826981578,0.7000893409387671,0.299980663187706,0.031683986079960744,2.6756606702600745e-05,0.03167375931136428,0.9997740293260904,4133687,130959,91683,0.4896441109319891,0.48956227854109213,734,0.9000721819574569,0.09274193548387097,0.9024998206702552,122201,6885,6682,0.8748327290096732,0.6124017669827012,0.9421965646465902,0.6595723750443233,94990,0.7125069382979042,0.718284647968593,0.8925199709513435,0.45115173905617056,-0.4581946364496734,0.0196793493270489,-0.4593823201579812,-0.0066146190803019755,,0.9735014887126467,0.4955739372193027
pooled,random__random_nodes__s19__r0.5,random,random_nodes,19,0.5,preregistered_descriptive,0.9117740142186423,-0.6651153120556841,199,0.23460943688002112,0.0,0,14,151,0.5300127401901976,0.2466587021629582,199,0.2466587021629582,31101,3682,97782,2066891,0.500011490952266,0.03168091826981578,0.4992478561992685,0.49996352487603457,0.03163253408138117,-0.00027625192701274785,0.03172930468222311,1.001527304606364,4133687,130959,65381,0.2478703120269065,0.24780484611418893,819,0.9000721819574569,0.09274193548387097,0.9024998206702552,122201,6885,6682,0.8748327290096732,0.4374264171659665,0.9421965646465902,0.4711188091781585,69428,0.5207698885371818,0.5300127401901976,0.5347857661583152,0.23460943688002112,-0.6747369386258228,0.027599243386126876,-0.683440361893424,-0.009274193548386989,,0.9407960749540868,0.2545099281503909
pooled,random__random_nodes__s19__r0.3,random,random_nodes,19,0.3,preregistered_descriptive,0.9117740142186423,-0.8168651699359233,199,0.0886282876812206,0.0,0,7,151,0.32758991363852286,0.09490884428271906,199,0.09490884428271906,11548,1414,117335,1240193,0.30002102239477735,0.03168091826981578,0.29974266755244006,0.6999698705482861,0.03165152520615743,-0.00010986771047962024,0.03169351655818191,1.0003976617173413,4133687,130959,39254,0.09034295955024918,0.09034295955024918,508,0.9000721819574569,0.09274193548387097,0.9024998206702552,122201,6885,6682,0.8748327290096732,0.26246820978189533,0.9421965646465902,0.282697043455033,42733,0.32053436145156694,0.3275899136385229,0.20537400145243281,0.0886282876812206,-0.8207180878246234,0.03366290090366544,-0.8412538772912017,-0.009274193548387002,,0.907896956433211,0.09450527161241443
pooled,random__random_nodes__s19__r0.1,random,random_nodes,19,0.1,preregistered_descriptive,0.9117740142186423,-0.9007148277465508,199,0.010144298578713247,0.0,0,0,151,0.11243231621444831,0.011059186472091606,199,0.011059186472091606,1309,155,127574,413453,0.10002039341633752,0.03168091826981578,0.09929061767423392,0.899955730192009,0.03144976575330207,-0.0004399653203971237,0.03170660770263376,1.0008108803096927,4133687,130959,13003,0.009860803103084263,0.009860803103084263,104,0.9000721819574569,0.09274193548387097,0.9024998206702552,122201,6885,6682,0.8748327290096732,0.0875011137290357,0.9421965646465902,0.09425399521340619,14561,0.1092200603069353,0.11243231621444831,0.02251270878721859,0.010144298578713247,-0.8992020769271307,0.039856827681882256,-0.931297461880046,-0.00927419354838699,,0.8830751223712403,0.010711088816824697
pooled,random__random_tracklets__s19__r0.9,random,random_tracklets,19,0.9,preregistered_descriptive,0.9117740142186423,-0.06830673719310221,199,0.8255877367528927,0.07834101382488479,17,66,134,0.8965809456182394,0.8356331756430516,199,0.8434672770255401,112024,6807,16859,3724822,0.9010895116151755,0.03168091826981578,0.9099412793316992,0.09920009553484524,0.031992132778425386,0.005363082822770001,0.028845707018208943,0.9105072893575782,4133687,130959,119165,0.9098861711442623,0.9098779879051726,836,0.9000721819574569,0.09274193548387097,0.9024998206702552,122201,6885,6682,0.8748327290096732,0.7883025965282976,0.9421965646465902,0.8499636080995522,120377,0.9029313371037669,0.8965809456182394,0.9886710239651416,0.8334218381353812,-0.07592453737046279,0.00820851047488741,-0.07507515550209093,-0.0014400921658986876,,0.9916144882163069,0.9166825715240291
pooled,random__random_tracklets__s19__r0.8,random,random_tracklets,19,0.8,preregistered_descriptive,0.9117740142186423,-0.1448702924389227,199,0.7428579847656653,0.07772020725388601,15,42,136,0.8143384889639443,0.759131701054331,199,0.7669037217797197,100840,6863,28043,3311248,0.8010398465099074,0.03168091826981578,0.8126741957406517,0.19934079957469006,0.03214105376583089,0.005271347146969585,0.029828352011516963,0.9415242246919381,4133687,130959,106427,0.8125219924550535,0.8122519455650936,1582,0.9000721819574569,0.09274193548387097,0.9024998206702552,122201,6885,6682,0.8748327290096732,0.7007758749677521,0.9421965646465902,0.7555931746485779,108820,0.8162438680448252,0.8143384889639445,0.99680464778504,0.750630005491054,-0.15871637001479,0.015822842272383897,-0.15919096188830834,-0.001502172822998249,,0.9826297167255669,0.8251589860791405
pooled,random__random_tracklets__s19__r0.7,random,random_tracklets,19,0.7,preregistered_descriptive,0.9117740142186423,-0.22724239196477258,199,0.6579639479905437,0.05714285714285714,10,24,141,0.722542650819661,0.6788173365395841,199,0.6845316222538698,89062,6477,39821,2897526,0.7009543780165262,0.03168091826981578,0.7114745836483174,0.29938981614538884,0.032156398251473844,0.004156236610784183,0.030566406802997343,0.9648207334987414,4133687,130959,93174,0.7111807595682523,0.7109352623955614,2185,0.9000721819574569,0.09274193548387097,0.9024998206702552,122201,6885,6682,0.8748327290096732,0.6132178314314757,0.9421965646465902,0.6612314436064576,96365,0.7228206243718027,0.722542650819661,0.9407407407407408,0.6636782337048294,-0.2456681418010146,0.022596338116456616,-0.24627882224712788,-0.003559907834101317,,0.9727867100676273,0.7288089987613174
pooled,random__random_tracklets__s19__r0.5,random,random_tracklets,19,0.5,preregistered_descriptive,0.9117740142186423,-0.4100041594933589,199,0.4761549925484352,0.012578616352201259,2,8,149,0.5286636601471595,0.5005119930900633,199,0.5017698547252835,63900,5317,64983,2071155,0.5010430155935851,0.03168091826981578,0.5002939851403875,0.49893247804996993,0.0316335571215095,-0.00027096927612702297,0.0317284774248351,1.0015011924406443,4133687,130959,65518,0.4998158771204818,0.4997013117732261,2836,0.9000721819574569,0.09274193548387097,0.9024998206702552,122201,6885,6682,0.8748327290096732,0.4383288286829723,0.9421965646465902,0.4729831329669312,69608,0.5221200438050376,0.5286636601471595,0.7722585330428468,0.4774128541836553,-0.43193352132218865,0.033314727488352486,-0.43530255506854443,-0.008016331913166974,,0.9512911351056609,0.5229260575880004
pooled,random__random_tracklets__s19__r0.3,random,random_tracklets,19,0.3,preregistered_descriptive,0.9117740142186423,-0.5923393441425123,199,0.298355059438394,0.0,0,4,151,0.33450143946055333,0.31943467007613,199,0.31943467007613,39504,3523,89379,1243951,0.3009301381551143,0.03168091826981578,0.3034003008575203,0.6991506792367606,0.0319409687359068,0.0009741415405578796,0.031568973774766966,0.9964665009361338,4133687,130959,39733,0.30314809207780624,0.30313172559962687,2461,0.9000721819574569,0.09274193548387097,0.9024998206702552,122201,6885,6682,0.8748327290096732,0.2632635340034966,0.9421965646465902,0.28423930082443527,43168,0.32379723668221844,0.33450143946055333,0.5116920842411038,0.298355059438394,-0.6109913160674499,0.040700917121411495,-0.6237660677155368,-0.009274193548387044,,0.9227397318912965,0.32327644484957996
pooled,random__random_tracklets__s19__r0.1,random,random_tracklets,19,0.1,preregistered_descriptive,0.9117740142186423,-0.7997613717332264,199,0.10274934932321937,0.0,0,0,151,0.11073177103837274,0.11201264248541594,199,0.11201264248541594,13383,1366,115500,417487,0.10099627765721014,0.03168091826981578,0.10084835711940378,0.8989988827619564,0.031634517961038305,-8.879421739385538e-05,0.03168613099402615,1.0001645382929236,4133687,130959,13207,0.10067839052053584,0.10067839052053584,1080,0.9000721819574569,0.09274193548387097,0.9024998206702552,122201,6885,6682,0.8748327290096732,0.08835484920267583,0.9421965646465902,0.096002436692837,14735,0.11052521039919591,0.11073177103837274,0.19840232389251997,0.10274934932321937,-0.8065970261826246,0.043760020043303594,-0.834247198228143,-0.009274193548387002,,0.8915313417560424,0.10952580342426362
pooled,quality__quality_nodes__s20260908__r0.9,quality,quality_nodes,20260908,0.9,preregistered_descriptive,0.9117740142186423,-0.0847144828434806,199,0.8117398359459902,0.051643192488262914,11,62,140,0.927961099396485,0.8218952121263354,199,0.8270595313751617,109054,5463,19829,3720410,0.9000221835857432,0.03168091826981578,0.9343229560396765,0.10110004976605955,0.032888310696939316,0.020683074931648344,0.020811707402057216,0.6569161671644385,4133687,130959,122358,0.8900827325471968,0.8900172666344792,293,0.9000721819574569,0.09274193548387097,0.9024998206702552,122201,6885,6682,0.8748327290096732,0.7873688630355609,0.9421965646465902,0.84801542328595,123373,0.9254039214509668,0.927961099396485,0.7934640522875817,0.8169041551948165,-0.09244222031102745,0.008320644040675895,-0.0889252525845956,-0.0041098742995608895,,0.9844830453577187,0.8924920016722323
pooled,quality__quality_nodes__s20260908__r0.8,quality,quality_nodes,20260908,0.8,preregistered_descriptive,0.9117740142186423,-0.1030116001837128,199,0.7862879427431585,0.049019607843137254,10,53,141,0.9074189332307188,0.8038604532506158,199,0.8087624140349295,105247,4970,23636,3307023,0.8000177565451859,0.03168091826981578,0.9103612581036813,0.20359239998321144,0.03605055060094835,0.049898887794793075,0.01420044903370656,0.4482335048740092,4133687,130959,119220,0.8578571370119721,0.8577671213819854,427,0.9000721819574569,0.09274193548387097,0.9024998206702552,122201,6885,6682,0.8748327290096732,0.6998817172146213,0.9421965646465902,0.753785923044463,120526,0.9040489656310475,0.9074189332307188,0.7218591140159768,0.7911899035274722,-0.11815647197837176,0.016387013996053634,-0.11502638141569327,-0.0043722327640731695,,0.9718131989690204,0.8614249338037833
pooled,quality__quality_nodes__s20260908__r0.7,quality,quality_nodes,20260908,0.7,preregistered_descriptive,0.9117740142186423,-0.13085513022014694,199,0.7517379689148639,0.05025125628140704,10,48,141,0.8836050823013664,0.7758937583703547,199,0.7809188839984954,100457,4750,28426,2893670,0.7000215546073033,0.03168091826981578,0.8786643147855435,0.3058231785922001,0.03976576458269257,0.070513833263175,0.012814340448558366,0.404481345503401,4133687,130959,115069,0.8171291560625527,0.8170227739543866,616,0.9000721819574569,0.09274193548387097,0.9024998206702552,122201,6885,6682,0.8748327290096732,0.6124017669827012,0.9421965646465902,0.6595723750443233,116768,0.8758607239832581,0.8836050823013664,0.6899055918663762,0.7567630945430046,-0.15258328096283935,0.02406568432127698,-0.15067174662117777,-0.004249067920246152,,0.9609371403696649,0.8222619721740791
pooled,quality__quality_nodes__s20260908__r0.5,quality,quality_nodes,20260908,0.5,preregistered_descriptive,0.9117740142186423,-0.22599233263351304,199,0.6489564281467097,0.03260869565217391,6,33,145,0.8005137350843025,0.6825208120199119,199,0.6857816815851293,86221,3978,42662,2066891,0.500011490952266,0.03168091826981578,0.7792362495132065,0.5091240274133041,0.049372705188614203,0.10101213612834187,0.013988318150412522,0.4415376483496689,4133687,130959,102048,0.698922267411887,0.6987995188255415,827,0.9000721819574569,0.09274193548387097,0.9024998206702552,122201,6885,6682,0.8748327290096732,0.4374264171659665,0.9421965646465902,0.4711188091781585,104211,0.7816723923251174,0.8005137350843025,0.5777777777777777,0.6522172977119272,-0.2571290777939168,0.037558070039477864,-0.25753707868982123,-0.006013323983169672,,0.9395245704237334,0.7058181562831263
pooled,quality__quality_nodes__s20260908__r0.3,quality,quality_nodes,20260908,0.3,preregistered_descriptive,0.9117740142186423,-0.3658956187010143,199,0.5090375640382482,0.0058823529411764705,1,19,150,0.6604311209692914,0.5452901602235104,199,0.5458783955176281,66970,2679,61913,1240193,0.30002102239477735,0.03168091826981578,0.6280667995326782,0.7107117945561128,0.06632112905007527,0.12948091063915618,0.016833627441425487,0.5313491009969823,4133687,130959,82251,0.5416649618251896,0.5415176635215752,796,0.9000721819574569,0.09274193548387097,0.9024998206702552,122201,6885,6682,0.8748327290096732,0.26246820978189533,0.9421965646465902,0.282697043455033,84350,0.6326977602424279,0.6604311209692912,0.38910675381263615,0.5096257993323658,-0.3997205761734781,0.047739879287272524,-0.40494953973401737,-0.008685958254269432,,0.9161199340491644,0.5482429567889465
pooled,quality__quality_nodes__s20260908__r0.1,quality,quality_nodes,20260908,0.1,preregistered_descriptive,0.9117740142186423,-0.596340841627607,199,0.2892566434319654,0.0,0,5,151,0.3974144694389828,0.3154331725910353,199,0.3154331725910353,37597,1095,91286,413453,0.10002039341633752,0.03168091826981578,0.3715208576730122,0.9088624058392176,0.11767722086911934,0.16368150084070365,0.022123608353668077,0.6983259817549702,4133687,130959,48654,0.3041628137249286,0.30413826400765953,431,0.9000721819574569,0.09274193548387097,0.9024998206702552,122201,6885,6682,0.8748327290096732,0.0875011137290357,0.9421965646465902,0.09425399521340619,49897,0.3742705411122279,0.3974144694389828,0.15904139433551198,0.2892566434319654,-0.6200897320738785,0.05177374090251646,-0.6388403889817365,-0.009274193548386989,,0.8895080383729528,0.30773013730782417
pooled,quality__quality_tracklets__s20260908__r0.9,quality,quality_tracklets,20260908,0.9,preregistered_descriptive,0.9117740142186423,-0.0005517240654995259,199,0.8907136062297669,0.09482758620689655,22,81,129,0.9726489758652067,0.9017395315324531,199,0.9112222901531428,120787,6724,8096,3722853,0.9006131814043976,0.03168091826981578,0.9854458265564031,0.10216232529414938,0.034665080786160506,0.05128839402550434,0.004639343384432642,0.1464396752935286,4133687,130959,129053,0.9868577180219474,0.9868577180219474,192,0.9000721819574569,0.09274193548387097,0.9024998206702552,122201,6885,6682,0.8748327290096732,0.787885887270093,0.9421965646465902,0.8490232323810075,129323,0.9700340539162003,0.9726489758652066,0.9766158315177923,0.9001963648504566,-0.009150010655387342,0.008607461603085731,-0.009367750740887748,0.00020856507230249122,,0.9890970427592622,0.9884922395560628
pooled,quality__quality_tracklets__s20260908__r0.8,quality,quality_tracklets,20260908,0.8,preregistered_descriptive,0.9117740142186423,-0.009816193212388247,199,0.873946102519009,0.08636363636363636,19,69,132,0.9560174976958317,0.8933214573698904,199,0.9019578210062541,118272,6448,10611,3309955,0.800727050693485,0.03168091826981578,0.9605601753220474,0.2045022794454182,0.03800474628809153,0.07237523730434116,0.006270243234450039,0.19791860769465314,4133687,130959,125794,0.9637400675935549,0.9637155178762858,505,0.9000721819574569,0.09274193548387097,0.9024998206702552,122201,6885,6682,0.8748327290096732,0.7005022309500485,0.9421965646465902,0.7550905234950687,126461,0.9485665851572931,0.9560174976958317,0.9365286855482934,0.8825824661553726,-0.02676390935047135,0.017108096491944502,-0.026286459792309536,-0.0006378299120232134,,0.9786403862433956,0.9680035546257371
pooled,quality__quality_tracklets__s20260908__r0.7,quality,quality_tracklets,20260908,0.7,preregistered_descriptive,0.9117740142186423,-0.028820577731647146,199,0.8480890752442828,0.07766990291262135,16,55,135,0.9303677920464165,0.875186446195733,199,0.8829534364869952,114481,6104,14402,2897104,0.7008522899774463,0.03168091826981578,0.9249383394802954,0.3064792311643459,0.0418103733935682,0.08852141880925402,0.00794932487346179,0.2509183858169782,4133687,130959,121129,0.9298696410013011,0.9298614577622114,851,0.9000721819574569,0.09274193548387097,0.9024998206702552,122201,6885,6682,0.8748327290096732,0.6131285214736482,0.9421965646465902,0.6611401793632032,122245,0.9169429484390705,0.9303677920464167,0.886564996368918,0.8558560655355449,-0.05349030997029902,0.025318409747254633,-0.052631784221776834,-0.001507203257124945,,0.9678980825929392,0.9370405989812601
pooled,quality__quality_tracklets__s20260908__r0.5,quality,quality_tracklets,20260908,0.5,preregistered_descriptive,0.9117740142186423,-0.1035858884164691,199,0.7645036687943686,0.043243243243243246,8,34,143,0.8498835992077103,0.803863801477849,199,0.8081881258021733,102523,5221,26360,2071011,0.50100817986461,0.03168091826981578,0.8212646706221031,0.5094697916021274,0.05193212397230145,0.11585597982479526,0.01134788013241052,0.3581929045037275,4133687,130959,107552,0.8295676794788913,0.8295676794788913,1149,0.9000721819574569,0.09274193548387097,0.9024998206702552,122201,6885,6682,0.8748327290096732,0.43829835324712596,0.9421965646465902,0.47296303651129107,109156,0.818764157878156,0.8498835992077102,0.758315177923021,0.7688279931186929,-0.1405183823871511,0.04017015166584431,-0.13880617085825048,-0.0049498692240629305,,0.9473957661346715,0.8392500108272999
pooled,quality__quality_tracklets__s20260908__r0.3,quality,quality_tracklets,20260908,0.3,preregistered_descriptive,0.9117740142186423,-0.23463878161642804,199,0.6306457436885023,0.017241379310344827,3,23,148,0.71151474253611,0.6754110946711799,199,0.6771352326022143,83833,4049,45050,1244523,0.3010685134118766,0.03168091826981578,0.6633526523568445,0.7107844949744274,0.0698034508000254,0.14285287468004373,0.015259431447989798,0.48166001117866364,4133687,130959,86872,0.6735378597556485,0.6735214932774691,1528,0.9000721819574569,0.09274193548387097,0.9024998206702552,122201,6885,6682,0.8748327290096732,0.2633845892069974,0.9421965646465902,0.2846828439759506,88980,0.6674267540767188,0.7115147425361098,0.5880900508351489,0.6323698816195368,-0.2769764938863072,0.05162805610779164,-0.2787167821068671,-0.007550055617352558,,0.9247115625521324,0.6862925483449545
pooled,quality__quality_tracklets__s20260908__r0.1,quality,quality_tracklets,20260908,0.1,preregistered_descriptive,0.9117740142186423,-0.4743608220143646,199,0.40120525233058785,0.0,0,8,151,0.45085892315170956,0.43741319220427777,199,0.43741319220427777,52462,1878,76421,418928,0.10134487686174594,0.03168091826981578,0.41114394581510244,0.908790954568984,0.12852566550815414,0.18568307377854323,0.020759354779139105,0.6552636701480249,4133687,130959,53843,0.4214859125539071,0.4214777293148174,957,0.9000721819574569,0.09274193548387097,0.9024998206702552,122201,6885,6682,0.8748327290096732,0.08865981519611049,0.9421965646465902,0.0964428787858236,55148,0.41365757062062136,0.45085892315170956,0.2727668845315904,0.40120525233058785,-0.5081411231752562,0.05633558956896928,-0.5214222180349467,-0.009274193548387155,,0.8950668311381472,0.4293981115263719
pooled,quality__quality_tracklets_fork_protected__s20260908__r0.9,quality,quality_tracklets_fork_protected,20260908,0.9,preregistered_descriptive,0.9117740142186423,-0.0008300271369584555,199,0.8907002293053743,0.09274193548387097,23,97,128,0.9729432289543343,0.9016697935332968,199,0.9109439870816839,120803,6744,8080,3724895,0.9011071713944476,0.03168091826981578,0.9856061820875236,0.10165741963980565,0.03465171501478565,0.05120007972502951,0.004611146989177871,0.14554966336222563,4133687,130959,129074,0.9869886498473825,0.9869886498473825,192,0.9000721819574569,0.09274193548387097,0.9024998206702552,122201,6885,6682,0.8748327290096732,0.7883180458811919,0.9421965646465902,0.8496071276889042,129341,0.970169069442986,0.972943228954334,0.979520697167756,0.8999744228537614,-0.009371952652082571,0.008550606002466155,-0.009380633139424499,-1.1102230246251565e-16,,0.9895336056057691,0.9886235336846745
pooled,quality__quality_tracklets_fork_protected__s20260908__r0.8,quality,quality_tracklets_fork_protected,20260908,0.8,preregistered_descriptive,0.9117740142186423,-0.009150550774397082,199,0.8740211577672055,0.0931174089068826,23,96,128,0.9564876254633595,0.893311722553557,199,0.9026234634442453,118311,6481,10572,3313250,0.8015241599085756,0.03168091826981578,0.9609190662726502,0.20369083285199494,0.03798113634648759,0.07228562513043357,0.006238138943026704,0.1969052440304464,4133687,130959,125841,0.964059213918053,0.964034664200784,505,0.9000721819574569,0.09274193548387097,0.9024998206702552,122201,6885,6682,0.8748327290096732,0.7011995681800048,0.9421965646465902,0.7560391186237685,126506,0.948904123974257,0.9564876254633595,0.9413217138707335,0.8833328986578938,-0.02601347684795019,0.017021334419445977,-0.026209432536144273,3.754734230121404e-05,,0.9782416618984143,0.9683227431121229
pooled,quality__quality_tracklets_fork_protected__s20260908__r0.7,quality,quality_tracklets_fork_protected,20260908,0.7,preregistered_descriptive,0.9117740142186423,-0.02716297772596954,199,0.8482985892546376,0.0931174089068826,23,96,128,0.9310317024691032,0.8752992956019845,199,0.8846110364926728,114550,6152,14333,2901333,0.7018753476013061,0.03168091826981578,0.9255721256271047,0.30544343757557346,0.04177803788810178,0.08845460042078493,0.007909253347658221,0.24965353845800037,4133687,130959,121212,0.9304833839330283,0.9304752006939386,845,0.9000721819574569,0.09274193548387097,0.9024998206702552,122201,6885,6682,0.8748327290096732,0.6140235257666635,0.9421965646465902,0.6623232910757233,122320,0.9175055131340104,0.9310317024691034,0.8935366739288307,0.857610330145326,-0.05173604536051801,0.02521605549559619,-0.052416580563866944,3.754734230121404e-05,,0.9667012278897991,0.9376047385440383
pooled,quality__quality_tracklets_fork_protected__s20260908__r0.5,quality,quality_tracklets_fork_protected,20260908,0.5,preregistered_descriptive,0.9117740142186423,-0.09916365434595009,199,0.7648606545768952,0.0847457627118644,20,85,131,0.8509760372898829,0.8041357836015058,199,0.8126103598726923,102616,5280,26267,2076257,0.5022772648243565,0.03168091826981578,0.8221122641437396,0.5081869165229314,0.05185437062945483,0.11570446596247178,0.011322863961349839,0.3574032755274577,4133687,130959,107663,0.8303778201487713,0.8303778201487713,1143,0.9000721819574569,0.09274193548387097,0.9024998206702552,122201,6885,6682,0.8748327290096732,0.4394085903058062,0.9421965646465902,0.4743349853970922,109259,0.8195367467258735,0.8509760372898829,0.7668845315904139,0.7733352308480816,-0.13601114465776232,0.04006614343580511,-0.13843018050455452,-0.0007996172772006815,,0.9436002996114506,0.8400124415651494
pooled,quality__quality_tracklets_fork_protected__s20260908__r0.3,quality,quality_tracklets_fork_protected,20260908,0.3,preregistered_descriptive,0.9117740142186423,-0.23001357191855365,199,0.6311752763365667,0.05855855855855856,13,71,138,0.7127675505931736,0.6759045864442328,199,0.6817604423000887,83940,4107,44943,1249623,0.302302278813079,0.03168091826981578,0.6643682373872739,0.7095435912707534,0.06962499889966814,0.1426011300505118,0.01524029979917228,0.4810561256266546,4133687,130959,87005,0.6744707490118739,0.6744543825336945,1521,0.9000721819574569,0.09274193548387097,0.9024998206702552,122201,6885,6682,0.8748327290096732,0.264463927559889,0.9421965646465902,0.2859181629314233,89103,0.6683493601764203,0.7127675505931736,0.5965141612200435,0.6370311321924226,-0.2723152433134214,0.05155631260626292,-0.2781515468322855,-0.0034183376925310816,,0.9210175526049718,0.6871702286290269
pooled,quality__quality_tracklets_fork_protected__s20260908__r0.1,quality,quality_tracklets_fork_protected,20260908,0.1,preregistered_descriptive,0.9117740142186423,-0.4713560019814315,199,0.40157636823717385,0.02617801047120419,5,40,146,0.45192937546327083,0.43780021119009044,199,0.44041801223721083,52529,1924,76354,422006,0.10208949056858925,0.03168091826981578,0.4118082758726013,0.9080437141869245,0.12779439154893532,0.18503340341518404,0.02075313045490709,0.6550672009617783,4133687,130959,53930,0.42209965548563433,0.42209147224654464,949,0.9000721819574569,0.09274193548387097,0.9024998206702552,122201,6885,6682,0.8748327290096732,0.08931122763732623,0.9421965646465902,0.09706061042064693,55230,0.4142726413537557,0.45192937546327083,0.2794480755265069,0.40419416928429425,-0.5051522062215497,0.056320320890262066,-0.5210199303704268,-0.006656392501266706,,0.8928535841060217,0.4299497512312549
pooled,hgb_all_leaf7__membership_nodes__s20260908__r0.9,hgb_all_leaf7,membership_nodes,20260908,0.9,preregistered_descriptive,0.9117740142186423,-0.057352844351259424,199,0.834446793308928,0.0970464135021097,23,86,128,0.9351185571990888,0.8447165285171719,199,0.8544211698673829,113287,6880,15596,3720410,0.9000221835857432,0.03168091826981578,0.942798891256042,0.10137736064004349,0.03318666491058781,0.025793991994269194,0.018125857475736612,0.572138008165191,4133687,130959,123468,0.9241250071603342,0.9240186250521681,371,0.9000721819574569,0.09274193548387097,0.9024998206702552,122201,6885,6682,0.8748327290096732,0.7873688630355609,0.9421965646465902,0.84801542328595,124474,0.9336623711726849,0.9351185571990885,0.9992737835875091,0.844151434659139,-0.06519494084670496,0.008440364918017695,-0.066223657071101,0.00043044780182388553,,0.9898844589238762,0.9269484021127867
pooled,hgb_all_leaf7__membership_nodes__s20260908__r0.8,hgb_all_leaf7,membership_nodes,20260908,0.8,preregistered_descriptive,0.9117740142186423,-0.1313372858834262,199,0.7546967693319248,0.09130434782608696,21,79,130,0.8677103559184721,0.7713062935526075,199,0.7804367283352162,102155,6476,26728,3307023,0.8000177565451859,0.03168091826981578,0.8634076313960858,0.2020561976731869,0.03419117435832772,0.02866579551886172,0.021638779479933805,0.6830224836175378,4133687,130959,113071,0.829657695108878,0.8295103968052635,788,0.9000721819574569,0.09274193548387097,0.9024998206702552,122201,6885,6682,0.8748327290096732,0.6998817172146213,0.9421965646465902,0.753785923044463,114978,0.862434179930692,0.8677103559184721,0.9405954974582426,0.7638272041145334,-0.14551917139131054,0.016112515105710767,-0.1473060422233584,-0.00014375876577854552,,0.978164956480528,0.8358390889319004
pooled,hgb_all_leaf7__membership_nodes__s20260908__r0.7,hgb_all_leaf7,membership_nodes,20260908,0.7,preregistered_descriptive,0.9117740142186423,-0.21348253288832664,199,0.669186836691497,0.0787037037037037,17,65,134,0.7874802480550553,0.6904211109599453,199,0.6982914813303157,90104,5764,38779,2893670,0.7000215546073033,0.03168091826981578,0.7747539306195068,0.3024234971749267,0.03506308597732292,0.02949834796678928,0.023788383546354607,0.7508741805953003,4133687,130959,101461,0.7294866654119033,0.7293475503473785,977,0.9000721819574569,0.09274193548387097,0.9024998206702552,122201,6885,6682,0.8748327290096732,0.6124017669827012,0.9421965646465902,0.6595723750443233,103824,0.7787695584992275,0.7874802480550555,0.8371822803195352,0.6770572070618674,-0.2322891684439765,0.02292298405066434,-0.2350016937609743,-0.0014038231780166832,,0.9651905202974475,0.7372333498675776
pooled,hgb_all_leaf7__membership_nodes__s20260908__r0.5,hgb_all_leaf7,membership_nodes,20260908,0.5,preregistered_descriptive,0.9117740142186423,-0.39025371978578494,199,0.4907731873486637,0.05641025641025641,11,44,140,0.6043324436245959,0.5158792687918318,199,0.5215202944328574,65264,4099,63619,2066891,0.500011490952266,0.03168091826981578,0.5830908910422345,0.5027066540619297,0.036944860662705484,0.03005474054163191,0.026416733920522392,0.8338373810866183,4133687,130959,76361,0.5254948813839494,0.5254130489930524,1058,0.9000721819574569,0.09274193548387097,0.9024998206702552,122201,6885,6682,0.8748327290096732,0.4374264171659665,0.9421965646465902,0.4711188091781585,78907,0.5918705651149883,0.6043324436245959,0.5953522149600581,0.49641421298968935,-0.4129321625161546,0.03387844675400059,-0.4204989986324242,-0.0036331679073613454,,0.9379165775009007,0.5339742888606431
pooled,hgb_all_leaf7__membership_nodes__s20260908__r0.3,hgb_all_leaf7,membership_nodes,20260908,0.3,preregistered_descriptive,0.9117740142186423,-0.5826906609854737,199,0.3056842779183562,0.01818181818181818,3,14,148,0.39449701008587146,0.3272651714149868,199,0.3290833532331686,40107,2321,88776,1240193,0.30002102239477735,0.03168091826981578,0.3760184485220565,0.7024654185845254,0.039705916740378315,0.029996471916343463,0.02824128890538567,0.8914289877857724,4133687,130959,49243,0.32144581468236755,0.3213885320087397,833,0.9000721819574569,0.09274193548387097,0.9024998206702552,122201,6885,6682,0.8748327290096732,0.26246820978189533,0.9421965646465902,0.282697043455033,51295,0.38475674702590795,0.3944970100858714,0.33710965867828613,0.307502459736538,-0.601843915769306,0.04113398868836482,-0.6163686379436335,-0.007456011730205103,,0.9123937920421891,0.3281419824113495
pooled,hgb_all_leaf7__membership_nodes__s20260908__r0.1,hgb_all_leaf7,membership_nodes,20260908,0.1,preregistered_descriptive,0.9117740142186423,-0.7882287453467154,199,0.11333276741547889,0.0,0,3,151,0.15392508922603781,0.12354526887192695,199,0.12354526887192695,14686,700,114197,413453,0.10002039341633752,0.03168091826981578,0.14819905466596417,0.9015558888837812,0.04694124846113101,0.029045827245361214,0.02998494180742394,0.9464669411426848,4133687,130959,19408,0.11766679487074574,0.11765861163165604,308,0.9000721819574569,0.09274193548387097,0.9024998206702552,122201,6885,6682,0.8748327290096732,0.0875011137290357,0.9421965646465902,0.09425399521340619,20270,0.15204248488576186,0.15392508922603781,0.10167029774872913,0.11333276741547889,-0.796013608090365,0.044450051336336026,-0.8234046031346645,-0.009274193548386975,,0.8868048449467012,0.12016194944945557
pooled,hgb_all_leaf7__membership_tracklets__s20260908__r0.9,hgb_all_leaf7,membership_tracklets,20260908,0.9,fixed_primary,0.9117740142186423,-0.038451681246440494,199,0.8539105424241307,0.08898305084745763,21,85,130,0.9380821849503317,0.8644240278874561,199,0.8733223329722019,115786,6712,13097,3723353,0.9007341387966723,0.03168091826981578,0.939660504432685,0.10053943210730282,0.033050049243249294,0.023546980498035032,0.01925748292854114,0.6078574732124744,4133687,130959,123057,0.9416616885295538,0.9416453220513744,716,0.9000721819574569,0.09274193548387097,0.9024998206702552,122201,6885,6682,0.8748327290096732,0.7879917047556706,0.9421965646465902,0.8490771753565599,124006,0.9301519674762597,0.9380821849503319,0.9748729121278141,0.8628088475088764,-0.04653752799696753,0.008433534271486798,-0.046509327054286065,-0.0003758884636412274,,0.9896502727615804,0.9475030353858124
pooled,hgb_all_leaf7__membership_tracklets__s20260908__r0.8,hgb_all_leaf7,membership_tracklets,20260908,0.8,preregistered_descriptive,0.9117740142186423,-0.10249277500410248,199,0.7838167194735559,0.08256880733944955,18,67,133,0.8634606849396755,0.801024358480595,199,0.8092812392145399,106128,6516,22755,3310478,0.8008535721258044,0.03168091826981578,0.8560312769645462,0.20095170093995895,0.03386368977531341,0.02499139209174847,0.022903053780996076,0.7229289752884821,4133687,130959,112105,0.8593301200481175,0.8592237379399514,1130,0.9000721819574569,0.09274193548387097,0.9024998206702552,122201,6885,6682,0.8748327290096732,0.7006129160399626,0.9421965646465902,0.7552896232624048,113765,0.8533356335978638,0.8634606849396755,0.9464052287581699,0.7920736002075008,-0.11727277529834312,0.016235816636274603,-0.11771127882593502,-0.0010173128144420618,,0.979569297303692,0.8684493507430169
pooled,hgb_all_leaf7__membership_tracklets__s20260908__r0.7,hgb_all_leaf7,membership_tracklets,20260908,0.7,preregistered_descriptive,0.9117740142186423,-0.16634953293350918,199,0.7167683627547654,0.0594059405940594,12,51,139,0.7937935077015481,0.7394838872257272,199,0.7454244812851332,96677,5996,32206,2897660,0.7009867945976558,0.03168091826981578,0.7759985949801083,0.3014673992337226,0.03507105733591933,0.029635968333367912,0.023733300324345667,0.7491354929240714,4133687,130959,101624,0.7801409153771246,0.7799690673562409,1364,0.9000721819574569,0.09274193548387097,0.9024998206702552,122201,6885,6682,0.8748327290096732,0.6132461905176104,0.9421965646465902,0.6613611909432084,103573,0.7768868419868284,0.7937935077015479,0.870878721859114,0.7227089568141714,-0.1866374186916726,0.023429584529267244,-0.18644551797379527,-0.0033335994889811538,,0.9691052666255341,0.7911363322951777
pooled,hgb_all_leaf7__membership_tracklets__s20260908__r0.5,hgb_all_leaf7,membership_tracklets,20260908,0.5,preregistered_descriptive,0.9117740142186423,-0.32047433242408174,199,0.5583105207258149,0.04419889502762431,8,30,143,0.6293072823109276,0.5868797922917982,199,0.5912996817945606,74645,4815,54238,2070383,0.5008562573799129,0.03168091826981578,0.591719545812048,0.5021165565084612,0.03742834055341451,0.03287068225506987,0.025913777126395334,0.8179616798255771,4133687,130959,77491,0.5971391396142421,0.5970409407451658,1686,0.9000721819574569,0.09274193548387097,0.9024998206702552,122201,6885,6682,0.8748327290096732,0.4381654464852405,0.9421965646465902,0.472477027077211,79898,0.5993039199507944,0.6293072823109276,0.6993464052287581,0.5627304102285773,-0.3466159652772667,0.03536762565516893,-0.3509876540336261,-0.004854304045624591,,0.9443756284990391,0.6108254292363526
pooled,hgb_all_leaf7__membership_tracklets__s20260908__r0.3,hgb_all_leaf7,membership_tracklets,20260908,0.3,preregistered_descriptive,0.9117740142186423,-0.50179734398679,199,0.3813126723014935,0.01818181818181818,3,14,148,0.4246467638543761,0.4081584884136706,199,0.4099766702318524,50347,3153,78536,1244649,0.30109899467472984,0.03168091826981578,0.3948869493505601,0.7019695067963648,0.04154906322987445,0.03698062229628409,0.02742954575190773,0.8658065248708848,4133687,130959,51714,0.4007659511787956,0.40070048526607804,1381,0.9000721819574569,0.09274193548387097,0.9024998206702552,122201,6885,6682,0.8748327290096732,0.26341125521336295,0.9421965646465902,0.2845959402128773,53738,0.40308135435575093,0.4246467638543761,0.4579520697167756,0.38313085411967535,-0.5262155213861686,0.04356427121050041,-0.5379056034670852,-0.007456011730205214,,0.9183673838734374,0.4119314694883313
pooled,hgb_all_leaf7__membership_tracklets__s20260908__r0.1,hgb_all_leaf7,membership_tracklets,20260908,0.1,preregistered_descriptive,0.9117740142186423,-0.7263901085741138,199,0.17010773028212878,0.0,0,3,151,0.18197992100526011,0.1853839056445286,199,0.1853839056445286,22122,1164,106761,418902,0.10133858707734765,0.03168091826981578,0.17154223841049487,0.9009582964418267,0.05362829492339497,0.042078850427402115,0.029205997116926015,0.921879753237842,4133687,130959,22465,0.175735059451232,0.175735059451232,647,0.9000721819574569,0.09274193548387097,0.9024998206702552,122201,6885,6682,0.8748327290096732,0.08865431268686046,0.9421965646465902,0.0968542912751723,23389,0.17543767533266325,0.18197992100526011,0.1690631808278867,0.17010773028212878,-0.7392386452237152,0.046797688397410775,-0.7639136034231375,-0.009274193548387016,,0.8902175360492175,0.18100099490933552
pooled,hgb_all_leaf7__membership_tracklets_fork_protected__s20260908__r0.9,hgb_all_leaf7,membership_tracklets_fork_protected,20260908,0.9,preregistered_descriptive,0.9117740142186423,-0.03803785199423526,199,0.8539835407940535,0.09274193548387097,23,97,128,0.9383080107587174,0.86446196867602,199,0.8737361622244071,115807,6725,13076,3725064,0.9011480549930365,0.03168091826981578,0.9398743118075122,0.10011896886323528,0.03304238531203759,0.023469534314459074,0.01926959569089356,0.6082398094266354,4133687,130959,123085,0.9418826359849756,0.9418662695067962,710,0.9000721819574569,0.09274193548387097,0.9024998206702552,122201,6885,6682,0.8748327290096732,0.7883538121913172,0.9421965646465902,0.8495269710243402,124029,0.9303244873160413,0.9383080107587174,0.9767610748002905,0.8632577343424406,-0.04608864116340339,0.008395856960421944,-0.046433708954657316,1.1102230246251565e-16,,0.9893754521501157,0.9476760344287178
pooled,hgb_all_leaf7__membership_tracklets_fork_protected__s20260908__r0.8,hgb_all_leaf7,membership_tracklets_fork_protected,20260908,0.8,preregistered_descriptive,0.9117740142186423,-0.10215017778287405,199,0.7839342543435402,0.08536585365853659,21,95,130,0.8639580110277061,0.8010872510699146,199,0.8096238364357683,106169,6548,22714,3313459,0.8015747200985464,0.03168091826981578,0.8564283478035111,0.20021994999410403,0.033848917400215305,0.02487851669162494,0.022922894609791425,0.7235552459232653,4133687,130959,112157,0.8597065490462434,0.8596001669380774,1125,0.9000721819574569,0.09274193548387097,0.9024998206702552,122201,6885,6682,0.8748327290096732,0.7012437998889763,0.9421965646465902,0.7560801254207282,113812,0.8536881741400261,0.8639580110277061,0.9510530137981118,0.7924708397093939,-0.11687553579645005,0.016173743820469266,-0.11758631342080988,-0.0007376081825334335,,0.9795697198770318,0.8687868649600802
pooled,hgb_all_leaf7__membership_tracklets_fork_protected__s20260908__r0.7,hgb_all_leaf7,membership_tracklets_fork_protected,20260908,0.7,preregistered_descriptive,0.9117740142186423,-0.16347782133324473,199,0.7169335892628194,0.08713692946058091,21,90,130,0.7944791987555655,0.7395824999393396,199,0.7482961928853976,96738,6050,32145,2901887,0.7020093683919465,0.03168091826981578,0.7766629250376071,0.30043310462264733,0.03504995197952229,0.02952346857578324,0.023744114304270175,0.749476833406453,4133687,130959,101711,0.7807792080261209,0.7806073600052372,1347,0.9000721819574569,0.09274193548387097,0.9024998206702552,122201,6885,6682,0.8748327290096732,0.6141407715406836,0.9421965646465902,0.6624513467725336,103647,0.7774419058191692,0.7944791987555655,0.878721859114016,0.7256472822088774,-0.18369909329696654,0.02334993171534927,-0.18626725244626519,-0.0005605006023288173,,0.96662087250479,0.7916369090087065
pooled,hgb_all_leaf7__membership_tracklets_fork_protected__s20260908__r0.5,hgb_all_leaf7,membership_tracklets_fork_protected,20260908,0.5,preregistered_descriptive,0.9117740142186423,-0.31572518538647176,199,0.5588314445474389,0.08695652173913043,20,79,131,0.6308247047218213,0.5873531766582576,199,0.5960488288321706,74756,4889,54127,2075985,0.5022114640029591,0.03168091826981578,0.5927885826861842,0.5007519871447673,0.03739477886400913,0.03276743000906102,0.025916289141965164,0.8180409709480262,4133687,130959,77631,0.5981374947831851,0.5980392959141088,1675,0.9000721819574569,0.09274193548387097,0.9024998206702552,122201,6885,6682,0.8748327290096732,0.43935102559365197,0.9421965646465902,0.47390700844088757,80032,0.600309035539087,0.6308247047218213,0.7100944081336238,0.5675270967213519,-0.34181927878449203,0.035282331466419126,-0.3504289754784169,-0.0005785413744739953,,0.9405665960502003,0.6117351508654205
pooled,hgb_all_leaf7__membership_tracklets_fork_protected__s20260908__r0.3,hgb_all_leaf7,membership_tracklets_fork_protected,20260908,0.3,preregistered_descriptive,0.9117740142186423,-0.49422305904317915,199,0.38220109312782935,0.08490566037735849,18,61,133,0.4263784217261732,0.40906038913772735,199,0.4175509551754632,50488,3215,78395,1250199,0.3024416217289795,0.03168091826981578,0.3961163417558167,0.7006231749946537,0.04149339425163514,0.036889348095965314,0.02742650567645851,0.8657105656747742,4133687,130959,51875,0.4019279711295325,0.40186250521681494,1380,0.9000721819574569,0.09274193548387097,0.9024998206702552,122201,6885,6682,0.8748327290096732,0.2645858293032744,0.9421965646465902,0.2859641173536962,53899,0.40428899323422196,0.4263784217261732,0.46695715323166304,0.3906916591655652,-0.5186547163402788,0.04351449800767354,-0.5369539295402015,-0.000783627510651197,,0.9121702508444954,0.413084861149341
pooled,hgb_all_leaf7__membership_tracklets_fork_protected__s20260908__r0.1,hgb_all_leaf7,membership_tracklets_fork_protected,20260908,0.1,preregistered_descriptive,0.9117740142186423,-0.7214873352940735,199,0.17064715242172906,0.043243243243243246,8,34,143,0.1830565996998504,0.1859623546002445,199,0.19028667892456883,22200,1210,106683,421991,0.10208586184682102,0.03168091826981578,0.17226765628937302,0.9002103065709186,0.05346085580024219,0.04192894152855769,0.02920470857527125,0.9218390807534212,4133687,130959,22560,0.1763979018174974,0.1763979018174974,644,0.9000721819574569,0.09274193548387097,0.9024998206702552,122201,6885,6682,0.8748327290096732,0.0893080531127589,0.9421965646465902,0.0975203853240844,23484,0.17615025727958716,0.18305659969985041,0.1757443718228032,0.1749714767460534,-0.7343748987597906,0.046792002532529145,-0.76332946860254,-0.004949869224062653,,0.8863549750924605,0.1816394451564924
pooled,image_only_seed20260908__membership_nodes__s20260908__r0.9,image_only_seed20260908,membership_nodes,20260908,0.9,preregistered_descriptive,0.9117740142186423,-0.08552709336183328,199,0.8093420829242728,0.06926406926406926,16,80,135,0.9094448322555051,0.8193205139304022,199,0.8262469208568091,109644,6590,19239,3720410,0.9000221835857432,0.03168091826981578,0.9115142907322139,0.10035380870246492,0.032085442195887014,0.006929643160433503,0.028039305356939777,0.8850534292642149,4133687,130959,119371,0.8936669912684839,0.8936015253557663,445,0.9000721819574569,0.09274193548387097,0.9024998206702552,122201,6885,6682,0.8748327290096732,0.7873688630355609,0.9421965646465902,0.84801542328595,120370,0.9028788310655725,0.9094448322555053,0.9571532316630356,0.8162684898506797,-0.09307788565516428,0.008317161175621535,-0.09149646791547472,-0.002347786621980097,,0.9908121702145006,0.897159621096793
pooled,image_only_seed20260908__membership_nodes__s20260908__r0.8,image_only_seed20260908,membership_nodes,20260908,0.8,preregistered_descriptive,0.9117740142186423,-0.1715443115058657,199,0.7201506088838489,0.04265402843601896,9,60,142,0.8266945036505742,0.7359642998691748,199,0.7402297027127767,97162,6036,31721,3307023,0.8000177565451859,0.03168091826981578,0.8187295260348659,0.20059444458879044,0.03242190937287101,0.008461726091885892,0.028716624892338363,0.9064328454045578,4133687,130959,107220,0.7889788135939968,0.7888724314858307,761,0.9000721819574569,0.09274193548387097,0.9024998206702552,122201,6885,6682,0.8748327290096732,0.6998817172146213,0.9421965646465902,0.753785923044463,108938,0.8171289698315306,0.8266945036505742,0.8766884531590414,0.7244160117274507,-0.18493036377839323,0.01578028738281101,-0.1823158081838916,-0.005008790704785104,,0.9802402552964367,0.7949476447388615
pooled,image_only_seed20260908__membership_nodes__s20260908__r0.7,image_only_seed20260908,membership_nodes,20260908,0.7,preregistered_descriptive,0.9117740142186423,-0.2543254487129851,199,0.6338484936592784,0.03553299492385787,7,46,144,0.7388911095947127,0.6538952660132714,199,0.6574485655056572,85020,5250,43863,2893670,0.7000215546073033,0.03168091826981578,0.725662230163639,0.30081734257236564,0.03284133989017407,0.010120882140035623,0.028972989886428976,0.914524940207721,4133687,130959,95032,0.6882267739216537,0.6880876588571289,935,0.9000721819574569,0.09274193548387097,0.9024998206702552,122201,6885,6682,0.8748327290096732,0.6124017669827012,0.9421965646465902,0.6595723750443233,97089,0.7282512488936228,0.7388911095947126,0.7625272331154684,0.6374017931516642,-0.27194458235417973,0.022420314563014132,-0.2710248692199981,-0.00572089405600118,,0.9660981939710531,0.6955655440341386
pooled,image_only_seed20260908__membership_nodes__s20260908__r0.5,image_only_seed20260908,membership_nodes,20260908,0.5,preregistered_descriptive,0.9117740142186423,-0.4281192063025194,199,0.45693797981019163,0.033707865168539325,6,27,145,0.5463104874126283,0.48028402139926907,199,0.483654807916123,60473,3461,68410,2066891,0.500011490952266,0.03168091826981578,0.532861429913179,0.5010632748465547,0.03376230289841119,0.011883768915152443,0.02959943797065603,0.9342986121351509,4133687,130959,69783,0.4873200710305153,0.4873200710305153,922,0.9000721819574569,0.09274193548387097,0.9024998206702552,122201,6885,6682,0.8748327290096732,0.4374264171659665,0.9421965646465902,0.4711188091781585,71744,0.5381418863169265,0.5463104874126283,0.5026870007262164,0.46030876632704554,-0.4490376091787984,0.03306680371219728,-0.45528260298318346,-0.005903407031533137,,0.935755386103925,0.4947454458314163
pooled,image_only_seed20260908__membership_nodes__s20260908__r0.3,image_only_seed20260908,membership_nodes,20260908,0.3,preregistered_descriptive,0.9117740142186423,-0.6240874658332671,199,0.2675747528610063,0.0125,2,9,149,0.3340797693180287,0.28643654838537524,199,0.2876865483853752,35025,2015,93858,1240193,0.30002102239477735,0.03168091826981578,0.32627768996403456,0.7008380284645872,0.03445350844586286,0.010363606131067103,0.03049254638164102,0.9624893483814516,4133687,130959,42729,0.28084876555838334,0.28084876555838334,705,0.9000721819574569,0.09274193548387097,0.9024998206702552,122201,6885,6682,0.8748327290096732,0.26246820978189533,0.9421965646465902,0.282697043455033,44260,0.33198817864054364,0.3340797693180287,0.2926652142338417,0.26882475286100627,-0.6405216226448377,0.03986054410370174,-0.6559238163885818,-0.00802419354838707,,0.910834240703932,0.2865341407632549
pooled,image_only_seed20260908__membership_nodes__s20260908__r0.1,image_only_seed20260908,membership_nodes,20260908,0.1,preregistered_descriptive,0.9117740142186423,-0.8289081692545555,199,0.07601643598615918,0.0,0,3,151,0.10529065714172073,0.0828658449640869,199,0.0828658449640869,9842,589,119041,413453,0.10002039341633752,0.03168091826981578,0.10408601165250193,0.9001126231909837,0.03296868084159506,0.002451069454200259,0.03153780111681147,0.9954825440416394,4133687,130959,13631,0.07818266626296021,0.07818266626296021,288,0.9000721819574569,0.09274193548387097,0.9024998206702552,122201,6885,6682,0.8748327290096732,0.0875011137290357,0.9421965646465902,0.09425399521340619,14277,0.10708981532876281,0.10529065714172073,0.08554829339143065,0.07601643598615918,-0.8333299395196848,0.042792612972331806,-0.8624265886785003,-0.009274193548387002,,0.8860452133762863,0.08052750367724774
pooled,image_only_seed20260908__membership_tracklets__s20260908__r0.9,image_only_seed20260908,membership_tracklets,20260908,0.9,preregistered_descriptive,0.9117740142186423,-0.053014781079429585,199,0.8405653689372009,0.07906976744186046,17,64,134,0.9186413535004806,0.8508522563950267,199,0.8587592331392128,113826,6533,15057,3724026,0.9008969474466741,0.03168091826981578,0.9235714994769355,0.09984490577426196,0.03247829096789335,0.013726103761563045,0.024432396542507097,0.7712022844295279,4133687,130959,120950,0.9254916080883135,0.9254752416101342,732,0.9000721819574569,0.09274193548387097,0.9024998206702552,122201,6885,6682,0.8748327290096732,0.7881341350912581,0.9421965646465902,0.8496083055076944,121967,0.9148577086364932,0.9186413535004805,0.9488743645606391,0.848472345681387,-0.060874029824457,0.008303836059742054,-0.059951400334970595,-0.0013672168042010435,,0.9895047252609576,0.9314670115134274
pooled,image_only_seed20260908__membership_tracklets__s20260908__r0.8,image_only_seed20260908,membership_tracklets,20260908,0.8,preregistered_descriptive,0.9117740142186423,-0.11961735604077106,199,0.7690957694956422,0.06217616580310881,12,42,139,0.8440068960462831,0.7859390415975605,199,0.7921566581778713,103861,6160,25022,3310273,0.8008039795949717,0.03168091826981578,0.8365900778106125,0.20036684980843064,0.03309666604536846,0.016206922105206252,0.025989356508390675,0.8203473234913211,4133687,130959,109559,0.839739445667384,0.8397067127110253,1248,0.9000721819574569,0.09274193548387097,0.9024998206702552,122201,6885,6682,0.8748327290096732,0.7005695308708758,0.9421965646465902,0.7552204844320894,111354,0.8352510538711951,0.8440068960462831,0.8946986201888163,0.775313386075953,-0.13403298942989095,0.01610814610141864,-0.13266892517411355,-0.0030565769680761523,,0.9791911359125186,0.8498471712054255
pooled,image_only_seed20260908__membership_tracklets__s20260908__r0.7,image_only_seed20260908,membership_tracklets,20260908,0.7,preregistered_descriptive,0.9117740142186423,-0.2012784736730271,199,0.6849631888153491,0.03932584269662921,7,27,144,0.7531704285395127,0.7065629562759523,199,0.7104955405456153,92107,5587,36776,2897895,0.701043644572025,0.03168091826981578,0.7383837689658596,0.3001780285845054,0.033368358756959794,0.014753293165191762,0.027723921177673912,0.8750984091293866,4133687,130959,96698,0.742195235718202,0.7421543195227535,1415,0.9000721819574569,0.09274193548387097,0.9024998206702552,122201,6885,6682,0.8748327290096732,0.6132959247358319,0.9421965646465902,0.6613769505639203,98793,0.7410327187626577,0.7531704285395127,0.8114742193173565,0.688895773085012,-0.22045060242083192,0.022983754734954676,-0.2189206191292576,-0.00534160927872418,,0.9683218013744361,0.7536341612477722
pooled,image_only_seed20260908__membership_tracklets__s20260908__r0.5,image_only_seed20260908,membership_tracklets,20260908,0.5,preregistered_descriptive,0.9117740142186423,-0.3636702137837666,199,0.5197668296352012,0.01818181818181818,3,14,148,0.5535294793651884,0.5462856186166939,199,0.5481038004348757,69103,4067,59780,2071363,0.5010933338687714,0.03168091826981578,0.5492787819088417,0.5004831704777342,0.03472737516311723,0.017431572677301287,0.028621109001301444,0.9034179109817788,4133687,130959,71933,0.5537761556779405,0.5537516059606713,1434,0.9000721819574569,0.09274193548387097,0.9024998206702552,122201,6885,6682,0.8748327290096732,0.4383728487569726,0.9421965646465902,0.47308931376883284,74048,0.5554238737454807,0.5535294793651884,0.5907044299201162,0.521585011453383,-0.387761364052461,0.0344033498294416,-0.39061755188300296,-0.00745601173020527,,0.9418472509380954,0.5654314086474442
pooled,image_only_seed20260908__membership_tracklets__s20260908__r0.3,image_only_seed20260908,membership_tracklets,20260908,0.3,preregistered_descriptive,0.9117740142186423,-0.56221666642567,199,0.3253396005415355,0.012903225806451613,2,4,149,0.3465524420488963,0.3482670252123272,199,0.3495573477929724,42775,2595,86108,1244093,0.30096449005452036,0.03168091826981578,0.3380065516688429,0.7002474312518863,0.035580137497759415,0.01460755525083646,0.030002138708759778,0.9470097568903022,4133687,130959,44265,0.3412328868012537,0.3412328868012537,1076,0.9000721819574569,0.09274193548387097,0.9024998206702552,122201,6885,6682,0.8748327290096732,0.2632935861694007,0.9421965646465902,0.2843413852266619,45883,0.34416207863904347,0.3465524420488964,0.3769063180827887,0.32662992312218064,-0.5827164523836633,0.0416703293458954,-0.5959031248038236,-0.007983870967741835,,0.9149829003578301,0.3499880072036099
pooled,image_only_seed20260908__membership_tracklets__s20260908__r0.1,image_only_seed20260908,membership_tracklets,20260908,0.1,preregistered_descriptive,0.9117740142186423,-0.791572635769679,199,0.11028159790438768,0.0,0,1,151,0.10990841388300449,0.12020137844896335,199,0.12020137844896335,14314,912,114569,417786,0.10106861017779044,0.03168091826981578,0.11227177971731611,0.8992979288125499,0.03519265844236044,0.006722938276604037,0.03128608647001091,0.9875372362492078,4133687,130959,14703,0.11327239547957872,0.11327239547957872,472,0.9000721819574569,0.09274193548387097,0.9024998206702552,122201,6885,6682,0.8748327290096732,0.08841812805905123,0.9421965646465902,0.09608132612488492,15426,0.11570830645524235,0.10990841388300449,0.13246187363834422,0.11028159790438768,-0.7990647776014563,0.044184721852555876,-0.8264831640738479,-0.009274193548386975,,0.8884178062029221,0.11712227293043616
pooled,image_only_seed20260908__membership_tracklets_fork_protected__s20260908__r0.9,image_only_seed20260908,membership_tracklets_fork_protected,20260908,0.9,preregistered_descriptive,0.9117740142186423,-0.051267249853729324,199,0.8408404639384566,0.0942622950819672,23,93,128,0.919119989669351,0.8510805348567163,199,0.860506764364913,113891,6566,14992,3726282,0.9014427072006177,0.03168091826981578,0.924113653891676,0.09929902806286113,0.03247768150665999,0.013757700271846666,0.024393416870190598,0.7699719011437745,4133687,130959,121021,0.9260317018682335,0.9260153353900541,731,0.9000721819574569,0.09274193548387097,0.9024998206702552,122201,6885,6682,0.8748327290096732,0.7886115835861842,0.9421965646465902,0.8501794786722368,122037,0.9153827690184371,0.919119989669351,0.9536673928830791,0.8502666934466533,-0.059079682059190675,0.008253668826677218,-0.05967295464021627,0.0001520359598097265,,0.9881398997939151,0.9319983366499112
pooled,image_only_seed20260908__membership_tracklets_fork_protected__s20260908__r0.8,image_only_seed20260908,membership_tracklets_fork_protected,20260908,0.8,preregistered_descriptive,0.9117740142186423,-0.11610595829762704,199,0.7695251489692438,0.09361702127659574,22,84,129,0.8450067301774534,0.7863063537933558,199,0.7956680559210153,103959,6212,24924,3313728,0.8016397951755903,0.03168091826981578,0.8374911231759559,0.1995331683791654,0.03309776783127644,0.016262150449275,0.025954956284399585,0.8192614893087979,4133687,130959,109677,0.8406150522499816,0.8405823192936228,1239,0.9000721819574569,0.09274193548387097,0.9024998206702552,122201,6885,6682,0.8748327290096732,0.701300729696217,0.9421965646465902,0.75611787724412,111465,0.8360836496197063,0.8450067301774534,0.9022512708787218,0.7788868510969034,-0.1304595244089406,0.01603526362093044,-0.1322287304978299,8.750857927242173e-05,,0.9762548668509913,0.8506481953331625
pooled,image_only_seed20260908__membership_tracklets_fork_protected__s20260908__r0.7,image_only_seed20260908,membership_tracklets_fork_protected,20260908,0.7,preregistered_descriptive,0.9117740142186423,-0.1958553699889598,199,0.6856444107458781,0.08733624454148471,20,78,131,0.7544254586684884,0.707185019775534,199,0.7159186442296825,92237,5643,36646,2902233,0.7020930709074006,0.03168091826981578,0.7396437052818058,0.2991354895960955,0.033375335474443296,0.014851464038626097,0.027687595314157085,0.8739517926327481,4133687,130959,96863,0.7433654389080285,0.7433245227125801,1402,0.9000721819574569,0.09274193548387097,0.9024998206702552,122201,6885,6682,0.8748327290096732,0.6142139972407032,0.9421965646465902,0.6625187976195045,98941,0.7421428464273392,0.7544254586684883,0.8196078431372549,0.6943780352000266,-0.21496834030581735,0.02290196010847656,-0.21821676100319787,-0.0005405690942384966,,0.9637104351120573,0.7546966789495921
pooled,image_only_seed20260908__membership_tracklets_fork_protected__s20260908__r0.5,image_only_seed20260908,membership_tracklets_fork_protected,20260908,0.5,preregistered_descriptive,0.9117740142186423,-0.3571202483816438,199,0.520406015037594,0.07766990291262135,16,55,135,0.5546561629203953,0.5468867755457364,199,0.5546537658369985,69214,4117,59669,2076065,0.502230817185723,0.03168091826981578,0.5503554547606503,0.499343697598238,0.03471663941157912,0.01740970553624168,0.02861798717159906,0.9033193712337892,4133687,130959,72074,0.5547172281732555,0.5546926784559865,1430,0.9000721819574569,0.09274193548387097,0.9024998206702552,122201,6885,6682,0.8748327290096732,0.4393679563913444,0.9421965646465902,0.47439434867200786,74178,0.5563989858833766,0.5546561629203954,0.5979665940450254,0.5281730053288561,-0.3811733701769878,0.03432517408100583,-0.3899382192055248,-0.001507203257124834,,0.9361604129893475,0.5663382430692668
pooled,image_only_seed20260908__membership_tracklets_fork_protected__s20260908__r0.3,image_only_seed20260908,membership_tracklets_fork_protected,20260908,0.3,preregistered_descriptive,0.9117740142186423,-0.5577207884385664,199,0.3258899381110959,0.05235602094240838,10,40,141,0.34760590170409306,0.34881762368583513,199,0.354053225780076,42863,2643,86020,1247975,0.3019036032481414,0.03168091826981578,0.33886941714582425,0.6993058234284218,0.035560007211682926,0.014564583235288534,0.030003340596705425,0.9470476941727828,4133687,130959,44378,0.34199392803659545,0.34199392803659545,1071,0.9000721819574569,0.09274193548387097,0.9024998206702552,122201,6885,6682,0.8748327290096732,0.26411515312742523,0.9421965646465902,0.2854846032826984,45988,0.34494966921195935,0.3476059017040931,0.38387799564270153,0.33112554020533674,-0.5782208353005072,0.04161702385474056,-0.5952992208391608,-0.004038591454146201,,0.9114509978497273,0.3507078871936389
pooled,image_only_seed20260908__membership_tracklets_fork_protected__s20260908__r0.1,image_only_seed20260908,membership_tracklets_fork_protected,20260908,0.1,preregistered_descriptive,0.9117740142186423,-0.7894463797065611,199,0.11060869833151027,0.01775147928994083,3,18,148,0.11100783931494375,0.12055248658308723,199,0.12232763451208131,14359,935,114524,419709,0.10153381230847909,0.03168091826981578,0.11269939446697058,0.8988314969191011,0.035164840401325684,0.00668674546134245,0.03128720740941384,0.9875726184118516,4133687,130959,14759,0.11364064123861507,0.11364064123861507,472,0.9000721819574569,0.09274193548387097,0.9024998206702552,122201,6885,6682,0.8748327290096732,0.0888251021085827,0.9421965646465902,0.09663790452680215,15481,0.11612085389819829,0.11100783931494373,0.13580246913580246,0.11238384626050435,-0.7969625292453396,0.044173878282784906,-0.8261212123699531,-0.007499045619392894,,0.8868886524984302,0.11749095118869987
pooled,image_plus_tabular_seed20260908__membership_nodes__s20260908__r0.9,image_plus_tabular_seed20260908,membership_nodes,20260908,0.9,preregistered_descriptive,0.9117740142186423,-0.050117314654430145,199,0.8509292444116017,0.0,0,0,151,0.9415450508324318,0.8616566995642122,199,0.8616566995642122,115152,6442,13731,3720410,0.9000221835857432,0.03168091826981578,0.9495338235630999,0.10159771036153344,0.03342373555602743,0.029855099065649003,0.01599169564238997,0.504773741284708,4133687,130959,124350,0.9395913290398605,0.9395667793225915,336,0.9000721819574569,0.09274193548387097,0.9024998206702552,122201,6885,6682,0.8748327290096732,0.7873688630355609,0.9421965646465902,0.84801542328595,125038,0.9378928576786331,0.9415450508324316,0.9356572258533042,0.8509292444116017,-0.05841713109424229,0.008506474267608866,-0.04934959537365213,-0.009274193548386878,,0.9973058997618885,0.9424871696756628
pooled,image_plus_tabular_seed20260908__membership_nodes__s20260908__r0.8,image_plus_tabular_seed20260908,membership_nodes,20260908,0.8,preregistered_descriptive,0.9117740142186423,-0.11760871486886237,199,0.776740118144961,0.0,0,0,151,0.8777094483396792,0.79416529934978,199,0.79416529934978,104797,6036,24086,3307023,0.8000177565451859,0.03168091826981578,0.8734947579013279,0.2023862225961894,0.03459062728018523,0.03322733640299008,0.020040790454162755,0.6325823728808,4133687,130959,114392,0.8525789477991178,0.8525298483645797,617,0.9000721819574569,0.09274193548387097,0.9024998206702552,122201,6885,6682,0.8748327290096732,0.6998817172146213,0.9421965646465902,0.753785923044463,115645,0.8674372552843577,0.8777094483396792,0.8766884531590414,0.776740118144961,-0.13260625736088294,0.016286080611172538,-0.12462060193164792,-0.009274193548386989,,0.9848475058722954,0.857813122679543
pooled,image_plus_tabular_seed20260908__membership_nodes__s20260908__r0.7,image_plus_tabular_seed20260908,membership_nodes,20260908,0.7,preregistered_descriptive,0.9117740142186423,-0.1967108428153409,199,0.692763373321823,0.0,0,0,151,0.803140468341898,0.7150631714033014,199,0.7150631714033014,93088,5489,35795,2893670,0.7000215546073033,0.03168091826981578,0.7853221237181103,0.30276926136374993,0.03554137133812771,0.033669822955780894,0.022672269815655753,0.7156443390486228,4133687,130959,102845,0.7547074082863479,0.75465012561272,869,0.9000721819574569,0.09274193548387097,0.9024998206702552,122201,6885,6682,0.8748327290096732,0.6124017669827012,0.9421965646465902,0.6595723750443233,104547,0.7841926821584482,0.8031404683418978,0.7972403776325345,0.692763373321823,-0.21658300218402093,0.02319979982032666,-0.21063644908728046,-0.0092741935483871,,0.9716060734959395,0.7619867526758811
pooled,image_plus_tabular_seed20260908__membership_nodes__s20260908__r0.5,image_plus_tabular_seed20260908,membership_nodes,20260908,0.5,preregistered_descriptive,0.9117740142186423,-0.3841415637941511,199,0.5017102305616322,0.0,0,0,151,0.6223956278563246,0.5276324504244913,199,0.5276324504244913,66739,4140,62144,2066891,0.500011490952266,0.03168091826981578,0.581044449026031,0.5026396997247877,0.03681519731809757,0.029314421235475556,0.026546403225088496,0.8379303591834574,4133687,130959,76093,0.5371559970867669,0.5369759658267935,1120,0.9000721819574569,0.09274193548387097,0.9024998206702552,122201,6885,6682,0.8748327290096732,0.4374264171659665,0.9421965646465902,0.4711188091781585,78314,0.5874225535936632,0.6223956278563246,0.6013071895424836,0.5017102305616322,-0.40763614494421174,0.03401722792313017,-0.4088845981688943,-0.009274193548386989,,0.9440464396983931,0.5463081076284477
pooled,image_plus_tabular_seed20260908__membership_nodes__s20260908__r0.3,image_plus_tabular_seed20260908,membership_nodes,20260908,0.3,preregistered_descriptive,0.9117740142186423,-0.5904045089868,199,0.3000570363892163,0.0,0,0,151,0.40142165184739004,0.3213695052318424,199,0.3213695052318424,39456,2612,89427,1240193,0.30002102239477735,0.03168091826981578,0.3581349888132927,0.7018803176233809,0.03781750098573367,0.02293780263953701,0.029050690963934953,0.91697755464409,4133687,130959,46901,0.31585666238410487,0.3157748299932079,868,0.9000721819574569,0.09274193548387097,0.9024998206702552,122201,6885,6682,0.8748327290096732,0.26246820978189533,0.9421965646465902,0.282697043455033,48779,0.3658845767263235,0.40142165184739004,0.3793754538852578,0.3000570363892163,-0.6092893391166276,0.04079088426376548,-0.6219211997021784,-0.009274193548387044,,0.9162445051396814,0.3229452020964531
pooled,image_plus_tabular_seed20260908__membership_nodes__s20260908__r0.1,image_plus_tabular_seed20260908,membership_nodes,20260908,0.1,preregistered_descriptive,0.9117740142186423,-0.8080516046050445,199,0.09513166919703754,0.0,0,0,151,0.14207524392334092,0.10372240961359777,199,0.10372240961359777,12344,874,116539,413453,0.10002039341633752,0.03168091826981578,0.12297742041402271,0.9007307016614668,0.038952432319997676,0.013840273327375299,0.030872789184766335,0.9744916142213151,4133687,130959,16105,0.09814158640272992,0.09814158640272992,351,0.9000721819574569,0.09274193548387097,0.9024998206702552,122201,6885,6682,0.8748327290096732,0.0875011137290357,0.9421965646465902,0.09425399521340619,16962,0.12722963140761187,0.14207524392334092,0.1269426289034132,0.09513166919703754,-0.8142147063088064,0.043558275103616234,-0.8423356861602738,-0.009274193548387002,,0.8879956187597843,0.10101740548398198
pooled,image_plus_tabular_seed20260908__membership_tracklets__s20260908__r0.9,image_plus_tabular_seed20260908,membership_tracklets,20260908,0.9,preregistered_descriptive,0.9117740142186423,-0.04295829494988723,199,0.8487860265872343,0.0944206008583691,22,82,129,0.9323463946911675,0.8593736591829182,199,0.8688157192687551,115120,6746,13763,3723011,0.9006514039403564,0.03168091826981578,0.937530066662085,0.10055517137312353,0.032978145914691094,0.0223000361787864,0.019920813488005142,0.6287953309416804,4133687,130959,122778,0.9385766073927382,0.9385520576754691,428,0.9000721819574569,0.09274193548387097,0.9024998206702552,122201,6885,6682,0.8748327290096732,0.7879193255955356,0.9421965646465902,0.8490919557581528,123340,0.9251563929851933,0.9323463946911678,0.9798111837327523,0.8582280866730713,-0.051118288832772696,0.008390820095676488,-0.051516981583013655,0.0001678665374499344,,0.9893121690706412,0.9422129127916219
pooled,image_plus_tabular_seed20260908__membership_tracklets__s20260908__r0.8,image_plus_tabular_seed20260908,membership_tracklets,20260908,0.8,preregistered_descriptive,0.9117740142186423,-0.10313410180150018,199,0.7815528243913968,0.0967741935483871,21,66,130,0.8696628100304431,0.7989624930623035,199,0.8086399124171422,105816,6509,23067,3310491,0.8008567170180035,0.03168091826981578,0.85709267786101,0.20098317947160038,0.03390554452496623,0.02547085437652943,0.02273456139242659,0.7176105565755366,4133687,130959,112244,0.8587982095072871,0.8587572933118387,875,0.9000721819574569,0.09274193548387097,0.9024998206702552,122201,6885,6682,0.8748327290096732,0.7006156672945876,0.9421965646465902,0.7552997153859802,113423,0.8507703385889377,0.8696628100304431,0.9453885257806827,0.7912302437462355,-0.11811613175960844,0.016183716530865255,-0.11972104413881712,0.00040322580645169026,,0.9779759040149675,0.8661667396545568
pooled,image_plus_tabular_seed20260908__membership_tracklets__s20260908__r0.7,image_plus_tabular_seed20260908,membership_tracklets,20260908,0.7,preregistered_descriptive,0.9117740142186423,-0.18180997950990518,199,0.698650929984599,0.0891089108910891,18,51,133,0.7920933137007922,0.7210531436196282,199,0.7299640347087372,94357,6173,34526,2897148,0.7008629342279664,0.03168091826981578,0.7608869951664261,0.30110089918675464,0.03439416971449163,0.023711735883689775,0.025323908101564124,0.7993426164572904,4133687,130959,99645,0.7623587368352142,0.7623423703570347,1198,0.9000721819574569,0.09274193548387097,0.9024998206702552,122201,6885,6682,0.8748327290096732,0.613137833412379,0.9421965646465902,0.6609815826147714,101282,0.7597023657720637,0.7920933137007922,0.8965867828612927,0.7075618210737079,-0.20178455443213605,0.02314909702682927,-0.20459577407745638,-0.0003633024592780698,,0.967157651816398,0.7724006522724486
pooled,image_plus_tabular_seed20260908__membership_tracklets__s20260908__r0.5,image_plus_tabular_seed20260908,membership_tracklets,20260908,0.5,preregistered_descriptive,0.9117740142186423,-0.3498986605051666,199,0.5291349388065602,0.054945054945054944,10,31,141,0.6246344828305508,0.5563808482189703,199,0.5618753537134757,70948,5200,57935,2071128,0.5010364838944023,0.03168091826981578,0.5649554440702815,0.5010547806396037,0.03572256277738508,0.023123324058724457,0.027622482556862615,0.8718965252714953,4133687,130959,73986,0.5673357828495675,0.5672375839804912,1631,0.9000721819574569,0.09274193548387097,0.9024998206702552,122201,6885,6682,0.8748327290096732,0.4383231145387511,0.9421965646465902,0.47295831779128306,76313,0.5724133275326663,0.6246344828305509,0.7552650689905592,0.5346294443010656,-0.37471693120477834,0.0345283064471823,-0.3806472788984673,-0.0037796880538816247,,0.94601486298242,0.5807750774757132
pooled,image_plus_tabular_seed20260908__membership_tracklets__s20260908__r0.3,image_plus_tabular_seed20260908,membership_tracklets,20260908,0.3,preregistered_descriptive,0.9117740142186423,-0.5523873491205863,199,0.3328123348283725,0.02976190476190476,5,17,146,0.40513994996722413,0.3564104746218656,199,0.35938666509805606,44077,3555,84806,1245149,0.3012199520670046,0.03168091826981578,0.34703991325529365,0.7002791596131438,0.03650004939167923,0.01806476169334388,0.02960355723206688,0.9344286355573183,4133687,130959,45448,0.3488432991546714,0.3488432991546714,1448,0.9000721819574569,0.09274193548387097,0.9024998206702552,122201,6885,6682,0.8748327290096732,0.2635170726989406,0.9421965646465902,0.28480034877893284,47505,0.35632847777494414,0.40513994996722413,0.5163398692810458,0.335788525304563,-0.573557850201281,0.04171108442227306,-0.5878004304706628,-0.006298003072196523,,0.9200059912206182,0.36080607085479266
pooled,image_plus_tabular_seed20260908__membership_tracklets__s20260908__r0.1,image_plus_tabular_seed20260908,membership_tracklets,20260908,0.1,preregistered_descriptive,0.9117740142186423,-0.7805501567326656,199,0.11862611938580538,0.01910828025477707,3,6,148,0.1382190488252765,0.12931302946049902,199,0.13122385748597673,15459,1434,113424,418335,0.10120142139450809,0.03168091826981578,0.12019028856359625,0.8994198456652563,0.03762534810618284,0.011388438933346777,0.031011597286071415,0.9788730560760902,4133687,130959,15740,0.12083370839845828,0.12081734192027889,695,0.9000721819574569,0.09274193548387097,0.9024998206702552,122201,6885,6682,0.8748327290096732,0.08853431565821544,0.9421965646465902,0.0964800970022203,16763,0.1257369597503713,0.13821904882527647,0.20827886710239651,0.12053694741128308,-0.7888094280945609,0.044440842256515206,-0.8176276334662715,-0.00736336552290931,,0.890173952321345,0.12651472470616124
pooled,image_plus_tabular_seed20260908__membership_tracklets_fork_protected__s20260908__r0.9,image_plus_tabular_seed20260908,membership_tracklets_fork_protected,20260908,0.9,preregistered_descriptive,0.9117740142186423,-0.04354130781140997,199,0.8488145789101204,0.08870967741935484,22,97,129,0.9324961240939977,0.8593617386652969,199,0.8682327064072324,115140,6765,13743,3725039,0.9011420071234227,0.03168091826981578,0.9377209661038951,0.10005476265187142,0.03296690316530914,0.02216758922261794,0.019958497288620036,0.6299848103719782,4133687,130959,122803,0.9387648218918012,0.9387402721745322,425,0.9000721819574569,0.09274193548387097,0.9024998206702552,122201,6885,6682,0.8748327290096732,0.7883485213170383,0.9421965646465902,0.849611581356688,123362,0.9253214119623757,0.9324961240939977,0.9825708061002179,0.8576855466520559,-0.05166082885378809,0.008348570266194122,-0.05148665227115251,-0.00040322580645157924,,0.9901246984685216,0.9423772416004497
pooled,image_plus_tabular_seed20260908__membership_tracklets_fork_protected__s20260908__r0.8,image_plus_tabular_seed20260908,membership_tracklets_fork_protected,20260908,0.8,preregistered_descriptive,0.9117740142186423,-0.10384470290371228,199,0.781637204081934,0.08943089430894309,22,95,129,0.8702265610652888,0.7989862218840358,199,0.8079293113149301,105854,6543,23029,3313800,0.8016572130400778,0.03168091826981578,0.8574973846776472,0.20016973424124748,0.03388768181543847,0.025329920227845283,0.02276167325497294,0.7184663355121018,4133687,130959,112297,0.8591582720272338,0.8591173558317854,869,0.9000721819574569,0.09274193548387097,0.9024998206702552,122201,6885,6682,0.8748327290096732,0.7013159674141403,0.9421965646465902,0.7561590721252667,113466,0.8510928756807032,0.8702265610652888,0.9503267973856209,0.7905802935128283,-0.11876608199301564,0.01611591091946002,-0.11962950970567948,-0.00033110411749281976,,0.9790968945546947,0.8664799877369728
pooled,image_plus_tabular_seed20260908__membership_tracklets_fork_protected__s20260908__r0.7,image_plus_tabular_seed20260908,membership_tracklets_fork_protected,20260908,0.7,preregistered_descriptive,0.9117740142186423,-0.1815439344854346,199,0.6988039198271013,0.09090909090909091,22,91,129,0.792830852292154,0.7211391706422987,199,0.7302300797332077,94414,6225,34469,2901315,0.7018709931351842,0.03168091826981578,0.7614902374025458,0.3000795957157219,0.03437200028263046,0.023574654589171146,0.025345431411943797,0.8000219941885912,4133687,130959,99724,0.7629070138542238,0.7628906473760444,1188,0.9000721819574569,0.09274193548387097,0.9024998206702552,122201,6885,6682,0.8748327290096732,0.6140197163371828,0.9421965646465902,0.6620664349838294,101349,0.7602049235662102,0.792830852292154,0.9041394335511983,0.7078948289180104,-0.2014515465878336,0.023067530535556824,-0.20442818056351347,-0.0001832844574779502,,0.9674368571060754,0.7728699128400613
pooled,image_plus_tabular_seed20260908__membership_tracklets_fork_protected__s20260908__r0.5,image_plus_tabular_seed20260908,membership_tracklets_fork_protected,20260908,0.5,preregistered_descriptive,0.9117740142186423,-0.34714117325774674,199,0.5296033994334277,0.0782608695652174,18,79,133,0.6255983284005842,0.5568067540043738,199,0.5646328409608956,71041,5257,57842,2076094,0.502237832714475,0.03168091826981578,0.5658793973686421,0.49984435614910633,0.03569539722189843,0.023023154579425928,0.027630342832620447,0.8721446328449844,4133687,130959,74107,0.5681950229539856,0.5680968240849092,1619,0.9000721819574569,0.09274193548387097,0.9024998206702552,122201,6885,6682,0.8748327290096732,0.4393740938055079,0.9421965646465902,0.47426292787994384,76416,0.5731859163803837,0.6255983284005842,0.7635439360929557,0.5374294863899495,-0.3719168891158945,0.034449283329485936,-0.38014234999536745,-0.001448106591865228,,0.9440977165155244,0.5815379062687066
pooled,image_plus_tabular_seed20260908__membership_tracklets_fork_protected__s20260908__r0.3,image_plus_tabular_seed20260908,membership_tracklets_fork_protected,20260908,0.3,preregistered_descriptive,0.9117740142186423,-0.5472068987201699,199,0.3334515758966308,0.07511737089201878,16,62,135,0.4063740380915594,0.3570553784092705,199,0.36456711549847237,44181,3613,84702,1249823,0.30235066176998887,0.03168091826981578,0.3480784062187402,0.6991454328148203,0.036472364486811334,0.018009238951911116,0.029604378015052026,0.9344545433601843,4133687,130959,45584,0.3497843716499865,0.3497843716499865,1437,0.9000721819574569,0.09274193548387097,0.9024998206702552,122201,6885,6682,0.8748327290096732,0.26450625455412,0.9421965646465902,0.28597746057214846,47625,0.357228581286848,0.4063740380915594,0.5247639796659405,0.3409633129858327,-0.5683830625200113,0.04166063711406415,-0.587105079375049,-0.0017624564591851022,,0.9159171237951673,0.36165739022794713
pooled,image_plus_tabular_seed20260908__membership_tracklets_fork_protected__s20260908__r0.1,image_plus_tabular_seed20260908,membership_tracklets_fork_protected,20260908,0.1,preregistered_descriptive,0.9117740142186423,-0.7757476467907128,199,0.11912268992658397,0.06179775280898876,11,27,140,0.13932839156618795,0.1298465921470306,199,0.13602636742792948,15528,1470,113355,421038,0.10185531705714536,0.03168091826981578,0.12084698264342275,0.8987660415596563,0.03758805618495243,0.011357629197987261,0.03101101127523771,0.978854558795528,4133687,130959,15826,0.12139016865655763,0.12137380217837825,696,0.9000721819574569,0.09274193548387097,0.9024998206702552,122201,6885,6682,0.8748327290096732,0.08910636498524799,0.9421965646465902,0.09716919398083117,16850,0.12638953479650158,0.13932839156618795,0.21350762527233116,0.12530246520748284,-0.7840439102983612,0.04442739345156521,-0.8170806219747899,-0.0030944182674881304,,0.8862992178080015,0.12708001896074272
pooled,oracle__oracle_nodes__s20260908__r0.9,oracle,oracle_nodes,20260908,0.9,hindsight_oracle,0.9117740142186423,0.013975496437172219,199,0.9047636675946218,0.09745762711864407,23,85,128,0.9832109431769471,0.9160037479439501,199,0.9257495106558146,122201,6181,6682,3720410,0.9000221835857432,0.03168091826981578,1.0,0.1032488342950108,0.03520015267134536,0.060285775522280705,0.0,0.0,4133687,130959,130959,1.0,1.0,0,0.9000721819574569,0.09274193548387097,0.9024998206702552,122201,6885,6682,0.8748327290096732,0.7873688630355609,0.9421965646465902,0.84801542328595,130959,0.9823054651284898,0.9832109431769471,0.8977487291212781,0.9145094303064862,0.005163054800642275,0.00877697310780512,0.004726954165889641,0.0004715691634774588,0.6280258556297152,0.9847429702459827,1.0
pooled,oracle__oracle_nodes__s20260908__r0.8,oracle,oracle_nodes,20260908,0.8,hindsight_oracle,0.9117740142186423,0.027649528393052347,199,0.9091930419772927,0.10087719298245613,23,77,128,0.9832109431769471,0.9293358233134491,199,0.9394235426116947,122201,5523,6682,3307023,0.8000177565451859,0.03168091826981578,1.0,0.2065251498478038,0.039600268882315,0.09043479123066203,0.0,0.0,4133687,130959,130959,1.0,1.0,0,0.9000721819574569,0.09274193548387097,0.9024998206702552,122201,6885,6682,0.8748327290096732,0.6998817172146213,0.9421965646465902,0.753785923044463,130959,0.9823054651284898,0.9832109431769471,0.8021786492374727,0.9192807612755383,0.009934385769694298,0.017601808045705214,0.009234194597488421,0.0008135257498587123,0.6366042774938656,0.9702480764225028,1.0
pooled,oracle__oracle_nodes__s20260908__r0.7,oracle,oracle_nodes,20260908,0.7,hindsight_oracle,0.9117740142186423,0.041746570249930226,199,0.9141512750884595,0.10222222222222223,23,74,128,0.9832109431769471,0.9432983622463503,199,0.9535205844685726,122201,4794,6682,2893670,0.7000215546073033,0.03168091826981578,1.0,0.30979297119364596,0.04525706110233717,0.11840742977695873,0.0,0.0,4133687,130959,130959,1.0,1.0,0,0.9000721819574569,0.09274193548387097,0.9024998206702552,122201,6885,6682,0.8748327290096732,0.6124017669827012,0.9421965646465902,0.6595723750443233,130959,0.9823054651284898,0.9832109431769471,0.6962962962962963,0.9243734973106817,0.015027121804837784,0.026476010541739647,0.014322531034355213,0.000948028673835366,0.6342080411212679,0.9557440445984495,1.0
pooled,oracle__oracle_nodes__s20260908__r0.5,oracle,oracle_nodes,20260908,0.5,hindsight_oracle,0.9117740142186423,0.07049154348228526,199,0.9237776299476883,0.11055276381909548,22,48,129,0.9832109431769471,0.9712102813190181,199,0.9822655577009276,122201,3401,6682,2066891,0.500011490952266,0.03168091826981578,1.0,0.516346851447313,0.06336038039741815,0.18087546247269393,0.0,0.0,4133687,130959,130959,1.0,1.0,0,0.9000721819574569,0.09274193548387097,0.9024998206702552,122201,6885,6682,0.8748327290096732,0.4374264171659665,0.9421965646465902,0.4711188091781585,130959,0.9823054651284898,0.9832109431769471,0.49397240377632534,0.9348329063295978,0.02548653082375385,0.04436444931330752,0.02434601133545533,0.0017810828335224071,0.6293584609117893,0.9274188660909257,1.0
pooled,oracle__oracle_nodes__s20260908__r0.3,oracle,oracle_nodes,20260908,0.3,hindsight_oracle,0.9117740142186423,0.10132561619060287,199,0.9344370101319059,0.125,22,25,129,0.9832109431769471,1.0005996304092453,199,1.0130996304092452,122201,1892,6682,1240193,0.30002102239477735,0.03168091826981578,1.0,0.7228804955020676,0.10559566132045577,0.27628435348061164,0.0,0.0,4133687,130959,130959,1.0,1.0,0,0.9000721819574569,0.09274193548387097,0.9024998206702552,122201,6885,6682,0.8748327290096732,0.26246820978189533,0.9421965646465902,0.282697043455033,130959,0.9823054651284898,0.9832109431769471,0.274800290486565,0.9469370101319059,0.037590634626061936,0.06247204054924088,0.03562776918974925,0.003225806451612745,0.6165473539457701,0.8987351053196363,1.0
pooled,oracle__oracle_nodes__s20260908__r0.1,oracle,oracle_nodes,20260908,0.1,hindsight_oracle,0.9117740142186423,-0.08795241180302238,199,0.7474269023922854,0.08974358974358974,14,5,137,0.8972689634452377,0.814847243441261,199,0.82382160241562,96729,533,32154,413453,0.10002039341633752,0.03168091826981578,0.8764193373498576,0.9253813898920936,0.27760108162233676,0.46807339627247685,0.004350263988770598,0.13731495885696415,4133687,130959,114775,0.7915483506681614,0.7915483506681614,1,0.9000721819574569,0.09274193548387097,0.9024998206702552,122201,6885,6682,0.8748327290096732,0.0875011137290357,0.9421965646465902,0.09425399521340619,114776,0.8609190056856538,0.8972689634452377,0.07741466957153231,0.7564012613666443,-0.15294511413919964,0.07234805825917756,-0.1600006354881719,-0.00029983457402804614,,0.876944630984047,0.7915110634536202
pooled,oracle__oracle_tracklets__s20260908__r0.9,oracle,oracle_tracklets,20260908,0.9,hindsight_oracle,0.9117740142186423,0.010207550311529645,199,0.9013942165830628,0.0954356846473029,23,90,128,0.9824018675020477,0.9124379960654417,199,0.921981564530172,122193,6677,6690,3724034,0.9008988827649506,0.03168091826981578,0.9983124489343993,0.10228823942071508,0.035106553806973834,0.05897008836080811,0.0005394809753620747,0.017028577605216356,4133687,130959,130738,0.9991407598955818,0.9991407598955818,97,0.9000721819574569,0.09274193548387097,0.9024998206702552,122201,6885,6682,0.8748327290096732,0.7881358281710273,0.9421965646465902,0.8494839778205454,130838,0.9813978607539867,0.9824018675020479,0.9697893972403776,0.9109377850477931,0.0015914095419491403,0.008606937508235879,0.0013312378869506092,0.0002693749163431569,0.8431932486792801,0.9887474532872697,0.9999338296973377
pooled,oracle__oracle_tracklets__s20260908__r0.8,oracle,oracle_tracklets,20260908,0.8,hindsight_oracle,0.9117740142186423,0.01979969187796371,199,0.9022779648998405,0.09482758620689655,22,81,129,0.980975959275791,0.9220909474759164,199,0.9315737060966061,122154,6501,6729,3311041,0.8009897701495058,0.03168091826981578,0.9965790820027642,0.20540941078184677,0.039416908458699246,0.08861016979690337,0.0005445841832331282,0.017189659043184508,4133687,130959,130511,0.998166954443908,0.998166954443908,177,0.9000721819574569,0.09274193548387097,0.9024998206702552,122201,6885,6682,0.8748327290096732,0.700732066528723,0.9421965646465902,0.7555388892236236,130692,0.9803027348145037,0.9809759592757908,0.9442265795206972,0.9117607235205302,0.0024143480146862073,0.017354736826412087,0.0022363899792489095,0.00020856507230271326,0.8765155000077166,0.9781542339500784,0.9996186472658236
pooled,oracle__oracle_tracklets__s20260908__r0.7,oracle,oracle_tracklets,20260908,0.7,hindsight_oracle,0.9117740142186423,0.029809464818533304,199,0.9030754892823858,0.0990990990990991,22,71,129,0.9796751289155432,0.9316735691272657,199,0.9415834790371757,122094,6315,6789,2897625,0.7009783275801965,0.03168091826981578,0.9946777235623363,0.3086307638190754,0.04495474742245805,0.11603501434829032,0.0005638875719826352,0.01779896552177539,4133687,130959,130262,0.997168599274965,0.9971604160358754,240,0.9000721819574569,0.09274193548387097,0.9024998206702552,122201,6885,6682,0.8748327290096732,0.61323878329362,0.9421965646465902,0.661516342069921,130512,0.9789525795466478,0.9796751289155432,0.9172113289760349,0.9129853991922957,0.003639023686451748,0.026116634203681877,0.0030571142533287188,0.000635716361522709,0.8761188556275086,0.967158656740425,0.9991263133023215
pooled,oracle__oracle_tracklets__s20260908__r0.5,oracle,oracle_tracklets,20260908,0.5,hindsight_oracle,0.9117740142186423,0.05063860056430214,199,0.9050116463658887,0.1111111111111111,22,47,129,0.9772825909485109,0.9513015036718334,199,0.9624126147829445,122001,5923,6882,2070726,0.5009392341510134,0.03168091826981578,0.9913866171855313,0.5151069470621037,0.06269830001651594,0.17742418497500942,0.0005467868757577095,0.017259186463627996,4133687,130959,129831,0.9954337525879494,0.9953928363925009,363,0.9000721819574569,0.09274193548387097,0.9024998206702552,122201,6885,6682,0.8748327290096732,0.4382380372803467,0.9421965646465902,0.47283417194873223,130178,0.9764472914385154,0.9772825909485107,0.8602759622367465,0.9161227574769998,0.00677638197115582,0.043727862963410635,0.00507382003816742,0.001836917562724083,0.8635282665026243,0.9452205000853408,0.9983642935999458
pooled,oracle__oracle_tracklets__s20260908__r0.3,oracle,oracle_tracklets,20260908,0.3,hindsight_oracle,0.9117740142186423,0.07046103852234376,199,0.9071725873584358,0.10989010989010989,20,31,131,0.9728240070269923,0.9712460417519752,199,0.9822350527409861,121836,5420,7047,1243930,0.30092505794463875,0.03168091826981578,0.9871028337113142,0.7215249200045569,0.10392063862114427,0.27060464007376533,0.0005844782104516054,0.018448903705183036,4133687,130959,129270,0.9930933462082961,0.9930769797301168,481,0.9000721819574569,0.09274193548387097,0.9024998206702552,122201,6885,6682,0.8748327290096732,0.2632590896691024,0.9421965646465902,0.2841937110578733,129704,0.9728918825664952,0.9728240070269922,0.7872185911401598,0.9181615983474467,0.008815222841602743,0.06138327895462753,0.007362942127092209,0.0017148174406240724,0.8711662536049962,0.9246836509088847,0.9970140850458561
pooled,oracle__oracle_tracklets__s20260908__r0.1,oracle,oracle_tracklets,20260908,0.1,hindsight_oracle,0.9117740142186423,-0.12777487431834944,199,0.7136108273748724,0.06134969325153374,10,12,141,0.8204649985677693,0.7778641705751396,199,0.7839991399002929,95013,4261,33870,417767,0.101064013796884,0.03168091826981578,0.7674844798753808,0.9207395556230651,0.24058625980510667,0.3999220104762493,0.008194471355680424,0.25865637119135415,4133687,130959,100509,0.7714093992684184,0.7713684830729699,751,0.9000721819574569,0.09274193548387097,0.9024998206702552,122201,6885,6682,0.8748327290096732,0.08841410699459928,0.9421965646465902,0.09618628402503185,101182,0.758952279512144,0.8204649985677696,0.618881626724764,0.7197457967000257,-0.18960057880581827,0.07057913618560913,-0.19521478628072492,-0.00313922422323365,,0.9052318722168627,0.7775144451098224
